{"type":"FeatureCollection","features":[{"type":"Feature","properties":{"kind":"land"},"geometry":{"type":"MultiPolygon","coordinates":[[[[23.0,54.25],[19.7559146,54.25],[19.7559146,54.4330848],[19.7560731,54.4330557],[19.7561202,54.4329945],[19.7562412,54.4329245],[19.7563871,54.4329467],[19.75654,54.4330563],[19.7567557,54.433118],[19.7570178,54.433148],[19.757337,54.4331382],[19.7577013,54.4331604],[19.7580305,54.4332154],[19.7582949,54.4332833],[19.7592282,54.4334087],[19.7594614,54.4333953],[19.7595876,54.433341],[19.7596982,54.4334152],[19.7599312,54.4334227],[19.7601859,54.4333678],[19.7604272,54.4333811],[19.7606911,54.4332884],[19.7608522,54.4331343],[19.7609897,54.4331237],[19.7611057,54.4331444],[19.7612273,54.433212],[19.7613529,54.4333084],[19.7615034,54.4333388],[19.761659,54.4333427],[19.7618644,54.4333525],[19.7619587,54.4333945],[19.7621018,54.4334418],[19.7623675,54.4334127],[19.7625119,54.4333141],[19.7627768,54.4332193],[19.7628779,54.4331263],[19.7630984,54.4330002],[19.7631782,54.4328002],[19.7633138,54.4326597],[19.7634201,54.432623],[19.7636812,54.432551],[19.7640348,54.4324806],[19.7643505,54.4323755],[19.7644501,54.4322506],[19.7646081,54.4322748],[19.7649121,54.4323644],[19.7649617,54.4323668],[19.7652599,54.4323816],[19.765566,54.4323276],[19.7658691,54.4322248],[19.7660132,54.4321493],[19.7661461,54.432029],[19.7663165,54.4320548],[19.766607,54.4321011],[19.7660622,54.4328348],[19.7658795,54.4330809],[19.7658819,54.4331165],[19.7659051,54.4331371],[19.7659378,54.4331476],[19.7659839,54.4331503],[19.7660318,54.433138],[19.7660535,54.4331211],[19.7662027,54.4328964],[19.7662583,54.4328676],[19.7663794,54.4328473],[19.7664629,54.4328483],[19.7666308,54.4328763],[19.7668639,54.4329293],[19.7670515,54.4329859],[19.7671494,54.4330286],[19.7672025,54.4330882],[19.7672305,54.4331409],[19.7672259,54.4332441],[19.7671858,54.4333037],[19.7671567,54.4333471],[19.7671033,54.4334447],[19.7671125,54.4335055],[19.7671576,54.4335661],[19.7671383,54.4336364],[19.7671538,54.4336675],[19.7671799,54.4336901],[19.7672335,54.4337005],[19.7672965,54.4336826],[19.7673373,54.433669],[19.7674034,54.4336875],[19.7674542,54.4337105],[19.7676333,54.4338045],[19.7679134,54.4339848],[19.7680066,54.4340515],[19.7680418,54.4341392],[19.768107,54.4342381],[19.768215,54.4342993],[19.7683478,54.4343305],[19.7684861,54.4343266],[19.7686315,54.4343074],[19.7687454,54.4342798],[19.7688661,54.4343175],[19.7690251,54.434339],[19.7691745,54.4343299],[19.7693522,54.434287],[19.7695419,54.4342729],[19.7697595,54.4342457],[19.7699012,54.4342601],[19.7700001,54.434256],[19.7701006,54.4342394],[19.7701925,54.4342493],[19.7703574,54.434257],[19.7705797,54.4342414],[19.7707664,54.4342065],[19.7709297,54.4341828],[19.7711129,54.4341327],[19.7712017,54.4340806],[19.7712416,54.4340229],[19.771344,54.434046],[19.7714468,54.434038],[19.7718789,54.4340043],[19.7722264,54.4339715],[19.7725658,54.4339122],[19.7728697,54.433839],[19.7729421,54.4338009],[19.7729309,54.4337458],[19.7729856,54.433723],[19.7730903,54.4337403],[19.7731983,54.4337685],[19.7733406,54.4337431],[19.7734519,54.4336414],[19.7735862,54.4336175],[19.7737236,54.4335682],[19.7739376,54.4334447],[19.773988,54.4334324],[19.7741185,54.4334005],[19.774331,54.4333793],[19.774568,54.433395],[19.7746847,54.4334245],[19.7747484,54.4334612],[19.7747533,54.4335055],[19.7747365,54.4335795],[19.7747648,54.4336371],[19.7748449,54.4336818],[19.7750062,54.4337221],[19.7751631,54.4337359],[19.7754176,54.4337567],[19.775698,54.4337509],[19.7758538,54.4337298],[19.7759726,54.4336774],[19.7760353,54.4336218],[19.7762584,54.4336411],[19.7764275,54.4336038],[19.7766135,54.4336416],[19.7769422,54.4336745],[19.7774232,54.4336821],[19.7776522,54.4336884],[19.7777174,54.4336658],[19.777721,54.4337519],[19.7778123,54.4338087],[19.7779336,54.4338485],[19.7780745,54.4338527],[19.7782308,54.4338289],[19.7783908,54.4338171],[19.7785103,54.4338238],[19.7787226,54.4338949],[19.7789074,54.4339497],[19.7790437,54.4340503],[19.7791894,54.4341118],[19.7792975,54.4341507],[19.7795316,54.4342437],[19.7797284,54.4342946],[19.7800493,54.4343138],[19.7803069,54.4343105],[19.7805827,54.4342867],[19.7807781,54.4342203],[19.7809334,54.4341782],[19.781046,54.4341809],[19.7811526,54.4342124],[19.7812726,54.4342014],[19.7814333,54.4341235],[19.7816108,54.4341984],[19.7817963,54.4342124],[19.7818356,54.4343249],[19.7819176,54.4343815],[19.7820868,54.4344046],[19.7822327,54.4343873],[19.7823457,54.4343274],[19.7824593,54.4340851],[19.7822882,54.434044],[19.7823025,54.4338975],[19.7824194,54.43398],[19.7825417,54.43398],[19.7826946,54.4339717],[19.7829488,54.4340153],[19.7832546,54.4341669],[19.7833419,54.4342762],[19.783343,54.4343988],[19.7834712,54.4345443],[19.7836655,54.4346712],[19.7838851,54.4347749],[19.7841206,54.4348176],[19.7845538,54.4348756],[19.7847464,54.4348597],[19.7850152,54.4347882],[19.785109,54.4348378],[19.7852228,54.4348441],[19.7854503,54.4348269],[19.7856568,54.4347666],[19.7857517,54.4347122],[19.7858521,54.4347655],[19.7860164,54.4348342],[19.7863138,54.4348995],[19.7866419,54.4349364],[19.7867207,54.4349588],[19.7868414,54.4350326],[19.7870265,54.4350829],[19.7872337,54.4351045],[19.7874193,54.4351047],[19.7875313,54.435066],[19.7876483,54.4350247],[19.7877839,54.4350298],[19.7878777,54.4350545],[19.7880025,54.4351157],[19.7881353,54.4351484],[19.7882672,54.4351503],[19.7883855,54.4351425],[19.7885405,54.4351258],[19.7885796,54.4351696],[19.7885248,54.4352369],[19.7887542,54.4353591],[19.7889916,54.4354212],[19.7891002,54.4354739],[19.7896953,54.4356135],[19.7899798,54.4356165],[19.7900609,54.4356627],[19.7901909,54.435701],[19.7903701,54.4357119],[19.7905787,54.4357205],[19.7907888,54.4357332],[19.7908688,54.4357638],[19.7909672,54.4358062],[19.7911566,54.4358313],[19.7912231,54.4358779],[19.7912819,54.4359277],[19.7914143,54.4359965],[19.7915327,54.4360317],[19.7916888,54.4360428],[19.7918266,54.4360369],[19.7918665,54.4360492],[19.7919592,54.4361033],[19.7920864,54.4361114],[19.7921642,54.4361024],[19.7922338,54.4361074],[19.7923622,54.4361447],[19.7924812,54.4361458],[19.7926417,54.4361155],[19.7927452,54.43611],[19.7928229,54.4361106],[19.7929171,54.4361504],[19.7929736,54.4361994],[19.7930866,54.4362138],[19.7931858,54.4362194],[19.7933186,54.4362169],[19.7934955,54.43619],[19.7935651,54.4362038],[19.7935895,54.43624],[19.7936048,54.436279],[19.7936189,54.4363152],[19.7936782,54.4363411],[19.7938578,54.4363535],[19.7940517,54.4363505],[19.7942032,54.4363796],[19.7943218,54.4364126],[19.7944724,54.4364626],[19.79481,54.4364961],[19.7949089,54.4365386],[19.7950189,54.4365348],[19.7952271,54.4365989],[19.7953166,54.4366502],[19.7954318,54.4368275],[19.7955523,54.4369388],[19.7957736,54.4370336],[19.7961039,54.4374208],[19.7961021,54.4374516],[19.7961222,54.4374841],[19.7963338,54.4375393],[19.796481,54.4375926],[19.7967177,54.4376463],[19.7968496,54.4376355],[19.796874,54.437587],[19.7973159,54.4376558],[19.7974304,54.4377228],[19.7974736,54.4377817],[19.7975313,54.4378061],[19.7976784,54.4378976],[19.7979673,54.437932],[19.7981642,54.4379715],[19.798202,54.4380465],[19.7983328,54.438071],[19.7983524,54.4381273],[19.7984004,54.4381533],[19.798447,54.4382143],[19.798474,54.4382912],[19.798588,54.4383525],[19.7987036,54.4383793],[19.7987592,54.4384101],[19.7988706,54.4384286],[19.7990101,54.4384274],[19.799174,54.4384428],[19.7993551,54.4384817],[19.7994156,54.4385095],[19.7994456,54.438561],[19.7994555,54.4386118],[19.7995437,54.4386547],[19.7996341,54.4386848],[19.7996795,54.438789],[19.7998264,54.4389436],[19.7999156,54.438968],[19.79998,54.4389792],[19.8000796,54.4391066],[19.8002955,54.4392925],[19.800377,54.4393232],[19.8004996,54.4393179],[19.8006421,54.4393424],[19.8008677,54.4394644],[19.8010163,54.4395649],[19.8010908,54.439651],[19.8012019,54.4396936],[19.8014338,54.4397759],[19.8014925,54.439771],[19.8015846,54.4397852],[19.8016594,54.4398011],[19.8017044,54.4397788],[19.8017683,54.4397771],[19.8018081,54.4398036],[19.801817,54.4398272],[19.8017985,54.4398526],[19.8017623,54.4398701],[19.8017332,54.4398828],[19.8017248,54.4399103],[19.8017392,54.439929],[19.8018027,54.4399522],[19.8018392,54.4399766],[19.8018567,54.4400119],[19.8019871,54.4400671],[19.8020517,54.4400821],[19.8020977,54.4400718],[19.8021531,54.4400213],[19.8021486,54.4399778],[19.8021985,54.43996],[19.8021911,54.4400154],[19.8022967,54.4401672],[19.8023307,54.4402623],[19.8022174,54.440306],[19.8022061,54.4404474],[19.8021288,54.4404938],[19.8021286,54.4405832],[19.8021413,54.4407953],[19.8021269,54.4408775],[19.8021019,54.4409555],[19.8021142,54.4410678],[19.8021797,54.4411394],[19.8022649,54.4411903],[19.8024072,54.4412163],[19.8024926,54.4412183],[19.8026845,54.441211],[19.8029098,54.4412959],[19.8030491,54.4413813],[19.8033426,54.4416022],[19.8034923,54.4417438],[19.80366,54.4419356],[19.803756,54.4420529],[19.803821,54.4421403],[19.8038515,54.4421912],[19.8038602,54.4422259],[19.8038637,54.4422396],[19.8038698,54.4423001],[19.8038596,54.442359],[19.8038491,54.4424069],[19.8038352,54.4424583],[19.803819,54.4425281],[19.8038173,54.4425492],[19.8038112,54.4426231],[19.8038108,54.4426888],[19.803821,54.442742],[19.8038495,54.4427869],[19.8039979,54.4429229],[19.8042215,54.4431309],[19.8043942,54.4433059],[19.8047978,54.4437331],[19.805051,54.4440913],[19.8052228,54.4443453],[19.8053758,54.4445745],[19.8054826,54.4447487],[19.8056053,54.4450199],[19.8056314,54.4451522],[19.8056232,54.4453421],[19.8056566,54.4455114],[19.8057132,54.445619],[19.8057805,54.4456973],[19.8059548,54.4459593],[19.8060011,54.446085],[19.8060371,54.4462271],[19.8060727,54.4466593],[19.8060453,54.4468922],[19.8060626,54.4469829],[19.8061271,54.447038],[19.8062575,54.4471151],[19.8063967,54.4473141],[19.8064624,54.447498],[19.8066569,54.4476919],[19.8068206,54.4480543],[19.8068849,54.4482232],[19.8072388,54.4488637],[19.8074176,54.4494292],[19.8074903,54.4495908],[19.8076443,54.4498698],[19.807774,54.4500549],[19.807888,54.4502622],[19.8080814,54.4507019],[19.8081887,54.4510824],[19.8082759,54.4513203],[19.8083872,54.4515284],[19.8085788,54.4517091],[19.8089129,54.4519744],[19.8091573,54.4521857],[19.8094225,54.4524766],[19.8096892,54.4527935],[19.811485,54.4550581],[19.8120712,54.4558504],[19.8137166,54.4578934],[19.814009,54.458392],[19.8143794,54.4588112],[19.8146231,54.4590337],[19.8164124,54.459929],[19.81759,54.4605],[19.81803,54.46063],[19.81932,54.46141],[19.8213239,54.4627443],[19.8216228,54.4630083],[19.8216587,54.4631164],[19.8217794,54.4632286],[19.8219404,54.4633284],[19.8222113,54.4635139],[19.8224553,54.4636277],[19.8233244,54.4641562],[19.824942,54.4652921],[19.82558,54.46571],[19.8259624,54.4659997],[19.8277094,54.4673051],[19.8293394,54.468523],[19.82967,54.46868],[19.8305846,54.4692142],[19.8323227,54.4698726],[19.8343827,54.4704837],[19.8354921,54.4706902],[19.8364726,54.4708727],[19.8380862,54.4711395],[19.8402191,54.4714288],[19.8411978,54.4716099],[19.8419443,54.471748],[19.8437425,54.4722144],[19.8461801,54.4729426],[19.8481671,54.4736732],[19.8485791,54.4739027],[19.8490482,54.4738977],[19.850124,54.4740747],[19.8507592,54.4742792],[19.8524328,54.4750148],[19.8533856,54.4755485],[19.8536173,54.4756632],[19.8542181,54.4759026],[19.8548018,54.4761419],[19.8558275,54.4767454],[19.8573509,54.477643],[19.8579174,54.477855],[19.858853,54.478219],[19.8597971,54.4784459],[19.8612305,54.4788523],[19.8624278,54.4794458],[19.863814,54.4803384],[19.8655263,54.4816773],[19.8657485,54.4818879],[19.8659144,54.4820695],[19.8659458,54.4821258],[19.8659628,54.4821551],[19.8659689,54.4822171],[19.8659405,54.4822661],[19.8659283,54.4823133],[19.8660005,54.4822578],[19.8660858,54.4822058],[19.8661793,54.4821545],[19.8662037,54.4820842],[19.8662885,54.4820312],[19.8664381,54.4820735],[19.8665581,54.4823411],[19.8665843,54.4825473],[19.8664881,54.4827302],[19.8669349,54.4829121],[19.8676062,54.4830844],[19.868524,54.4830471],[19.8693271,54.4830174],[19.8704892,54.4830411],[19.8716379,54.4831729],[19.8719201,54.4832144],[19.87236,54.48343],[19.87323,54.4837],[19.87411,54.48396],[19.87849,54.484],[19.87893,54.48401],[19.88026,54.48402],[19.88071,54.48391],[19.88069,54.48441],[19.88157,54.48442],[19.88159,54.48391],[19.88203,54.48378],[19.88247,54.48378],[19.8829,54.48404],[19.88378,54.48404],[19.88423,54.4838],[19.88511,54.48381],[19.88554,54.48407],[19.88686,54.48408],[19.8873,54.48396],[19.88729,54.48447],[19.8885906,54.4849112],[19.8892558,54.4847679],[19.8896243,54.4848584],[19.8899156,54.4849736],[19.89035,54.48501],[19.8907464,54.4849984],[19.8912728,54.4850702],[19.8918625,54.4850433],[19.89255,54.48503],[19.8927212,54.4849081],[19.8929723,54.4848223],[19.8933641,54.4847515],[19.8937289,54.4847116],[19.8940724,54.4846867],[19.8944163,54.4847429],[19.8949741,54.4846444],[19.8952746,54.4846806],[19.8953068,54.4847585],[19.8953068,54.4848801],[19.8954195,54.4849362],[19.8955858,54.4849704],[19.8957521,54.4849611],[19.896021,54.4848919],[19.8961893,54.4848692],[19.8962563,54.4848053],[19.8961946,54.4847835],[19.8961705,54.4847445],[19.8961839,54.4847102],[19.8962831,54.4847352],[19.8963904,54.4847305],[19.8965219,54.4847897],[19.8966801,54.484799],[19.8966908,54.4848302],[19.8965862,54.4848816],[19.8965245,54.4849362],[19.8965219,54.485025],[19.896546,54.4851122],[19.8966104,54.4851527],[19.8966849,54.4851555],[19.8967284,54.485187],[19.8968035,54.4852197],[19.8968947,54.4852073],[19.8969698,54.4851449],[19.8970342,54.4851153],[19.8970959,54.4850499],[19.8971415,54.4850047],[19.8971763,54.4849689],[19.897238,54.4849845],[19.8972997,54.4849954],[19.8973057,54.4850152],[19.8972809,54.4850281],[19.8972166,54.4850421],[19.897183,54.4850772],[19.8971522,54.4850966],[19.8971388,54.4851153],[19.8971522,54.4851333],[19.8971616,54.4851566],[19.8971361,54.4851901],[19.8970503,54.4852415],[19.8970583,54.4853163],[19.89712,54.4853475],[19.8973292,54.4853974],[19.8975545,54.485469],[19.8977208,54.4855376],[19.8978656,54.4855532],[19.8980373,54.4855251],[19.8982251,54.4854472],[19.8984235,54.4853787],[19.8985758,54.4853021],[19.8987422,54.4852623],[19.8988473,54.4851917],[19.8989037,54.4851403],[19.8989627,54.4851247],[19.8990069,54.4851325],[19.8990217,54.4851574],[19.8991209,54.4851699],[19.8991276,54.4851512],[19.899137,54.4851247],[19.8991746,54.4850998],[19.8992202,54.4850998],[19.8992228,54.4852104],[19.8993033,54.4852852],[19.8994642,54.4852914],[19.899593,54.4852478],[19.8996869,54.4851826],[19.8998371,54.4852042],[19.9001053,54.4851652],[19.900395,54.4850219],[19.9006847,54.4848988],[19.9006686,54.4850063],[19.9007624,54.4851387],[19.900918,54.4851465],[19.9010414,54.4851387],[19.9010977,54.4851823],[19.901213,54.4852571],[19.9013901,54.485268],[19.9015912,54.4852338],[19.9018222,54.4852182],[19.9019185,54.4853257],[19.9019748,54.4854363],[19.9019882,54.4855111],[19.9019962,54.4855828],[19.9020778,54.4857072],[19.9021599,54.4857479],[19.9022752,54.4857417],[19.9022926,54.485695],[19.9023235,54.48567],[19.9023879,54.485695],[19.9024167,54.485753],[19.9023651,54.4857651],[19.9023691,54.4857916],[19.9024308,54.4858243],[19.9026051,54.4858399],[19.9027634,54.4857994],[19.9028599,54.4857651],[19.9029605,54.4857008],[19.9029887,54.4857542],[19.9028814,54.4858134],[19.9028706,54.4858741],[19.9029028,54.4859801],[19.9029565,54.4861141],[19.9030157,54.4861812],[19.9031335,54.4862387],[19.9031281,54.4863509],[19.9032193,54.4864756],[19.9033964,54.4865784],[19.9035519,54.486647],[19.9036495,54.4867454],[19.903686,54.4869336],[19.9038148,54.4870739],[19.90393,54.48718],[19.9040884,54.4872484],[19.9041957,54.4872484],[19.9042547,54.4873232],[19.9042815,54.4874229],[19.9043673,54.4875288],[19.9045525,54.4875724],[19.9047375,54.4875475],[19.9048877,54.4874945],[19.9049735,54.4873792],[19.9052095,54.4873948],[19.9056505,54.4875457],[19.905813,54.4875319],[19.9059364,54.4875273],[19.9061134,54.4875709],[19.9063522,54.4875444],[19.9064943,54.4875023],[19.9066043,54.4874478],[19.9068055,54.4874571],[19.9067867,54.4875164],[19.9068886,54.4874945],[19.9070013,54.4874727],[19.9070388,54.4874462],[19.9070683,54.4874088],[19.9071193,54.4874174],[19.9070951,54.4874688],[19.9071407,54.4874914],[19.9072064,54.487521],[19.9072468,54.4875775],[19.9074519,54.487694],[19.9075887,54.4876675],[19.9076235,54.4876176],[19.9076745,54.4875849],[19.9077214,54.4875647],[19.9077764,54.4875522],[19.9077818,54.4876005],[19.9077885,54.4876527],[19.907814,54.4876737],[19.907881,54.4876815],[19.9080473,54.4876784],[19.9082619,54.4876254],[19.9084427,54.4875245],[19.9086213,54.4874634],[19.9087366,54.4874198],[19.9088117,54.4873761],[19.908852,54.4873496],[19.9088962,54.4873644],[19.9089003,54.487412],[19.9088935,54.4874606],[19.9088674,54.487768],[19.9089754,54.488071],[19.9093026,54.4882144],[19.909603,54.4882393],[19.9101126,54.488124],[19.9105149,54.488152],[19.9108795,54.4882078],[19.9113042,54.4882559],[19.9114537,54.488219],[19.9114725,54.4881037],[19.9117005,54.4881302],[19.9119219,54.4881296],[19.9123297,54.4882542],[19.9126571,54.4883056],[19.9130443,54.4883624],[19.9131945,54.4883219],[19.9133018,54.4883187],[19.9133205,54.4883639],[19.9133661,54.488392],[19.913373,54.4884932],[19.9133742,54.4885104],[19.9134278,54.4885369],[19.9134694,54.4885501],[19.9134654,54.4885914],[19.9135619,54.4885992],[19.9136518,54.4885563],[19.9137832,54.4885859],[19.9138328,54.4886381],[19.9138167,54.4887098],[19.9139589,54.4888672],[19.914203,54.4890198],[19.9144202,54.4890619],[19.9146134,54.4889809],[19.9146616,54.4889466],[19.914718,54.4888625],[19.9148601,54.4888485],[19.9149701,54.4888687],[19.9151246,54.4887946],[19.9153537,54.488635],[19.9155897,54.4883982],[19.9157372,54.4883746],[19.9160403,54.4886163],[19.9161905,54.4886537],[19.916271,54.4886397],[19.9163514,54.488607],[19.916456,54.4885727],[19.9165756,54.488647],[19.9167511,54.488716],[19.9169013,54.488755],[19.9170434,54.4887752],[19.9171534,54.4888282],[19.9172785,54.4888681],[19.9175075,54.4890401],[19.9178105,54.4892215],[19.91817,54.48936],[19.9181646,54.4894483],[19.9181619,54.4894966],[19.9182667,54.4895748],[19.9184382,54.4896976],[19.9185643,54.4897069],[19.9186555,54.4896944],[19.9187239,54.4896851],[19.9188083,54.4897131],[19.91887,54.4897661],[19.9188915,54.4898175],[19.9188888,54.4898534],[19.9189864,54.4899049],[19.9191436,54.4899484],[19.9192026,54.4900263],[19.9191704,54.4901057],[19.9190685,54.49014],[19.918988,54.4901556],[19.9189129,54.4902444],[19.9188808,54.4903597],[19.9188539,54.4903893],[19.9187681,54.4904017],[19.9187627,54.4905482],[19.9187788,54.4906526],[19.9188781,54.4907133],[19.9189913,54.490734],[19.9191704,54.490771],[19.9192616,54.4908286],[19.9193582,54.4908878],[19.9195647,54.490905],[19.9197149,54.4908909],[19.9198812,54.490894],[19.9199456,54.4908691],[19.9199966,54.4908302],[19.9200368,54.4908068],[19.9201065,54.4908364],[19.9201548,54.4908504],[19.9202092,54.4908461],[19.9202809,54.4907647],[19.9204338,54.4907071],[19.920584,54.4905264],[19.9207047,54.4904454],[19.9207858,54.4903704],[19.9207932,54.4903176],[19.9208026,54.4903059],[19.9208307,54.4902678],[19.9209192,54.4902724],[19.9209997,54.4902615],[19.9210701,54.4902374],[19.9210983,54.4902483],[19.9210963,54.4902717],[19.9210829,54.4903052],[19.9211057,54.4903324],[19.9211499,54.4903496],[19.9211512,54.4903745],[19.9211419,54.4903986],[19.9212009,54.4904828],[19.9214047,54.4905046],[19.9216032,54.4904765],[19.9216783,54.4904524],[19.9217713,54.4904178],[19.9218111,54.4904298],[19.9218298,54.4904493],[19.9218406,54.4904664],[19.9218258,54.4904905],[19.9218446,54.4905108],[19.9219519,54.4905794],[19.9220619,54.490584],[19.9221088,54.4905614],[19.9221128,54.4905248],[19.9221584,54.4905139],[19.9221946,54.4904937],[19.9222107,54.4904555],[19.9222442,54.4904454],[19.9222717,54.4904578],[19.9222818,54.4904752],[19.9222845,54.4904983],[19.9222577,54.4905381],[19.9222255,54.4905731],[19.9222717,54.4906359],[19.9223596,54.4906853],[19.9225769,54.4907518],[19.9226814,54.4907912],[19.922837,54.4908099],[19.9229389,54.4908411],[19.9230677,54.4908364],[19.9231562,54.4907897],[19.9232206,54.4907476],[19.9232957,54.4907507],[19.9233788,54.4907928],[19.9234892,54.4908108],[19.9237061,54.4908208],[19.923808,54.4907811],[19.9238522,54.4907943],[19.9238563,54.4908247],[19.9238402,54.4908504],[19.9238402,54.4908839],[19.9238898,54.4909143],[19.923893,54.491031],[19.9240386,54.4911059],[19.9244197,54.4912296],[19.924688,54.4914677],[19.9247843,54.4915951],[19.9250525,54.491726],[19.925269,54.4917869],[19.9255326,54.4918226],[19.9257349,54.491827],[19.9259922,54.4919744],[19.9258593,54.4920533],[19.9258274,54.4921052],[19.925715,54.4921388],[19.9256399,54.4921559],[19.9255487,54.4921964],[19.9255541,54.4922712],[19.9256292,54.492332],[19.9258,54.49237],[19.9256488,54.4924075],[19.9255165,54.4924611],[19.9244037,54.4935353],[19.9239501,54.4940532],[19.9259842,54.4953646],[19.9261239,54.4951578],[19.9260928,54.494936],[19.9259144,54.4947396],[19.9253016,54.494462],[19.9246957,54.4941168],[19.9244688,54.4939034],[19.9243978,54.493736],[19.9246445,54.4936076],[19.9280899,54.4948474],[19.9286279,54.4943758],[19.9285975,54.4943264],[19.9279465,54.4940813],[19.9282309,54.4937465],[19.9282953,54.4937122],[19.928952,54.49307],[19.9300813,54.4934528],[19.9299107,54.4936852],[19.9298121,54.49367],[19.9292157,54.4943325],[19.9289339,54.4945849],[19.9287781,54.4947513],[19.9282036,54.4951195],[19.9283541,54.4951895],[19.9285883,54.4949608],[19.9290141,54.4948883],[19.9294611,54.4947111],[19.9296632,54.4945768],[19.9299377,54.4946327],[19.9300763,54.4946609],[19.9302764,54.4947376],[19.9302855,54.4947793],[19.9302979,54.4948109],[19.9302453,54.4948603],[19.930197,54.4948977],[19.9301729,54.4949974],[19.9302319,54.4950799],[19.9302949,54.4950909],[19.9303606,54.4950815],[19.9305162,54.4950379],[19.9307415,54.495027],[19.9308112,54.49496],[19.9310005,54.4950173],[19.9311894,54.4950784],[19.9312806,54.4951625],[19.9313343,54.4952466],[19.9314821,54.4954827],[19.9317795,54.4955519],[19.9320048,54.4956018],[19.932205,54.4957396],[19.9323133,54.495728],[19.9323964,54.495714],[19.9324635,54.495742],[19.9324715,54.4957825],[19.9324527,54.4958448],[19.9325064,54.4959149],[19.9326324,54.4959694],[19.9327907,54.4959788],[19.9329704,54.4959258],[19.9330482,54.4959063],[19.933138,54.495911],[19.9331903,54.4959538],[19.9332976,54.4959756],[19.9333969,54.4959585],[19.9335122,54.4958884],[19.9338233,54.4959009],[19.9339843,54.4958386],[19.9341506,54.4958292],[19.9343409,54.4957982],[19.934569,54.4957794],[19.9347675,54.4957763],[19.9349606,54.4958043],[19.9351323,54.4957981],[19.9352339,54.4958594],[19.9353576,54.4958853],[19.9354756,54.4959102],[19.935604,54.4959024],[19.9356472,54.4959725],[19.9360117,54.4963397],[19.9363419,54.4964476],[19.936409,54.4965037],[19.9365527,54.4965812],[19.9366879,54.4966252],[19.9367872,54.4967124],[19.9369025,54.4967841],[19.9368972,54.4968667],[19.9369723,54.4969352],[19.9369935,54.4969863],[19.9369857,54.497066],[19.9370608,54.4970832],[19.9370635,54.4971338],[19.9371037,54.4971681],[19.9371546,54.4971657],[19.9371681,54.4971206],[19.9372271,54.4970941],[19.9372673,54.497119],[19.9372834,54.4971564],[19.9373478,54.4971891],[19.937439,54.4972358],[19.9375704,54.4972467],[19.9376348,54.4972576],[19.9376696,54.4972826],[19.9377206,54.4973231],[19.9377742,54.4973495],[19.9378413,54.4973433],[19.9378654,54.4973215],[19.9378654,54.4972919],[19.9378118,54.4972537],[19.9377991,54.4972405],[19.9378064,54.4972218],[19.9378393,54.4972167],[19.9378735,54.4972218],[19.9379218,54.4972374],[19.938021,54.4973044],[19.93819,54.4973745],[19.9384046,54.4974056],[19.9385548,54.4974103],[19.9386823,54.4974566],[19.9391361,54.4977648],[19.9394391,54.4979375],[19.9396437,54.4981143],[19.9397323,54.4981953],[19.9397376,54.4982639],[19.9397925,54.4983457],[19.9398851,54.4983838],[19.9399441,54.4984633],[19.939979,54.4985302],[19.9401587,54.4986985],[19.9402633,54.4987872],[19.9403331,54.4988293],[19.9403438,54.4989041],[19.9403304,54.4989586],[19.9403948,54.4990427],[19.9405262,54.4991221],[19.9405369,54.4991829],[19.9405719,54.4992652],[19.9405771,54.4993526],[19.9406201,54.4995427],[19.9407032,54.4996533],[19.9407622,54.4996906],[19.9407944,54.4997343],[19.940844,54.4997942],[19.9408843,54.4998121],[19.9408872,54.4998405],[19.9409714,54.4998807],[19.9411073,54.4999244],[19.9412692,54.5000006],[19.9415687,54.500109],[19.9417359,54.5002218],[19.9420095,54.5003659],[19.9422884,54.5004772],[19.9431151,54.5008928],[19.9433559,54.5010971],[19.9434859,54.5012463],[19.94382,54.50163],[19.94425,54.50188],[19.9445244,54.502168],[19.9445897,54.5023462],[19.9447237,54.5025401],[19.9447445,54.5028336],[19.9446514,54.5030097],[19.9446568,54.5031141],[19.9447617,54.5032477],[19.9449116,54.5033165],[19.9451476,54.5033399],[19.9455402,54.5033295],[19.9455553,54.5033609],[19.9455124,54.5034209],[19.9453263,54.5035218],[19.9453005,54.5036046],[19.9452411,54.5036767],[19.9450694,54.5038566],[19.9450318,54.5040451],[19.945019,54.5041844],[19.9450538,54.50436],[19.9451833,54.5045418],[19.9455483,54.5048898],[19.9458209,54.5050328],[19.9460615,54.5051109],[19.9462795,54.5051916],[19.9464029,54.5052975],[19.9464299,54.5054323],[19.9465665,54.5054922],[19.9467328,54.5056604],[19.946827,54.5057982],[19.9469769,54.505922],[19.9470681,54.5060046],[19.9471392,54.5061531],[19.94728,54.5062771],[19.9474972,54.5063659],[19.9477408,54.5064015],[19.9479515,54.5065112],[19.9479935,54.5066337],[19.947989,54.5067549],[19.9478762,54.5068751],[19.9477445,54.5069061],[19.947575,54.5069063],[19.9474704,54.5069452],[19.9474543,54.5070978],[19.9474785,54.5072411],[19.9475978,54.5073134],[19.9477225,54.5073921],[19.9477494,54.5074607],[19.9476952,54.5075321],[19.9477708,54.5076382],[19.9478888,54.5077192],[19.9479991,54.5077903],[19.948326,54.5079154],[19.9485192,54.5079839],[19.9486801,54.5079948],[19.9488813,54.5080369],[19.9490496,54.5081225],[19.9491334,54.5081443],[19.94937,54.50833],[19.9497562,54.5085533],[19.9499139,54.5087579],[19.9500024,54.5088824],[19.9501929,54.509007],[19.9503196,54.5090776],[19.95088,54.50937],[19.9509841,54.5095271],[19.95109,54.50963],[19.9512684,54.5099803],[19.9513194,54.5102029],[19.9514426,54.5103847],[19.9514642,54.5104599],[19.9516708,54.5105876],[19.9519997,54.510688],[19.9522044,54.5108176],[19.9523842,54.5109862],[19.9524862,54.5111061],[19.952572,54.5112369],[19.9526139,54.5113622],[19.9526149,54.5114424],[19.9525452,54.5114969],[19.9524218,54.5114783],[19.952316,54.5115449],[19.9523574,54.5117305],[19.9523359,54.511908],[19.9523199,54.512045],[19.9524505,54.5121603],[19.9525291,54.5122817],[19.9525516,54.5125186],[19.9526685,54.5126975],[19.9527383,54.5127302],[19.9527892,54.5127831],[19.9527597,54.5128329],[19.9527705,54.5128672],[19.9528022,54.5129248],[19.952859,54.512945],[19.9529207,54.5129528],[19.9529663,54.5129591],[19.9529797,54.5129816],[19.952985,54.5130073],[19.9530213,54.5130237],[19.9530494,54.5130447],[19.9531192,54.5130891],[19.9531715,54.5131109],[19.9532399,54.513121],[19.9532774,54.5131599],[19.9532922,54.5131965],[19.9532812,54.5132292],[19.9533471,54.5132969],[19.9534222,54.5133405],[19.9535322,54.5133904],[19.9535805,54.5134355],[19.95364,54.51349],[19.953728,54.513627],[19.953838,54.513775],[19.9539441,54.5139057],[19.9541545,54.5142639],[19.9542618,54.5144305],[19.9543637,54.5146157],[19.9544227,54.5148135],[19.9545068,54.5149824],[19.9546775,54.5151778],[19.9548358,54.5153678],[19.9549824,54.5155266],[19.9551228,54.5157508],[19.955222,54.5159407],[19.9553032,54.5160762],[19.9554929,54.5162895],[19.955619,54.5165121],[19.955737,54.5167192],[19.9558067,54.5168811],[19.9558787,54.5169777],[19.9559489,54.5170462],[19.9559891,54.5171116],[19.9561393,54.5173373],[19.9562049,54.5175228],[19.9562949,54.517739],[19.956378,54.5178744],[19.9564375,54.5179839],[19.9567589,54.5182714],[19.9569654,54.5184816],[19.95703,54.5186033],[19.9571854,54.518712],[19.9573445,54.5189647],[19.9575126,54.5191324],[19.9576521,54.5193597],[19.9576467,54.5194438],[19.9575984,54.5195309],[19.9577111,54.5196555],[19.9578988,54.5197863],[19.9580999,54.519958],[19.9583119,54.5202626],[19.9583709,54.5204059],[19.9583334,54.5204806],[19.9583095,54.5205664],[19.9584192,54.5206612],[19.9585372,54.5208822],[19.9586842,54.5209858],[19.9589074,54.5212029],[19.9591219,54.52148],[19.9592153,54.5216648],[19.9593365,54.521863],[19.9594814,54.5221183],[19.9595672,54.5223923],[19.9596423,54.5225822],[19.9597313,54.5227993],[19.9597925,54.5230461],[19.959873,54.5232018],[19.9599588,54.5233169],[19.959991,54.5234197],[19.9600178,54.5236018],[19.9601356,54.5238211],[19.9603524,54.524399],[19.9605596,54.5249857],[19.9606669,54.5253468],[19.9608546,54.5256886],[19.9610853,54.5261531],[19.9612588,54.5264762],[19.961358,54.5268444],[19.9614876,54.5273454],[19.9616348,54.5280396],[19.9617934,54.5284443],[19.9619704,54.5290015],[19.9621528,54.5293471],[19.9622407,54.5296846],[19.9624371,54.5301938],[19.9625444,54.530449],[19.9626034,54.5306109],[19.96251,54.5307522],[19.9625605,54.5308381],[19.9626625,54.5309346],[19.9627376,54.5310622],[19.9627644,54.5312179],[19.9627912,54.5313277],[19.9628207,54.5314265],[19.9629088,54.5316048],[19.9630541,54.5318871],[19.9631238,54.5320801],[19.963172,54.5322574],[19.9632633,54.5324536],[19.9633439,54.5326201],[19.9634725,54.5331291],[19.9635987,54.5335971],[19.9639023,54.5343943],[19.9640357,54.5348783],[19.9641216,54.5350962],[19.9641276,54.5352701],[19.9641645,54.5354759],[19.964243,54.5356412],[19.9643455,54.5358764],[19.9644413,54.5362473],[19.9645105,54.5365512],[19.9645279,54.5366594],[19.9644703,54.5367115],[19.9644622,54.5367458],[19.9645212,54.5368391],[19.9646309,54.5370398],[19.964819,54.5376483],[19.9649075,54.537916],[19.9649617,54.5381395],[19.9651203,54.5387782],[19.965247,54.5395378],[19.9653463,54.5402238],[19.9653742,54.5403995],[19.9653222,54.5404698],[19.9654573,54.5415042],[19.9654841,54.5425272],[19.9655251,54.5430363],[19.9655932,54.5435828],[19.9655913,54.5440866],[19.9656236,54.544336],[19.9656522,54.5446149],[19.9656967,54.5449546],[19.9658087,54.5453536],[19.9658671,54.5457772],[19.9658907,54.5460398],[19.9659277,54.5464396],[19.9659294,54.5466247],[19.9659696,54.5468129],[19.9659803,54.5470012],[19.9659535,54.5471132],[19.9659819,54.5472125],[19.9659827,54.547522],[19.9659786,54.5477225],[19.9660072,54.5479113],[19.965996,54.5485798],[19.9660633,54.5488262],[19.9661306,54.5498761],[19.9661601,54.5501266],[19.9661279,54.5502044],[19.9661225,54.5503288],[19.9661681,54.5506213],[19.966227,54.550944],[19.9662486,54.5512031],[19.9662727,54.5514147],[19.9663398,54.5515609],[19.966329,54.5517149],[19.966321,54.5518098],[19.9662834,54.5519031],[19.9661681,54.552082],[19.9661815,54.5523247],[19.9662109,54.5525377],[19.9666704,54.5530263],[19.9676561,54.5534374],[19.9684208,54.5534815],[19.9689103,54.5536487],[19.9693542,54.553738],[19.9702434,54.5537733],[19.9706942,54.5540307],[19.9709753,54.5541801],[19.9714466,54.5544702],[19.9717948,54.5547845],[19.9724109,54.5553092],[19.9726721,54.5555347],[19.9730962,54.555991],[19.973484,54.5565358],[19.9739814,54.5576148],[19.9749407,54.5593549],[19.9753225,54.5599696],[19.9756835,54.5605848],[19.9759497,54.561208],[19.9761716,54.5615954],[19.9762282,54.5621483],[19.976667,54.563021],[19.9769395,54.5635006],[19.9772104,54.563914],[19.9777353,54.5652268],[19.9781398,54.5661723],[19.9790678,54.5677635],[19.9795294,54.5683327],[19.9795922,54.5685051],[19.9801442,54.5691761],[19.9801678,54.5693031],[19.9804199,54.5694625],[19.9806678,54.5698492],[19.9814038,54.5704298],[19.9819965,54.5709082],[19.9824536,54.5712798],[19.9834659,54.5721072],[19.9836169,54.5723513],[19.9839889,54.5727031],[19.984487,54.5730875],[19.9852511,54.5735231],[19.9859045,54.5737073],[19.986306,54.5738906],[19.9873148,54.5742846],[19.9882775,54.5746612],[19.9889864,54.574937],[19.9890491,54.5750192],[19.9894168,54.5750778],[19.9896314,54.575112],[19.9900354,54.575256],[19.990445,54.5753766],[19.9907481,54.5755295],[19.9912794,54.5757034],[19.9927122,54.5765158],[19.9933163,54.5768548],[19.9940292,54.5768273],[19.9944533,54.5769755],[19.996227,54.5773573],[19.9977457,54.5775611],[19.998763,54.5773865],[19.9995859,54.5774128],[20.0004252,54.5771945],[20.0008407,54.5771656],[20.0019667,54.5768273],[20.0021593,54.5767878],[20.002325,54.5767539],[20.0036109,54.5767339],[20.0048085,54.5767628],[20.0059202,54.576876],[20.0073555,54.5769612],[20.0094245,54.5770319],[20.0101584,54.5769184],[20.010933,54.5767587],[20.0117728,54.5765461],[20.0124133,54.5764432],[20.013638,54.5763971],[20.0154257,54.5764497],[20.0164136,54.5763306],[20.0172901,54.5761803],[20.0181573,54.5758926],[20.0192809,54.575577],[20.019997,54.5753868],[20.02106,54.57515],[20.0223539,54.5745057],[20.0227565,54.5744119],[20.0234216,54.5742156],[20.0237808,54.5740596],[20.024148,54.5739839],[20.0245546,54.5737902],[20.025145,54.5735735],[20.0264,54.57314],[20.0268863,54.572835],[20.0273621,54.5727443],[20.0276719,54.5725437],[20.0281871,54.5724355],[20.0285964,54.5722538],[20.0291235,54.5719035],[20.0300607,54.5714518],[20.030603,54.5712803],[20.0314278,54.5709034],[20.0319505,54.5705175],[20.0324803,54.5702788],[20.0329274,54.5699938],[20.0329896,54.5698691],[20.0336379,54.5694457],[20.0339659,54.5692984],[20.03444,54.56872],[20.0348009,54.5686029],[20.0349404,54.5684406],[20.0353087,54.5682588],[20.036193,54.5677474],[20.036709,54.5676508],[20.0372358,54.5673717],[20.0375193,54.5673015],[20.03845,54.56683],[20.0389,54.56658],[20.04023,54.56634],[20.04067,54.56608],[20.04112,54.56583],[20.04157,54.56558],[20.04246,54.56533],[20.04334,54.56521],[20.04335,54.5647],[20.0438,54.56458],[20.04468,54.56445],[20.04469,54.56394],[20.04601,54.56395],[20.04625,54.56369],[20.04669,54.56344],[20.04669,54.56319],[20.0467,54.56293],[20.04714,54.56267],[20.04759,54.56242],[20.04805,54.56165],[20.0485,54.56141],[20.04895,54.56063],[20.04942,54.55963],[20.04943,54.55911],[20.04945,54.55861],[20.04945,54.55834],[20.04946,54.55783],[20.04992,54.55706],[20.04996,54.55553],[20.04996,54.55527],[20.05043,54.55425],[20.05043,54.55399],[20.0504469,54.5539196],[20.05044,54.55374],[20.05088,54.55349],[20.05113,54.55246],[20.0514413,54.5522242],[20.0519128,54.5519898],[20.0524869,54.5517422],[20.05291,54.55145],[20.0534245,54.5512173],[20.05382,54.55095],[20.05424,54.55082],[20.0549898,54.5505942],[20.05536,54.55044],[20.0556866,54.5503009],[20.0560355,54.5499461],[20.05648,54.54981],[20.05692,54.54956],[20.05737,54.54931],[20.05826,54.54906],[20.0587,54.54881],[20.05915,54.54856],[20.0593614,54.5484589],[20.0598262,54.5486354],[20.0601879,54.5486166],[20.06025,54.54869],[20.0603992,54.5488734],[20.0607389,54.5489549],[20.06134,54.54908],[20.06354,54.5491],[20.0653,54.54937],[20.06618,54.54938],[20.06662,54.54938],[20.06749,54.54952],[20.06771,54.54977],[20.06778,54.54994],[20.06749,54.55003],[20.06748,54.55028],[20.06792,54.55029],[20.06809,54.55012],[20.0688,54.55017],[20.07057,54.55031],[20.07078,54.55057],[20.07098,54.55134],[20.07144,54.55121],[20.07231,54.55109],[20.07251,54.55186],[20.07272,54.55264],[20.07537,54.55277],[20.07623,54.55304],[20.07668,54.55304],[20.07756,54.55305],[20.07799,54.55331],[20.07887,54.55357],[20.08018,54.55384],[20.08238,54.55386],[20.08283,54.55386],[20.08326,54.55412],[20.08414,54.55437],[20.08458,54.55439],[20.08546,54.55439],[20.0859,54.5544],[20.08678,54.5544],[20.08765,54.55466],[20.0881,54.55466],[20.0903,54.55468],[20.09118,54.55469],[20.09162,54.55457],[20.09183,54.55508],[20.09226,54.55585],[20.09268,54.55611],[20.0929,54.55663],[20.09334,54.55676],[20.09421,54.55702],[20.09465,54.55728],[20.09552,54.55754],[20.09596,54.5578],[20.09639,54.55806],[20.09683,54.55832],[20.0977,54.55858],[20.09858,54.55872],[20.0988,54.55897],[20.09901,54.55949],[20.09944,54.55963],[20.09988,54.55988],[20.10075,54.56014],[20.10119,54.5604],[20.10162,54.56066],[20.1025,54.5608],[20.10272,54.56105],[20.10293,54.56157],[20.10336,54.5617],[20.10381,54.5617],[20.10425,54.56158],[20.10446,54.56183],[20.10467,54.56235],[20.10511,54.56248],[20.10599,54.56274],[20.10642,54.563],[20.10818,54.56314],[20.1084,54.5634],[20.10883,54.56366],[20.10904,54.56417],[20.10992,54.56418],[20.11013,54.56469],[20.11057,54.56495],[20.1110777,54.565702],[20.1113212,54.5659788],[20.1116162,54.5664981],[20.1117396,54.5665945],[20.1119113,54.5666412],[20.1121366,54.5667532],[20.1122063,54.5669056],[20.11294,54.56715],[20.11425,54.56767],[20.11513,54.56793],[20.11601,54.56819],[20.1169056,54.5683424],[20.1174205,54.5685943],[20.117619,54.5691012],[20.1184237,54.5692629],[20.1194,54.5692505],[20.1196361,54.5694308],[20.1200759,54.5697667],[20.12126,54.57003],[20.1218676,54.5706063],[20.12168,54.57105],[20.12145,54.57118],[20.12122,54.57143],[20.12211,54.57157],[20.12387,54.57158],[20.12475,54.57159],[20.12563,54.57186],[20.1265,54.57211],[20.12738,54.57225],[20.12737,54.57276],[20.12869,54.57277],[20.12868,54.57354],[20.12911,54.57367],[20.13043,54.57381],[20.13065,54.57406],[20.13108,54.57432],[20.13152,54.57458],[20.13195,54.57484],[20.13195,54.5751],[20.13194,54.57534],[20.13238,54.57561],[20.13281,54.57587],[20.13325,54.57613],[20.1334049,54.5760497],[20.1334878,54.5759428],[20.1336101,54.5760862],[20.1337832,54.5762513],[20.1334445,54.5764508],[20.1334715,54.5765754],[20.1339383,54.5763832],[20.1342595,54.5765013],[20.13412,54.57653],[20.1339,54.5766139],[20.1338303,54.5767507],[20.1339376,54.5769186],[20.1342326,54.5770523],[20.1345491,54.5770959],[20.1351392,54.5770648],[20.1352787,54.5770617],[20.1355523,54.5771207],[20.1357239,54.577214],[20.1359975,54.5770772],[20.1361102,54.5770585],[20.1362657,54.5771425],[20.1361477,54.5773011],[20.1362818,54.5775063],[20.1361531,54.5778048],[20.1362604,54.5779198],[20.136593,54.5779695],[20.136711,54.5779758],[20.1369953,54.5781779],[20.1371509,54.5784608],[20.1377571,54.5786784],[20.1381433,54.5786878],[20.1383042,54.5787873],[20.1383793,54.5788805],[20.1384544,54.5789831],[20.1385242,54.5790795],[20.1386422,54.5791697],[20.1390445,54.5791572],[20.1391304,54.5792085],[20.1392484,54.5794713],[20.1391545,54.5795365],[20.1391304,54.5796438],[20.1391143,54.5796951],[20.1392618,54.5797526],[20.1393664,54.5798257],[20.139412,54.5799874],[20.1394334,54.5801708],[20.1397553,54.5803216],[20.1401603,54.5804055],[20.1406002,54.580606],[20.1410696,54.580805],[20.1412654,54.581018],[20.1416168,54.581175],[20.1421541,54.58131],[20.1424804,54.5816988],[20.143066,54.5825997],[20.1430566,54.5828974],[20.1430333,54.5829759],[20.1427717,54.5831978],[20.1428978,54.5834279],[20.1433321,54.5836281],[20.143164,54.5838338],[20.1430286,54.5840693],[20.1433088,54.5845889],[20.14366,54.58491],[20.14408,54.58543],[20.14451,54.58595],[20.14494,54.58646],[20.14537,54.58672],[20.1453978,54.5867698],[20.1458,54.58749],[20.14621,54.58877],[20.14664,54.58929],[20.14708,54.58955],[20.14751,54.58981],[20.14772,54.59058],[20.14816,54.59071],[20.14992,54.59072],[20.15037,54.5906],[20.15057,54.59111],[20.15055,54.59214],[20.15055,54.59239],[20.15098,54.59265],[20.15142,54.59291],[20.15163,54.59342],[20.15251,54.59343],[20.15273,54.5937],[20.15294,54.5942],[20.15382,54.59433],[20.15425,54.59459],[20.15513,54.59485],[20.15556,54.59512],[20.156,54.59537],[20.15644,54.59563],[20.15731,54.5959],[20.15819,54.59603],[20.15841,54.59629],[20.15884,54.59655],[20.15928,54.59681],[20.15949,54.59732],[20.15993,54.59745],[20.1608,54.59771],[20.16168,54.59798],[20.162229,54.5981422],[20.16256,54.59824],[20.16299,54.59849],[20.16343,54.59876],[20.16519,54.59902],[20.16563,54.59928],[20.16694,54.59955],[20.16783,54.59955],[20.16827,54.59956],[20.16869,54.59982],[20.16914,54.60008],[20.16958,54.60034],[20.17089,54.6006],[20.17133,54.60086],[20.17177,54.60086],[20.17221,54.60087],[20.17265,54.60111],[20.17396,54.60139],[20.17484,54.60165],[20.17704,54.60192],[20.17792,54.60219],[20.1788,54.60245],[20.18056,54.60273],[20.18099,54.60297],[20.18275,54.60324],[20.18319,54.6035],[20.18451,54.60377],[20.18538,54.60404],[20.18582,54.60429],[20.18714,54.60455],[20.18846,54.60482],[20.18918,54.60504],[20.18933,54.60521],[20.18977,54.60521],[20.18978,54.60495],[20.18949,54.60486],[20.18912,54.60469],[20.1889,54.60444],[20.19067,54.60458],[20.19244,54.60484],[20.19286,54.6051],[20.19417,54.60537],[20.19506,54.60564],[20.19594,54.60589],[20.19725,54.60616],[20.19813,54.60642],[20.19857,54.60655],[20.19858,54.60604],[20.19902,54.60604],[20.19924,54.6063],[20.19945,54.60681],[20.20121,54.60695],[20.20297,54.60708],[20.20275,54.60735],[20.20252,54.60747],[20.20223,54.60751],[20.20208,54.60734],[20.20164,54.60734],[20.20164,54.6076],[20.20193,54.60768],[20.20207,54.60785],[20.2034,54.60799],[20.20516,54.60826],[20.20559,54.60852],[20.20603,54.60852],[20.20647,54.60852],[20.20735,54.60878],[20.20779,54.60879],[20.20823,54.60879],[20.20867,54.60905],[20.20955,54.60931],[20.20998,54.60957],[20.21263,54.60984],[20.2140444,54.61014],[20.21482,54.61037],[20.21526,54.61037],[20.2157,54.61038],[20.21658,54.61064],[20.21702,54.61064],[20.21746,54.61064],[20.21834,54.61091],[20.21878,54.61091],[20.21923,54.61091],[20.22231,54.61093],[20.22275,54.61093],[20.22408,54.61094],[20.22452,54.61095],[20.22584,54.61121],[20.23113,54.61124],[20.23157,54.61125],[20.23245,54.61151],[20.2328541,54.6115084],[20.2332111,54.6115129],[20.23379,54.61152],[20.2351,54.61178],[20.23641,54.61205],[20.23685,54.6123],[20.23729,54.61256],[20.2384026,54.6131068],[20.2387562,54.6132778],[20.2393112,54.6135027],[20.2399977,54.6137683],[20.24035,54.61386],[20.240774,54.6139634],[20.24101,54.614],[20.2420571,54.6147487],[20.2429454,54.6152454],[20.2437977,54.6147454],[20.2442968,54.6145401],[20.2452706,54.6139187],[20.2457894,54.6132775],[20.245831,54.6128531],[20.2457121,54.6127077],[20.2454797,54.6126312],[20.2451857,54.6125967],[20.2447297,54.6126157],[20.2444152,54.6126565],[20.2439667,54.6126449],[20.2435565,54.6125279],[20.2431928,54.6124608],[20.2428774,54.6124585],[20.2425508,54.6123695],[20.2422632,54.6122833],[20.241928,54.6122255],[20.2418284,54.6121159],[20.2419786,54.6119121],[20.2421281,54.6119587],[20.2422316,54.6119153],[20.2432126,54.6121594],[20.2438268,54.6123179],[20.2440948,54.6123769],[20.2450512,54.6124169],[20.2454228,54.6123769],[20.2457024,54.6123361],[20.2461271,54.6123317],[20.2463529,54.6123565],[20.2466467,54.6124148],[20.2464003,54.6127539],[20.2464331,54.6129785],[20.2466373,54.613031],[20.2464137,54.6133461],[20.246342,54.613328],[20.2462825,54.6134052],[20.2462111,54.6134416],[20.2462088,54.6135224],[20.2461988,54.613601],[20.2461209,54.6137038],[20.2459324,54.6138871],[20.2454472,54.6142922],[20.2454722,54.6143337],[20.245614,54.6143512],[20.245774,54.6143212],[20.2458202,54.6143767],[20.2457289,54.6144037],[20.2453746,54.6143528],[20.2448519,54.6147892],[20.2448205,54.6148154],[20.2434,54.61593],[20.24318,54.61606],[20.2425482,54.616698],[20.24384,54.61669],[20.2444624,54.6165929],[20.2451508,54.6163097],[20.24693,54.61595],[20.24826,54.61596],[20.24914,54.6161],[20.24913,54.61661],[20.25001,54.61674],[20.25044,54.617],[20.25088,54.61726],[20.25132,54.61739],[20.25133,54.61688],[20.25221,54.61688],[20.25198,54.61739],[20.25175,54.6179],[20.25263,54.61804],[20.25439,54.61831],[20.25483,54.61831],[20.25527,54.61831],[20.25836,54.6186],[20.2588,54.61884],[20.25923,54.6191],[20.26011,54.61924],[20.2601,54.61975],[20.26098,54.61988],[20.26319,54.62002],[20.2634,54.62028],[20.263516,54.620917],[20.26449,54.62118],[20.26493,54.62144],[20.2657669,54.6215367],[20.2664927,54.6220335],[20.2674129,54.6224891],[20.2682942,54.6229486],[20.2688605,54.6232812],[20.2694234,54.623411],[20.2698542,54.6236016],[20.26996,54.62391],[20.2705265,54.6243323],[20.2708647,54.6243966],[20.27149,54.62468],[20.2718246,54.6249823],[20.2724435,54.6251728],[20.2728545,54.6252342],[20.2733607,54.6254426],[20.2734965,54.6257993],[20.2741127,54.6261802],[20.2742885,54.6263488],[20.2746662,54.626422],[20.2746973,54.6266493],[20.2751257,54.626809],[20.2752306,54.627004],[20.27587,54.62727],[20.27608,54.62753],[20.276585,54.6278382],[20.276741,54.6280733],[20.2776,54.62869],[20.27848,54.62895],[20.2787479,54.6288029],[20.2789175,54.6289615],[20.2792769,54.6289522],[20.2790525,54.629171],[20.2796125,54.6293974],[20.28007,54.6296186],[20.2807917,54.6300307],[20.2810153,54.6300047],[20.2812763,54.6301924],[20.2815346,54.6303955],[20.2821416,54.6305545],[20.2825173,54.6306737],[20.2833,54.6309],[20.2837203,54.6313042],[20.28417,54.63156],[20.28505,54.63181],[20.28549,54.63181],[20.28593,54.63181],[20.2859708,54.6318341],[20.28637,54.63207],[20.28681,54.63208],[20.2872423,54.6319655],[20.2874523,54.6324755],[20.2878723,54.6332455],[20.2883123,54.6335055],[20.2887423,54.6345355],[20.2887117,54.6354297],[20.2888412,54.6364984],[20.2869521,54.6375098],[20.2870488,54.6378023],[20.2875563,54.6378226],[20.2877358,54.6375945],[20.2877551,54.6374809],[20.2883829,54.6370683],[20.2888843,54.6369038],[20.2894734,54.6367485],[20.2898219,54.636692],[20.290069,54.6366873],[20.2901663,54.6367457],[20.2901907,54.6367434],[20.290195,54.636743],[20.2902314,54.6367395],[20.2902017,54.6366721],[20.2905059,54.6366557],[20.2910198,54.6366802],[20.2915823,54.6367255],[20.292043,54.6369124],[20.2924873,54.637168],[20.2925121,54.6371823],[20.2926225,54.6373179],[20.2928287,54.6374214],[20.2932575,54.6378717],[20.2932093,54.6380712],[20.2937352,54.6385669],[20.2939116,54.6387785],[20.2952317,54.6390194],[20.295672,54.6390463],[20.2959465,54.639226],[20.2962296,54.6394963],[20.2972042,54.6403076],[20.2978372,54.6410624],[20.2984548,54.6419727],[20.2987256,54.6425835],[20.2989193,54.643202],[20.2994737,54.6437881],[20.3003185,54.6443193],[20.3010877,54.6449872],[20.3015506,54.6455051],[20.3018615,54.6459595],[20.30212,54.64647],[20.3026436,54.6467233],[20.3036234,54.6476155],[20.3044683,54.6482825],[20.3049571,54.64867],[20.3055739,54.6491765],[20.3063998,54.6496943],[20.3070077,54.6500896],[20.3083421,54.6508103],[20.3090679,54.6511165],[20.3098623,54.6514326],[20.3104171,54.6516376],[20.3109697,54.6519074],[20.3114595,54.6521465],[20.3118423,54.6523456],[20.3120264,54.6525334],[20.3123268,54.6527707],[20.312578,54.653065],[20.3131423,54.6536862],[20.3135262,54.6542277],[20.3137453,54.654544],[20.3138911,54.6547531],[20.3140982,54.6550512],[20.3143281,54.6553626],[20.3144936,54.65565],[20.3148623,54.6562056],[20.315097,54.6564665],[20.3154252,54.6566496],[20.3158246,54.6568837],[20.3162236,54.6571437],[20.3163363,54.6572443],[20.3163422,54.6574698],[20.3169023,54.6576073],[20.3174353,54.6578258],[20.3178602,54.6578892],[20.3181985,54.6579811],[20.3184318,54.658119],[20.3195942,54.6587668],[20.3199159,54.6589448],[20.3203679,54.6590812],[20.3207668,54.659188],[20.3209924,54.6591821],[20.3213205,54.6592265],[20.3215444,54.6591653],[20.3217183,54.6592771],[20.3217152,54.6594252],[20.3217125,54.6594641],[20.3218456,54.6594906],[20.3218699,54.6595487],[20.3218195,54.6595643],[20.3218128,54.6595886],[20.3218195,54.659641],[20.3218572,54.6596381],[20.3219321,54.6596916],[20.3220295,54.6597392],[20.3221108,54.6597703],[20.322174,54.6597576],[20.3222798,54.6597926],[20.3223772,54.6597615],[20.3224461,54.6597907],[20.3224293,54.659848],[20.3225704,54.6599141],[20.3226023,54.6599811],[20.3227132,54.6600404],[20.3228358,54.6600472],[20.3229433,54.6600734],[20.3229937,54.6600423],[20.3229836,54.6599753],[20.3229702,54.6599082],[20.3230945,54.6599034],[20.3231483,54.6599248],[20.3232376,54.6600616],[20.3233768,54.6601677],[20.3235672,54.6601371],[20.3237234,54.6602177],[20.3238156,54.6601762],[20.3237717,54.6601456],[20.3237676,54.6600971],[20.3237969,54.6600757],[20.3238116,54.6600538],[20.3238021,54.6600301],[20.3238481,54.6600343],[20.3238804,54.6600526],[20.3238722,54.6600709],[20.3238435,54.6600818],[20.3238512,54.6601546],[20.323913,54.6601826],[20.3240286,54.6602114],[20.3240783,54.6602464],[20.3240796,54.6603699],[20.3240673,54.6604354],[20.3239824,54.6605797],[20.3239636,54.6607583],[20.3238696,54.6609103],[20.3240097,54.6609623],[20.3241983,54.6611424],[20.3244465,54.6612137],[20.3245809,54.6611797],[20.324667,54.6611967],[20.3247363,54.6610801],[20.3248811,54.661102],[20.3248517,54.6612137],[20.3250764,54.6612295],[20.3251377,54.6613239],[20.3253445,54.6613261],[20.3253158,54.6612383],[20.3255003,54.661345],[20.3255619,54.6613972],[20.3252789,54.6614138],[20.3252789,54.6614731],[20.3253479,54.6615057],[20.3253609,54.6615846],[20.3253066,54.661602],[20.3252935,54.6616414],[20.3253092,54.6616976],[20.3253597,54.661721],[20.3253565,54.6617826],[20.3253999,54.6618315],[20.3254539,54.6618465],[20.3254881,54.6619217],[20.3256178,54.6619611],[20.325783,54.6620605],[20.3258978,54.6620871],[20.3259635,54.6621326],[20.326344,54.662163],[20.3264425,54.662182],[20.3265212,54.6622693],[20.3266754,54.6622598],[20.3268861,54.662307],[20.3270035,54.6622996],[20.3271183,54.6623622],[20.3272637,54.6623824],[20.3273183,54.6623342],[20.3275309,54.6623175],[20.3276333,54.6623327],[20.3277225,54.6623965],[20.3278406,54.6624101],[20.3279745,54.6624162],[20.3282054,54.6624192],[20.3282448,54.662401],[20.328392,54.6624283],[20.328388,54.6624742],[20.328431,54.6624951],[20.3285116,54.662541],[20.328599,54.6625635],[20.3285721,54.6626568],[20.3287489,54.6627559],[20.3288583,54.6628107],[20.3290855,54.6628776],[20.3292185,54.6629101],[20.3292763,54.6629172],[20.3293986,54.662998],[20.3295881,54.6630042],[20.3296472,54.6629592],[20.3297171,54.6629584],[20.329705,54.6630143],[20.3298098,54.6630175],[20.3299952,54.6630509],[20.3301619,54.6630913],[20.3302801,54.6631426],[20.330354,54.6632048],[20.3304951,54.6632623],[20.3306074,54.663288],[20.3307223,54.6632956],[20.3308658,54.6633052],[20.3309203,54.6633135],[20.331122,54.663289],[20.3311657,54.6632522],[20.3310611,54.6632414],[20.3309805,54.6632557],[20.3308886,54.6632449],[20.3307945,54.663218],[20.3306937,54.6631658],[20.3306832,54.6630347],[20.3306692,54.6630116],[20.3306181,54.6630201],[20.3306076,54.66298],[20.3306034,54.6629436],[20.3305299,54.6629387],[20.3305204,54.6628873],[20.3305771,54.6628387],[20.3305876,54.6627902],[20.3305594,54.6626835],[20.3304973,54.6626566],[20.3304196,54.6626371],[20.3303377,54.6626845],[20.3302768,54.6627209],[20.3301508,54.6626748],[20.3301298,54.6626505],[20.3302159,54.6625594],[20.3303776,54.6625497],[20.3304427,54.662489],[20.3304171,54.6624232],[20.3303781,54.662402],[20.3302738,54.6623821],[20.3301884,54.6623484],[20.3300911,54.6623293],[20.3299825,54.6623616],[20.3299341,54.6623504],[20.329904,54.6623535],[20.3298771,54.662384],[20.3298406,54.6623902],[20.3298266,54.6623541],[20.3298438,54.6623199],[20.3298309,54.6622913],[20.3298965,54.6622727],[20.3299554,54.6622364],[20.3299674,54.6622105],[20.3299986,54.6621925],[20.3301104,54.66218],[20.3301233,54.6622055],[20.3301502,54.662218],[20.3302029,54.6622186],[20.33019,54.6622721],[20.3302137,54.6622962],[20.3302749,54.662342],[20.3302811,54.6623627],[20.330385,54.6623627],[20.3304345,54.6623722],[20.3304827,54.6623985],[20.3305308,54.662407],[20.3306682,54.6624009],[20.3306876,54.6623561],[20.3307359,54.6623729],[20.330809,54.6623748],[20.3308639,54.662335],[20.3309284,54.6623549],[20.3309821,54.6623524],[20.3310069,54.6623462],[20.3310155,54.6623151],[20.3310563,54.662312],[20.3310735,54.6622846],[20.3311412,54.6622684],[20.3311723,54.6622359],[20.3312057,54.6623387],[20.3312799,54.6623319],[20.331296,54.6623132],[20.3313713,54.6623219],[20.3314509,54.6623542],[20.3314057,54.662399],[20.3314036,54.6624463],[20.3314218,54.6624568],[20.3313896,54.6624687],[20.3314142,54.662517],[20.3314906,54.6625414],[20.3315057,54.6625731],[20.3315358,54.6625968],[20.331611,54.6626123],[20.331682,54.6626079],[20.3317497,54.6625868],[20.3318744,54.6625899],[20.3318443,54.6626185],[20.3318755,54.6626334],[20.3318325,54.6626726],[20.3318551,54.6627286],[20.3318357,54.6627777],[20.3318142,54.6628088],[20.3319027,54.6628548],[20.3319379,54.6629046],[20.3320368,54.6629375],[20.3320873,54.6629443],[20.3321303,54.6629201],[20.3321432,54.6629294],[20.3320938,54.6629717],[20.3321615,54.6629922],[20.3321959,54.6629866],[20.3322326,54.662996],[20.3323051,54.6629899],[20.3324255,54.6630166],[20.3324868,54.6630017],[20.3325738,54.6629992],[20.3327115,54.6630216],[20.3330189,54.6630347],[20.3330963,54.6630421],[20.3331555,54.6630726],[20.3332877,54.6630888],[20.3334033,54.6630838],[20.3334952,54.663049],[20.3335962,54.6630477],[20.3337123,54.6630048],[20.3338693,54.6629737],[20.3339637,54.6629843],[20.3340488,54.6629831],[20.3340703,54.6630552],[20.3341338,54.6630682],[20.3341392,54.6630981],[20.3341123,54.6631366],[20.3341263,54.6632013],[20.3341628,54.6632604],[20.3341757,54.6632964],[20.334209,54.6633213],[20.3342596,54.6633313],[20.334252,54.6633754],[20.3341875,54.6634133],[20.334135,54.6634607],[20.3340574,54.6635582],[20.3340402,54.663644],[20.3340166,54.6636838],[20.3340425,54.6637225],[20.3340542,54.6637535],[20.3340284,54.6637777],[20.3340504,54.6637931],[20.3340501,54.6638098],[20.3340153,54.6638238],[20.334014,54.6638337],[20.3340429,54.6638492],[20.3340435,54.6638716],[20.3339932,54.6639359],[20.3340077,54.6639583],[20.3340055,54.6640512],[20.3340155,54.6640617],[20.3340374,54.6640663],[20.3340378,54.6641007],[20.334073,54.6641211],[20.3341116,54.6641183],[20.334135,54.6641083],[20.3341639,54.6641274],[20.3341962,54.6641549],[20.3343146,54.6641907],[20.3343366,54.6641831],[20.3343373,54.6641581],[20.3343207,54.6641167],[20.3343201,54.6640829],[20.3343173,54.6640474],[20.3343393,54.6640148],[20.3343847,54.6640037],[20.3344129,54.6640005],[20.3344212,54.664022],[20.334459,54.6640319],[20.3345086,54.6640283],[20.3345389,54.6640319],[20.3346028,54.6640084],[20.3346655,54.6639718],[20.3346785,54.6639297],[20.3347012,54.6639269],[20.3347762,54.6638934],[20.3349407,54.663892],[20.3349847,54.6639078],[20.3349696,54.6639225],[20.3350088,54.6639432],[20.335037,54.6639651],[20.3350845,54.6639687],[20.3351266,54.6639883],[20.3351209,54.6640023],[20.3351363,54.6640107],[20.3351911,54.6639933],[20.3352384,54.6640138],[20.3352158,54.6640319],[20.3352556,54.6640543],[20.3353368,54.6640778],[20.3353856,54.6640941],[20.3354824,54.6640793],[20.3355549,54.6640482],[20.3355993,54.6640474],[20.3356356,54.6640715],[20.3357451,54.6640732],[20.3358775,54.6640684],[20.3359581,54.6640824],[20.3359809,54.6641081],[20.3360239,54.6641081],[20.3360723,54.6640964],[20.3360952,54.6641073],[20.3360858,54.6641329],[20.3360831,54.6641578],[20.3360911,54.6641904],[20.336071,54.6642184],[20.3361946,54.6642783],[20.336294,54.664248],[20.3363814,54.6643078],[20.3364392,54.6642604],[20.3364714,54.6642355],[20.3365252,54.6642169],[20.3365655,54.6642464],[20.3366663,54.6643],[20.3367563,54.6642767],[20.3367886,54.664307],[20.3368612,54.6643296],[20.3368759,54.6643956],[20.3369845,54.6644723],[20.3370641,54.6644889],[20.3371075,54.6644666],[20.3371311,54.6644762],[20.3370977,54.6645091],[20.3371124,54.6645511],[20.3371689,54.6646451],[20.3373163,54.6646965],[20.3374457,54.6647655],[20.3375414,54.6648287],[20.3377094,54.6648462],[20.3378417,54.6648797],[20.3379818,54.6648774],[20.3380301,54.6648629],[20.3380889,54.6648787],[20.3385027,54.6648974],[20.3387077,54.6648737],[20.3388349,54.6648096],[20.3389288,54.6648143],[20.3389948,54.6648666],[20.3391342,54.6648642],[20.3394049,54.6648286],[20.3397617,54.6648262],[20.3400784,54.6648735],[20.3402504,54.664837],[20.3403461,54.6648049],[20.3403831,54.664734],[20.3405679,54.6646873],[20.340714,54.6646728],[20.3408181,54.6647068],[20.3408663,54.6646839],[20.3409143,54.6646706],[20.3409411,54.664624],[20.3410117,54.6645997],[20.3410561,54.6645466],[20.3410365,54.6645057],[20.3410029,54.6644542],[20.3408988,54.6644357],[20.3408954,54.6643658],[20.3408568,54.6642987],[20.3407941,54.6642694],[20.3406678,54.6642795],[20.3405495,54.6642997],[20.3405159,54.6643028],[20.340481,54.6643378],[20.3404158,54.6643271],[20.3403883,54.6643362],[20.3403614,54.6643191],[20.3403665,54.6642961],[20.3404061,54.6642786],[20.3403832,54.6642633],[20.3403654,54.6642336],[20.3403349,54.6641906],[20.3403306,54.6641603],[20.3403564,54.6641469],[20.3403779,54.6641518],[20.3404347,54.6641877],[20.3405052,54.6641926],[20.3405783,54.6641772],[20.3406359,54.6641394],[20.3407357,54.6641046],[20.3407787,54.6641121],[20.3407976,54.6641394],[20.3408398,54.6641745],[20.3408989,54.6641699],[20.3410078,54.6641839],[20.3410333,54.6641637],[20.3410857,54.6641553],[20.3411022,54.6640956],[20.3410962,54.6640524],[20.3410618,54.6640354],[20.340987,54.6639917],[20.3410153,54.6639529],[20.3411031,54.6639434],[20.3411108,54.6639181],[20.3411048,54.6639006],[20.3411848,54.6638608],[20.3412114,54.6638668],[20.341257,54.6638395],[20.3412562,54.6638002],[20.3412983,54.6637942],[20.3413103,54.6637544],[20.3412562,54.6637236],[20.3413103,54.6636892],[20.3412114,54.6636619],[20.3411495,54.6636644],[20.3411039,54.6636494],[20.3411013,54.6636191],[20.341071,54.6635927],[20.3410328,54.6635989],[20.3409567,54.6635852],[20.3408681,54.6636008],[20.3408421,54.6635917],[20.3408034,54.6636053],[20.3407692,54.6636431],[20.3407639,54.6637029],[20.3407894,54.6637263],[20.3407679,54.663783],[20.3407464,54.6637861],[20.3406859,54.6638522],[20.3406107,54.6638918],[20.3405811,54.6639128],[20.3405972,54.6639299],[20.3404588,54.6640061],[20.3403849,54.6639983],[20.3403549,54.6640116],[20.3403327,54.6640101],[20.3402956,54.6638809],[20.340157,54.663819],[20.3402578,54.663751],[20.3402515,54.6636052],[20.3400856,54.6636004],[20.3399471,54.6635773],[20.3399324,54.663383],[20.3400562,54.6634876],[20.3401738,54.6634425],[20.3402053,54.6633551],[20.3401255,54.6632713],[20.340136,54.6631923],[20.3400709,54.663185],[20.34001,54.6631559],[20.3400352,54.6631037],[20.3399722,54.6629944],[20.3398614,54.662941],[20.3396993,54.6630247],[20.3394389,54.662998],[20.3393234,54.662947],[20.3391113,54.6628122],[20.3389037,54.6627211],[20.3387943,54.6627478],[20.3386578,54.6626774],[20.3385696,54.6626992],[20.3384772,54.6627017],[20.3383797,54.6626774],[20.3382966,54.6626932],[20.3382295,54.6627612],[20.3381686,54.6628207],[20.338114,54.6628438],[20.3380258,54.6628389],[20.3378956,54.6628814],[20.3376814,54.6628717],[20.3375102,54.6628374],[20.3373035,54.6628341],[20.337125,54.6627575],[20.3368856,54.6626835],[20.336815,54.6625932],[20.3365014,54.6624989],[20.3363859,54.6624308],[20.3360814,54.6623568],[20.3358153,54.6622336],[20.3355761,54.6622068],[20.335306,54.6621765],[20.3351722,54.6621345],[20.3348035,54.6621668],[20.3345276,54.6622147],[20.3342525,54.6621418],[20.3339802,54.6620511],[20.3337209,54.6619482],[20.3336851,54.6618769],[20.3335655,54.6618282],[20.3334186,54.6617136],[20.3332261,54.6616039],[20.3331267,54.6615054],[20.333034,54.6614601],[20.3330275,54.661367],[20.3329435,54.6613316],[20.3328594,54.6612595],[20.3328289,54.6609782],[20.3328263,54.6607883],[20.332747,54.6606865],[20.3326923,54.6605256],[20.3324723,54.6604056],[20.3322128,54.6600564],[20.332223,54.6599975],[20.3321197,54.6598671],[20.3317444,54.6595219],[20.33164,54.659544],[20.331451,54.6594632],[20.3312539,54.659451],[20.3311685,54.6594035],[20.331085,54.659357],[20.3308177,54.6591066],[20.3307096,54.6590721],[20.3304639,54.658786],[20.3303773,54.6586428],[20.33025,54.6585338],[20.3299574,54.6583949],[20.329724,54.6581795],[20.3295859,54.6581269],[20.3296365,54.6580284],[20.3296528,54.6578893],[20.3296528,54.6577722],[20.3296324,54.6575933],[20.3295677,54.6574074],[20.3295408,54.657228],[20.3295912,54.6570585],[20.3295801,54.6568486],[20.3296791,54.6566195],[20.3297877,54.6564667],[20.3298212,54.6562885],[20.3299021,54.6561181],[20.3300805,54.6559851],[20.3302432,54.6557771],[20.3303485,54.6555944],[20.3305056,54.6554859],[20.3305795,54.6554093],[20.3307602,54.6553283],[20.3308468,54.6551678],[20.3311284,54.6549594],[20.3315398,54.6548462],[20.331697,54.6548364],[20.3319836,54.6545999],[20.3324467,54.6544016],[20.3325397,54.6542532],[20.3327357,54.6541751],[20.3328014,54.6540715],[20.3330259,54.6539778],[20.3331921,54.6540108],[20.3333111,54.6538467],[20.3335342,54.653844],[20.3338104,54.6537097],[20.3339093,54.6535301],[20.3341538,54.6535274],[20.3342937,54.6534697],[20.3347153,54.6534762],[20.3347683,54.6535881],[20.3360722,54.6533505],[20.3365487,54.6532046],[20.337013,54.6530822],[20.3371083,54.6530024],[20.337312,54.652721],[20.3380843,54.6527115],[20.3381133,54.6527796],[20.3386368,54.6527044],[20.338839,54.6528212],[20.3390965,54.6528067],[20.3391329,54.6530696],[20.3393939,54.6532098],[20.3397838,54.6532525],[20.340004,54.6530625],[20.3396206,54.6524191],[20.339232,54.651908],[20.3390222,54.6517146],[20.3384583,54.6515223],[20.3385977,54.6513491],[20.3390851,54.6514909],[20.3390559,54.651232],[20.3393768,54.6512223],[20.3396999,54.6518918],[20.3404068,54.6530216],[20.3407813,54.6530183],[20.3409794,54.6528529],[20.3408138,54.6523815],[20.3407132,54.6521128],[20.3406236,54.6519739],[20.3404502,54.6518873],[20.3403477,54.651682],[20.3402295,54.651568],[20.340422,54.6513455],[20.3404449,54.6513379],[20.3408995,54.6511895],[20.3429516,54.6512659],[20.3430451,54.6512983],[20.3430502,54.6513778],[20.343146,54.6514254],[20.3434861,54.6514779],[20.3436892,54.6514927],[20.3438443,54.6515606],[20.3438317,54.6516238],[20.3437477,54.6516621],[20.3438084,54.6518162],[20.343959,54.6519846],[20.3441632,54.6520076],[20.3444929,54.6518472],[20.344486,54.651777],[20.3444529,54.6517254],[20.3444605,54.6516518],[20.3445089,54.6516164],[20.3444631,54.6515516],[20.3444771,54.6513809],[20.3445293,54.6513778],[20.3445725,54.6514294],[20.3447868,54.6515082],[20.345464,54.6515324],[20.3462578,54.6513541],[20.3466135,54.6515056],[20.3470564,54.6515949],[20.3474523,54.6515017],[20.3475944,54.6513911],[20.3477341,54.6513347],[20.3479086,54.6512299],[20.348229,54.6511917],[20.3485394,54.6511639],[20.3487893,54.6511687],[20.3491152,54.6510269],[20.3495088,54.6509728],[20.3497077,54.650999],[20.3499785,54.6510939],[20.3501809,54.6511436],[20.3503744,54.6511466],[20.3506926,54.651179],[20.351133,54.6512629],[20.3513923,54.6514056],[20.3517968,54.6515596],[20.3520291,54.6515649],[20.3522723,54.6516656],[20.3525086,54.6516134],[20.3527598,54.6516768],[20.3529934,54.6518295],[20.352938,54.6519184],[20.3529652,54.6520203],[20.353274,54.6522306],[20.3533147,54.6525252],[20.3532479,54.6527405],[20.3531543,54.6529375],[20.3530128,54.6531294],[20.3528794,54.6533764],[20.3527241,54.6535414],[20.3525739,54.6538094],[20.3524594,54.6539508],[20.3525154,54.6540466],[20.3526477,54.6540495],[20.3527267,54.6540112],[20.3527419,54.6539656],[20.3529227,54.6537962],[20.3532918,54.6533971],[20.3535133,54.6531924],[20.3538952,54.6530892],[20.3539028,54.6530274],[20.3542043,54.6528577],[20.3543178,54.6528507],[20.3544654,54.652777],[20.3548605,54.6526861],[20.3548804,54.6524913],[20.355126,54.652232],[20.3553041,54.6522575],[20.3557307,54.6522026],[20.3558605,54.6522983],[20.3556314,54.6524471],[20.3556518,54.6526032],[20.3557434,54.652668],[20.3559089,54.6526577],[20.3560922,54.6525016],[20.3560922,54.6523956],[20.3561581,54.652393],[20.3565937,54.6525201],[20.3569552,54.6526194],[20.3569526,54.6527284],[20.3575178,54.6527623],[20.3577953,54.6527947],[20.3581772,54.6529862],[20.3585214,54.6531123],[20.3592996,54.6532751],[20.3597555,54.6534177],[20.3601923,54.6535056],[20.3606578,54.6537155],[20.3611864,54.6539387],[20.361549,54.6541441],[20.3619423,54.6542756],[20.362356,54.6544284],[20.3627663,54.6546045],[20.3630714,54.6546979],[20.363323,54.6548067],[20.3637339,54.6550299],[20.3640025,54.6551684],[20.3645723,54.6555756],[20.365297,54.6559166],[20.3656426,54.6559291],[20.3657547,54.6559674],[20.3658845,54.6559762],[20.3661036,54.6560617],[20.3663376,54.6561559],[20.366637,54.6564023],[20.3668901,54.6564327],[20.3671268,54.6565343],[20.3673023,54.6566682],[20.3675469,54.6567007],[20.3677365,54.6567935],[20.3679595,54.6570395],[20.3678524,54.6571381],[20.3679211,54.6572118],[20.3680972,54.6572628],[20.3689903,54.6577655],[20.3701397,54.6578258],[20.3707571,54.6579967],[20.370979,54.6581329],[20.3711491,54.6581601],[20.3716939,54.6583785],[20.3720423,54.658581],[20.3724449,54.6587109],[20.3732554,54.6590631],[20.3737898,54.6592468],[20.3743189,54.6594111],[20.3750894,54.6597521],[20.375593,54.6599517],[20.3760661,54.6602117],[20.3765694,54.6605144],[20.3772716,54.6608157],[20.3777754,54.6609917],[20.3785587,54.6613062],[20.3790339,54.6615493],[20.3795939,54.6618505],[20.3798608,54.6619245],[20.3800797,54.6620182],[20.3802223,54.6620889],[20.3803012,54.6621949],[20.3805293,54.6622373],[20.3814647,54.6627336],[20.3818207,54.6629995],[20.3822479,54.6632816],[20.3824868,54.6634517],[20.382735,54.6635363],[20.382914,54.6635826],[20.3830921,54.6637349],[20.3835182,54.6641247],[20.3837428,54.6643263],[20.3842463,54.6646264],[20.3848892,54.6650789],[20.3851758,54.6654642],[20.3853037,54.6659657],[20.3858691,54.6670259],[20.385991,54.6671332],[20.3861563,54.6671062],[20.386523,54.6669076],[20.3866052,54.6668385],[20.3867955,54.6668314],[20.3874828,54.6665296],[20.3876811,54.6664107],[20.3878082,54.6662594],[20.3878642,54.6661557],[20.3878492,54.6660412],[20.3877559,54.6660326],[20.3875616,54.6661125],[20.3874122,54.6661449],[20.3873038,54.6662378],[20.3873188,54.6662897],[20.3872216,54.6663977],[20.3869713,54.6664971],[20.3869105,54.6665135],[20.3867471,54.6664628],[20.3867594,54.6663896],[20.3870311,54.6661017],[20.3871734,54.665967],[20.3872515,54.6659418],[20.3875237,54.6659145],[20.3876176,54.6659051],[20.3878754,54.665877],[20.3881855,54.6656415],[20.3883349,54.6654276],[20.3877673,54.6652202],[20.3877946,54.6650999],[20.3879106,54.6648697],[20.3879185,54.6648533],[20.3881753,54.6647481],[20.3885648,54.6646995],[20.3889848,54.6646951],[20.3893387,54.6647584],[20.3896123,54.6649256],[20.3896747,54.6652192],[20.3898283,54.6652327],[20.3900948,54.6653635],[20.3903217,54.6654279],[20.3905759,54.6655284],[20.3907949,54.6655726],[20.3909298,54.6656933],[20.3911483,54.6657512],[20.3917119,54.6659471],[20.3918833,54.66604],[20.3918184,54.6661767],[20.3917191,54.6662988],[20.3918905,54.666208],[20.3920048,54.6661218],[20.3921887,54.6660729],[20.3925567,54.6660424],[20.3931494,54.6660999],[20.3936221,54.666007],[20.3940332,54.6658215],[20.3941955,54.6657976],[20.3946371,54.6658584],[20.3951542,54.6660079],[20.3954207,54.6660332],[20.3961496,54.6659506],[20.3965599,54.6659835],[20.3967073,54.6659562],[20.3967954,54.6659761],[20.3969245,54.6660857],[20.3971359,54.6663258],[20.3973223,54.6666256],[20.3971023,54.6667556],[20.3968723,54.6668856],[20.3965023,54.6670456],[20.3953223,54.6672556],[20.3950923,54.6673956],[20.3948723,54.6678956],[20.3953223,54.6677756],[20.3970923,54.6676556],[20.3968723,54.6673956],[20.3968023,54.6672256],[20.3975423,54.6670156],[20.3979823,54.6668856],[20.3982023,54.6671456],[20.3984123,54.6676556],[20.3988523,54.6677856],[20.4010026,54.6680959],[20.4018131,54.6680878],[20.4022816,54.6683018],[20.4025923,54.6687056],[20.402543,54.6690297],[20.4027816,54.6691218],[20.4027369,54.6692972],[20.4028264,54.6694064],[20.4027891,54.6696012],[20.4022702,54.6699796],[20.4018319,54.6700253],[20.4015398,54.6701188],[20.4010861,54.6701368],[20.4009539,54.6701895],[20.4008126,54.6703093],[20.4005267,54.6704351],[20.4002864,54.6705215],[20.4002843,54.6706975],[20.4004045,54.6708698],[20.4008064,54.6709275],[20.4010807,54.6708784],[20.401285,54.6707377],[20.4021004,54.6705796],[20.4025032,54.6705594],[20.4030509,54.6705422],[20.4036331,54.6703211],[20.4039402,54.6703179],[20.4041223,54.6703756],[20.4045459,54.6704662],[20.4048196,54.6707173],[20.4050259,54.6707746],[20.406029,54.6712078],[20.4058287,54.6712828],[20.4059583,54.6715555],[20.4061576,54.6717618],[20.406491,54.672145],[20.4061599,54.6722779],[20.4058864,54.6721693],[20.4055053,54.6720697],[20.4053201,54.6721268],[20.4050161,54.6721771],[20.4048699,54.6721721],[20.4048551,54.6722539],[20.404788,54.6722842],[20.4047467,54.6723642],[20.4046836,54.6724162],[20.4046955,54.6725055],[20.4049491,54.6725167],[20.4052063,54.6725914],[20.4054502,54.6725559],[20.4056309,54.6726081],[20.4057236,54.6726877],[20.4061251,54.6727904],[20.4064086,54.6728012],[20.4065781,54.6729076],[20.4066673,54.6730074],[20.4066968,54.6730695],[20.406729,54.6731051],[20.4067535,54.6731366],[20.406729,54.673209],[20.4067199,54.6732529],[20.4065949,54.6733296],[20.4065895,54.6733874],[20.4066191,54.6734955],[20.4066834,54.673544],[20.4068792,54.673724],[20.4070026,54.6737612],[20.4073847,54.6739823],[20.4075284,54.6739506],[20.4094755,54.6741377],[20.4094755,54.6742678],[20.4097295,54.6743087],[20.409887,54.6743775],[20.4100092,54.6743812],[20.4100703,54.6743515],[20.4101796,54.6744017],[20.4102374,54.6744073],[20.4104914,54.6743924],[20.4106983,54.6745046],[20.4112008,54.6747657],[20.4115813,54.6750096],[20.4115945,54.675098],[20.4120407,54.6754189],[20.4126827,54.6754516],[20.4129509,54.6756007],[20.4135024,54.675696],[20.4136448,54.6758441],[20.4137586,54.6762144],[20.4136677,54.6768741],[20.41345,54.6779191],[20.4137858,54.6780497],[20.4136989,54.6784874],[20.4135948,54.6789908],[20.4134923,54.6792556],[20.4130423,54.6800256],[20.4125823,54.6807957],[20.4121423,54.6813057],[20.4118349,54.6817491],[20.4115838,54.6820067],[20.4114068,54.6821059],[20.4113749,54.6822508],[20.4111063,54.6823757],[20.4109025,54.6824719],[20.4107397,54.6824285],[20.4107952,54.6823509],[20.4106021,54.6822703],[20.4103982,54.6822858],[20.4103437,54.6824389],[20.4101973,54.6824876],[20.4096923,54.6824457],[20.4089304,54.6823172],[20.4086096,54.6824199],[20.4076398,54.6823021],[20.4073335,54.6824595],[20.4068891,54.6824986],[20.4063625,54.6823402],[20.4062406,54.6821694],[20.4059271,54.6821198],[20.4052553,54.6820134],[20.4049601,54.6821261],[20.4046676,54.6820632],[20.4042278,54.6819106],[20.4037622,54.6819552],[20.4032968,54.6819749],[20.4029473,54.682064],[20.4025829,54.6819254],[20.4023372,54.681741],[20.4016464,54.6816357],[20.4011388,54.6816627],[20.4007716,54.6814945],[20.4004184,54.6814234],[20.4000165,54.6814893],[20.3995632,54.6814202],[20.3992327,54.681232],[20.3985028,54.6810963],[20.3982731,54.6810817],[20.3980126,54.6809728],[20.3977449,54.680982],[20.3976551,54.6811291],[20.3976144,54.6812698],[20.3972895,54.6813283],[20.3965578,54.6811325],[20.3962854,54.6810049],[20.3959526,54.6810056],[20.3961992,54.6808878],[20.395566,54.6808531],[20.3952165,54.6808357],[20.3950882,54.6809935],[20.3947502,54.6810224],[20.394399,54.6809512],[20.3940857,54.6808159],[20.3939068,54.680705],[20.39356,54.6807432],[20.3934137,54.6808379],[20.3928709,54.6807637],[20.3924809,54.6806746],[20.3921068,54.6805149],[20.3917013,54.6803353],[20.3911803,54.6802845],[20.3909446,54.6801941],[20.3908601,54.680069],[20.3906487,54.6800083],[20.3902772,54.6799687],[20.3899741,54.6800281],[20.3894058,54.6799745],[20.3890991,54.6798701],[20.3886978,54.6798686],[20.3885797,54.6799157],[20.388288,54.6798795],[20.388238,54.6797463],[20.3878523,54.6796456],[20.3875638,54.6795948],[20.3873311,54.6794383],[20.3868213,54.6793076],[20.3863448,54.6792851],[20.3858588,54.6793324],[20.3858965,54.6794795],[20.3857123,54.6795456],[20.3855187,54.6796001],[20.3851947,54.6795855],[20.3847864,54.6796883],[20.3841575,54.6796614],[20.3838355,54.6797605],[20.3835798,54.6798756],[20.3836423,54.6800056],[20.3836422,54.680107],[20.3838219,54.6801515],[20.3839846,54.6801119],[20.3841215,54.6800525],[20.3842328,54.6801317],[20.3843612,54.6802059],[20.3845496,54.6802703],[20.3847122,54.6802802],[20.3849135,54.6802372],[20.3849089,54.6799797],[20.3851435,54.6798609],[20.385527,54.6798361],[20.3859781,54.6797058],[20.3861395,54.6795899],[20.3865356,54.679545],[20.3867998,54.6795973],[20.3871685,54.6797106],[20.3874871,54.6797853],[20.3876559,54.6799114],[20.3879123,54.6799856],[20.3882335,54.6799972],[20.3884928,54.6801024],[20.3887591,54.680251],[20.389473,54.6804268],[20.3897932,54.6805704],[20.3906115,54.6808241],[20.3915851,54.6809162],[20.3918328,54.6810228],[20.3923005,54.6811269],[20.3925752,54.6811291],[20.3926208,54.6812705],[20.3920862,54.6813344],[20.3916879,54.681533],[20.3913864,54.6817573],[20.3915663,54.6820559],[20.3919636,54.6821252],[20.3922784,54.6820865],[20.3925118,54.6818133],[20.3927622,54.6817115],[20.3928514,54.6815582],[20.3932834,54.6812289],[20.3937368,54.6813202],[20.3943737,54.6814633],[20.3951123,54.6816057],[20.3960091,54.6815997],[20.3964155,54.6816908],[20.3969893,54.6817526],[20.3974026,54.6818657],[20.3978482,54.6820069],[20.3982571,54.6820148],[20.3986849,54.6819654],[20.3990769,54.6819571],[20.399415,54.6820789],[20.3996045,54.6821918],[20.3997423,54.6822657],[20.3997323,54.6827757],[20.3992823,54.6832857],[20.3991993,54.6834553],[20.3989519,54.6836666],[20.3986223,54.6836657],[20.3983836,54.6837483],[20.3979438,54.6838185],[20.3976283,54.6837797],[20.397169,54.6837013],[20.3968423,54.6836557],[20.3967045,54.6837976],[20.3966036,54.6841214],[20.3962851,54.6841123],[20.396099,54.6841994],[20.3957038,54.6842838],[20.3953214,54.6842686],[20.3947453,54.6843524],[20.3944836,54.684293],[20.3938724,54.6842098],[20.393213,54.684243],[20.3913491,54.6841464],[20.3906999,54.6842275],[20.3888823,54.6841257],[20.3884423,54.6841257],[20.3875623,54.6841257],[20.3866723,54.6841157],[20.3853523,54.6841157],[20.3849023,54.6841157],[20.3835823,54.6841057],[20.3824438,54.6841295],[20.3818602,54.6840673],[20.3817401,54.6837672],[20.3815412,54.6837338],[20.3813108,54.6836968],[20.3811509,54.6836092],[20.3809492,54.6836059],[20.380809,54.6835401],[20.3806712,54.6834219],[20.3805502,54.6832801],[20.3803439,54.6832472],[20.3800017,54.6829792],[20.3799787,54.682817],[20.3801659,54.6825794],[20.380431,54.6824363],[20.3806526,54.6823835],[20.3810452,54.6823387],[20.3813914,54.6822594],[20.3815751,54.682224],[20.3814708,54.682045],[20.3810087,54.6820268],[20.3805555,54.6820085],[20.3800312,54.681905],[20.3795294,54.6819408],[20.3790759,54.6820199],[20.378638,54.68193],[20.3784099,54.6819605],[20.3782858,54.6818503],[20.3780247,54.681839],[20.3777569,54.6817163],[20.3776101,54.6815771],[20.3773501,54.681505],[20.3771163,54.6811908],[20.3770632,54.6808608],[20.3768602,54.680588],[20.376725,54.6806056],[20.3765504,54.680566],[20.3765033,54.6804944],[20.3762959,54.6804676],[20.3762033,54.6805067],[20.3761135,54.6803594],[20.3757902,54.6803584],[20.3753629,54.6802984],[20.375282,54.6804505],[20.3751519,54.6805248],[20.3751429,54.680596],[20.3753116,54.6808037],[20.3754741,54.6808478],[20.3755949,54.6808498],[20.3756216,54.6807499],[20.3755832,54.680643],[20.3756244,54.6804848],[20.3760158,54.6805357],[20.3762555,54.6806725],[20.37654,54.6807609],[20.3768493,54.6808313],[20.3768854,54.6809887],[20.3767905,54.6810989],[20.3769522,54.6812142],[20.3770793,54.6813929],[20.3768897,54.6815453],[20.376686,54.6816781],[20.3756568,54.6816297],[20.3751244,54.6815966],[20.37471,54.6815608],[20.3746508,54.6814387],[20.3744482,54.6814243],[20.3743204,54.6814824],[20.3742331,54.6816291],[20.3743784,54.681686],[20.3743943,54.6818319],[20.3747806,54.6823037],[20.3744796,54.682613],[20.3745176,54.6829609],[20.3742301,54.6830469],[20.3738449,54.683093],[20.3735126,54.6830574],[20.3733789,54.6829786],[20.3729538,54.6829381],[20.3727371,54.6830366],[20.3725431,54.6831749],[20.3725497,54.6832921],[20.37246,54.6833639],[20.3722694,54.6834212],[20.3721003,54.6833827],[20.3719903,54.6832891],[20.3718013,54.6832671],[20.3715014,54.6834155],[20.3714507,54.683531],[20.371137,54.6835699],[20.3711467,54.6837059],[20.3713853,54.6836765],[20.371537,54.6839994],[20.3714846,54.6840978],[20.3714759,54.6842772],[20.3716856,54.6843537],[20.3717168,54.6844592],[20.3719457,54.6844942],[20.3721665,54.6847457],[20.3724712,54.6850288],[20.3725602,54.6852463],[20.3726691,54.6853659],[20.3726884,54.685498],[20.3726048,54.6856221],[20.3724573,54.6856572],[20.3723039,54.6856114],[20.3721856,54.6856591],[20.3722256,54.6858128],[20.3724098,54.6859332],[20.3726326,54.6859189],[20.3727428,54.6860647],[20.3729167,54.6860699],[20.3729721,54.6862764],[20.3730537,54.6863405],[20.3730333,54.6865093],[20.3730094,54.6866496],[20.3730268,54.6867604],[20.3731414,54.6869419],[20.37341,54.6871],[20.3736691,54.6872239],[20.3742468,54.6873572],[20.3746085,54.6874065],[20.3749097,54.687576],[20.3751525,54.6877277],[20.3752247,54.6879212],[20.3752271,54.6880697],[20.3753048,54.6881274],[20.3763711,54.6882579],[20.37697,54.6883244],[20.3787808,54.6885184],[20.3789385,54.6885801],[20.3795597,54.688664],[20.3810047,54.6888409],[20.3823547,54.6890404],[20.3830957,54.6891762],[20.383339,54.6887329],[20.3831173,54.6886923],[20.3831976,54.6885459],[20.3837714,54.688704],[20.3839723,54.6888318],[20.3847391,54.6890607],[20.3855685,54.6892951],[20.3863908,54.6894294],[20.386929,54.6893854],[20.387988,54.6895564],[20.3884445,54.68955],[20.3895937,54.6895162],[20.3900785,54.6894692],[20.3905451,54.6894425],[20.3907805,54.6895352],[20.391213,54.6896154],[20.3915494,54.6895374],[20.3923465,54.6896037],[20.3926344,54.6894307],[20.393106,54.6893749],[20.3934112,54.6894226],[20.3939345,54.6895178],[20.3942276,54.689565],[20.3944391,54.6895761],[20.3947949,54.6895024],[20.39546,54.6893788],[20.395802,54.6894267],[20.3960492,54.689464],[20.3962923,54.689455],[20.3967585,54.6894955],[20.3969605,54.6895163],[20.3970319,54.6894755],[20.3972166,54.6894895],[20.3973635,54.689535],[20.3980704,54.6896412],[20.398472,54.6896985],[20.3987742,54.689768],[20.3991266,54.6898095],[20.3994416,54.689951],[20.3996242,54.6900821],[20.399951,54.6904369],[20.400045,54.6905067],[20.4002823,54.6905324],[20.4007387,54.690545],[20.4009942,54.6904789],[20.4015428,54.6905739],[20.401802,54.6906214],[20.4021581,54.6906204],[20.4023668,54.6906724],[20.4026169,54.6906804],[20.4027282,54.6907625],[20.4028894,54.6908026],[20.4029675,54.690747],[20.4030368,54.6908172],[20.4031414,54.6907867],[20.4032316,54.6908215],[20.4034776,54.6908457],[20.403545,54.6909425],[20.4037166,54.6910088],[20.4046913,54.6911035],[20.4068913,54.6912785],[20.4104549,54.6915255],[20.4112531,54.691577],[20.41154,54.6913808],[20.4118726,54.6913075],[20.4119202,54.6912427],[20.4123415,54.6912021],[20.4124703,54.6912702],[20.4128567,54.691246],[20.4130961,54.6912008],[20.4135797,54.6911867],[20.4138385,54.6912192],[20.4143261,54.6911717],[20.4146553,54.6911391],[20.4150863,54.6911923],[20.4154313,54.6912683],[20.4154005,54.6914635],[20.416795,54.6915663],[20.4168241,54.6913961],[20.4172143,54.6914551],[20.4181128,54.6915712],[20.4183439,54.6915785],[20.4185904,54.6916508],[20.4196411,54.6917357],[20.4195875,54.6918473],[20.418815,54.6917853],[20.418807,54.6918566],[20.4187131,54.6918519],[20.4186031,54.6918395],[20.4186004,54.6919015],[20.4187549,54.6919056],[20.4198289,54.6919992],[20.4198922,54.6917862],[20.42117,54.6918426],[20.4214639,54.6917427],[20.4223437,54.6909831],[20.4230583,54.690342],[20.4230046,54.6902893],[20.4234166,54.6898731],[20.4243271,54.6890953],[20.4254443,54.6889243],[20.4268283,54.6892065],[20.4271728,54.6892412],[20.4272316,54.6892475],[20.4272157,54.689297],[20.4267589,54.689622],[20.4261681,54.6901438],[20.4256404,54.6905997],[20.4256165,54.6906966],[20.4275231,54.6909217],[20.4274915,54.6910029],[20.4291038,54.6911807],[20.4291579,54.6911145],[20.4300694,54.6912164],[20.4363299,54.6918422],[20.4363507,54.6922481],[20.4363713,54.6926431],[20.4364028,54.6932517],[20.4339358,54.6932547],[20.4338705,54.6934364],[20.4387132,54.6953386],[20.4394987,54.6956471],[20.4398611,54.6951704],[20.4400396,54.6952182],[20.4397026,54.695713],[20.4398737,54.695762],[20.440223,54.6955687],[20.4404399,54.695646],[20.4405822,54.6956523],[20.440653,54.695303],[20.4407128,54.6952091],[20.4408142,54.6951759],[20.4409843,54.6951899],[20.4411776,54.6952176],[20.4414544,54.6953009],[20.4416548,54.6954035],[20.4415243,54.6963032],[20.4416309,54.6963101],[20.4416607,54.6961615],[20.4418405,54.6961776],[20.4418293,54.696309],[20.4419445,54.6963129],[20.4419859,54.6961628],[20.4421702,54.6961743],[20.4421369,54.6964849],[20.4425736,54.696552],[20.4425574,54.6966831],[20.4428146,54.6967046],[20.4429119,54.6967908],[20.4430021,54.6968384],[20.4430046,54.6969077],[20.4431279,54.6969401],[20.4432758,54.6969746],[20.4439926,54.6971569],[20.4439595,54.697515],[20.4443674,54.6975224],[20.444547,54.6974861],[20.4446482,54.6974413],[20.4452197,54.6972549],[20.4453414,54.6973107],[20.4454802,54.6972136],[20.4453735,54.6971646],[20.4455893,54.6970203],[20.4457299,54.6970967],[20.4458188,54.6970358],[20.4457314,54.6969946],[20.4458808,54.6968841],[20.4457786,54.6968202],[20.4458589,54.6967644],[20.4461623,54.6968253],[20.4463283,54.6968924],[20.4468418,54.6969108],[20.4473901,54.6966302],[20.44741,54.6964886],[20.4476109,54.6963873],[20.4476867,54.69641],[20.4481479,54.6961912],[20.4481588,54.6960805],[20.4483118,54.695931],[20.4483729,54.6958713],[20.4489321,54.6955452],[20.4498134,54.6951368],[20.4502965,54.6948384],[20.4505026,54.6947179],[20.4512498,54.6946045],[20.4516856,54.6944174],[20.4525571,54.6947166],[20.4533246,54.6948838],[20.4535967,54.6950017],[20.4546706,54.6947012],[20.4554773,54.6943923],[20.4569351,54.6936396],[20.457147,54.6935514],[20.457325,54.6935316],[20.4574443,54.6935701],[20.4574375,54.6936369],[20.4570537,54.6939383],[20.456613,54.6942398],[20.4561624,54.6946111],[20.4552778,54.6948617],[20.4549255,54.6950499],[20.4543062,54.6952591],[20.4532038,54.6956621],[20.4526526,54.6960163],[20.4527714,54.6962663],[20.4524673,54.6963611],[20.451513,54.6951573],[20.4512628,54.6952464],[20.4520714,54.6962663],[20.451499,54.6964377],[20.4516559,54.6965916],[20.4509091,54.6968001],[20.4509002,54.6968893],[20.4504116,54.6969824],[20.4500132,54.6970856],[20.449814,54.6971075],[20.4496817,54.6970726],[20.4494287,54.6971334],[20.4490544,54.6972887],[20.4487962,54.6973668],[20.4485852,54.6973672],[20.4482583,54.6973512],[20.4479266,54.6974514],[20.4476266,54.6976274],[20.4470562,54.6977046],[20.4469015,54.6977872],[20.4467547,54.6978325],[20.446672,54.6979037],[20.4465239,54.6979614],[20.446397,54.6980839],[20.4461235,54.6981586],[20.4456645,54.6982527],[20.4454296,54.6985086],[20.4456714,54.6987543],[20.4461746,54.699],[20.4469622,54.6993597],[20.4480398,54.6991582],[20.4481671,54.6993025],[20.4494232,54.6989595],[20.4492667,54.6987151],[20.4505147,54.6984822],[20.4506484,54.6986168],[20.4539436,54.6976988],[20.4538103,54.6975301],[20.4545195,54.6973533],[20.4546637,54.697522],[20.4553631,54.6973384],[20.455188,54.6971817],[20.4555757,54.6970735],[20.4568185,54.6971102],[20.4576723,54.6972657],[20.4578265,54.6975047],[20.4584431,54.6974535],[20.4611979,54.6966847],[20.4627122,54.6962698],[20.4630739,54.6962137],[20.4638707,54.6961607],[20.4642706,54.6966782],[20.4502582,54.700682],[20.4504546,54.7009238],[20.4506164,54.700883],[20.4507764,54.7010605],[20.4526209,54.7019022],[20.4535873,54.7018739],[20.4542446,54.7018382],[20.4544117,54.7020445],[20.4545689,54.7020187],[20.4546096,54.7020686],[20.4713283,54.6983438],[20.4714362,54.6984858],[20.4717076,54.6984292],[20.4720796,54.699007],[20.4652713,54.7006794],[20.4652047,54.7006517],[20.4606521,54.7018096],[20.4606966,54.7018509],[20.4565997,54.7029037],[20.4566988,54.7030369],[20.4556498,54.703319],[20.4555934,54.7033843],[20.455597,54.7034874],[20.4559556,54.7037385],[20.4563445,54.7039732],[20.4627152,54.7047594],[20.4625505,54.7052531],[20.4631479,54.7053133],[20.4631662,54.705251],[20.4648944,54.7054792],[20.4654168,54.7054042],[20.4654488,54.7053185],[20.4653402,54.7050947],[20.4656309,54.7049616],[20.4657825,54.7051956],[20.466046,54.7053249],[20.4664414,54.705344],[20.46631,54.7047013],[20.467224,54.7046263],[20.4673016,54.7051676],[20.4683818,54.7050336],[20.4689661,54.7049877],[20.469388,54.7049772],[20.4701879,54.7047472],[20.4707403,54.7043039],[20.4745885,54.7009433],[20.4763367,54.6994996],[20.4775401,54.6999296],[20.4742018,54.7034362],[20.4743465,54.7034907],[20.4741535,54.7037416],[20.4747068,54.7039317],[20.4747333,54.7040101],[20.4761595,54.7039104],[20.478445,54.7037388],[20.4801145,54.7036169],[20.4815285,54.7036387],[20.4833694,54.7036734],[20.4847346,54.7036994],[20.4860602,54.7040481],[20.4879533,54.7045462],[20.4894526,54.7051041],[20.4895639,54.7052612],[20.4896552,54.7052864],[20.4897458,54.705304],[20.4895324,54.7056616],[20.4892628,54.7061284],[20.4891616,54.7061069],[20.4889579,54.7060134],[20.4888245,54.7059775],[20.4884001,54.705865],[20.488477,54.7058059],[20.4874841,54.7054036],[20.4874075,54.7053157],[20.4866445,54.7049967],[20.4865392,54.7050698],[20.4860594,54.7048776],[20.4855757,54.7047682],[20.4852141,54.7047325],[20.4844977,54.7046581],[20.4835976,54.7045823],[20.4830785,54.7046049],[20.4829526,54.7046341],[20.4816569,54.7046776],[20.4816714,54.7048382],[20.4812403,54.7048823],[20.4807984,54.7048927],[20.4803714,54.7048734],[20.4803649,54.7047398],[20.4782789,54.7048375],[20.4782918,54.7049982],[20.4777547,54.7050779],[20.4773148,54.7051129],[20.4768916,54.7051375],[20.4768563,54.7049662],[20.474763,54.705171],[20.4747904,54.705303],[20.4747711,54.7053049],[20.4745226,54.7053294],[20.4743684,54.7053417],[20.4741993,54.7053315],[20.4741681,54.7053798],[20.4740377,54.7054438],[20.4738606,54.7054722],[20.4735429,54.7055207],[20.4732822,54.7055823],[20.4727849,54.7056845],[20.472758,54.7056399],[20.4722455,54.7057713],[20.4722677,54.7058174],[20.4718779,54.7059257],[20.470948,54.7062463],[20.470887,54.7061926],[20.4692499,54.7066886],[20.4693339,54.7067754],[20.4688125,54.7069566],[20.4685806,54.7067333],[20.4680085,54.7069949],[20.4682647,54.7071928],[20.4679819,54.707314],[20.4678892,54.7072515],[20.4675004,54.7074212],[20.4676329,54.7075144],[20.4674672,54.7075846],[20.4667143,54.7077886],[20.4658986,54.7079525],[20.4654783,54.7080277],[20.4649424,54.7080697],[20.4642773,54.7080843],[20.4637866,54.7080809],[20.4631586,54.7080742],[20.4626583,54.7080442],[20.4625558,54.7079686],[20.46119,54.7078902],[20.4610711,54.7079677],[20.4604294,54.7078556],[20.4600571,54.707759],[20.4597984,54.7076906],[20.4593641,54.7075727],[20.4594372,54.7074941],[20.4591374,54.707401],[20.4590851,54.70748],[20.4584786,54.7072467],[20.4578885,54.7069488],[20.4576164,54.7066821],[20.4577573,54.7065907],[20.4558679,54.7054329],[20.4557472,54.7054895],[20.4551211,54.70508],[20.4550132,54.7051428],[20.454788,54.7049799],[20.4541157,54.7045043],[20.4538449,54.7043127],[20.4535665,54.7041767],[20.4534684,54.7040239],[20.4533496,54.703914],[20.4531857,54.7038808],[20.4525606,54.7034539],[20.4517429,54.7030768],[20.451268,54.7028491],[20.4505829,54.7025492],[20.4492996,54.7020349],[20.4485626,54.7017685],[20.4478621,54.7016222],[20.4474583,54.7014581],[20.4473028,54.7014024],[20.4472865,54.7014224],[20.44717,54.701361],[20.447254,54.7012847],[20.446932,54.7011573],[20.4468803,54.7012021],[20.4460973,54.700895],[20.4453425,54.7005919],[20.4448395,54.7004013],[20.4446928,54.7003269],[20.4445102,54.7002331],[20.4442708,54.7001129],[20.4440471,54.700011],[20.4435873,54.6997853],[20.4427171,54.6993522],[20.4405068,54.6982278],[20.4383583,54.6970275],[20.4375859,54.696668],[20.4367116,54.6972939],[20.4369239,54.6974106],[20.436723,54.6976777],[20.436559,54.6977486],[20.436527,54.6977915],[20.4364507,54.6978329],[20.4363738,54.6978479],[20.4360633,54.6977476],[20.4357761,54.6976548],[20.4356166,54.6976646],[20.4351465,54.6974472],[20.434875,54.6972909],[20.434547,54.6971648],[20.4340995,54.6968943],[20.4340158,54.6968019],[20.4338645,54.6967427],[20.4337125,54.696681],[20.4335372,54.6965241],[20.433396,54.69633],[20.4333914,54.6961875],[20.4335342,54.6958139],[20.4336432,54.6954788],[20.4333823,54.6953657],[20.4331448,54.6953337],[20.4329481,54.6952746],[20.4325141,54.6951468],[20.4318444,54.6947815],[20.4307323,54.6945757],[20.4276822,54.6940488],[20.4276173,54.6941773],[20.4273117,54.6941943],[20.4259407,54.6940052],[20.4250492,54.6938982],[20.4241298,54.6938674],[20.424031,54.6938401],[20.4237162,54.6937885],[20.422953,54.6937016],[20.4215049,54.693635],[20.4202055,54.6936379],[20.4178737,54.6935812],[20.4171379,54.6935749],[20.4166856,54.6935988],[20.416094,54.6937177],[20.4158456,54.6937258],[20.414871,54.6936407],[20.4131917,54.693571],[20.4117423,54.6934657],[20.4100127,54.6932893],[20.4100124,54.6932364],[20.4093773,54.6932122],[20.4083876,54.6931292],[20.4078226,54.6930812],[20.4073059,54.6930242],[20.4064423,54.6929447],[20.4060023,54.6929257],[20.4047326,54.6928809],[20.4041885,54.6928619],[20.4029167,54.6928294],[20.4022449,54.6927854],[20.4016186,54.692703],[20.4008875,54.6927157],[20.3998342,54.6925375],[20.3975866,54.6922205],[20.3958509,54.6920513],[20.3948085,54.6919838],[20.3938609,54.6919267],[20.3935,54.6918566],[20.3931672,54.6918338],[20.3925101,54.6917735],[20.3911564,54.6916431],[20.3897859,54.6914964],[20.3884914,54.6913693],[20.388325,54.6913187],[20.3881925,54.6913187],[20.3880938,54.6913497],[20.3878343,54.6913106],[20.3874437,54.6912462],[20.3852423,54.6910257],[20.3830423,54.6907657],[20.3825923,54.6907557],[20.3821609,54.6906864],[20.3807416,54.6905617],[20.3806504,54.6906392],[20.3806799,54.6906826],[20.3808301,54.6906966],[20.3808046,54.6907493],[20.3806813,54.6907493],[20.3805531,54.6907257],[20.3804809,54.6907125],[20.3805378,54.6906206],[20.380515,54.6905624],[20.3794533,54.6904066],[20.3759723,54.6903272],[20.3752538,54.6903173],[20.3741604,54.6903244],[20.3737117,54.6903195],[20.371441,54.6903355],[20.3712795,54.6908159],[20.3711023,54.6909557],[20.3708723,54.6910857],[20.3705239,54.6911463],[20.3695106,54.6914024],[20.3690278,54.6913528],[20.3686523,54.6914458],[20.3684859,54.6913937],[20.3681481,54.6914272],[20.367869,54.6913253],[20.3677618,54.6914768],[20.367655,54.6920647],[20.3675151,54.6921992],[20.367499,54.6928069],[20.3676921,54.6928224],[20.3675902,54.6931262],[20.3673038,54.6937159],[20.3670723,54.6940057],[20.3669846,54.6941495],[20.3669362,54.6942611],[20.367006,54.6948346],[20.3666841,54.6949246],[20.365858,54.6948749],[20.3655284,54.6947861],[20.3653055,54.6947261],[20.3647744,54.6946021],[20.3637874,54.6944285],[20.3634333,54.6942983],[20.3634601,54.6938208],[20.3637723,54.6930957],[20.3638023,54.6915657],[20.3635723,54.6914257],[20.3633523,54.6912957],[20.3631323,54.6911657],[20.3629123,54.6910457],[20.3627023,54.6909157],[20.3608538,54.6908241],[20.3606044,54.690914],[20.3603281,54.6909187],[20.3600103,54.6908908],[20.3595382,54.6907559],[20.3592267,54.6906566],[20.3589423,54.6905057],[20.3587223,54.6903757],[20.3582823,54.6903757],[20.3574023,54.6903757],[20.3571823,54.6902557],[20.3569623,54.6901157],[20.3565223,54.6901157],[20.3556323,54.6900957],[20.3534323,54.6898357],[20.3521023,54.6895757],[20.3518823,54.6894457],[20.3516723,54.6893157],[20.3507923,54.6890557],[20.3497603,54.6889343],[20.3485823,54.6887957],[20.347434,54.6884172],[20.3470423,54.6883957],[20.3465916,54.6881727],[20.3461606,54.6881049],[20.3458513,54.6879869],[20.3453631,54.6880956],[20.3447766,54.6880801],[20.3442146,54.6879752],[20.3437108,54.6879435],[20.3432923,54.6877357],[20.3430723,54.6876057],[20.3428523,54.6874857],[20.3426323,54.6873457],[20.3424223,54.6872157],[20.3410923,54.6869557],[20.3408723,54.6868257],[20.3405228,54.6867577],[20.3402123,54.6866957],[20.3397623,54.6866957],[20.3380123,54.6864257],[20.3377923,54.6862957],[20.3375723,54.6861757],[20.3365693,54.6859705],[20.3363606,54.6859278],[20.3362523,54.6859057],[20.3322723,54.6856257],[20.3320423,54.6854957],[20.3318423,54.6853657],[20.3309623,54.6851057],[20.3283023,54.6850957],[20.3280823,54.6852157],[20.3276806,54.6855024],[20.3263942,54.6858149],[20.3256002,54.6860496],[20.3252347,54.6863118],[20.3247523,54.6863557],[20.3238623,54.6863457],[20.3235925,54.6863457],[20.3229823,54.6863457],[20.3225423,54.6863357],[20.3219421,54.6864504],[20.3214923,54.6865155],[20.3211329,54.6864938],[20.3208432,54.68641],[20.3206287,54.686379],[20.3204838,54.6864317],[20.3203336,54.6865496],[20.3200493,54.6865868],[20.3198186,54.6865682],[20.3195987,54.6865031],[20.3194592,54.6864317],[20.3190515,54.6863728],[20.3182673,54.6861848],[20.317925,54.6862333],[20.3172423,54.6860557],[20.3159552,54.6859651],[20.3141538,54.6863887],[20.3127695,54.6866945],[20.3121155,54.6867461],[20.311747,54.6868761],[20.3111784,54.6872048],[20.3105776,54.687242],[20.3102706,54.6871845],[20.3096118,54.6873646],[20.3092623,54.6872857],[20.3088821,54.6873909],[20.3088123,54.6875457],[20.3081046,54.6878828],[20.3074723,54.6881757],[20.3057023,54.6882957],[20.3052523,54.6882957],[20.3044541,54.6887291],[20.3043398,54.6887105],[20.3039187,54.6886531],[20.3038304,54.6886179],[20.3037122,54.6886174],[20.3035539,54.6886206],[20.3032804,54.6886423],[20.3031382,54.6886159],[20.3029799,54.6886252],[20.3027439,54.6885973],[20.302591,54.6886237],[20.3025186,54.6886826],[20.3024623,54.68865],[20.302363,54.6886593],[20.3022128,54.6887508],[20.3020653,54.6888376],[20.3018132,54.6889151],[20.3016982,54.6890019],[20.301494,54.6890159],[20.3013357,54.6890159],[20.3012311,54.6890407],[20.3009825,54.6890995],[20.3005997,54.6892963],[20.3004479,54.6893756],[20.3003406,54.6894298],[20.2997881,54.6895244],[20.2995145,54.6895833],[20.2992651,54.6897058],[20.2989835,54.689788],[20.2989075,54.6898817],[20.2987313,54.6898577],[20.2985409,54.6898205],[20.2982055,54.6898993],[20.2977123,54.6900457],[20.2974494,54.6901285],[20.297047,54.6902461],[20.2965479,54.6904318],[20.2964191,54.690528],[20.2961616,54.6905311],[20.2959323,54.6905457],[20.2956747,54.6905758],[20.2953796,54.6906903],[20.2951424,54.6908814],[20.294974,54.6909898],[20.2947972,54.6910233],[20.2945297,54.6910567],[20.2936782,54.6907191],[20.2934003,54.6905447],[20.293132,54.6902896],[20.2930723,54.6901457],[20.2933367,54.6894908],[20.2931359,54.6893006],[20.2928164,54.6892989],[20.2925934,54.6888217],[20.2927555,54.6886285],[20.2926623,54.6883457],[20.2922323,54.6875757],[20.2916414,54.6869887],[20.2913624,54.6867931],[20.2911262,54.6868048],[20.2898552,54.6868296],[20.2895923,54.6870357],[20.2893325,54.6871832],[20.2889975,54.6872377],[20.2885367,54.6871931],[20.2879787,54.6871559],[20.2877426,54.6871717],[20.287436,54.6870479],[20.2872404,54.6868885],[20.2869161,54.6869338],[20.2861543,54.6869727],[20.2850281,54.686941],[20.2841751,54.6870019],[20.2832898,54.6870155],[20.2832763,54.6870959],[20.2829409,54.6872383],[20.282255,54.6875257],[20.2818852,54.6875155],[20.2816545,54.6877564],[20.2813869,54.6878275],[20.2807595,54.6878456],[20.280234,54.6877521],[20.2799911,54.6874876],[20.2796691,54.6873571],[20.2793378,54.687225],[20.2791299,54.687186],[20.2789132,54.6872293],[20.2786136,54.6872466],[20.2784525,54.6872077],[20.2780992,54.687175],[20.2770971,54.6871527],[20.2765159,54.6874336],[20.2764205,54.6877201],[20.2761641,54.6879165],[20.2755633,54.6881167],[20.2756752,54.6880362],[20.2755503,54.6879987],[20.2753335,54.6880818],[20.275209,54.6883793],[20.2752415,54.6885268],[20.2754783,54.6886448],[20.2750569,54.6888864],[20.2746288,54.6905673],[20.2744842,54.6906538],[20.2739601,54.6907698],[20.2729752,54.6908098],[20.2719943,54.6908838],[20.2715026,54.6909103],[20.2711839,54.6908429],[20.270866,54.6906516],[20.2705741,54.6905545],[20.2704315,54.6905241],[20.2702144,54.6906333],[20.2704044,54.6908042],[20.2704047,54.6909157],[20.2703538,54.6908149],[20.2702575,54.6907351],[20.2700042,54.6905984],[20.2698697,54.6904267],[20.2691746,54.690125],[20.2687151,54.6899564],[20.268387,54.6899098],[20.2673844,54.6894044],[20.2669184,54.6889106],[20.2669466,54.688487],[20.2664361,54.6876838],[20.2662045,54.687587],[20.2658497,54.6875971],[20.265204,54.6873664],[20.264983,54.6873853],[20.2645847,54.6872789],[20.2639609,54.687368],[20.2636185,54.6874808],[20.2630247,54.687396],[20.2623318,54.6876318],[20.2608413,54.6877031],[20.2595735,54.687747],[20.2591781,54.6878071],[20.2582003,54.6877937],[20.2575526,54.6878805],[20.2573722,54.6878874],[20.2571585,54.6879963],[20.256736,54.6880062],[20.2559946,54.6879191],[20.2554274,54.6877043],[20.2540044,54.6873938],[20.2536342,54.6872706],[20.2531827,54.6868585],[20.2533359,54.6866933],[20.252317,54.6864269],[20.2494906,54.6864718],[20.2484769,54.6878341],[20.2491112,54.6879905],[20.2485508,54.6889526],[20.2477065,54.6895906],[20.2469091,54.690252],[20.2463342,54.6908],[20.2458113,54.6910237],[20.2454845,54.6911886],[20.2457616,54.6920582],[20.2449637,54.6921276],[20.2447343,54.6913527],[20.2446485,54.6912868],[20.244271,54.6914626],[20.2441876,54.6918827],[20.2444476,54.6923307],[20.2439517,54.6928839],[20.2434513,54.6930656],[20.2433791,54.6934869],[20.2427704,54.6933874],[20.2427682,54.6930777],[20.241443,54.692922],[20.2397375,54.6924179],[20.2396253,54.6917154],[20.2391629,54.6915928],[20.2390497,54.6922106],[20.2386683,54.6922082],[20.2382193,54.6918199],[20.2378775,54.6918371],[20.2375869,54.6915792],[20.2371137,54.6914386],[20.2366404,54.6913704],[20.2361202,54.6911261],[20.2357081,54.6910226],[20.2353792,54.6910863],[20.2350996,54.6908526],[20.234444,54.6908878],[20.2343406,54.6908144],[20.2341823,54.6907021],[20.2336237,54.6903057],[20.2328542,54.6903583],[20.2323431,54.6907798],[20.2320223,54.6906546],[20.2313835,54.690545],[20.2315201,54.6900149],[20.2299225,54.6891792],[20.2295232,54.6883215],[20.2287119,54.6877666],[20.2259407,54.6876173],[20.2253957,54.6875091],[20.2247523,54.6877213],[20.2237982,54.6877114],[20.2230191,54.6879141],[20.2224398,54.6879234],[20.2218119,54.6878589],[20.2202961,54.6879171],[20.2197332,54.6878209],[20.2194598,54.6879343],[20.2191916,54.6878536],[20.218969,54.68788],[20.2188811,54.6881238],[20.2178931,54.6881282],[20.2145356,54.6888832],[20.2037319,54.688995],[20.20145,54.6910643],[20.1987394,54.691559],[20.1984086,54.6916152],[20.1959432,54.6920649],[20.1963185,54.6927533],[20.19615,54.6927764],[20.1959999,54.6927926],[20.1958956,54.6927872],[20.1956921,54.6926312],[20.1954768,54.6926375],[20.1950829,54.6929284],[20.1949844,54.6929456],[20.1948697,54.6929656],[20.1947213,54.6927278],[20.1946616,54.6924178],[20.1945515,54.6922729],[20.1944063,54.6921008],[20.1944622,54.6919029],[20.1942947,54.691662],[20.19425,54.6915308],[20.194116,54.6913759],[20.1941151,54.6910359],[20.1925906,54.6910486],[20.1920841,54.6915712],[20.1912963,54.6915724],[20.1911866,54.6915725],[20.1807916,54.6915901],[20.1807959,54.6917733],[20.178663,54.6917788],[20.1764609,54.6931073],[20.1753408,54.69363],[20.175035,54.6941602],[20.1747499,54.6943239],[20.1739388,54.6946894],[20.1738049,54.6945729],[20.1742373,54.6942869],[20.1746673,54.6938756],[20.1748303,54.6928588],[20.1755519,54.692379],[20.1760708,54.6917391],[20.1765683,54.6909311],[20.1766079,54.6905378],[20.1764697,54.6905257],[20.1765642,54.6902006],[20.1781053,54.6903427],[20.1782963,54.6902167],[20.17619,54.688027],[20.1757657,54.6877569],[20.1733557,54.6871212],[20.1708037,54.6866602],[20.1698843,54.6865767],[20.1683787,54.687294],[20.1678677,54.6873055],[20.1677904,54.6874088],[20.1673894,54.6874563],[20.166858,54.6873362],[20.1655114,54.6869158],[20.1652799,54.6868518],[20.1648435,54.6863951],[20.1647364,54.686328],[20.1646201,54.6862551],[20.1647163,54.686199],[20.1646677,54.6861631],[20.1648551,54.6860714],[20.1648824,54.6859001],[20.1649406,54.6857464],[20.1647841,54.6855507],[20.1646964,54.6853952],[20.164804,54.6852555],[20.1637224,54.684503],[20.1632194,54.6842063],[20.1613535,54.6833992],[20.1611783,54.6831428],[20.1606094,54.6829034],[20.160243,54.6828659],[20.159597,54.6821599],[20.1596816,54.6818141],[20.158445,54.6812004],[20.1584083,54.681102],[20.1582346,54.6809591],[20.1576185,54.6808031],[20.1556146,54.6808233],[20.1549422,54.6808858],[20.1542343,54.6808086],[20.1541675,54.6806927],[20.1530802,54.680329],[20.1517493,54.6802102],[20.1513893,54.679963],[20.1512785,54.6798129],[20.1511756,54.6796734],[20.1509631,54.6796125],[20.1509606,54.6793852],[20.1476356,54.6774569],[20.1475528,54.6774991],[20.1474029,54.6773998],[20.1476337,54.6771741],[20.1474601,54.6770389],[20.1473499,54.6770061],[20.1472497,54.6770119],[20.1467822,54.676732],[20.1467121,54.6765621],[20.1468123,54.6762087],[20.1466186,54.6760369],[20.1466566,54.6759543],[20.146577,54.6759078],[20.1465588,54.6758928],[20.1459193,54.6762886],[20.144607,54.6755418],[20.1452729,54.675165],[20.1429989,54.6738107],[20.1427985,54.6739131],[20.1418685,54.6734298],[20.1417776,54.6730575],[20.1418749,54.6729909],[20.1418135,54.6729492],[20.1406095,54.6720979],[20.1362861,54.6696383],[20.1352721,54.6688374],[20.1353044,54.6687032],[20.1352291,54.6686419],[20.1349508,54.6685682],[20.1346482,54.6685541],[20.1344472,54.6685019],[20.1342329,54.6683911],[20.1342142,54.6682955],[20.1340077,54.6681411],[20.1337488,54.6680719],[20.1323361,54.6673278],[20.1318949,54.6666362],[20.131013,54.6661921],[20.1312359,54.6660706],[20.1310365,54.6659283],[20.1290743,54.6669318],[20.1284364,54.6665625],[20.1284154,54.6663305],[20.1299639,54.6655318],[20.1298368,54.6654432],[20.129846,54.6653135],[20.1294963,54.6651172],[20.1291967,54.6649489],[20.1289724,54.6649302],[20.127675,54.6638113],[20.1273358,54.6635187],[20.1266635,54.6626468],[20.1263774,54.6625124],[20.1211179,54.662212],[20.1206884,54.6649145],[20.1205882,54.6655447],[20.1202077,54.6654567],[20.1196129,54.6652487],[20.1187898,54.6651767],[20.1185685,54.6648926],[20.1184924,54.6635845],[20.1185547,54.6634365],[20.1184578,54.6632245],[20.1183343,54.6621934],[20.1186433,54.6621956],[20.1186295,54.6619424],[20.1183414,54.6619468],[20.1183541,54.6614643],[20.1186065,54.6614699],[20.1183935,54.6577429],[20.1179755,54.6576561],[20.1177088,54.6575562],[20.1177926,54.6573722],[20.116124,54.656832],[20.11454,54.65631],[20.1124007,54.6556636],[20.1122555,54.6557356],[20.1073101,54.6541551],[20.1072548,54.6542511],[20.1061412,54.653863],[20.1050899,54.653943],[20.1043844,54.653831],[20.1039228,54.6535656],[20.1038653,54.6535509],[20.1037972,54.653539],[20.1036888,54.6535276],[20.1036525,54.6535238],[20.1036159,54.6535198],[20.1035854,54.6535164],[20.1035695,54.6535149],[20.1035551,54.6535134],[20.1035079,54.6535102],[20.103455,54.6535102],[20.1033993,54.6535168],[20.1033148,54.6535373],[20.10317,54.6535774],[20.1024477,54.653843],[20.1016938,54.653879],[20.0992246,54.6536029],[20.097198,54.6533468],[20.0964233,54.6534028],[20.0953651,54.6531867],[20.094383,54.65319],[20.09384,54.65307],[20.0931933,54.6529707],[20.0925431,54.6529466],[20.0923702,54.6526906],[20.0917546,54.6526986],[20.0908693,54.6528386],[20.0903782,54.6525185],[20.0900462,54.6523944],[20.089562,54.6524905],[20.0889741,54.6522304],[20.0887459,54.6519663],[20.0870597,54.65173],[20.0868157,54.6517036],[20.0868106,54.6518387],[20.0866774,54.651852],[20.0865815,54.6518886],[20.0863771,54.6520917],[20.0859056,54.6523417],[20.0842978,54.6527512],[20.0835837,54.6523098],[20.082767,54.652164],[20.0824423,54.6522201],[20.082033,54.6523639],[20.0819651,54.6524835],[20.0819905,54.6526129],[20.0819681,54.6526565],[20.0819699,54.6526989],[20.0884376,54.6573326],[20.088355,54.657371],[20.0881411,54.6574294],[20.0878317,54.6574976],[20.0876225,54.6575173],[20.0873827,54.65754],[20.0871806,54.6575467],[20.0869032,54.657551],[20.0863767,54.6575305],[20.0859947,54.6575291],[20.0854419,54.6577252],[20.0846193,54.6579793],[20.0837033,54.6581686],[20.0830956,54.6583362],[20.0827685,54.6586552],[20.0821515,54.658958],[20.0814037,54.6593203],[20.0807493,54.6593744],[20.0790387,54.6598394],[20.0785993,54.6601313],[20.0782722,54.6602287],[20.0778141,54.6605206],[20.0775617,54.6605423],[20.0770943,54.6607477],[20.0763465,54.6610181],[20.0759259,54.6612452],[20.0760007,54.6614236],[20.075552,54.6616777],[20.07515,54.6617264],[20.0748976,54.6619156],[20.0744166,54.6620669],[20.0741785,54.6620207],[20.0740429,54.6622505],[20.0736036,54.6625945],[20.0733127,54.6629233],[20.0722353,54.6634432],[20.0716999,54.6637261],[20.0709398,54.6640014],[20.06897,54.6653929],[20.0684743,54.6657484],[20.0678265,54.6665053],[20.0675753,54.666555],[20.0666566,54.6675566],[20.0663988,54.6676063],[20.0664781,54.6679044],[20.0659956,54.6683402],[20.0653875,54.668581],[20.0645348,54.6690894],[20.0640787,54.6695481],[20.0639729,54.670133],[20.0631996,54.6711573],[20.0620434,54.6726887],[20.06179,54.67344],[20.0615967,54.6737061],[20.061529,54.6742109],[20.0610024,54.6761661],[20.0609133,54.6763285],[20.06083,54.67651],[20.06082,54.67702],[20.06082,54.67728],[20.0603876,54.6779001],[20.0601497,54.6790542],[20.0598588,54.6804223],[20.0602158,54.6818132],[20.0597134,54.6826157],[20.0599117,54.6835634],[20.0600836,54.6843123],[20.0595019,54.6850383],[20.059449,54.6855885],[20.0599381,54.6864291],[20.060533,54.6878275],[20.0603612,54.688095],[20.0606917,54.6885917],[20.0607578,54.6896156],[20.0608371,54.6901123],[20.0598851,54.6901782],[20.0592275,54.6898033],[20.0588164,54.6898667],[20.0593371,54.6900779],[20.0611731,54.6921686],[20.0620967,54.6933195],[20.0626752,54.6942959],[20.0622748,54.6959906],[20.0618356,54.6969014],[20.0609959,54.6971403],[20.0602337,54.6973867],[20.0612543,54.697842],[20.061616,54.6980287],[20.061448,54.6984094],[20.0614222,54.6989245],[20.0611251,54.7002458],[20.0611768,54.7006339],[20.0604811,54.7006797],[20.0601111,54.7009353],[20.0605966,54.7012627],[20.0600823,54.7013674],[20.0604146,54.7015297],[20.06025,54.70186],[20.0601067,54.7021243],[20.0599115,54.7025786],[20.0598396,54.7027472],[20.0597291,54.7028767],[20.0596641,54.7029528],[20.0595307,54.7033797],[20.0593626,54.7038298],[20.0593,54.70467],[20.05883,54.70595],[20.0586,54.70646],[20.05771,54.70645],[20.05791,54.70748],[20.0578953,54.7081059],[20.05788,54.70876],[20.05787,54.70927],[20.05786,54.70953],[20.05764,54.70966],[20.05741,54.70978],[20.05719,54.70991],[20.0570217,54.7100052],[20.05696,54.71004],[20.05696,54.71029],[20.05695,54.71055],[20.05649,54.71157],[20.05626,54.71169],[20.05537,54.71182],[20.05558,54.71233],[20.05558,54.71259],[20.05534,54.71335],[20.05445,54.71335],[20.05422,54.71386],[20.05376,54.71462],[20.05354,54.71475],[20.05331,54.71487],[20.05286,54.71538],[20.05285,54.71589],[20.05284,54.71614],[20.05262,54.71628],[20.05239,54.7164],[20.05194,54.71691],[20.05171,54.71704],[20.05149,54.71716],[20.05127,54.71729],[20.05037,54.71754],[20.04949,54.71766],[20.0490673,54.7177637],[20.0487012,54.7182156],[20.0487361,54.7188315],[20.0476827,54.7192701],[20.0480667,54.7198467],[20.0485005,54.7202507],[20.0479117,54.7200146],[20.0476146,54.7200109],[20.0471301,54.7202571],[20.0474531,54.7208465],[20.04696,54.72123],[20.04675,54.72135],[20.04652,54.72148],[20.0463,54.72161],[20.04607,54.72173],[20.04607,54.72199],[20.04628,54.72225],[20.04555,54.72215],[20.0454,54.72198],[20.04496,54.72198],[20.04496,54.72224],[20.04524,54.72232],[20.04517,54.72249],[20.04494,54.723],[20.04405,54.72312],[20.04382,54.72325],[20.0434307,54.7237571],[20.0421917,54.7239854],[20.04092,54.72425],[20.0407,54.72374],[20.0405,54.72361],[20.04006,54.72348],[20.0396846,54.723882],[20.0397796,54.7242766],[20.0393169,54.7242254],[20.03871,54.72424],[20.0385634,54.7246186],[20.03737,54.72486],[20.03604,54.72485],[20.03516,54.72485],[20.03472,54.72484],[20.03427,54.72484],[20.0325,54.72508],[20.03028,54.72533],[20.02939,54.72557],[20.0285,54.72582],[20.02761,54.72581],[20.02672,54.7258],[20.02451,54.72591],[20.0242264,54.7262441],[20.02362,54.72629],[20.02317,54.72629],[20.02184,54.72653],[20.0214,54.72653],[20.02052,54.72627],[20.02008,54.72626],[20.01919,54.72626],[20.01831,54.72625],[20.01653,54.72648],[20.01565,54.72648],[20.0152,54.72648],[20.01498,54.72661],[20.0148102,54.7266666],[20.014738,54.7266685],[20.0140463,54.7266846],[20.01255,54.72646],[20.01167,54.72619],[20.01035,54.72606],[20.01033,54.72657],[20.00945,54.72669],[20.009,54.72668],[20.00878,54.72656],[20.008431,54.7264099],[20.0080768,54.7262134],[20.0079771,54.7261581],[20.0075197,54.7260009],[20.0068307,54.7252653],[20.0071549,54.7247805],[20.006718,54.7252813],[20.0074948,54.7260756],[20.0067826,54.7263669],[20.0064949,54.7259742],[20.0063733,54.725496],[20.0063449,54.7251608],[20.0063941,54.7244585],[20.0065063,54.7238337],[20.0063122,54.7244633],[20.0062564,54.7250436],[20.0056679,54.7253198],[20.0051541,54.7255368],[20.0047778,54.7257036],[20.0045326,54.725821],[20.0044163,54.7258767],[20.0042658,54.72601],[20.0040805,54.7261099],[20.0022004,54.7265004],[20.0020688,54.726393],[20.0018662,54.7263123],[20.001542,54.726309],[20.0013495,54.7264464],[20.0010632,54.7264595],[20.0009268,54.7266604],[20.0005968,54.7263694],[20.0003015,54.7264096],[20.0003188,54.72655],[19.9996703,54.7266971],[19.9993494,54.7265402],[19.9989706,54.7266869],[19.9987646,54.7267141],[19.9985446,54.7265971],[19.998284,54.7266706],[19.9979713,54.7264499],[19.9975984,54.7265035],[19.9970724,54.7266012],[19.9973787,54.7267385],[19.9969529,54.7268378],[19.996871,54.7266487],[19.9963669,54.7267354],[19.9962732,54.7268946],[19.9959702,54.7270317],[19.9957655,54.726975],[19.9955936,54.7267764],[19.9949958,54.7265352],[19.9944717,54.7265163],[19.9940459,54.7265399],[19.9940743,54.7267491],[19.9939162,54.726898],[19.9936634,54.7269891],[19.9931561,54.7269541],[19.9931508,54.7266564],[19.9930554,54.7264838],[19.9921812,54.7262305],[19.99087,54.72628],[19.99043,54.72628],[19.98866,54.72626],[19.98733,54.72625],[19.9871,54.72638],[19.98688,54.7265],[19.98644,54.7265],[19.98622,54.72637],[19.986,54.72624],[19.98578,54.72611],[19.98557,54.72598],[19.98512,54.72598],[19.98424,54.72597],[19.98402,54.72584],[19.9838,54.72571],[19.98336,54.7257],[19.98292,54.7257],[19.9827,54.72557],[19.98248,54.72544],[19.98216,54.7252346],[19.9816,54.72531],[19.9812272,54.7257268],[19.98071,54.72568],[19.9792594,54.7254927],[19.9789417,54.7251513],[19.9784379,54.7249722],[19.9777403,54.7249946],[19.97718,54.72514],[19.9763,54.72488],[19.97542,54.72461],[19.9750089,54.7244767],[19.9749548,54.7243247],[19.9751574,54.7239903],[19.9751374,54.7235135],[19.9746711,54.7232345],[19.9741371,54.7230835],[19.9737331,54.7232646],[19.97368,54.72358],[19.97324,54.72358],[19.9728071,54.7234495],[19.9723119,54.7231627],[19.9722788,54.7228112],[19.972886,54.7226179],[19.9730456,54.722393],[19.9725202,54.7221428],[19.9721884,54.7219399],[19.9722709,54.7216919],[19.9718493,54.7215137],[19.9713784,54.7213892],[19.9710714,54.7210349],[19.97065,54.72099],[19.9705856,54.7207701],[19.9699099,54.7201981],[19.9695507,54.7203093],[19.9692439,54.7200947],[19.9687,54.71931],[19.96827,54.71879],[19.96806,54.71828],[19.96717,54.71827],[19.96719,54.7175],[19.96631,54.71749],[19.96611,54.71672],[19.96569,54.71569],[19.96526,54.71518],[19.96505,54.71505],[19.96483,54.71492],[19.9644,54.71389],[19.96398,54.71337],[19.96376,54.71323],[19.96355,54.71311],[19.96312,54.7126],[19.9629002,54.7122154],[19.9626427,54.7119179],[19.9623852,54.71167],[19.9622565,54.7114717],[19.9619561,54.7112981],[19.961484,54.7110998],[19.9612265,54.7108271],[19.9610549,54.7105048],[19.9605399,54.7101081],[19.9604061,54.7099664],[19.9602824,54.7098354],[19.9596816,54.7093643],[19.9586516,54.7084717],[19.957965,54.7080502],[19.9573212,54.7078271],[19.9567204,54.7076039],[19.9563771,54.7074056],[19.9561196,54.7075295],[19.9557763,54.7075543],[19.95539,54.7074552],[19.9547892,54.7071328],[19.954918,54.7070089],[19.9550038,54.7068353],[19.954875,54.7066617],[19.9544888,54.7065626],[19.9542313,54.7065626],[19.9539309,54.7066617],[19.9535876,54.7066865],[19.9532013,54.7066121],[19.9517422,54.7060666],[19.9504119,54.7054716],[19.949339,54.7048517],[19.9482232,54.7041574],[19.9473219,54.7035623],[19.946764,54.7030663],[19.9465066,54.702496],[19.9459916,54.7015785],[19.9456482,54.7011073],[19.9452191,54.6999914],[19.9451333,54.699669],[19.9450045,54.6992722],[19.9449616,54.6988506],[19.9450474,54.6982058],[19.9453908,54.6977346],[19.9459057,54.6971642],[19.9464636,54.6958497],[19.9466353,54.6942128],[19.9464636,54.6937663],[19.9464636,54.6930719],[19.9470215,54.6923278],[19.9472361,54.6915836],[19.9480944,54.6907403],[19.9482661,54.6903186],[19.9481373,54.6898473],[19.9477082,54.6890287],[19.9473219,54.6884334],[19.9471932,54.6879373],[19.9470215,54.6874908],[19.9466353,54.686821],[19.9465924,54.686176],[19.9465066,54.685655],[19.946292,54.6851093],[19.94615,54.68428],[19.94573,54.68376],[19.94551,54.68363],[19.94529,54.6835],[19.94486,54.68298],[19.94445,54.68196],[19.94403,54.68118],[19.94404,54.68042],[19.9445,54.67991],[19.94451,54.67965],[19.94409,54.67862],[19.94411,54.67786],[19.94412,54.67734],[19.9437,54.67657],[19.94329,54.67554],[19.94288,54.67426],[19.94288,54.674],[19.94289,54.67375],[19.9423438,54.672753],[19.9422579,54.6724055],[19.94205,54.67195],[19.94206,54.67169],[19.9421,54.67015],[19.9415152,54.6696049],[19.9419079,54.6691694],[19.9418901,54.6686716],[19.94192,54.66849],[19.94171,54.66836],[19.94128,54.66758],[19.94089,54.66579],[19.94047,54.66502],[19.94025,54.6649],[19.9393516,54.6647219],[19.9392625,54.6646479],[19.9393079,54.6645303],[19.9396933,54.6644979],[19.939983,54.664405],[19.940065,54.6642432],[19.939487,54.6634343],[19.94008,54.66272],[19.9401,54.66245],[19.94058,54.66066],[19.94083,54.65977],[19.94061,54.65964],[19.94019,54.65861],[19.94021,54.65784],[19.94068,54.65708],[19.94069,54.65657],[19.94069,54.65631],[19.94071,54.6558],[19.94071,54.65554],[19.94072,54.65529],[19.94073,54.65503],[19.94117,54.65478],[19.9417929,54.6531749],[19.94255,54.65274],[19.94256,54.65248],[19.9423233,54.6520759],[19.9428734,54.6513941],[19.94303,54.6512],[19.94304,54.65095],[19.94305,54.65069],[19.9431846,54.6505375],[19.9435,54.65018],[19.94374,54.64968],[19.94441,54.64943],[19.94441,54.64916],[19.94486,54.64892],[19.94487,54.64866],[19.94465,54.6484],[19.9451,54.64828],[19.94555,54.64803],[19.946,54.64777],[19.94689,54.64753],[19.9482194,54.6472301],[19.9501806,54.6472515],[19.9512908,54.647537],[19.9519445,54.6479581],[19.95306,54.64809],[19.95348,54.64822],[19.95372,54.64797],[19.95395,54.64746],[19.95618,54.64683],[19.95885,54.64596],[19.9602,54.64521],[19.9613,54.64496],[19.96175,54.64471],[19.9622,54.64446],[19.96267,54.64369],[19.96312,54.64293],[19.96315,54.6419],[19.9631523,54.6417839],[19.963159,54.6414393],[19.96316,54.64139],[19.9634152,54.6408524],[19.9640125,54.6394903],[19.9608657,54.6396979],[19.9586315,54.6398661],[19.9550467,54.6401818],[19.9544459,54.6402191],[19.9530726,54.6385675],[19.9528478,54.6382031],[19.9522549,54.6380246],[19.9522572,54.6377851],[19.9522358,54.6376361],[19.9521499,54.6374126],[19.9520426,54.6374374],[19.9521285,54.6376237],[19.9521499,54.6377727],[19.9521285,54.6379217],[19.9519353,54.6388407],[19.9494892,54.6387165],[19.9495112,54.6386033],[19.9496823,54.637723],[19.9499398,54.6376858],[19.9509054,54.6375616],[19.9511629,54.6375119],[19.9515062,54.6373629],[19.9516049,54.6373146],[19.951727,54.6370908],[19.9518094,54.6370382],[19.951816,54.6370021],[19.9517745,54.6369717],[19.9517356,54.6369803],[19.9516881,54.6370043],[19.9515597,54.637283],[19.9514742,54.6373306],[19.9511226,54.6373195],[19.9506942,54.6372585],[19.9503994,54.6372947],[19.9500555,54.6372721],[19.9494146,54.6373028],[19.9486314,54.6372888],[19.9475209,54.6372399],[19.9474936,54.6372387],[19.9470953,54.6370549],[19.9467254,54.6370415],[19.9464827,54.6370068],[19.9458851,54.6369645],[19.9460562,54.636163],[19.9461696,54.635598],[19.9453207,54.6354659],[19.9449321,54.635366],[19.9434273,54.635341],[19.9406088,54.635109],[19.9398317,54.6350269],[19.9384378,54.6349876],[19.9367603,54.6347877],[19.9354158,54.6346521],[19.9335347,54.6345557],[19.9325726,54.6345771],[19.931518,54.6343915],[19.9287056,54.6341773],[19.926584,54.6340524],[19.9256986,54.6339368],[19.9252078,54.634204],[19.9242464,54.6344103],[19.9241115,54.6343761],[19.9234966,54.6341842],[19.9229513,54.6340518],[19.922897,54.6341165],[19.922948,54.6341817],[19.9230434,54.6342195],[19.9231207,54.6342563],[19.9229455,54.6344672],[19.9195823,54.6336095],[19.9192328,54.6335921],[19.9189279,54.6337691],[19.9198507,54.6346436],[19.9205533,54.6352555],[19.920377,54.6355543],[19.9206918,54.6356289],[19.9233281,54.6362538],[19.9229827,54.6366936],[19.9226579,54.6371475],[19.9221685,54.6372332],[19.9214576,54.6370464],[19.9213181,54.636905],[19.9210521,54.6368748],[19.9208514,54.6368798],[19.9201232,54.6367082],[19.9200926,54.6365996],[19.9198135,54.6364457],[19.919469,54.6364558],[19.9186184,54.6361447],[19.9185924,54.6361352],[19.9174043,54.6358073],[19.9146413,54.6350448],[19.9136209,54.6349489],[19.9135259,54.6349533],[19.9129435,54.63498],[19.9127238,54.63499],[19.9126309,54.6349943],[19.912221,54.634911],[19.912221,54.6347419],[19.9113051,54.6347344],[19.9110871,54.6344163],[19.9108254,54.6344794],[19.910712,54.6346157],[19.9091394,54.6350185],[19.9090654,54.635005],[19.9089112,54.6348105],[19.9087755,54.6348051],[19.9087077,54.6348497],[19.9088495,54.6350942],[19.9091271,54.6352113],[19.9154919,54.6371174],[19.9231188,54.6393489],[19.922058,54.6406195],[19.9157697,54.6389679],[19.9150172,54.6397603],[19.920975,54.6417983],[19.9198957,54.6430117],[19.9153461,54.6416438],[19.9126669,54.6408383],[19.9123747,54.641174],[19.9125099,54.6412144],[19.9120428,54.64178],[19.9120135,54.6418156],[19.9114236,54.64253],[19.9113717,54.6425928],[19.9103736,54.642346],[19.9102937,54.6423297],[19.9098651,54.6422303],[19.9095816,54.6407583],[19.9095733,54.6407152],[19.9093825,54.6397245],[19.9083957,54.6382361],[19.9081983,54.6374615],[19.9074736,54.6363247],[19.9075415,54.6362158],[19.9074644,54.6361248],[19.9072084,54.6362461],[19.9058146,54.6364068],[19.905581,54.6363256],[19.9053958,54.6362773],[19.9053463,54.6362839],[19.9049001,54.6363432],[19.9038208,54.6361255],[19.9035462,54.6357173],[19.9033115,54.635352],[19.9030395,54.6350608],[19.9025739,54.6347123],[19.9023398,54.6348065],[19.9028834,54.6352749],[19.9032225,54.6357243],[19.9030067,54.6358435],[19.9021168,54.6360324],[19.9020737,54.6360416],[19.9011384,54.6354275],[19.9007516,54.6355934],[19.900918,54.6356954],[19.9020823,54.6364345],[19.9023548,54.6366777],[19.9024029,54.6367743],[19.9029379,54.6378401],[19.9027271,54.6378684],[19.9027531,54.6379097],[19.9030489,54.6384404],[19.9027395,54.6399941],[19.9026077,54.6406672],[19.9025598,54.6408877],[19.9025002,54.6411848],[19.9023567,54.6413442],[19.9022754,54.6414303],[19.9021037,54.6414451],[19.9020042,54.6415764],[19.9019208,54.6416971],[19.9024098,54.6418319],[19.9026426,54.6420178],[19.9031951,54.6422952],[19.9033024,54.6423678],[19.903337,54.6424738],[19.9033915,54.6438347],[19.9033611,54.6439842],[19.9034105,54.6443078],[19.9054648,54.6442541],[19.9068343,54.6443581],[19.9074303,54.6445494],[19.9082602,54.6447202],[19.9096912,54.6448027],[19.9106771,54.6448304],[19.9107168,54.6460484],[19.9115837,54.6461465],[19.9118342,54.6461171],[19.9124341,54.6459638],[19.912996,54.6457228],[19.9134395,54.6455659],[19.9139561,54.6454266],[19.9141979,54.6453486],[19.9149047,54.6453576],[19.91573,54.645368],[19.9168854,54.6453827],[19.9168854,54.645575],[19.9167317,54.6459123],[19.9148842,54.64588],[19.914838,54.6467274],[19.9110827,54.6466895],[19.9110754,54.6472092],[19.9110677,54.6477531],[19.9135364,54.6477925],[19.9135249,54.6480563],[19.9092412,54.6491712],[19.9087513,54.6491826],[19.9083206,54.6491927],[19.9079678,54.6490922],[19.9077926,54.6490431],[19.9073697,54.6488699],[19.9010658,54.6454767],[19.899715,54.6446254],[19.8993378,54.6443433],[19.8987523,54.6437822],[19.898523,54.6435055],[19.896828,54.6411895],[19.8966702,54.6410152],[19.8964238,54.640795],[19.8926369,54.6418301],[19.8925061,54.6416619],[19.8916646,54.6418864],[19.8914495,54.6419138],[19.8912945,54.6418937],[19.8911639,54.6419235],[19.8911066,54.6418549],[19.8911991,54.6418322],[19.8911385,54.641751],[19.8957471,54.6405042],[19.8957714,54.640468],[19.8952631,54.6390187],[19.8951799,54.6390251],[19.8950904,54.6387623],[19.8950345,54.6387654],[19.8950087,54.6386527],[19.8951274,54.638635],[19.89501,54.638231],[19.8949847,54.638192],[19.8949363,54.6381569],[19.8948815,54.6381274],[19.8948221,54.6381059],[19.8947514,54.6380929],[19.8946844,54.6380872],[19.8945621,54.6380942],[19.8940388,54.6381633],[19.8922916,54.6384067],[19.8913452,54.6385385],[19.8912632,54.6388148],[19.8911188,54.6388863],[19.8911913,54.6389435],[19.8904616,54.6392604],[19.8897677,54.6388187],[19.8898802,54.6387411],[19.8898494,54.6387253],[19.8898058,54.638703],[19.8897772,54.6387111],[19.8896792,54.6387624],[19.8895552,54.6386835],[19.8896524,54.6385842],[19.8895586,54.6385375],[19.8894178,54.6386468],[19.8892975,54.6387218],[19.8889234,54.639486],[19.8887741,54.6394414],[19.8886607,54.6395732],[19.8888225,54.6396144],[19.8885235,54.6398139],[19.8874778,54.6401707],[19.8855103,54.6408094],[19.8847706,54.6410846],[19.8843212,54.6413381],[19.8830973,54.6420529],[19.8823777,54.6426478],[19.8815543,54.6434026],[19.8811966,54.6436239],[19.87716,54.6456224],[19.8748966,54.646734],[19.8714089,54.6484255],[19.8707582,54.6486592],[19.8698948,54.6488537],[19.8686454,54.6491545],[19.8686985,54.6492957],[19.8690987,54.6493532],[19.8694237,54.6492447],[19.8714102,54.6486848],[19.8721996,54.6483137],[19.8746556,54.6471134],[19.8750981,54.6472671],[19.8756157,54.6473555],[19.8761093,54.6475107],[19.8766479,54.6476329],[19.8771313,54.647927],[19.8774302,54.6479836],[19.8779279,54.6481917],[19.8786899,54.6487058],[19.8800778,54.6495828],[19.8808434,54.6501506],[19.8811143,54.6505804],[19.8814254,54.6509093],[19.881876,54.6513687],[19.8822515,54.6517535],[19.8833395,54.6529129],[19.8838357,54.6535985],[19.8844617,54.6540982],[19.8848158,54.6545467],[19.8854755,54.6550012],[19.8860469,54.6555428],[19.8866772,54.6562534],[19.8871117,54.65657],[19.8875301,54.6570448],[19.8875918,54.6572123],[19.8877983,54.6572992],[19.8888507,54.6582411],[19.8889222,54.6583946],[19.8901587,54.6594],[19.8909741,54.6600702],[19.8917466,54.6610879],[19.8919612,54.6613113],[19.892562,54.6616092],[19.8929911,54.6619567],[19.8934203,54.6624532],[19.8937636,54.6628751],[19.8941928,54.6632226],[19.8947507,54.6638432],[19.8949652,54.6640914],[19.8953515,54.6644389],[19.8958235,54.6645878],[19.8961239,54.664836],[19.8962956,54.6650842],[19.8966389,54.6656551],[19.897111,54.6662259],[19.8975401,54.6664989],[19.8978835,54.666772],[19.898098,54.6670946],[19.8983985,54.6675165],[19.8995143,54.6685837],[19.8998147,54.6690553],[19.9002867,54.6694772],[19.9008446,54.6698494],[19.9013596,54.6703458],[19.9022179,54.6713633],[19.9026042,54.6720085],[19.9038058,54.6730507],[19.9050932,54.6744404],[19.9055224,54.6749615],[19.9059516,54.6752096],[19.9090844,54.6787083],[19.9121743,54.6820826],[19.9134617,54.6836704],[19.914835,54.6853325],[19.9159937,54.6865481],[19.9165087,54.6873171],[19.9169379,54.6877884],[19.9175816,54.6883094],[19.9179249,54.6888055],[19.918397,54.689376],[19.9192982,54.6905915],[19.9199849,54.6911124],[19.9203711,54.6917325],[19.9207071,54.692168],[19.92173,54.693494],[19.9233752,54.6956265],[19.925006,54.6977594],[19.9278384,54.7016033],[19.9286538,54.7027687],[19.9302846,54.7050004],[19.9314862,54.7065873],[19.933589,54.7097858],[19.9342243,54.7107259],[19.9360352,54.7134054],[19.93653,54.71416],[19.93695,54.71493],[19.93738,54.71545],[19.9378,54.71622],[19.93823,54.71699],[19.93866,54.71751],[19.93908,54.71803],[19.9395,54.71905],[19.93992,54.71983],[19.94035,54.7206],[19.94078,54.72086],[19.9412,54.72189],[19.94161,54.72291],[19.94203,54.72394],[19.94246,54.72446],[19.94289,54.72497],[19.94331,54.72575],[19.94374,54.72652],[19.94415,54.72729],[19.94458,54.72781],[19.945,54.72883],[19.94542,54.72961],[19.94584,54.73063],[19.946031,54.7311097],[19.94625,54.73166],[19.9467465,54.7323347],[19.9471193,54.7332698],[19.9475243,54.73402],[19.9479626,54.7346605],[19.94837,54.73552],[19.9488,54.73604],[19.9490945,54.7368883],[19.9496111,54.7379264],[19.9499609,54.7386464],[19.9503433,54.739495],[19.9509,54.74041],[19.95131,54.74144],[19.95173,54.74247],[19.95193,54.74324],[19.95235,54.74427],[19.9529193,54.7453962],[19.9534,54.74632],[19.95382,54.74735],[19.95424,54.74813],[19.9544965,54.7494241],[19.9550495,54.7510189],[19.95588,54.75326],[19.9562683,54.7545221],[19.9567173,54.7558038],[19.9568476,54.7562596],[19.9573343,54.7571899],[19.957552,54.7575974],[19.9578159,54.7581689],[19.9578788,54.7587142],[19.9579884,54.7589604],[19.9583757,54.75995],[19.9586219,54.7604843],[19.9587573,54.7607443],[19.9587946,54.7611278],[19.9590018,54.7617318],[19.9592702,54.7631339],[19.9596111,54.7639634],[19.959912,54.7648831],[19.9598348,54.7649843],[19.9598757,54.7653669],[19.959959,54.7654391],[19.9600407,54.7655102],[19.9601823,54.7658418],[19.9603728,54.7668269],[19.9605818,54.7679237],[19.960805,54.7686378],[19.9609495,54.7691106],[19.9611371,54.7696655],[19.9611865,54.7701124],[19.9613432,54.7707011],[19.9615478,54.7713104],[19.9616741,54.7719768],[19.9618391,54.7726841],[19.9621519,54.7738676],[19.96235,54.7743432],[19.9624371,54.7746765],[19.9624007,54.7754048],[19.9625121,54.7759269],[19.96262,54.77634],[19.9626292,54.7764253],[19.9628223,54.7773835],[19.9629232,54.7778491],[19.9631094,54.7782557],[19.96316,54.7785628],[19.9630102,54.7790504],[19.9629501,54.7792084],[19.9629764,54.7793523],[19.9630782,54.7795689],[19.9631092,54.7797747],[19.96313,54.7804274],[19.9633112,54.7810718],[19.9634554,54.781709],[19.9635478,54.7823357],[19.9635957,54.7827681],[19.963914,54.7835559],[19.964066,54.7840915],[19.9641792,54.7844842],[19.9642147,54.7847526],[19.9643774,54.7853101],[19.964386,54.7858819],[19.9643397,54.7862019],[19.9644059,54.7866029],[19.9645337,54.7870039],[19.9645398,54.7873871],[19.9645403,54.7878147],[19.9645406,54.7880719],[19.9643691,54.7885049],[19.9642842,54.7892832],[19.9640859,54.7925968],[19.9633364,54.7942238],[19.9630702,54.7950223],[19.9628647,54.7961923],[19.9626923,54.7969791],[19.9621339,54.7988649],[19.9618538,54.7998773],[19.9615306,54.8013456],[19.9613589,54.801868],[19.9613457,54.8026677],[19.9611503,54.8033],[19.9611598,54.8043969],[19.9608295,54.8049237],[19.9605743,54.8056448],[19.960314,54.8064338],[19.9600875,54.808008],[19.9599153,54.8087634],[19.9595222,54.8097383],[19.9592712,54.8106164],[19.9585615,54.8118466],[19.9582249,54.8123045],[19.9580148,54.8128884],[19.9577736,54.813249],[19.9573698,54.8137633],[19.956239,54.8149206],[19.9560377,54.8154441],[19.95581,54.81614],[19.9556195,54.8162978],[19.95558,54.81653],[19.95535,54.8169],[19.9552672,54.8171997],[19.9551243,54.8176324],[19.9549262,54.8182523],[19.9547188,54.8185746],[19.9543855,54.8190374],[19.9541669,54.8194414],[19.954035,54.8196612],[19.9538579,54.8197505],[19.9533879,54.8201503],[19.953123,54.8206922],[19.9529229,54.8211149],[19.9527318,54.822087],[19.9522917,54.8234344],[19.9519081,54.824013],[19.9517337,54.824566],[19.9514794,54.8248902],[19.9513033,54.8252753],[19.9510851,54.8258378],[19.9508554,54.8265713],[19.9506862,54.8269833],[19.950416,54.8273083],[19.9501626,54.8276661],[19.9499377,54.8279818],[19.9498059,54.8290656],[19.9496528,54.8297578],[19.9495357,54.8303075],[19.94937,54.830913],[19.94897,54.8313836],[19.9484564,54.8324821],[19.9481044,54.8326371],[19.9478824,54.8330768],[19.9474225,54.8339289],[19.9473375,54.8344913],[19.9470281,54.8353593],[19.9465625,54.8354031],[19.9462112,54.8356075],[19.9458469,54.836594],[19.9452463,54.8378865],[19.9449164,54.8387386],[19.9446604,54.8392882],[19.9441152,54.8399726],[19.9436192,54.8407752],[19.9432793,54.8412355],[19.9430895,54.841738],[19.9426501,54.8422827],[19.9423871,54.8426256],[19.942256,54.8428511],[19.9421559,54.8431107],[19.9418067,54.8439535],[19.9415602,54.8445583],[19.9407691,54.8457829],[19.9404522,54.8465205],[19.9400386,54.847739],[19.9399475,54.8483668],[19.9395536,54.8489042],[19.939127,54.8495575],[19.9387193,54.8501752],[19.9384297,54.8506261],[19.9383372,54.8508908],[19.9382916,54.8509538],[19.9381457,54.8511113],[19.9379907,54.8514211],[19.937861,54.851954],[19.9377538,54.8523864],[19.9375777,54.8530648],[19.9374489,54.853423],[19.9373846,54.8538553],[19.9371914,54.8541518],[19.9370412,54.8544359],[19.936934,54.8546706],[19.9368052,54.8549423],[19.936419,54.8555723],[19.9358177,54.856076],[19.9357539,54.856123],[19.9354112,54.8563334],[19.935312,54.85644],[19.9351349,54.856636],[19.9343491,54.8576118],[19.9339494,54.8581985],[19.9338207,54.8585304],[19.9337617,54.8588624],[19.9337764,54.8594521],[19.9336517,54.8600032],[19.9333593,54.8609465],[19.9331313,54.8616057],[19.9329007,54.8621614],[19.932837,54.8625933],[19.9327505,54.8628144],[19.9326459,54.8631294],[19.9325949,54.8635461],[19.9324737,54.8636498],[19.9324402,54.864043],[19.9324335,54.8643417],[19.932317,54.8647467],[19.9323427,54.8650775],[19.9323028,54.8653379],[19.9323014,54.8656248],[19.9322872,54.8659936],[19.9323473,54.8662351],[19.9323526,54.8666045],[19.9323205,54.8668633],[19.9322602,54.8671409],[19.9322225,54.8673678],[19.9321981,54.8675921],[19.9321958,54.8679352],[19.9322215,54.8681972],[19.9321035,54.8685368],[19.9319694,54.8690677],[19.931964,54.8691973],[19.9318942,54.8693795],[19.9319425,54.8698611],[19.9318653,54.8701479],[19.931758,54.8703007],[19.9317151,54.8704859],[19.9317366,54.8707113],[19.9316528,54.8709199],[19.9316851,54.8717996],[19.9315027,54.8722256],[19.9315027,54.8724879],[19.9313525,54.8727657],[19.9312654,54.8733692],[19.93126,54.8738415],[19.9311924,54.8744325],[19.931224,54.8748867],[19.9312886,54.8753628],[19.9310291,54.8756311],[19.9311365,54.875956],[19.931066,54.8761036],[19.9309319,54.876261],[19.9309129,54.8768216],[19.9307862,54.8770061],[19.9309345,54.8773401],[19.9309915,54.8776508],[19.9307685,54.8781054],[19.9306564,54.8787624],[19.9307503,54.8790831],[19.9306474,54.8793614],[19.9306315,54.8794568],[19.9305886,54.8795232],[19.9305564,54.8795941],[19.9306101,54.8796991],[19.9306665,54.8798312],[19.9306307,54.8804871],[19.9306139,54.8807953],[19.9305399,54.8813908],[19.9306181,54.8817189],[19.9307013,54.8818284],[19.9307148,54.8818752],[19.9307442,54.8819766],[19.9307495,54.8820691],[19.9306928,54.8821588],[19.9306771,54.8822234],[19.9307603,54.8824163],[19.9307481,54.8825312],[19.9306932,54.8826914],[19.9306637,54.8827774],[19.9306932,54.8829178],[19.9308568,54.8831106],[19.9308582,54.8832862],[19.9309144,54.8835124],[19.9309064,54.8839929],[19.9309051,54.8840701],[19.9307823,54.8845487],[19.9309008,54.8847467],[19.9309791,54.8849331],[19.9309194,54.8851205],[19.9309432,54.8851845],[19.9310509,54.885474],[19.9311599,54.8856703],[19.9312252,54.8858905],[19.9312011,54.8860557],[19.9310992,54.8862115],[19.9311421,54.8865385],[19.9310965,54.8867838],[19.9309838,54.8869644],[19.9309785,54.8872822],[19.9310267,54.8874982],[19.9311126,54.8877512],[19.9311769,54.8879456],[19.9311419,54.8881842],[19.9312563,54.8885036],[19.9313633,54.888796],[19.9313313,54.8889508],[19.9312719,54.8890175],[19.9312466,54.889194],[19.931253,54.8894797],[19.9312546,54.8895538],[19.9313274,54.8897493],[19.9313639,54.8898475],[19.931461,54.8901871],[19.931636,54.890442],[19.9316756,54.8905287],[19.9317409,54.8906716],[19.9317925,54.8908503],[19.9317852,54.891094],[19.9316966,54.8913843],[19.9317381,54.8916423],[19.9318211,54.8918932],[19.9318155,54.8921963],[19.9318918,54.8923851],[19.9320259,54.8925895],[19.9320483,54.8928236],[19.9320517,54.8930283],[19.9320186,54.8932337],[19.9319664,54.8934143],[19.9318862,54.8936546],[19.9318625,54.8938132],[19.9318923,54.8939464],[19.9318936,54.8941884],[19.9318297,54.8943597],[19.9318538,54.8945019],[19.9318482,54.8946986],[19.9318998,54.8948994],[19.9318869,54.8950816],[19.9319716,54.8952397],[19.9320008,54.8954421],[19.9319666,54.8956582],[19.9319525,54.895874],[19.9319554,54.896166],[19.9319577,54.8965489],[19.9319632,54.896921],[19.9318345,54.8975311],[19.9318216,54.8975978],[19.9317829,54.8976942],[19.9319505,54.8983765],[19.9318989,54.8984951],[19.9318216,54.898547],[19.9317055,54.8987102],[19.93177,54.8990365],[19.9317958,54.8991106],[19.9318917,54.8993706],[19.9318798,54.8997201],[19.9318927,54.8998016],[19.9317379,54.9000908],[19.9316863,54.900165],[19.9316605,54.9002391],[19.9316863,54.9003059],[19.9318798,54.900558],[19.9319185,54.9007434],[19.9315865,54.901299],[19.9315349,54.9013657],[19.931474,54.9015059],[19.9314362,54.901593],[19.9315507,54.9018213],[19.9318029,54.9020469],[19.9318589,54.9022805],[19.9319289,54.9025706],[19.9318869,54.9028606],[19.9318869,54.9029412],[19.931971,54.9031506],[19.932041,54.9035696],[19.9321799,54.9038955],[19.9322092,54.9039644],[19.9323213,54.9041336],[19.9323493,54.9043027],[19.9321894,54.904609],[19.9321023,54.9050841],[19.9324946,54.90535],[19.9323709,54.9056163],[19.9323412,54.9058498],[19.9326186,54.9061916],[19.9326979,54.9062429],[19.9327474,54.9065733],[19.9329357,54.906767],[19.9329852,54.906972],[19.9331438,54.9071771],[19.9331735,54.9072341],[19.9331537,54.9074107],[19.9331339,54.9074733],[19.9331834,54.9076613],[19.933223,54.9077183],[19.9332429,54.907929],[19.933332,54.9081398],[19.9335104,54.9084246],[19.9335996,54.9086581],[19.9336392,54.9087094],[19.9340851,54.9090626],[19.9341445,54.9091879],[19.9341049,54.9093815],[19.9342139,54.9096948],[19.9347093,54.9103954],[19.9349075,54.9105492],[19.9349273,54.9107315],[19.9348678,54.9109024],[19.9349471,54.9111815],[19.9351255,54.911341],[19.935175,54.9114947],[19.9353434,54.9116713],[19.9356704,54.9121441],[19.9356902,54.9122978],[19.9357596,54.9124915],[19.9361163,54.9130724],[19.936255,54.9132661],[19.9363244,54.913306],[19.9364829,54.9134882],[19.9365523,54.9137445],[19.936582,54.9139552],[19.9371666,54.9147241],[19.9374143,54.9151228],[19.937989,54.9158233],[19.9380485,54.9159315],[19.9383556,54.9162789],[19.9384745,54.9164042],[19.938534,54.9164498],[19.9385439,54.9165864],[19.9385241,54.916706],[19.9385835,54.9168199],[19.9386132,54.9169168],[19.9386132,54.9171161],[19.9386628,54.9171673],[19.9388808,54.9172926],[19.9390049,54.9174279],[19.9391681,54.9176059],[19.9392672,54.9177995],[19.9391582,54.9179134],[19.9391384,54.917976],[19.939178,54.9180387],[19.9392573,54.9180728],[19.9394356,54.9181412],[19.9395942,54.9183234],[19.9396635,54.918443],[19.9398617,54.9185569],[19.9399509,54.9186936],[19.9400103,54.9188815],[19.939941,54.9189669],[19.939941,54.9190353],[19.9399806,54.9190922],[19.940159,54.9192516],[19.9402878,54.9194111],[19.9403472,54.9194624],[19.9403571,54.9195933],[19.9403373,54.9196787],[19.9404562,54.9197414],[19.9405454,54.9197585],[19.9407237,54.9198496],[19.9407832,54.9198951],[19.9409021,54.9200945],[19.9410309,54.9201856],[19.9410606,54.9203336],[19.9411102,54.9203849],[19.9411795,54.9204361],[19.9414966,54.9205956],[19.9417542,54.920886],[19.9418137,54.921034],[19.9419821,54.9211992],[19.9421803,54.9213586],[19.942319,54.921444],[19.942428,54.9215522],[19.9424478,54.9216149],[19.9424379,54.9217288],[19.9424775,54.9217857],[19.942537,54.9218313],[19.9426955,54.9218996],[19.9431711,54.9222526],[19.9432207,54.922395],[19.943234,54.9224787],[19.9434446,54.9226495],[19.9437319,54.9230652],[19.9437518,54.9232559],[19.9438211,54.9233812],[19.9442175,54.9237029],[19.9445742,54.9240332],[19.9445989,54.9240617],[19.9446336,54.9241157],[19.9446584,54.9242296],[19.944807,54.9243976],[19.9448516,54.9246738],[19.9451637,54.9249243],[19.9451934,54.9250386],[19.9452281,54.925172],[19.9452876,54.9252261],[19.9452975,54.9253029],[19.9452281,54.9255079],[19.9452033,54.9256787],[19.9452677,54.9261485],[19.9452479,54.926305],[19.9452826,54.926362],[19.945347,54.9264047],[19.9455056,54.9266808],[19.9458325,54.9273555],[19.9460059,54.9275946],[19.9460901,54.927643],[19.9464667,54.92807],[19.946759,54.9283547],[19.9471751,54.9287162],[19.9475863,54.9289781],[19.9480768,54.9292229],[19.9484335,54.9293368],[19.9484781,54.9293425],[19.9490577,54.9294991],[19.949464,54.9296414],[19.9498455,54.9298777],[19.9500288,54.9300228],[19.9501229,54.9301481],[19.9506728,54.9303929],[19.9508066,54.9304783],[19.9509701,54.9305978],[19.9511088,54.930743],[19.9513218,54.9309138],[19.9517479,54.9310931],[19.951847,54.931207],[19.9519758,54.9312867],[19.9522928,54.9315116],[19.9524613,54.9316482],[19.9528081,54.9318731],[19.953249,54.9321264],[19.9533976,54.9322573],[19.9534868,54.9324253],[19.9536305,54.9325818],[19.9541061,54.932949],[19.9542052,54.9331397],[19.9545321,54.9333162],[19.9546907,54.93343],[19.9549929,54.9336179],[19.9551613,54.933783],[19.9552753,54.9339282],[19.9554536,54.9340904],[19.955741,54.9343124],[19.9560135,54.9344889],[19.9561819,54.9346397],[19.9566575,54.9349471],[19.9569003,54.9351407],[19.9571876,54.9354253],[19.9576123,54.9357272],[19.9576589,54.9357512],[19.9576946,54.9357696],[19.9577317,54.9357937],[19.9577707,54.9358191],[19.957906,54.9359071],[19.9580953,54.9360637],[19.9582427,54.9362348],[19.9582594,54.9362476],[19.9582706,54.9362636],[19.9583067,54.9363451],[19.9583373,54.9363755],[19.9585126,54.9365244],[19.958674,54.9366555],[19.9587074,54.9366874],[19.9589022,54.9368249],[19.9589467,54.9368441],[19.9592305,54.9370231],[19.9593585,54.9371702],[19.9595088,54.9373556],[19.9600931,54.9379087],[19.9603602,54.9381324],[19.9606051,54.9383594],[19.9607553,54.938516],[19.9607664,54.938548],[19.9608499,54.9387079],[19.9611059,54.9390116],[19.9613341,54.9393248],[19.9619629,54.9400281],[19.9621577,54.9402039],[19.9623524,54.9404085],[19.9624471,54.9406259],[19.9626029,54.9408081],[19.9626251,54.9408401],[19.9626975,54.9409999],[19.9627809,54.9411693],[19.9629924,54.9414474],[19.9632206,54.9417127],[19.963432,54.9420036],[19.9634821,54.9421539],[19.9634376,54.942253],[19.9634042,54.9423968],[19.9634432,54.9424288],[19.963638,54.942531],[19.9637938,54.9426397],[19.963983,54.9428251],[19.9641165,54.9430713],[19.9641277,54.9431863],[19.9641555,54.9433589],[19.9642668,54.9435539],[19.9643948,54.9437201],[19.9645116,54.9438799],[19.964545,54.9440653],[19.964545,54.9441932],[19.9646229,54.9443818],[19.9647565,54.9446311],[19.9648455,54.9447366],[19.9649513,54.9448772],[19.965096,54.9451137],[19.9651294,54.9452895],[19.9651961,54.9454525],[19.9652017,54.9455996],[19.9652128,54.9456315],[19.9652574,54.9457242],[19.9653186,54.9459448],[19.9654132,54.9460534],[19.9654466,54.9461333],[19.9655245,54.946226],[19.9655467,54.946258],[19.9655467,54.9463251],[19.9656469,54.9464785],[19.9657805,54.9467246],[19.9657972,54.9467566],[19.9658138,54.9468269],[19.9658361,54.9468589],[19.9659307,54.9469739],[19.9659697,54.9470027],[19.9661255,54.9471625],[19.9661589,54.9471881],[19.9661644,54.9473159],[19.9661978,54.9474534],[19.9664371,54.9477314],[19.9664872,54.9479008],[19.9666263,54.9480542],[19.9668545,54.9482108],[19.9669213,54.9482684],[19.966938,54.9483003],[19.9669714,54.9483962],[19.9670548,54.9485208],[19.9676447,54.9489107],[19.9676725,54.9489395],[19.9676892,54.9489747],[19.9676948,54.9490098],[19.9678506,54.9490865],[19.967973,54.9491888],[19.9682179,54.949371],[19.9682736,54.9493838],[19.9683236,54.9494029],[19.9684461,54.9494924],[19.9688746,54.9498376],[19.9689413,54.9499239],[19.9689525,54.9499558],[19.9689692,54.9499878],[19.968997,54.9500165],[19.9691417,54.9500869],[19.9691918,54.9500964],[19.9692474,54.9501028],[19.9692975,54.9501188],[19.9695145,54.9502307],[19.9697149,54.9504001],[19.9698262,54.9504736],[19.9698596,54.9505055],[19.9698818,54.9505343],[19.9698985,54.9505662],[19.9700098,54.9507069],[19.9703103,54.9509178],[19.9704717,54.9510137],[19.9710059,54.9513972],[19.9712452,54.9516113],[19.971351,54.9516592],[19.9714011,54.9516784],[19.971607,54.951851],[19.9716849,54.9519596],[19.9717739,54.9521545],[19.9720188,54.9523559],[19.9722358,54.9524901],[19.9722803,54.9525093],[19.972553,54.9527585],[19.9726365,54.9529183],[19.9726309,54.9529567],[19.9725975,54.9529886],[19.9725697,54.9530525],[19.9726587,54.953126],[19.9729259,54.9532571],[19.9731985,54.9533625],[19.9733989,54.9534648],[19.9735992,54.9536182],[19.9737105,54.9537556],[19.9739109,54.9539345],[19.9739776,54.9540464],[19.9740945,54.9541806],[19.9741334,54.9542541],[19.9742447,54.9543691],[19.9744284,54.9544874],[19.9745397,54.9546088],[19.974612,54.954743],[19.9747066,54.9548868],[19.97474,54.9549124],[19.974779,54.9549923],[19.9748847,54.9550658],[19.974868,54.9551712],[19.974868,54.9552351],[19.9749348,54.9553533],[19.9750962,54.9555291],[19.9752576,54.9556985],[19.9753522,54.9559413],[19.9753522,54.9559765],[19.97538,54.9560723],[19.9754023,54.9561011],[19.9756193,54.9563407],[19.9758308,54.9566826],[19.9758475,54.9567146],[19.9759087,54.9568712],[19.9759532,54.9569319],[19.9761201,54.9570629],[19.9763093,54.9573089],[19.9763984,54.957376],[19.976493,54.9574911],[19.9766099,54.9577115],[19.9766822,54.9579128],[19.9767347,54.9580264],[19.9767357,54.9581939],[19.9766172,54.9582074],[19.9765339,54.9584013],[19.9765631,54.9588772],[19.9766823,54.9592585],[19.976797,54.9596229],[19.9769708,54.959936],[19.9772493,54.9602818],[19.9775008,54.9605517],[19.9777399,54.9607654],[19.9778517,54.9608404],[19.9779451,54.9608854],[19.9780971,54.9609423],[19.978337,54.9610136],[19.9791085,54.9611495],[19.9798431,54.9612134],[19.9806222,54.9612198],[19.9813735,54.9611815],[19.9818186,54.9611367],[19.9818687,54.9611304],[19.9822805,54.9611367],[19.9825254,54.9611176],[19.9825755,54.9611144],[19.982965,54.9610856],[19.9830708,54.9610792],[19.9835048,54.9610313],[19.983605,54.9610281],[19.9843284,54.9609898],[19.9848349,54.9609706],[19.9854192,54.960961],[19.9854693,54.9609578],[19.9870219,54.9609546],[19.9871443,54.9609546],[19.9882761,54.9609657],[19.988786,54.9610185],[19.9888472,54.9610249],[19.9893313,54.9610505],[19.9893814,54.9610473],[19.9895801,54.9610539],[19.9897162,54.9610601],[19.9898656,54.9610345],[19.9899157,54.9610313],[19.9901327,54.9610601],[19.9902829,54.9610537],[19.9905223,54.9610405],[19.9905723,54.9610377],[19.9906224,54.9610249],[19.9907949,54.9610057],[19.9914683,54.960961],[19.9915184,54.9609546],[19.9919413,54.9608875],[19.9924533,54.9607661],[19.9924978,54.9607501],[19.9930376,54.9605361],[19.9930821,54.9605169],[19.9934772,54.9603156],[19.9935217,54.9602996],[19.9937553,54.9602184],[19.9941248,54.96009],[19.9943259,54.9600601],[19.9946825,54.9599443],[19.9949338,54.9598299],[19.9952636,54.9596159],[19.9956253,54.9594274],[19.995898,54.9593123],[19.995987,54.9591909],[19.9959703,54.9590056],[19.9959759,54.9589737],[19.9960148,54.9588107],[19.9960482,54.9587883],[19.9962319,54.9584784],[19.9964823,54.9581812],[19.996755,54.9578649],[19.9969331,54.9576924],[19.996972,54.9576668],[19.997612,54.9571875],[19.9981351,54.9569606],[19.9985803,54.9567561],[19.9991256,54.9564238],[19.9998936,54.9560947],[20.0005637,54.9557872],[20.0010374,54.9555771],[20.0010876,54.9555523],[20.0015038,54.9553092],[20.0017048,54.9552144],[20.001755,54.9551897],[20.0019416,54.9550579],[20.0023865,54.9549054],[20.0024296,54.9548765],[20.002609,54.9547776],[20.002652,54.9547406],[20.0026807,54.9547076],[20.0027956,54.954584],[20.0029678,54.9544933],[20.0030037,54.9544603],[20.0031185,54.9542378],[20.0035204,54.9540689],[20.0038864,54.9539123],[20.0041088,54.9537474],[20.0041591,54.9537103],[20.0043815,54.9535702],[20.0044389,54.9535496],[20.0045896,54.9535084],[20.0048911,54.9533971],[20.0049556,54.9533848],[20.0057092,54.9532241],[20.0057737,54.9532117],[20.00656,54.95309],[20.0066277,54.9530963],[20.0084505,54.9527625],[20.0091192,54.9526998],[20.0095485,54.9526595],[20.0096203,54.9526471],[20.0096848,54.9526348],[20.0101657,54.9525276],[20.0102302,54.9525111],[20.0102948,54.9525029],[20.0109048,54.9524122],[20.0111129,54.9523957],[20.0111775,54.9523834],[20.0113641,54.9523174],[20.0114215,54.9522927],[20.01201,54.9521155],[20.0120674,54.952099],[20.0124908,54.9519177],[20.0130505,54.9516251],[20.0137682,54.9511635],[20.01417,54.9508132],[20.014371,54.9505742],[20.0145504,54.9502239],[20.0147226,54.9498488],[20.0149379,54.9495974],[20.0151389,54.9494573],[20.0151891,54.9494326],[20.0156627,54.94921],[20.0160072,54.949004],[20.0164952,54.9487732],[20.0165598,54.9487526],[20.0169851,54.9486947],[20.0171141,54.9486783],[20.0172876,54.9486628],[20.0174372,54.9486397],[20.0175661,54.9486288],[20.0178765,54.9485979],[20.0182534,54.9485465],[20.018318,54.9485547],[20.0185476,54.9485712],[20.0186122,54.9485589],[20.0186481,54.9485176],[20.0185548,54.9483281],[20.0185763,54.948291],[20.0186265,54.9482621],[20.0186911,54.9482539],[20.0187557,54.9482497],[20.0188131,54.9482003],[20.0188992,54.948155],[20.0189638,54.9481426],[20.0191576,54.948122],[20.0192868,54.948122],[20.0195379,54.9480973],[20.0198896,54.9481302],[20.0199542,54.9481426],[20.0200188,54.9481467],[20.0200833,54.9481343],[20.0203417,54.947953],[20.0203991,54.9479283],[20.0207507,54.9478087],[20.0208225,54.9477923],[20.0212172,54.9477428],[20.0215975,54.9477428],[20.0223798,54.9476892],[20.0224444,54.9476851],[20.0229682,54.9476274],[20.02304,54.947615],[20.0235208,54.947545],[20.0242241,54.947512],[20.0252647,54.947446],[20.0263196,54.9473966],[20.027152,54.9473554],[20.0272238,54.9473554],[20.0276472,54.9473719],[20.0277118,54.9473801],[20.0277764,54.9473883],[20.027841,54.9474048],[20.0279199,54.9474213],[20.0279845,54.9474296],[20.0283002,54.9474502],[20.0283648,54.9474378],[20.0284366,54.9474254],[20.028494,54.9474007],[20.0287093,54.94731],[20.0290609,54.9472482],[20.0291399,54.9472482],[20.0295346,54.9471699],[20.0302522,54.9471163],[20.0306182,54.9470875],[20.0306828,54.9470792],[20.0307545,54.947071],[20.0308263,54.9470627],[20.0309052,54.9470627],[20.0313502,54.9470545],[20.0315511,54.9470792],[20.0318166,54.947104],[20.0320248,54.9470833],[20.0323979,54.9469968],[20.0327424,54.9468814],[20.0330797,54.9468031],[20.0331514,54.9467907],[20.0335174,54.9466959],[20.0335748,54.9466753],[20.0343212,54.9465104],[20.0347876,54.9464527],[20.0348522,54.9464527],[20.0351895,54.9464404],[20.0352541,54.9464363],[20.0357851,54.9464363],[20.0363377,54.9464156],[20.0364382,54.9464156],[20.0366033,54.9464074],[20.0366678,54.9463992],[20.0367396,54.9463909],[20.0370625,54.9464074],[20.0371343,54.9464074],[20.0373352,54.9464115],[20.0375936,54.9464651],[20.0377443,54.9464651],[20.0378161,54.946461],[20.0380888,54.946428],[20.0382251,54.9464156],[20.0391724,54.9464363],[20.0396532,54.9464692],[20.0406507,54.9464692],[20.0407153,54.9464733],[20.0414257,54.9465352],[20.0423156,54.9465352],[20.0433992,54.9465846],[20.0434638,54.9465846],[20.044325,54.9466052],[20.0450713,54.9465805],[20.0455091,54.9466011],[20.0458751,54.9466918],[20.0463487,54.9467165],[20.0464133,54.9467165],[20.0469802,54.9467083],[20.0473606,54.9468113],[20.0477624,54.9468196],[20.0478342,54.9468196],[20.0484155,54.9468525],[20.0489609,54.9468608],[20.0495709,54.9469308],[20.0500086,54.9469927],[20.0503603,54.9469968],[20.0504249,54.9469968],[20.0508196,54.9470463],[20.0512071,54.9470545],[20.051652,54.9470504],[20.0523436,54.9471204],[20.0526091,54.9471699],[20.0528747,54.9471492],[20.0529751,54.9471492],[20.0532191,54.9472028],[20.0533052,54.9472069],[20.0537358,54.9472069],[20.0543439,54.9472639],[20.054671,54.9472505],[20.0548909,54.947237],[20.0550743,54.947235],[20.0552623,54.9472206],[20.0554653,54.9472042],[20.0556855,54.9472072],[20.0560449,54.9471875],[20.0561471,54.9472193],[20.0564789,54.9472197],[20.0567625,54.9472278],[20.057245,54.9472894],[20.0573742,54.947277],[20.0574985,54.9472911],[20.057812,54.9473265],[20.0581402,54.9474265],[20.0582818,54.9475039],[20.0584343,54.947506],[20.0585727,54.9474987],[20.0586695,54.9475007],[20.0587967,54.9474915],[20.0592975,54.9474955],[20.0593621,54.9474913],[20.0599146,54.9474254],[20.0602448,54.9474171],[20.0606323,54.9474501],[20.0607666,54.9474681],[20.0610987,54.9475202],[20.0614576,54.9475367],[20.0616548,54.9475873],[20.0617392,54.9476194],[20.0618414,54.9476636],[20.0619762,54.9476449],[20.0620747,54.9476264],[20.0627852,54.9476644],[20.0634239,54.9477469],[20.0637324,54.9478417],[20.0641056,54.9479159],[20.0641702,54.94792],[20.0643209,54.9479241],[20.0643927,54.9479159],[20.0644644,54.9479076],[20.0649381,54.9478788],[20.0655696,54.9478788],[20.0670336,54.9478829],[20.0675359,54.9479035],[20.0676077,54.9479076],[20.0678445,54.9479365],[20.0679091,54.9479447],[20.0681889,54.9479447],[20.0687774,54.9479529],[20.069495,54.9480271],[20.0695668,54.9480313],[20.0699615,54.9481343],[20.0702127,54.948225],[20.0703909,54.9482586],[20.0706826,54.9483107],[20.0708285,54.9483357],[20.0709321,54.9483228],[20.071044,54.9483032],[20.0711676,54.9482816],[20.0712555,54.9482755],[20.0716805,54.9482559],[20.0718962,54.9482487],[20.072556,54.9481871],[20.0728242,54.9482025],[20.0734036,54.9481255],[20.0739561,54.9480916],[20.0745748,54.9480509],[20.075272,54.9480148],[20.0757456,54.94792],[20.0758102,54.9479117],[20.0762838,54.9478375],[20.0771163,54.9477922],[20.0771809,54.9477922],[20.0776761,54.9477675],[20.0777478,54.9477592],[20.0778709,54.9477417],[20.0779878,54.9477217],[20.0781688,54.9477028],[20.0785734,54.9476181],[20.0790841,54.9475159],[20.0792016,54.9475011],[20.0793515,54.9474906],[20.0795602,54.9474803],[20.0796925,54.947456],[20.079829,54.9474387],[20.080116,54.9473759],[20.0801806,54.9473718],[20.0806399,54.94731],[20.0811494,54.9472646],[20.0817809,54.9472482],[20.0823335,54.9473017],[20.0824053,54.94731],[20.0827067,54.9473718],[20.0827712,54.9473801],[20.0832162,54.947343],[20.0832808,54.9473388],[20.0834828,54.9473193],[20.0840343,54.9473265],[20.0841635,54.9473265],[20.0847878,54.9473801],[20.0848524,54.9473883],[20.0853332,54.9475119],[20.0854981,54.9475672],[20.0856777,54.9475779],[20.0858616,54.9475388],[20.0866895,54.9475367],[20.0867685,54.9475367],[20.0872636,54.947582],[20.087644,54.9476067],[20.0880602,54.9477098],[20.0881966,54.9477221],[20.0882611,54.947718],[20.0889357,54.9477386],[20.0895744,54.9478046],[20.089639,54.9478087],[20.0899835,54.9478623],[20.090048,54.9478623],[20.090292,54.9479117],[20.0904643,54.9479571],[20.0905217,54.9479777],[20.0905863,54.9479818],[20.0906437,54.9479612],[20.0907011,54.9479406],[20.0907657,54.9479282],[20.0911819,54.9479323],[20.0917058,54.9478829],[20.0921364,54.9478829],[20.0923804,54.9479117],[20.0924521,54.9479117],[20.0926315,54.9479159],[20.0927894,54.9479488],[20.0929329,54.9478746],[20.0929832,54.9478458],[20.0931841,54.947784],[20.0932487,54.9477798],[20.0933133,54.9477757],[20.0933779,54.9477675],[20.0934424,54.9477551],[20.0936721,54.9477469],[20.0943682,54.9477963],[20.0946552,54.9478046],[20.0947988,54.9477881],[20.0950715,54.9477469],[20.0951361,54.9477469],[20.0953226,54.9477386],[20.0953872,54.947718],[20.0954446,54.9477015],[20.0968225,54.9474913],[20.0971454,54.9474748],[20.0973894,54.9475037],[20.0976047,54.9475367],[20.0977409,54.9475384],[20.0978344,54.9475367],[20.0982147,54.9474295],[20.0986381,54.9473677],[20.0989252,54.9473842],[20.0989898,54.9473842],[20.0991692,54.9473471],[20.0992266,54.9473265],[20.0994203,54.9472729],[20.0997361,54.947244],[20.0998007,54.9472317],[20.1001021,54.9471822],[20.1004681,54.9471822],[20.1005327,54.9471781],[20.1007121,54.9471204],[20.1007767,54.9470998],[20.1009991,54.9470627],[20.1010637,54.9470627],[20.1012306,54.947046],[20.1014066,54.9470709],[20.1015002,54.9469768],[20.1017526,54.9468195],[20.101889,54.9467124],[20.1019392,54.9466835],[20.1021904,54.9466134],[20.1028219,54.9464815],[20.1033601,54.9464527],[20.1034965,54.9464692],[20.1035682,54.9464568],[20.1037907,54.9463744],[20.1041782,54.9462755],[20.1044653,54.9462301],[20.1047452,54.9462301],[20.1048169,54.9462136],[20.1050035,54.9461436],[20.1052045,54.9461065],[20.1056063,54.9460859],[20.1058431,54.9460817],[20.1061589,54.9459952],[20.1062163,54.9459746],[20.1066971,54.9459045],[20.1068614,54.9458906],[20.1069942,54.9459169],[20.1070923,54.9459389],[20.1072856,54.9459334],[20.1074435,54.9458386],[20.107503,54.9458208],[20.1077226,54.9457585],[20.107892,54.9457627],[20.1081109,54.9457149],[20.1084051,54.9457067],[20.1084625,54.9456902],[20.1086706,54.9456242],[20.1087352,54.9456119],[20.1088651,54.9455927],[20.1092663,54.9455335],[20.1095533,54.9455377],[20.1096179,54.94555],[20.1097901,54.9455665],[20.1098547,54.9455583],[20.1099193,54.9455418],[20.1100915,54.94548],[20.1105079,54.9453985],[20.1106369,54.9453563],[20.1108994,54.9453555],[20.1110313,54.9453695],[20.1111442,54.9453711],[20.1111895,54.9453151],[20.1114407,54.9452491],[20.1115455,54.9452422],[20.1116979,54.9452262],[20.1118713,54.9452079],[20.111943,54.9452079],[20.1122014,54.945245],[20.112266,54.9452743],[20.1123423,54.9452826],[20.1125178,54.945231],[20.1126387,54.9452042],[20.1131333,54.9451332],[20.1133441,54.9451346],[20.1135144,54.9451317],[20.113624,54.9451257],[20.1137717,54.9450826],[20.1141803,54.9450309],[20.1144772,54.9450046],[20.1147595,54.94498],[20.114969,54.9449656],[20.115301,54.944913],[20.1155534,54.9448698],[20.115676,54.9448666],[20.1157888,54.9448501],[20.1158772,54.9448317],[20.1160348,54.9448163],[20.1162035,54.9448048],[20.1163807,54.9447874],[20.1164725,54.9447246],[20.1166176,54.944703],[20.116943,54.9446885],[20.1170988,54.9446771],[20.1172535,54.9446515],[20.1173181,54.9446515],[20.1176554,54.944569],[20.1179249,54.9445452],[20.1181147,54.944499],[20.118246,54.9445062],[20.118366,54.9445709],[20.1186023,54.9446151],[20.1188278,54.9445416],[20.1190665,54.9444657],[20.119174,54.944441],[20.1193441,54.9444369],[20.1195155,54.9443884],[20.1198045,54.944336],[20.1200617,54.944289],[20.1202637,54.9442557],[20.1203659,54.9442402],[20.1206516,54.9441937],[20.1208288,54.9441618],[20.1210516,54.9441361],[20.121177,54.944133],[20.1213405,54.9441772],[20.1214086,54.94417],[20.1215208,54.9441164],[20.1215969,54.9440474],[20.1217008,54.94403],[20.1223074,54.9439877],[20.122546,54.943995],[20.1229013,54.9440332],[20.1229659,54.9440332],[20.1234108,54.9439796],[20.123529,54.9439806],[20.1237889,54.9439847],[20.123887,54.9440156],[20.1241141,54.9440662],[20.1243653,54.9440744],[20.1244298,54.9440662],[20.1250201,54.9440827],[20.1258673,54.9441093],[20.1261041,54.9441505],[20.1264521,54.9441505],[20.1267116,54.9441481],[20.1267958,54.9441568],[20.126951,54.944173],[20.1270695,54.9441896],[20.1271438,54.944205],[20.1272034,54.9442076],[20.127351,54.944205],[20.1273725,54.9442009],[20.1274136,54.944196],[20.1275141,54.9442017],[20.1277179,54.9441863],[20.1282422,54.9441699],[20.1286943,54.9441967],[20.1299078,54.9442906],[20.1306977,54.9443273],[20.1318912,54.9444835],[20.1323146,54.944533],[20.1329851,54.9446128],[20.1332118,54.9447135],[20.1332834,54.9447185],[20.1339364,54.9447638],[20.1351051,54.944934],[20.1353574,54.9449163],[20.1357951,54.9450276],[20.136197,54.9450853],[20.1374744,54.9450523],[20.1383355,54.9450729],[20.1394909,54.9452048],[20.141041,54.9454274],[20.1421964,54.9455552],[20.1434666,54.9456129],[20.1442919,54.945683],[20.1450579,54.9457606],[20.145233,54.9457783],[20.1454914,54.9458034],[20.1461489,54.9458423],[20.1462184,54.9459022],[20.1465017,54.9459093],[20.146983,54.9459509],[20.1470476,54.9459591],[20.1473346,54.9459674],[20.1474064,54.9459674],[20.1490804,54.9460194],[20.1503371,54.9461576],[20.1507807,54.9461885],[20.1509732,54.9462282],[20.1512212,54.9462191],[20.1512929,54.9462257],[20.1514098,54.9462279],[20.1517042,54.9462202],[20.1535206,54.9464265],[20.1543595,54.9465507],[20.1549056,54.9466919],[20.1549895,54.9467138],[20.1551619,54.9467679],[20.1553121,54.9467872],[20.1554207,54.9467887],[20.1554985,54.9467825],[20.1556058,54.9467841],[20.1556849,54.9467941],[20.1557694,54.9468134],[20.1558647,54.9468465],[20.1559545,54.9468688],[20.1560779,54.9468811],[20.1561517,54.9468819],[20.1562536,54.9468811],[20.1563421,54.9468919],[20.1564457,54.9469143],[20.1566025,54.9469907],[20.1567672,54.9470221],[20.156898,54.94703],[20.1569868,54.9470472],[20.1570514,54.9470555],[20.1572024,54.9471175],[20.1573273,54.9471755],[20.1574816,54.9472049],[20.1576778,54.9472031],[20.1578249,54.9471871],[20.1579313,54.9471939],[20.1580386,54.9472231],[20.158115,54.9472378],[20.1581834,54.9472416],[20.1582719,54.9472408],[20.1583698,54.9472331],[20.1584557,54.9472285],[20.1585388,54.9472301],[20.1586535,54.9472462],[20.1587141,54.9472667],[20.1587829,54.9472855],[20.1588929,54.9473032],[20.1589667,54.9473078],[20.1590659,54.9473078],[20.1591557,54.9473094],[20.1592536,54.9473225],[20.1593891,54.9473618],[20.1594904,54.9474005],[20.1596023,54.9474149],[20.1597458,54.9474203],[20.1599242,54.9474342],[20.1603763,54.9475366],[20.1610774,54.9476989],[20.1616477,54.9478333],[20.1623429,54.9480375],[20.1636125,54.9483178],[20.164478,54.9484745],[20.1653559,54.9486566],[20.1654477,54.9486515],[20.1667814,54.9489168],[20.1668433,54.948909],[20.1676707,54.9490669],[20.167928,54.9491152],[20.1679493,54.9491571],[20.1679936,54.9492034],[20.1680432,54.9492303],[20.1681076,54.9492511],[20.1681934,54.9492619],[20.1682927,54.9492611],[20.1683637,54.9492465],[20.1683682,54.9492449],[20.1684281,54.9492234],[20.1684643,54.9492103],[20.1690257,54.9493954],[20.1695386,54.9494875],[20.1699524,54.9495679],[20.1707201,54.9497525],[20.171109,54.949861],[20.1713464,54.949922],[20.1714617,54.9499527],[20.1715931,54.9499797],[20.1717788,54.950032],[20.1719338,54.9500683],[20.1720451,54.950096],[20.1721282,54.9501283],[20.17221,54.9501368],[20.1722892,54.9501577],[20.1723576,54.9501722],[20.1724702,54.9501923],[20.172556,54.9502216],[20.1726633,54.9502531],[20.1727398,54.9502716],[20.1727894,54.9502847],[20.1728457,54.9503001],[20.1728779,54.9503025],[20.1729718,54.9503394],[20.1731179,54.9503671],[20.1732869,54.9503963],[20.1734144,54.9503371],[20.1738268,54.9503553],[20.1741869,54.9504412],[20.1750507,54.9506474],[20.1759113,54.9508527],[20.1767305,54.9510488],[20.1774803,54.9512271],[20.1782101,54.9513568],[20.17876,54.9514908],[20.179342,54.9516294],[20.1807579,54.9519394],[20.1822867,54.9523658],[20.1830077,54.9525411],[20.1838931,54.9529327],[20.1850448,54.9533379],[20.1865076,54.9537044],[20.188357,54.9542674],[20.1899199,54.9547336],[20.1912393,54.9551998],[20.1927109,54.9557942],[20.1935126,54.9561206],[20.1938982,54.9562459],[20.1942839,54.9563712],[20.1948783,54.956489],[20.1955098,54.9565632],[20.195758,54.9566249],[20.1958387,54.9566742],[20.1960487,54.9566656],[20.1962294,54.9566104],[20.1963423,54.956559],[20.196859,54.9565343],[20.1969236,54.9565343],[20.1979857,54.9565467],[20.1980574,54.9565549],[20.1981346,54.9565616],[20.1986061,54.9566025],[20.1988181,54.9566209],[20.1994927,54.9567486],[20.200605,54.9570164],[20.2006696,54.9570288],[20.2016097,54.9572389],[20.2034181,54.9577004],[20.2042865,54.9578941],[20.205162,54.9580589],[20.2058796,54.9581743],[20.20626,54.9582443],[20.2063246,54.9582526],[20.2066475,54.9582567],[20.2067121,54.9582608],[20.2073077,54.9584133],[20.2074441,54.9584462],[20.2078603,54.9585863],[20.2080612,54.9586729],[20.2081186,54.9586935],[20.2082335,54.9587635],[20.208298,54.9587841],[20.2088465,54.958915],[20.2096665,54.9590619],[20.2109727,54.9591278],[20.2111598,54.9591832],[20.2120778,54.9591791],[20.2127229,54.9592221],[20.2137983,54.9594194],[20.2153819,54.9601502],[20.216176,54.9604679],[20.2163251,54.9604404],[20.2168554,54.9610967],[20.2171752,54.9614879],[20.2177788,54.9617295],[20.2193361,54.9623784],[20.2194843,54.9622551],[20.2179139,54.9616117],[20.2178434,54.9615832],[20.2183413,54.9611929],[20.218874,54.9614132],[20.218987,54.9613168],[20.2173985,54.9606269],[20.2165558,54.9602512],[20.2157426,54.9599024],[20.2142776,54.9592704],[20.2142741,54.9592395],[20.2145543,54.9590035],[20.2131854,54.9584379],[20.2114185,54.9577304],[20.2099302,54.957312],[20.2109798,54.9563188],[20.2124632,54.9548134],[20.2161066,54.9552628],[20.2161066,54.9552978],[20.2162774,54.9553877],[20.2164167,54.9555526],[20.2166159,54.9554731],[20.2170509,54.9553091],[20.2176308,54.9551965],[20.2184883,54.9550969],[20.2191731,54.9549137],[20.2197423,54.9547954],[20.2203383,54.9547708],[20.2209259,54.9547728],[20.2213031,54.9547616],[20.2218154,54.9547609],[20.2222394,54.9547611],[20.2233185,54.954827],[20.2241825,54.9548866],[20.2250128,54.9549589],[20.2256121,54.9550352],[20.2262468,54.9550671],[20.2268322,54.95506],[20.2276148,54.9550671],[20.2282187,54.9551095],[20.228744,54.955107],[20.2291754,54.9551054],[20.2294109,54.955127],[20.2300672,54.9551873],[20.231213,54.9553559],[20.2326,54.9554551],[20.234187,54.9555341],[20.2354107,54.9556227],[20.2361872,54.9556385],[20.237138,54.9557952],[20.2383152,54.9559323],[20.2398377,54.9561021],[20.2403776,54.9562133],[20.2411726,54.9562795],[20.2417865,54.9563904],[20.2427339,54.9565621],[20.2436668,54.9566128],[20.244683,54.9567165],[20.246044,54.9569918],[20.2478043,54.9574296],[20.249385,54.9577112],[20.2494306,54.957728],[20.2495051,54.9577449],[20.2500879,54.9578063],[20.2502218,54.9578382],[20.2506433,54.9579504],[20.2511713,54.9580989],[20.2526197,54.9585329],[20.2531862,54.9587166],[20.2537466,54.9589175],[20.2544573,54.9591901],[20.2559271,54.9595165],[20.2567292,54.9597198],[20.2574131,54.959823],[20.2579093,54.9599816],[20.2582875,54.9601495],[20.2590492,54.9605684],[20.2596152,54.9607809],[20.2607685,54.9610796],[20.2613077,54.9612105],[20.2619728,54.9613752],[20.2626515,54.9616324],[20.2632987,54.9619945],[20.263617,54.9621991],[20.2640382,54.9624116],[20.2641991,54.9624501],[20.2643815,54.962474],[20.2652409,54.9624527],[20.2660445,54.9624802],[20.2665522,54.9624676],[20.267002,54.9624824],[20.2672259,54.9625171],[20.2674264,54.9625668],[20.2678348,54.9626796],[20.2679957,54.9627381],[20.2681486,54.962792],[20.2683176,54.9628066],[20.268508,54.9628112],[20.2690807,54.9628313],[20.2694978,54.962936],[20.269986,54.9630654],[20.2702394,54.9631046],[20.2705103,54.9631138],[20.2707544,54.9630846],[20.2708885,54.9630322],[20.2710092,54.9629229],[20.2710333,54.9628459],[20.2710119,54.9627535],[20.2710414,54.9626719],[20.2711889,54.9625472],[20.2712739,54.9624571],[20.2712962,54.9623762],[20.2712962,54.9622607],[20.2713885,54.9620239],[20.27187,54.96124],[20.2720775,54.9609962],[20.2725209,54.9605847],[20.2726293,54.9605568],[20.2726802,54.9605283],[20.2727084,54.9605006],[20.2727379,54.9604359],[20.2728331,54.9603697],[20.2729887,54.9603127],[20.2731644,54.9602665],[20.273222,54.9602434],[20.2732904,54.9602049],[20.2733065,54.9601595],[20.2734366,54.960073],[20.2739838,54.9598784],[20.2747402,54.9597167],[20.2749065,54.9596444],[20.2751505,54.9595627],[20.275231,54.9594765],[20.2753678,54.9594257],[20.2755073,54.9592378],[20.2755582,54.9590207],[20.2756789,54.9588667],[20.2758238,54.958765],[20.276151,54.9585925],[20.2765399,54.9583892],[20.2768376,54.9582583],[20.2771139,54.958149],[20.2772373,54.9580628],[20.2774492,54.9578733],[20.2775679,54.9577062],[20.2780501,54.9570979],[20.2783611,54.9567722],[20.278573,54.9566366],[20.2788091,54.956518],[20.2790558,54.9564164],[20.2795313,54.9562389],[20.2797103,54.9561361],[20.2798793,54.956019],[20.2799919,54.9558696],[20.2800533,54.9556916],[20.2801529,54.95552],[20.2804184,54.9552936],[20.2808475,54.9549194],[20.2809682,54.9547669],[20.2811614,54.9546406],[20.281494,54.9544142],[20.2819285,54.9542371],[20.2823684,54.9540137],[20.2826849,54.9539352],[20.2829232,54.9538547],[20.2831542,54.9537627],[20.2832856,54.9536761],[20.2836902,54.953494],[20.2838608,54.9533214],[20.284216,54.9531731],[20.2844095,54.9530742],[20.2850935,54.9528801],[20.2856219,54.9525644],[20.28582,54.95236],[20.2863292,54.9519349],[20.2868289,54.9516741],[20.2875209,54.9513814],[20.2880786,54.9511363],[20.288465,54.9508577],[20.2885696,54.9506867],[20.2886521,54.9505134],[20.2888674,54.9503263],[20.2890712,54.9502277],[20.2891651,54.9501276],[20.2892608,54.94982],[20.2893501,54.9497178],[20.2893931,54.9496531],[20.2893797,54.9496054],[20.289318,54.9495576],[20.2892965,54.9495222],[20.2893019,54.9494837],[20.2894467,54.9492603],[20.2897024,54.9490234],[20.2903738,54.948562],[20.2908661,54.9482537],[20.2910878,54.9480763],[20.2916984,54.9477994],[20.29192,54.94766],[20.2925473,54.9473795],[20.2930486,54.9470517],[20.29327,54.9468209],[20.2939993,54.9465686],[20.29439,54.94626],[20.2947146,54.946107],[20.2948111,54.945953],[20.2948004,54.9457897],[20.294956,54.9456326],[20.2951276,54.9454877],[20.2952403,54.945309],[20.2954602,54.9450564],[20.2957928,54.9448068],[20.29642,54.94448],[20.2968925,54.9441937],[20.2973056,54.9439718],[20.2978474,54.9437161],[20.2985769,54.9434696],[20.2991804,54.9433063],[20.3008059,54.9430336],[20.3015113,54.9429227],[20.3020665,54.942841],[20.3026029,54.9427732],[20.303252,54.9425313],[20.3038963,54.942476],[20.3049123,54.9422217],[20.3055882,54.942006],[20.3070286,54.9417595],[20.3073961,54.9415946],[20.307734,54.9415468],[20.3087935,54.9414975],[20.3091286,54.9415129],[20.3116301,54.9414195],[20.312916,54.941362],[20.313482,54.9413666],[20.3155795,54.9414482],[20.3180444,54.9416347],[20.3188437,54.9415391],[20.32005,54.94141],[20.3216895,54.9409722],[20.3231648,54.9407503],[20.3243074,54.940476],[20.3249887,54.9403651],[20.3264505,54.9402788],[20.3283548,54.9400508],[20.3306217,54.9400284],[20.331324,54.9398181],[20.3333491,54.9398474],[20.33432,54.9397],[20.3358556,54.9392095],[20.3370211,54.9391356],[20.3381301,54.9389985],[20.3386988,54.9388891],[20.3394525,54.9386186],[20.3401364,54.9386156],[20.3410711,54.9382899],[20.3419764,54.9379307],[20.3422782,54.9379052],[20.3425263,54.9377766],[20.3434342,54.9376032],[20.3450462,54.9375385],[20.3454311,54.9375801],[20.3464665,54.9375786],[20.3474025,54.9376418],[20.3481697,54.9375501],[20.3485599,54.9373814],[20.3493954,54.9372373],[20.3509229,54.9371903],[20.3512998,54.9372227],[20.3518859,54.9372203],[20.3528045,54.9371587],[20.353923,54.9371941],[20.3546874,54.9371764],[20.3557187,54.937235],[20.3559655,54.9371641],[20.3568265,54.9372219],[20.3585874,54.9372273],[20.3588261,54.9371895],[20.3596012,54.9372866],[20.3599164,54.9372905],[20.3606983,54.9373783],[20.3613903,54.9374538],[20.3619844,54.9375632],[20.36282,54.93755],[20.3631914,54.9374854],[20.3644271,54.9376323],[20.3652317,54.9375515],[20.3662369,54.9376686],[20.3664471,54.937691],[20.3666463,54.9375831],[20.3675376,54.9376101],[20.3678214,54.9375916],[20.3680766,54.937496],[20.3690869,54.9375347],[20.3697777,54.9376586],[20.3702858,54.937547],[20.3708692,54.9376333],[20.3712662,54.9376402],[20.3722036,54.9375817],[20.3726944,54.9376741],[20.3729492,54.9376626],[20.3738666,54.9378197],[20.3740811,54.9379106],[20.3747624,54.9379553],[20.3769028,54.9382881],[20.377863,54.938547],[20.3787428,54.9386903],[20.3801621,54.9388852],[20.3828767,54.9392398],[20.3837082,54.9394654],[20.384585,54.9395848],[20.3860948,54.9397254],[20.388207,54.9400897],[20.3890212,54.9402882],[20.3896821,54.9403907],[20.390149,54.9404657],[20.3904162,54.9404753],[20.3908673,54.9405648],[20.3933334,54.9409723],[20.3943399,54.9411293],[20.3947583,54.9412271],[20.3949742,54.9413003],[20.3953873,54.9413712],[20.3956179,54.941382],[20.3957976,54.9414521],[20.3964628,54.9415129],[20.3968692,54.9416177],[20.397364,54.9416709],[20.3976779,54.9417533],[20.3981258,54.9418611],[20.3983873,54.941932],[20.3989586,54.9420722],[20.3994173,54.9422039],[20.3997043,54.9422887],[20.3999765,54.9423949],[20.400572,54.9425552],[20.4009019,54.9426299],[20.4013015,54.9428063],[20.4016717,54.9427586],[20.4031134,54.9430313],[20.4032099,54.9430813],[20.4037236,54.9431445],[20.4044813,54.9433309],[20.4057299,54.9436236],[20.4072775,54.9440257],[20.4086615,54.9444201],[20.409497,54.9446628],[20.4099222,54.9448376],[20.4103218,54.9449039],[20.4107979,54.945078],[20.4116951,54.9451912],[20.4130134,54.9454492],[20.4141936,54.9457204],[20.4148762,54.9458536],[20.4157383,54.9461537],[20.4161396,54.9462965],[20.4165123,54.9464128],[20.4166585,54.946439],[20.4169495,54.9464621],[20.4171292,54.9465222],[20.4174095,54.9465599],[20.4178843,54.9466732],[20.418591,54.9468341],[20.419051,54.9469004],[20.4197645,54.9470945],[20.4201695,54.9471176],[20.4210332,54.9473025],[20.4215526,54.9474558],[20.4219412,54.9475543],[20.422216,54.9475906],[20.4228383,54.9476598],[20.4234169,54.9478287],[20.4246271,54.9481144],[20.4253873,54.9482814],[20.4258328,54.9484011],[20.4264244,54.948521],[20.4270409,54.9486663],[20.4279054,54.9488626],[20.4282077,54.9489307],[20.4290585,54.9490812],[20.429438,54.949151],[20.4299599,54.9493114],[20.4305833,54.9494775],[20.4317808,54.9497425],[20.4325793,54.949916],[20.43302,54.9499782],[20.4334937,54.9501154],[20.4337985,54.9501607],[20.4341892,54.9502356],[20.4348419,54.9503358],[20.4354204,54.9505067],[20.4359007,54.9506113],[20.4365605,54.9507999],[20.4371104,54.9509193],[20.4377213,54.9510975],[20.4379207,54.9511884],[20.4385789,54.9513181],[20.4388701,54.951396],[20.4395243,54.9514769],[20.4400809,54.9516548],[20.4405927,54.9517336],[20.4413202,54.9518983],[20.4416652,54.9518955],[20.442568,54.9520881],[20.4430731,54.9521867],[20.4437517,54.9523732],[20.4445017,54.9525419],[20.4448654,54.9526753],[20.4456926,54.9528948],[20.4466276,54.9530879],[20.4475315,54.9532868],[20.4494835,54.9538374],[20.4511621,54.9543997],[20.4526967,54.9549502],[20.453091,54.9550303],[20.4541363,54.9554615],[20.455631,54.9560498],[20.4569319,54.9563625],[20.4582515,54.9567643],[20.4589878,54.9570975],[20.4594985,54.9572102],[20.4600851,54.9574183],[20.4604757,54.9576056],[20.4611397,54.957845],[20.4613202,54.9579245],[20.4617843,54.9580831],[20.4624182,54.9583557],[20.4626978,54.9584651],[20.4631,54.9586247],[20.4634657,54.9587358],[20.4637501,54.9588328],[20.4644394,54.9590699],[20.4648203,54.9591885],[20.4651394,54.9592948],[20.4658442,54.9594687],[20.4661694,54.9595526],[20.4665487,54.9596757],[20.4666388,54.9597063],[20.4672455,54.9599003],[20.4674752,54.9599738],[20.4679259,54.9601181],[20.4680604,54.9601703],[20.4685625,54.9603921],[20.4690945,54.9605367],[20.4692566,54.960613],[20.4696509,54.9607524],[20.4699534,54.9608359],[20.4702397,54.9609133],[20.4706702,54.9610673],[20.4712484,54.961197],[20.4714559,54.9612546],[20.4717337,54.961352],[20.4721866,54.9614627],[20.4725595,54.9615705],[20.4729369,54.9616866],[20.4737878,54.9619308],[20.4739505,54.9619936],[20.4746273,54.9621982],[20.4747011,54.9622164],[20.4747579,54.962234],[20.4754875,54.962453],[20.4758264,54.9625356],[20.4763108,54.9626548],[20.4764905,54.9626985],[20.4771442,54.9628397],[20.4781475,54.9630976],[20.4786859,54.9631893],[20.4791799,54.96336],[20.4794236,54.9634195],[20.4798241,54.9635007],[20.480488,54.9636352],[20.4808806,54.9637148],[20.4812308,54.9638116],[20.4817741,54.9639618],[20.4819164,54.9640161],[20.4822164,54.9641306],[20.4826038,54.9642689],[20.4828912,54.9643716],[20.4832649,54.964521],[20.4836346,54.964666],[20.4840932,54.9648392],[20.4846731,54.9650366],[20.4848356,54.9650966],[20.4856022,54.9653797],[20.4865242,54.9656318],[20.4867486,54.9656932],[20.4880303,54.9659335],[20.488636,54.9662187],[20.4886752,54.9662372],[20.48968,54.96657],[20.4901367,54.9666213],[20.4909028,54.9667297],[20.4922707,54.9671217],[20.4937733,54.9674796],[20.4952206,54.9678371],[20.4969731,54.9684083],[20.4978781,54.9686858],[20.49989,54.96931],[20.5000086,54.9693888],[20.5001047,54.9695538],[20.5001622,54.9696331],[20.5005732,54.9697777],[20.5017221,54.9698733],[20.5021459,54.9699995],[20.5021566,54.9701535],[20.5025618,54.9703282],[20.5028325,54.9703475],[20.5040166,54.9706731],[20.5046431,54.9709318],[20.5054998,54.9711836],[20.5058741,54.9713605],[20.5061196,54.9714221],[20.5070409,54.9717993],[20.5070873,54.971903],[20.5073167,54.9719482],[20.5085255,54.972422],[20.5091223,54.9726337],[20.5096449,54.9729066],[20.5098331,54.9729585],[20.5102073,54.9731494],[20.5105962,54.9732595],[20.5107491,54.9733734],[20.5109918,54.9734465],[20.5112949,54.9735943],[20.5119105,54.9738406],[20.5123919,54.973973],[20.5132864,54.9743733],[20.5133535,54.9745426],[20.5134916,54.9746997],[20.5140334,54.9748344],[20.5143982,54.974909],[20.5145605,54.9749991],[20.5154094,54.9752993],[20.5158707,54.9754763],[20.5161738,54.9755548],[20.5162986,54.9756579],[20.5168216,54.9758173],[20.5169195,54.9759088],[20.5172078,54.9760135],[20.5174559,54.9760597],[20.5178623,54.9761929],[20.5179387,54.9763206],[20.5183277,54.976423],[20.5185905,54.9764546],[20.5189325,54.9765477],[20.5191578,54.9766516],[20.5198136,54.9768486],[20.5202696,54.9770526],[20.5203809,54.9771665],[20.5211802,54.9774128],[20.5224199,54.9777452],[20.5227131,54.9779931],[20.5231717,54.9780639],[20.5239804,54.9783864],[20.5243076,54.9784426],[20.524781,54.9786127],[20.5255736,54.978989],[20.5260994,54.9791961],[20.5264091,54.9792946],[20.5269,54.9795001],[20.5269657,54.9796055],[20.5271427,54.9796578],[20.5272648,54.9797833],[20.5276108,54.9798348],[20.5281378,54.9799949],[20.5282921,54.9801157],[20.5285482,54.9802312],[20.5294991,54.9804644],[20.5295232,54.9805906],[20.5296345,54.9806645],[20.5298518,54.9807083],[20.529943,54.9807868],[20.5303386,54.9808407],[20.5309622,54.98103],[20.5311862,54.9811478],[20.5315858,54.9812432],[20.5324481,54.9815326],[20.532652,54.9817373],[20.533065,54.9818258],[20.5344973,54.9823675],[20.5346999,54.9825815],[20.5350311,54.9826369],[20.5352417,54.9827192],[20.5356064,54.9827831],[20.5375054,54.9835257],[20.5376503,54.9836727],[20.5381934,54.9838174],[20.5388787,54.9840098],[20.539847,54.984363],[20.540814,54.9848347],[20.5411036,54.9849055],[20.5416642,54.985124],[20.5418426,54.985271],[20.5421537,54.9853133],[20.5429879,54.9856234],[20.5430911,54.985705],[20.5430509,54.9857566],[20.543814,54.985902],[20.5448507,54.9862837],[20.544958,54.9863668],[20.5449727,54.986446],[20.5452946,54.9864745],[20.5457479,54.9865799],[20.5459598,54.9866923],[20.5461422,54.9867423],[20.5464238,54.9867869],[20.546924,54.9869377],[20.5470259,54.9870378],[20.5475718,54.9871817],[20.5480894,54.9872948],[20.5487887,54.9875169],[20.5488945,54.9875908],[20.54931,54.98768],[20.5504619,54.9881358],[20.5513926,54.9884374],[20.5517426,54.9886175],[20.5523086,54.9888344],[20.5530301,54.9892061],[20.5530649,54.9892953],[20.5535424,54.9895139],[20.5536631,54.9896524],[20.5539756,54.9898032],[20.5543135,54.9899301],[20.5548741,54.9901871],[20.5548345,54.9902862],[20.555027,54.9902887],[20.5553295,54.9904169],[20.5559506,54.9907215],[20.5560744,54.9908511],[20.5564982,54.9909719],[20.5572036,54.9912981],[20.5572787,54.9914097],[20.5576059,54.9915059],[20.5578607,54.9916459],[20.5580123,54.9916736],[20.5583261,54.9918359],[20.5583663,54.9920267],[20.5587029,54.9920567],[20.559576,54.9924037],[20.5596927,54.9925445],[20.5602452,54.9927399],[20.560834,54.9930192],[20.5609117,54.9931554],[20.5611035,54.9932446],[20.5613865,54.9932877],[20.5618599,54.9934885],[20.5620463,54.9937462],[20.562568,54.9939478],[20.5628268,54.9940094],[20.5632949,54.9942694],[20.5635551,54.9943209],[20.5642712,54.9946525],[20.5645166,54.9948272],[20.5650343,54.995061],[20.5650906,54.9951441],[20.5652408,54.995168],[20.5662453,54.9955242],[20.5668247,54.9956234],[20.567451,54.9957957],[20.5682959,54.9961673],[20.5684595,54.9962835],[20.569008,54.9964235],[20.5699213,54.9967074],[20.5703478,54.9967581],[20.5712906,54.9970874],[20.57216,54.99737],[20.5726464,54.9975913],[20.5733961,54.9979882],[20.573844,54.9981397],[20.5742651,54.9982236],[20.5754359,54.9987567],[20.5758516,54.9989421],[20.5764283,54.9991528],[20.5778298,54.999829],[20.5784842,55.0001698],[20.5789067,55.0003521],[20.5802076,55.0009282],[20.5822715,55.0018497],[20.5833712,55.0023097],[20.5850919,55.0030781],[20.5856363,55.003325],[20.5860856,55.0035811],[20.5864814,55.0037146],[20.5865953,55.0038565],[20.5883105,55.0047956],[20.5889247,55.005111],[20.5892318,55.0052102],[20.5900633,55.0056386],[20.5903731,55.0058616],[20.5915721,55.0064677],[20.5918618,55.0065577],[20.5920991,55.0067046],[20.5923405,55.0067845],[20.5928917,55.0071276],[20.5938613,55.0076398],[20.5953191,55.0083904],[20.5958395,55.0086073],[20.5963746,55.0088103],[20.5981864,55.0097132],[20.5986437,55.009827],[20.6002182,55.0104607],[20.6014547,55.0112066],[20.6020474,55.0114319],[20.6022486,55.0115719],[20.6029688,55.0118687],[20.6034462,55.0121163],[20.6041946,55.0126285],[20.604794,55.0129737],[20.6053452,55.0132729],[20.6056523,55.0135043],[20.6061579,55.0137927],[20.6064865,55.014038],[20.606858,55.0142333],[20.6082901,55.0152269],[20.6094825,55.0158673],[20.610005,55.0162096],[20.6112019,55.0168779],[20.61272,55.01787],[20.61317,55.01813],[20.61361,55.01838],[20.614622,55.0191122],[20.61494,55.01941],[20.616425,55.02044],[20.61759,55.02121],[20.6186711,55.02196],[20.6187,55.02198],[20.6198099,55.0228073],[20.6206075,55.0234],[20.6215899,55.0237742],[20.6229299,55.0244969],[20.62336,55.02482],[20.6244326,55.0255546],[20.62502,55.0259131],[20.6260474,55.0264704],[20.627574,55.0274546],[20.6285771,55.0280216],[20.6304337,55.0292392],[20.6319302,55.029754],[20.6325687,55.030054],[20.6340439,55.0310252],[20.6349929,55.0314178],[20.6361979,55.0321626],[20.6371978,55.032704],[20.638792,55.0334791],[20.63999,55.03409],[20.641408,55.0349609],[20.6430999,55.0362257],[20.6445839,55.0371196],[20.6455179,55.0377152],[20.64598,55.03795],[20.64642,55.0382],[20.64753,55.03897],[20.6488819,55.0398187],[20.6500139,55.0407926],[20.65041,55.041073],[20.65152,55.0418],[20.65296,55.04258],[20.65374,55.04309],[20.6549501,55.04373],[20.6552019,55.0439104],[20.6564,55.04451],[20.6570326,55.04476],[20.6584,55.04541],[20.6592624,55.0460658],[20.6604,55.04669],[20.66084,55.04682],[20.6617739,55.0472856],[20.66262,55.04785],[20.6644659,55.0488104],[20.6667103,55.0500282],[20.6671699,55.05056],[20.66772,55.05081],[20.66972,55.0521],[20.66994,55.05235],[20.67038,55.05261],[20.6717639,55.05339],[20.67216,55.05364],[20.67327,55.05416],[20.6746121,55.0548523],[20.6754681,55.055247],[20.67594,55.05557],[20.67638,55.05583],[20.6775956,55.0564418],[20.678413,55.0567379],[20.67927,55.05725],[20.6797438,55.0575258],[20.68016,55.05776],[20.6805296,55.0580603],[20.6809506,55.0583802],[20.68149,55.05879],[20.6818948,55.0591206],[20.6835053,55.06059],[20.6850839,55.0616906],[20.6859816,55.0624505],[20.68747,55.06341],[20.6888,55.06419],[20.6903337,55.06534],[20.69058,55.0656],[20.69103,55.06586],[20.6923072,55.0665685],[20.6928,55.06689],[20.69325,55.06714],[20.6938285,55.0673432],[20.6942759,55.067635],[20.6948059,55.0679084],[20.69525,55.0683],[20.6957672,55.0685921],[20.6962511,55.0688557],[20.6964463,55.0691886],[20.6968,55.06946],[20.6972231,55.0699516],[20.69791,55.07036],[20.698237,55.0706562],[20.6986672,55.0709173],[20.69902,55.07138],[20.699651,55.0716348],[20.70013,55.0719],[20.7006681,55.0723222],[20.7012668,55.0726029],[20.7014342,55.0728517],[20.7017088,55.0731459],[20.7023944,55.0734622],[20.70278,55.0737],[20.7031916,55.0741078],[20.7036851,55.074332],[20.7041185,55.0746379],[20.70457,55.07498],[20.70501,55.07524],[20.7054403,55.0754714],[20.7056892,55.075765],[20.70658,55.07601],[20.70679,55.07627],[20.707158,55.0765837],[20.70746,55.07691],[20.7079,55.07717],[20.70835,55.07742],[20.70879,55.07768],[20.709454,55.0779798],[20.7099,55.07832],[20.7102554,55.0787506],[20.710559,55.0791031],[20.71101,55.07961],[20.7115107,55.0799101],[20.71212,55.08038],[20.71256,55.08064],[20.7133314,55.0809708],[20.713723,55.0813171],[20.7140373,55.0816445],[20.7144139,55.0820216],[20.71501,55.08243],[20.71523,55.08269],[20.7158087,55.0831006],[20.71634,55.08346],[20.71656,55.08397],[20.717,55.08423],[20.71745,55.08449],[20.71789,55.085],[20.71833,55.08526],[20.71878,55.08552],[20.71922,55.08603],[20.71967,55.08628],[20.72011,55.08654],[20.7205809,55.0868286],[20.72122,55.08706],[20.72145,55.08732],[20.72189,55.08783],[20.72233,55.08809],[20.7228876,55.0884976],[20.723,55.08873],[20.72388,55.089041],[20.7243703,55.0893351],[20.7246889,55.0895923],[20.72522,55.08989],[20.7256449,55.0903377],[20.72589,55.09066],[20.72633,55.09091],[20.7269313,55.091392],[20.72744,55.09168],[20.72766,55.0922],[20.72811,55.09271],[20.72855,55.09297],[20.72877,55.09348],[20.7295845,55.0936348],[20.72989,55.09374],[20.7304632,55.0942548],[20.731,55.09451],[20.7315221,55.0950222],[20.73189,55.09528],[20.7321,55.09579],[20.73255,55.0963],[20.73299,55.09682],[20.7334683,55.0971998],[20.7339232,55.0974134],[20.73432,55.09784],[20.73477,55.0981],[20.73521,55.09861],[20.73543,55.09913],[20.73633,55.09913],[20.73655,55.09964],[20.73699,55.10016],[20.73743,55.1004],[20.73765,55.10093],[20.73855,55.10093],[20.73877,55.10144],[20.73921,55.10195],[20.73966,55.10221],[20.7401,55.10247],[20.74055,55.10272],[20.74099,55.10298],[20.74121,55.10375],[20.74211,55.10375],[20.74232,55.10452],[20.74277,55.10477],[20.74321,55.10529],[20.74365,55.10555],[20.7441,55.10632],[20.74454,55.10657],[20.74476,55.10709],[20.74521,55.10722],[20.7461,55.10735],[20.74632,55.10786],[20.74677,55.10837],[20.74721,55.10863],[20.74765,55.10914],[20.7481,55.1094],[20.74854,55.11017],[20.74898,55.11043],[20.74943,55.11094],[20.74987,55.11145],[20.75032,55.11171],[20.75076,55.11222],[20.7512,55.11248],[20.75165,55.11299],[20.75165,55.11325],[20.75165,55.1135],[20.75209,55.11402],[20.75253,55.11454],[20.75275,55.11504],[20.75365,55.11504],[20.75387,55.11556],[20.75431,55.11581],[20.75476,55.11633],[20.7552,55.11658],[20.75565,55.11684],[20.75609,55.1171],[20.75653,55.11787],[20.75698,55.11812],[20.75742,55.11864],[20.75787,55.11889],[20.75831,55.11915],[20.75876,55.11966],[20.7592,55.12018],[20.75965,55.12043],[20.76009,55.12095],[20.76054,55.1212],[20.76098,55.12146],[20.76142,55.12197],[20.76187,55.12249],[20.76231,55.123],[20.76276,55.12326],[20.7632,55.12377],[20.76366,55.12403],[20.76408,55.12454],[20.76454,55.1248],[20.76498,55.1253],[20.76543,55.12557],[20.76587,55.12608],[20.76631,55.12659],[20.76653,55.12711],[20.76698,55.12724],[20.76743,55.1275],[20.7674809,55.1275289],[20.76787,55.12775],[20.76876,55.12788],[20.76898,55.12839],[20.76943,55.12891],[20.76987,55.12942],[20.77032,55.12993],[20.77076,55.13044],[20.7712,55.13096],[20.77165,55.13121],[20.77209,55.13173],[20.77254,55.13224],[20.77298,55.1325],[20.77343,55.13275],[20.77365,55.13327],[20.77454,55.13327],[20.77476,55.13378],[20.77521,55.13405],[20.77565,55.13455],[20.7760708,55.1350036],[20.77654,55.13532],[20.7769393,55.1355768],[20.7771963,55.1358515],[20.7778706,55.13621],[20.77832,55.13661],[20.77877,55.13686],[20.7793222,55.1373225],[20.7801,55.13789],[20.78055,55.1384],[20.7808859,55.1387351],[20.78144,55.13917],[20.78188,55.13968],[20.78277,55.14046],[20.7841389,55.1415962],[20.7847542,55.1421198],[20.7865733,55.1434051],[20.7885967,55.1447237],[20.7897259,55.1456906],[20.79079,55.14662],[20.7913009,55.1470288],[20.79168,55.14739],[20.7925342,55.1479515],[20.79324,55.14816],[20.79346,55.14841],[20.7949069,55.1496259],[20.79703,55.15098],[20.79836,55.15201],[20.799626,55.1529579],[20.8034545,55.1556827],[20.80594,55.15791],[20.80638,55.15817],[20.80683,55.15842],[20.8078961,55.1594277],[20.8083558,55.15997],[20.8090259,55.1605092],[20.8092751,55.160807],[20.8096932,55.1610207],[20.8100161,55.1613671],[20.8119942,55.1623886],[20.8121139,55.1627523],[20.8133438,55.1631452],[20.81441,55.16381],[20.81486,55.16407],[20.8153,55.16434],[20.81619,55.1651],[20.8172561,55.1657569],[20.81752,55.16612],[20.81798,55.16638],[20.81943,55.1674603],[20.81976,55.16766],[20.8204741,55.1681549],[20.8233958,55.17023],[20.824,55.17073],[20.82467,55.17125],[20.8258351,55.17202],[20.8271993,55.1730399],[20.8309049,55.1760949],[20.8318099,55.1767185],[20.8321383,55.1769176],[20.8327175,55.1772686],[20.8336351,55.1781185],[20.834645,55.1788086],[20.8353876,55.17946],[20.8358651,55.1798059],[20.8362974,55.18024],[20.83671,55.1805],[20.83693,55.181],[20.83738,55.18113],[20.83783,55.18139],[20.83827,55.18165],[20.83872,55.1819],[20.8392615,55.1825772],[20.8395011,55.1827265],[20.8397259,55.1829231],[20.8400404,55.1832725],[20.8403453,55.1835574],[20.8406211,55.183795],[20.84095,55.18408],[20.8413926,55.184453],[20.84206,55.18485],[20.84251,55.18511],[20.84296,55.18537],[20.8434,55.18562],[20.84385,55.18589],[20.8443,55.18614],[20.84474,55.18665],[20.8452,55.18691],[20.84562,55.18767],[20.84608,55.18793],[20.84653,55.18844],[20.84697,55.1887],[20.84742,55.18896],[20.84786,55.18947],[20.84831,55.18998],[20.84853,55.19049],[20.84943,55.19062],[20.84987,55.19088],[20.85032,55.19114],[20.85122,55.19126],[20.85144,55.19178],[20.85166,55.19228],[20.852215,55.1925658],[20.8528295,55.1931826],[20.8532462,55.1934246],[20.8535005,55.1936705],[20.8538184,55.193981],[20.8544541,55.1945051],[20.8549414,55.1949083],[20.8555206,55.1952832],[20.8558244,55.1956783],[20.856227,55.1959646],[20.8568627,55.1963556],[20.8573148,55.1968273],[20.8576962,55.1971216],[20.8580847,55.1975086],[20.85835,55.19793],[20.8588193,55.1982262],[20.85925,55.1987],[20.8598294,55.1990365],[20.86036,55.19947],[20.86081,55.19973],[20.8611997,55.2000766],[20.861793,55.2004475],[20.8623863,55.2009715],[20.8629302,55.2013383],[20.8632551,55.2015923],[20.8636154,55.2019873],[20.864131,55.2023421],[20.8643994,55.2027371],[20.8647385,55.2031442],[20.8652117,55.2035554],[20.86573,55.20383],[20.866137,55.204297],[20.8667374,55.2046558],[20.8673166,55.2051113],[20.86751,55.20537],[20.8684185,55.2060585],[20.8690119,55.2065099],[20.8693933,55.2068807],[20.8697959,55.2071709],[20.8701349,55.2075256],[20.8704104,55.207852],[20.8705234,55.2080374],[20.8709543,55.2084163],[20.8713,55.20896],[20.8719785,55.2092425],[20.87243,55.20973],[20.87287,55.20999],[20.87331,55.2105],[20.87376,55.21101],[20.87421,55.21127],[20.8746344,55.2116848],[20.8750864,55.2119427],[20.8758563,55.2124867],[20.8762378,55.2128454],[20.8766545,55.2132041],[20.8768876,55.2135345],[20.8774951,55.2140987],[20.8781378,55.2144372],[20.878491,55.2147515],[20.8787312,55.2149973],[20.879162,55.215364],[20.8797872,55.2157307],[20.8800874,55.2161236],[20.8805394,55.2166192],[20.8809879,55.2169456],[20.88136,55.21717],[20.8818,55.21742],[20.88225,55.21794],[20.8827,55.21845],[20.88314,55.2187],[20.8837509,55.219116],[20.8844899,55.2199659],[20.8847774,55.2201254],[20.8855694,55.2207364],[20.8865074,55.2214152],[20.8872871,55.2221622],[20.8883896,55.2230719],[20.8888047,55.2235166],[20.88962,55.22409],[20.89052,55.22486],[20.8912651,55.2255237],[20.89163,55.22588],[20.89231,55.22652],[20.8934434,55.2272287],[20.8951825,55.2285284],[20.8962023,55.2294386],[20.897,55.22999],[20.89812,55.23101],[20.8994874,55.2321241],[20.9003599,55.2328257],[20.90147,55.23357],[20.9022599,55.2342312],[20.90281,55.2346],[20.9040675,55.2355663],[20.9044174,55.2360525],[20.90505,55.23639],[20.90639,55.23742],[20.90729,55.23819],[20.90863,55.23921],[20.90908,55.23973],[20.90952,55.23998],[20.90997,55.2405],[20.91042,55.24075],[20.91064,55.24126],[20.9118139,55.2422558],[20.913176,55.2430064],[20.914296,55.2439027],[20.9150542,55.2445537],[20.915702,55.24511],[20.91668,55.24562],[20.91713,55.24614],[20.91758,55.24639],[20.9182248,55.2469673],[20.9193328,55.2479725],[20.9193266,55.2483469],[20.9199912,55.2485251],[20.9204784,55.2489645],[20.9207748,55.2492594],[20.9211213,55.2494789],[20.92205,55.25025],[20.9227048,55.2508038],[20.9234,55.25152],[20.92384,55.25177],[20.92452,55.25254],[20.9256576,55.2536911],[20.9280588,55.2554989],[20.92944,55.25639],[20.9329928,55.2597559],[20.9372995,55.264083],[20.9373713,55.2641551],[20.9386533,55.2652762],[20.9405681,55.267107],[20.9426906,55.2697051],[20.9481755,55.2754754],[20.9537744,55.2808344],[20.9579254,55.284753],[20.9608431,55.2874565],[20.9608431,55.4],[23.0,55.4],[23.0,54.25]],[[20.9867415,55.2819503],[20.986749,55.2818222],[20.9867642,55.2815384],[20.9867557,55.2812759],[20.9867557,55.2810267],[20.9865978,55.280708],[20.9862818,55.2801859],[20.9857895,55.2796723],[20.9851689,55.2788647],[20.9850073,55.2786374],[20.9848709,55.2783277],[20.9846787,55.2779588],[20.9843239,55.2775197],[20.9840091,55.2770381],[20.9836534,55.2763597],[20.9833661,55.2756026],[20.9826469,55.2750755],[20.9825238,55.2747351],[20.9825044,55.2743383],[20.9825391,55.2740389],[20.98257,55.27382],[20.98257,55.27357],[20.9833857,55.2722436],[20.9841275,55.2714336],[20.985199,55.2706237],[20.9860873,55.2700923],[20.9864353,55.2698841],[20.9881867,55.269168],[20.9907212,55.2682523],[20.9929466,55.2676419],[20.9945744,55.2670314],[20.9960992,55.266327],[20.9975622,55.2657517],[20.998201,55.2654347],[20.9983452,55.2653056],[20.9982834,55.2651764],[20.9981804,55.2648947],[20.9978301,55.2646598],[20.9974798,55.2645659],[20.9971913,55.264425],[20.9969852,55.2643428],[20.9967174,55.2641432],[20.9964495,55.2641667],[20.995378,55.2639906],[20.9951514,55.2639202],[20.994595,55.2639084],[20.993709,55.2637675],[20.9934617,55.2637088],[20.9928642,55.2637088],[20.9924108,55.2635445],[20.9919781,55.2635327],[20.9909273,55.2633566],[20.9904945,55.2631687],[20.990103,55.2631218],[20.9895055,55.263157],[20.9880013,55.2627695],[20.9862704,55.2623821],[20.9852814,55.2623234],[20.9849723,55.2622529],[20.9843129,55.2622177],[20.9838184,55.262112],[20.9834269,55.2619946],[20.9828087,55.2619477],[20.9818197,55.261795],[20.9812839,55.2617246],[20.9807894,55.261525],[20.9804803,55.2615015],[20.9786258,55.2612079],[20.978358,55.2611257],[20.9774719,55.2609026],[20.976215,55.2606208],[20.9758711,55.2605496],[20.975535,55.2604799],[20.9749375,55.2603743],[20.9714346,55.2593644],[20.9710225,55.2591413],[20.9707958,55.258977],[20.970157,55.2587891],[20.969951,55.2586716],[20.9689619,55.2583898],[20.9685086,55.2583076],[20.9673959,55.2578849],[20.9667365,55.2577205],[20.966345,55.2576383],[20.964779,55.2571921],[20.9644081,55.2571334],[20.9637076,55.2568633],[20.9634191,55.2567811],[20.96243,55.2563701],[20.9615234,55.2561704],[20.9610907,55.2560413],[20.9604313,55.2559121],[20.9602252,55.2557712],[20.9597925,55.2556185],[20.9596277,55.2555245],[20.9593186,55.2553719],[20.9588241,55.2552662],[20.9583708,55.2549609],[20.9569284,55.2545381],[20.9566543,55.2544533],[20.9549915,55.2539392],[20.9546618,55.2537865],[20.9543527,55.2537043],[20.9542085,55.2535751],[20.9535697,55.2533755],[20.9517976,55.2526238],[20.9504789,55.2520014],[20.9503347,55.2518487],[20.949531,55.2514259],[20.9490777,55.2511205],[20.948748,55.2509561],[20.9478002,55.2503806],[20.9475735,55.250134],[20.9473057,55.2499578],[20.9469348,55.2496524],[20.9466936,55.2493226],[20.9464196,55.2489477],[20.9461106,55.2486658],[20.9461724,55.2484779],[20.9457603,55.2480551],[20.9456984,55.2479259],[20.9455336,55.2477379],[20.9455149,55.2474892],[20.945442,55.2473397],[20.9453546,55.24724],[20.94534,55.2471569],[20.9452818,55.2470573],[20.9452381,55.2469244],[20.9450924,55.2466254],[20.9450632,55.2464842],[20.9450341,55.2464011],[20.9449758,55.2463181],[20.9451215,55.2461187],[20.9453838,55.245936],[20.9453983,55.2458529],[20.9453838,55.2457616],[20.9455149,55.2455622],[20.9455877,55.2454875],[20.9457043,55.2453214],[20.9457043,55.2452383],[20.9456897,55.2451552],[20.9458063,55.2447898],[20.9458063,55.2447067],[20.9457917,55.2446403],[20.9458646,55.2445655],[20.945952,55.2444991],[20.9461268,55.2442582],[20.9461851,55.2441917],[20.9462871,55.2440007],[20.9462871,55.2439176],[20.9462434,55.2437349],[20.9461851,55.2436601],[20.946156,55.2435439],[20.9460977,55.2433777],[20.945952,55.243303],[20.9458791,55.2432199],[20.9458791,55.2430538],[20.9458354,55.2429209],[20.9457917,55.2428378],[20.9456606,55.2426634],[20.9455295,55.2424972],[20.9455003,55.2424059],[20.9453109,55.2416666],[20.9453255,55.2415918],[20.9453546,55.2414506],[20.9453546,55.2413592],[20.9452089,55.2411516],[20.9451943,55.2410602],[20.9451943,55.2408276],[20.9451506,55.2405867],[20.9451361,55.2405036],[20.9451943,55.2403126],[20.9451506,55.2402295],[20.9450632,55.2401049],[20.9450632,55.2400301],[20.9450778,55.239864],[20.9448447,55.2397394],[20.9448301,55.2396397],[20.9448592,55.2395566],[20.9447281,55.2394154],[20.9446261,55.2393406],[20.9446115,55.2392243],[20.9445533,55.2390914],[20.9445533,55.2390167],[20.944189,55.2387093],[20.9438247,55.2384933],[20.943781,55.2384185],[20.9436936,55.2382358],[20.9434459,55.2379948],[20.9430817,55.2378785],[20.9429651,55.2378121],[20.9428631,55.2376376],[20.94263,55.2375878],[20.9424697,55.2375379],[20.942018,55.2372139],[20.9416684,55.2370727],[20.9415372,55.2370145],[20.940969,55.2364496],[20.9408087,55.236217],[20.9408087,55.2361339],[20.9407213,55.2358764],[20.940357,55.2356521],[20.9401822,55.2354444],[20.9397742,55.2350788],[20.9392643,55.2347797],[20.9381132,55.2344972],[20.937953,55.2344806],[20.9369768,55.234248],[20.9367436,55.2341649],[20.9365834,55.2340818],[20.9358694,55.2338575],[20.9357529,55.233791],[20.9356072,55.2336996],[20.9351263,55.2335252],[20.9335965,55.2330267],[20.9324891,55.2325614],[20.932358,55.2325115],[20.932052,55.2324035],[20.9318772,55.2323869],[20.9311631,55.2321949],[20.930085,55.231905],[20.9293857,55.2317139],[20.9281734,55.2313237],[20.9274265,55.2311503],[20.9269111,55.230957],[20.9263356,55.2307326],[20.9261535,55.2306246],[20.9258766,55.2305498],[20.9256959,55.2305075],[20.9254687,55.2304543],[20.9252428,55.2303213],[20.9250968,55.2302411],[20.9248494,55.2301053],[20.9247839,55.2300803],[20.9243395,55.2298643],[20.9240772,55.2296981],[20.9239606,55.22964],[20.9237858,55.2295652],[20.9236619,55.2294655],[20.9236547,55.2294198],[20.923611,55.2292702],[20.9234143,55.2292245],[20.9230136,55.2291082],[20.9228096,55.2289586],[20.9226566,55.2288797],[20.921375,55.2285193],[20.9211564,55.2283946],[20.9209087,55.228162],[20.9207921,55.2281204],[20.9199908,55.2278462],[20.9189563,55.2273809],[20.9188397,55.2272396],[20.9187232,55.2271316],[20.9181549,55.226982],[20.9180384,55.2269238],[20.9178344,55.226766],[20.917747,55.2266829],[20.9174119,55.2265499],[20.9172953,55.2265084],[20.9167853,55.2262923],[20.9155469,55.2257605],[20.915372,55.2255444],[20.9152992,55.2254696],[20.9148475,55.2253283],[20.913711,55.2248297],[20.913609,55.2247549],[20.9133905,55.2244973],[20.9130991,55.224356],[20.9130845,55.2242064],[20.9129825,55.2241483],[20.9130262,55.2239904],[20.9128951,55.2238491],[20.9127348,55.2234834],[20.912356,55.2232258],[20.9123414,55.2231344],[20.9123414,55.2230513],[20.9123269,55.2229599],[20.9120063,55.2227022],[20.91152,55.2222412],[20.9111036,55.2218908],[20.9109569,55.2214711],[20.9109355,55.2212687],[20.9109646,55.2210626],[20.9110808,55.2208095],[20.9110031,55.220655],[20.9107912,55.2204744],[20.9106141,55.2202541],[20.9104371,55.220046],[20.9102601,55.2196758],[20.9101582,55.2191953],[20.9098953,55.2187057],[20.9096593,55.2182192],[20.9092516,55.2175276],[20.9090424,55.2170471],[20.9087688,55.2165575],[20.9085274,55.2161474],[20.908286,55.2157526],[20.9079051,55.2152629],[20.9075403,55.2148161],[20.9070682,55.2143662],[20.9067625,55.2140204],[20.9061509,55.213595],[20.905416,55.2129676],[20.9050029,55.2125575],[20.9045416,55.2119392],[20.9037832,55.2106672],[20.9034332,55.2100558],[20.9031703,55.2098018],[20.9028056,55.2095202],[20.9024086,55.2091069],[20.902178,55.2085438],[20.9017488,55.2078367],[20.9017843,55.2076694],[20.9017843,55.2076205],[20.9011319,55.207301],[20.9007919,55.2068277],[20.9002092,55.2063918],[20.899837,55.2058726],[20.8993938,55.2054981],[20.8985462,55.2048245],[20.8977469,55.2044664],[20.8972319,55.2042552],[20.8956025,55.203558],[20.8951291,55.2032833],[20.894531,55.2029266],[20.8923912,55.2014338],[20.8920586,55.2011491],[20.8915061,55.2007541],[20.8910984,55.2005551],[20.8906907,55.2002612],[20.8900738,55.1998602],[20.8895802,55.1995173],[20.8889902,55.1991621],[20.8887058,55.1989601],[20.8884966,55.198807],[20.888325,55.1986478],[20.8879924,55.1984273],[20.8876491,55.1981732],[20.8871374,55.1978789],[20.8854175,55.1966393],[20.8848649,55.1962504],[20.8843499,55.1959351],[20.8841461,55.195782],[20.8832985,55.1951604],[20.8825904,55.1945603],[20.881716,55.1938376],[20.8809113,55.193265],[20.8804071,55.1927812],[20.8799404,55.1922117],[20.8793342,55.1914431],[20.8787602,55.1905489],[20.8784813,55.1899671],[20.8784008,55.1895812],[20.8783364,55.1893883],[20.8781561,55.1892049],[20.8781165,55.1890882],[20.8780488,55.1889783],[20.8779737,55.1888895],[20.8768505,55.1874773],[20.8761156,55.1862063],[20.8752465,55.1834223],[20.8751795,55.1833381],[20.8750883,55.1831283],[20.8747584,55.1828527],[20.8743507,55.1824254],[20.8737498,55.1820318],[20.8731034,55.1814667],[20.8725911,55.1809812],[20.8720899,55.1806416],[20.8707063,55.1796235],[20.8693026,55.1787763],[20.8682783,55.1781784],[20.8669429,55.1773132],[20.8656503,55.1764726],[20.8654499,55.176221],[20.8649803,55.1759778],[20.8646596,55.1756572],[20.8637538,55.1750859],[20.8634299,55.1747481],[20.8629707,55.1744816],[20.86247,55.17412],[20.8616798,55.1735356],[20.86068,55.1729792],[20.8600961,55.1726542],[20.8597861,55.1724133],[20.85889,55.17194],[20.85867,55.17181],[20.85845,55.17168],[20.8577417,55.171211],[20.8572578,55.1707346],[20.8553361,55.1696678],[20.8543796,55.1690887],[20.8528418,55.1682301],[20.8519416,55.1676547],[20.8512899,55.1671762],[20.8502788,55.1664292],[20.8499499,55.166087],[20.84974,55.16565],[20.84952,55.16527],[20.849404,55.1651519],[20.8491099,55.1643819],[20.84886,55.16335],[20.84886,55.16309],[20.8489041,55.162645],[20.8489406,55.1623014],[20.8489905,55.1619104],[20.8490254,55.1614658],[20.8492534,55.1607845],[20.8496169,55.1598594],[20.8496214,55.159848],[20.8499897,55.1593707],[20.8499994,55.1593514],[20.8503971,55.158593],[20.851034,55.1580113],[20.8510545,55.1579926],[20.8514437,55.1576371],[20.8519366,55.1573052],[20.8520724,55.1572575],[20.8523819,55.157113],[20.852818,55.1569061],[20.8530369,55.1567526],[20.8533314,55.156649],[20.8536849,55.1566318],[20.8538582,55.1567486],[20.8540036,55.1567743],[20.8548592,55.1566052],[20.8557191,55.1566473],[20.8558738,55.1566019],[20.8548388,55.1553948],[20.8548662,55.1553173],[20.8553887,55.1549292],[20.8558629,55.1549128],[20.8561614,55.1548232],[20.8563382,55.1547196],[20.8564489,55.1547262],[20.8564505,55.1547705],[20.8563505,55.1548664],[20.8562293,55.154972],[20.8562006,55.155105],[20.8561287,55.1551915],[20.8560058,55.1552479],[20.8558253,55.1553104],[20.8556483,55.1553701],[20.8555587,55.1554908],[20.855497,55.1555974],[20.8555617,55.1557058],[20.8556596,55.1558184],[20.8557532,55.155951],[20.8557943,55.1559615],[20.8559213,55.1559939],[20.8559474,55.1559786],[20.8560812,55.1559001],[20.8564951,55.1557264],[20.8568769,55.1555505],[20.85716,55.15542],[20.8578193,55.1552419],[20.8585461,55.15497],[20.8588409,55.1549487],[20.8589989,55.1548709],[20.8593696,55.1547674],[20.859747,55.1546662],[20.86074,55.1544],[20.8622674,55.1539112],[20.8622818,55.1539068],[20.8631112,55.1536555],[20.863705,55.1532372],[20.8635205,55.1531078],[20.8630516,55.1532773],[20.862535,55.152843],[20.8618237,55.1524635],[20.8615029,55.1522125],[20.860601,55.1513342],[20.8602136,55.1511924],[20.8598942,55.1508461],[20.8596642,55.1504813],[20.8590312,55.1503338],[20.8589489,55.1501252],[20.8583976,55.1498728],[20.8571607,55.1488572],[20.8568642,55.14876],[20.8564239,55.1483702],[20.8558398,55.1480435],[20.8552565,55.1478479],[20.8546921,55.1474252],[20.8538497,55.1471738],[20.8534879,55.146995],[20.8534025,55.146802],[20.8523921,55.146464],[20.85183,55.14619],[20.8510541,55.1458877],[20.8508795,55.1456993],[20.850608,55.1455774],[20.8504335,55.1454998],[20.85005,55.14517],[20.8494057,55.1448681],[20.8491148,55.1447351],[20.84871,55.1444],[20.84737,55.14427],[20.84714,55.14414],[20.84692,55.14401],[20.84603,55.14375],[20.84513,55.14349],[20.84491,55.14337],[20.84469,55.14324],[20.84446,55.14311],[20.84424,55.14298],[20.84402,55.14285],[20.8438,55.14272],[20.84357,55.1426],[20.84335,55.14247],[20.84313,55.14235],[20.8429,55.14221],[20.84201,55.14195],[20.84179,55.14183],[20.84156,55.1417],[20.84134,55.14157],[20.84111,55.14144],[20.84089,55.14131],[20.84067,55.14117],[20.84045,55.14106],[20.84023,55.14093],[20.83933,55.14067],[20.83844,55.14041],[20.83822,55.14028],[20.83799,55.14017],[20.8371,55.1399],[20.83621,55.13964],[20.8360683,55.1395599],[20.83598,55.13951],[20.83576,55.13938],[20.83487,55.13913],[20.83264,55.13836],[20.83174,55.1381],[20.83152,55.13797],[20.8313,55.13784],[20.8304,55.13758],[20.83018,55.13746],[20.82996,55.13733],[20.82973,55.1372],[20.82951,55.13707],[20.8287648,55.1368323],[20.82839,55.13669],[20.82817,55.13656],[20.82795,55.13643],[20.82773,55.1363],[20.8275,55.13617],[20.82729,55.13604],[20.82706,55.13592],[20.82683,55.1358],[20.826455,55.1355465],[20.82572,55.13515],[20.8255,55.13502],[20.8246,55.13476],[20.82371,55.1345],[20.8211109,55.1334641],[20.81969,55.13296],[20.81746,55.13232],[20.81657,55.13219],[20.81568,55.13193],[20.81545,55.1318],[20.81523,55.13167],[20.81434,55.13141],[20.81411,55.13129],[20.81233,55.13052],[20.81211,55.13039],[20.81121,55.13013],[20.80718,55.12987],[20.80541,55.12961],[20.80496,55.12961],[20.80451,55.12961],[20.80362,55.12935],[20.80341,55.12922],[20.80317,55.1291],[20.80228,55.1291],[20.80183,55.1291],[20.80161,55.12896],[20.80139,55.12883],[20.8005,55.12858],[20.7996,55.12832],[20.79938,55.12819],[20.79916,55.12806],[20.79826,55.1278],[20.79804,55.12768],[20.79782,55.12755],[20.79759,55.12742],[20.79737,55.12729],[20.79715,55.12716],[20.79693,55.12703],[20.7963036,55.1267151],[20.79581,55.12639],[20.79559,55.12626],[20.7947,55.12613],[20.79381,55.12562],[20.79291,55.12498],[20.79269,55.12485],[20.79225,55.12434],[20.7918,55.12382],[20.79136,55.12331],[20.79091,55.1228],[20.79047,55.12228],[20.79003,55.12177],[20.7898,55.12164],[20.78958,55.12151],[20.78914,55.121],[20.7884647,55.1206366],[20.7855873,55.1193387],[20.7842694,55.1186996],[20.7836866,55.1182655],[20.7834169,55.1180029],[20.7834752,55.1178298],[20.7829483,55.1176262],[20.7825817,55.1173852],[20.7822327,55.1171559],[20.781613,55.1168243],[20.7809,55.11638],[20.78,55.11625],[20.77978,55.11612],[20.77956,55.11598],[20.77933,55.11586],[20.77911,55.11573],[20.77889,55.11561],[20.77844,55.11509],[20.778,55.11458],[20.77777,55.11445],[20.77755,55.11432],[20.77733,55.11419],[20.77711,55.11407],[20.77667,55.11355],[20.77622,55.11304],[20.776,55.11291],[20.77578,55.11278],[20.77533,55.11227],[20.77511,55.11214],[20.77489,55.11201],[20.77444,55.1115],[20.77422,55.11137],[20.774,55.11124],[20.77378,55.11111],[20.77356,55.11099],[20.77311,55.11047],[20.77289,55.11034],[20.77266,55.11022],[20.77244,55.11009],[20.77222,55.10996],[20.772,55.10983],[20.77177,55.1097],[20.77133,55.10919],[20.77089,55.10868],[20.77066,55.10855],[20.77044,55.10841],[20.77,55.10791],[20.76976,55.10778],[20.76955,55.10765],[20.76911,55.10714],[20.7689,55.10701],[20.76866,55.10688],[20.76822,55.10637],[20.768,55.10624],[20.76777,55.10611],[20.76755,55.10598],[20.76733,55.10585],[20.76688,55.10534],[20.76666,55.10522],[20.76644,55.10508],[20.766,55.10431],[20.76577,55.10418],[20.76554,55.10406],[20.7651,55.10329],[20.76489,55.10316],[20.76399,55.10304],[20.76377,55.10252],[20.76355,55.10239],[20.76266,55.10213],[20.76244,55.102],[20.76199,55.10149],[20.76177,55.10136],[20.76155,55.10123],[20.76133,55.1011],[20.7611,55.10097],[20.76066,55.10046],[20.76044,55.10033],[20.76021,55.1002],[20.75977,55.09943],[20.75933,55.09841],[20.75889,55.09738],[20.75845,55.09661],[20.75801,55.09559],[20.75779,55.09545],[20.75756,55.09533],[20.75712,55.09456],[20.7569,55.09443],[20.75668,55.09431],[20.75646,55.09354],[20.75557,55.09354],[20.75534,55.09302],[20.75512,55.09289],[20.7549,55.09277],[20.75468,55.09264],[20.75445,55.09251],[20.75423,55.09238],[20.75401,55.09225],[20.75379,55.09212],[20.75356,55.09199],[20.75334,55.09187],[20.75245,55.09161],[20.75223,55.09148],[20.75201,55.09097],[20.75067,55.09084],[20.75045,55.09071],[20.75023,55.09019],[20.74889,55.09006],[20.74867,55.08994],[20.74821,55.08942],[20.748,55.08929],[20.74711,55.08904],[20.74689,55.0889],[20.74667,55.08839],[20.74577,55.08826],[20.74555,55.08814],[20.74511,55.08737],[20.74489,55.08724],[20.74466,55.08711],[20.74422,55.08634],[20.74378,55.08583],[20.74355,55.08571],[20.7430133,55.0852507],[20.7423105,55.0848123],[20.7392006,55.0831617],[20.7382437,55.0826144],[20.73689,55.08184],[20.73666,55.08171],[20.73622,55.0812],[20.736,55.08107],[20.73578,55.08094],[20.73556,55.08082],[20.7344989,55.0801968],[20.734,55.07966],[20.73356,55.07916],[20.73311,55.07863],[20.73267,55.07812],[20.7321013,55.0773623],[20.73201,55.07722],[20.7318229,55.0767553],[20.7311737,55.0763507],[20.73112,55.0762],[20.72912,55.07504],[20.7281548,55.0743386],[20.7279248,55.0743191],[20.7272327,55.0737684],[20.7264009,55.0731304],[20.7260261,55.0730219],[20.7252648,55.0725818],[20.72467,55.07221],[20.72334,55.07144],[20.722407,55.0707703],[20.72158,55.0699],[20.72134,55.06977],[20.72112,55.06964],[20.7207986,55.0693146],[20.71979,55.06836],[20.7197041,55.0681862],[20.7195112,55.0681981],[20.7190448,55.0677671],[20.7173655,55.0661748],[20.71669,55.06553],[20.71625,55.06502],[20.7158107,55.0647385],[20.7152902,55.0640463],[20.7150066,55.063732],[20.71425,55.06335],[20.7140299,55.0629917],[20.7137087,55.0628717],[20.7134147,55.0626686],[20.713161,55.0626359],[20.7126792,55.0622531],[20.7120307,55.0620302],[20.7107221,55.0613524],[20.71003,55.06091],[20.70981,55.06078],[20.7086464,55.0600766],[20.7073385,55.0589717],[20.7070487,55.0586964],[20.7068422,55.0584143],[20.7063245,55.0581998],[20.7054238,55.0577165],[20.7047536,55.0575208],[20.70425,55.0573],[20.7027,55.05641],[20.7020729,55.0560732],[20.7012144,55.0553391],[20.6997731,55.0545777],[20.6978897,55.0536468],[20.6973794,55.0534339],[20.6959287,55.05268],[20.6947,55.05204],[20.6943083,55.051896],[20.693869,55.0517208],[20.6933975,55.0514779],[20.6920676,55.0509693],[20.6917402,55.0507296],[20.6905705,55.0501868],[20.6892848,55.0495201],[20.6886518,55.049166],[20.6876167,55.0485583],[20.687156,55.048256],[20.6867689,55.0480746],[20.6855685,55.0475279],[20.68448,55.04702],[20.6835041,55.0466801],[20.6832573,55.0465132],[20.6821266,55.04621],[20.68137,55.04585],[20.6809735,55.0456676],[20.6794297,55.0453317],[20.6778851,55.0446755],[20.6767,55.04418],[20.676207,55.0439762],[20.6759119,55.0438106],[20.675692,55.0435329],[20.6751662,55.0433313],[20.6748216,55.0430924],[20.6738415,55.0428416],[20.6732629,55.0425056],[20.6727139,55.0423867],[20.67213,55.042067],[20.6708164,55.0417388],[20.670405,55.0415591],[20.6702011,55.0413093],[20.66903,55.0402442],[20.6688266,55.0399393],[20.6686242,55.039788],[20.6679002,55.03962],[20.6675564,55.0393616],[20.667224,55.0392974],[20.6669204,55.0391269],[20.6668013,55.038921],[20.6665807,55.0387819],[20.6660945,55.0386174],[20.6657502,55.0383616],[20.6645426,55.0379064],[20.6638184,55.0377922],[20.6634371,55.0375648],[20.6632197,55.0375547],[20.6628026,55.0374488],[20.6625733,55.0372295],[20.6623962,55.0369239],[20.6617027,55.0367278],[20.6613801,55.0364284],[20.6609568,55.0362884],[20.6606334,55.0360742],[20.6605284,55.035748],[20.6602566,55.0354793],[20.6596,55.03517],[20.658995,55.0351644],[20.6580222,55.0347247],[20.6562818,55.0345216],[20.6561643,55.0344223],[20.6557672,55.0342337],[20.6554238,55.0341665],[20.655184,55.0341708],[20.6549486,55.0341034],[20.6548762,55.0341192],[20.6548274,55.034144],[20.6547516,55.0341563],[20.6546613,55.0341477],[20.6545553,55.0341308],[20.654259,55.0340965],[20.6534415,55.0339473],[20.6527628,55.0336824],[20.6525418,55.0336575],[20.6522994,55.0336664],[20.6513024,55.0334238],[20.6510132,55.0331423],[20.6504485,55.0330322],[20.6502455,55.0330412],[20.6500253,55.0329832],[20.6499032,55.0328934],[20.6495035,55.0329014],[20.6486443,55.0326575],[20.6482594,55.0327412],[20.647985,55.0327319],[20.6476571,55.0326451],[20.6474834,55.0324978],[20.6472114,55.0323406],[20.6468741,55.0322089],[20.6462556,55.032083],[20.6460949,55.0320073],[20.6453392,55.0319169],[20.6450135,55.031805],[20.6448502,55.0316616],[20.6446522,55.0315805],[20.6446471,55.0314845],[20.6444627,55.0314494],[20.6443254,55.0312368],[20.6441746,55.0312402],[20.6438662,55.0310614],[20.6437886,55.0309624],[20.643743,55.0308505],[20.6438047,55.0307417],[20.6436062,55.0306255],[20.6432789,55.0305763],[20.6427,55.03038],[20.64248,55.03025],[20.64226,55.03012],[20.6414719,55.029443],[20.64092,55.02936],[20.6407,55.02922],[20.6406903,55.0289322],[20.6404263,55.0288238],[20.6398696,55.0287719],[20.6395893,55.028703],[20.63915,55.0286476],[20.638305,55.0283544],[20.6382547,55.0281892],[20.6381744,55.0280816],[20.6382389,55.027971],[20.6379468,55.0279662],[20.6377472,55.0277691],[20.6378639,55.0276817],[20.6375253,55.0276338],[20.6372591,55.0273906],[20.6370108,55.0273721],[20.6367202,55.0270133],[20.6366853,55.0268131],[20.6367243,55.0267305],[20.636575,55.0266772],[20.6358372,55.0262339],[20.6357946,55.0260095],[20.6358761,55.0257834],[20.6355518,55.0256682],[20.6353648,55.0253392],[20.635189,55.0250768],[20.6348721,55.0247996],[20.6345773,55.0245474],[20.6345269,55.0243832],[20.6344121,55.0243415],[20.6343124,55.0241354],[20.6341973,55.0240979],[20.6341541,55.0240116],[20.6342058,55.0239748],[20.6341497,55.0239653],[20.6340928,55.0239083],[20.6340345,55.0239105],[20.6339855,55.023876],[20.6339437,55.0238046],[20.6339327,55.0237241],[20.6338579,55.0237049],[20.6338361,55.0236764],[20.6338452,55.0236474],[20.6338188,55.0236458],[20.63376,55.02358],[20.6337757,55.0235574],[20.6337531,55.0235282],[20.6337415,55.023422],[20.6336552,55.0233527],[20.6335578,55.0232756],[20.6334158,55.0232526],[20.6330145,55.0231379],[20.6326457,55.0227959],[20.6324642,55.0224957],[20.6319958,55.0224364],[20.6319855,55.0224351],[20.6317385,55.0223536],[20.6315194,55.0222193],[20.6314644,55.0220432],[20.631504,55.0218726],[20.631085,55.0218351],[20.6306641,55.0215052],[20.6305791,55.0213598],[20.6305854,55.0212144],[20.6306952,55.0210963],[20.6298026,55.020678],[20.6296744,55.0205854],[20.6294538,55.0203518],[20.6290574,55.0202587],[20.6288025,55.0201038],[20.6286684,55.0200977],[20.628507,55.0200376],[20.6283911,55.0199732],[20.6282712,55.0199065],[20.628337,55.0198495],[20.6280397,55.0197199],[20.6279865,55.0196754],[20.6278926,55.019646],[20.6278807,55.0195889],[20.6278088,55.019519],[20.6278157,55.0194937],[20.6277757,55.0194623],[20.6277149,55.0193263],[20.6277118,55.0192306],[20.627708,55.0191144],[20.6275634,55.0188254],[20.6271084,55.018525],[20.6269452,55.0183017],[20.6268673,55.0182192],[20.6266579,55.0178472],[20.6265737,55.0178034],[20.626391,55.0174959],[20.6264622,55.0173861],[20.6263119,55.0172592],[20.6259894,55.0171775],[20.6245147,55.0165177],[20.6242726,55.0164118],[20.6240536,55.0162983],[20.6229728,55.0161048],[20.6225811,55.0158065],[20.6221239,55.0156608],[20.6219846,55.0154615],[20.6217419,55.0154725],[20.6216694,55.015372],[20.6215769,55.0153884],[20.6214749,55.0152069],[20.6210215,55.0152892],[20.6210231,55.0153297],[20.6212176,55.0153862],[20.6212661,55.0154698],[20.6211767,55.0155353],[20.6207769,55.0151678],[20.6207868,55.0149308],[20.6207003,55.0148269],[20.6207304,55.0145876],[20.6205948,55.0145475],[20.6205385,55.0144523],[20.620595,55.0143472],[20.620567,55.0141817],[20.6203432,55.0140694],[20.6202866,55.0139007],[20.6203329,55.0136628],[20.6202002,55.0136071],[20.6200274,55.0133932],[20.6199766,55.0130989],[20.6197395,55.0125721],[20.6197925,55.0123486],[20.6197203,55.0122796],[20.619738,55.0114984],[20.6200383,55.011221],[20.6203586,55.0102658],[20.6205547,55.0101801],[20.6204905,55.0099241],[20.6202853,55.0098116],[20.6200686,55.0092281],[20.6207699,55.0090182],[20.6208275,55.0090224],[20.621014,55.008975],[20.6207573,55.008301],[20.6199897,55.007839],[20.6197561,55.0075574],[20.6197428,55.0075413],[20.6197225,55.0075169],[20.6197016,55.0074917],[20.6196487,55.0074278],[20.6195899,55.007357],[20.6195175,55.0072696],[20.6194914,55.0072382],[20.6194558,55.0071953],[20.6194489,55.0071869],[20.6194407,55.007177],[20.6194344,55.0071695],[20.6192449,55.006941],[20.6191576,55.0068885],[20.6189349,55.0068363],[20.6187624,55.0068303],[20.6186044,55.0067976],[20.6184675,55.0067689],[20.6180648,55.006689],[20.617491,55.0070358],[20.6172512,55.0068959],[20.6178021,55.0065508],[20.6172674,55.0062536],[20.6161937,55.0061595],[20.6160264,55.0060795],[20.6160096,55.0060133],[20.6159097,55.0060091],[20.6158881,55.006056],[20.6157353,55.0060754],[20.6156354,55.0061064],[20.6146866,55.0060233],[20.6144256,55.0063833],[20.6143258,55.006372],[20.6143114,55.0062437],[20.6142344,55.0060946],[20.6140996,55.0059912],[20.6138397,55.0059208],[20.6135702,55.005867],[20.6133602,55.0059262],[20.6130673,55.0059774],[20.6127569,55.0059484],[20.6125548,55.0058946],[20.6125139,55.00578],[20.6123529,55.0057272],[20.6122035,55.0057041],[20.6120736,55.0057248],[20.6119581,55.005769],[20.6117439,55.0057497],[20.6115225,55.0056393],[20.6114166,55.0056324],[20.611318,55.0055565],[20.6110779,55.0053959],[20.6090895,55.0049984],[20.6068889,55.004358],[20.6052291,55.0035292],[20.6030443,55.0028547],[20.6022013,55.0024733],[20.6016787,55.0019547],[20.6012091,55.0018595],[20.60107,55.00195],[20.6015,55.0022804],[20.6014826,55.0023951],[20.6011675,55.0024307],[20.6009531,55.0023333],[20.6007989,55.0022632],[20.6006915,55.002086],[20.6004163,55.0017765],[20.6003051,55.0016448],[20.6004209,55.0015404],[20.6006876,55.0015411],[20.6007804,55.001444],[20.6007162,55.0005866],[20.6007623,54.9998202],[20.6005583,54.999274],[20.5997932,54.9988411],[20.5987361,54.9979897],[20.5972994,54.9972377],[20.5965355,54.9962449],[20.5952654,54.9962027],[20.5942636,54.9958192],[20.5931989,54.99509],[20.5922226,54.9939997],[20.5908322,54.9935937],[20.5909776,54.993259],[20.5897991,54.9929679],[20.5879201,54.991449],[20.5867417,54.9901966],[20.5860596,54.9889479],[20.5860096,54.9883111],[20.5858321,54.9880397],[20.5852055,54.9876592],[20.5843869,54.9868977],[20.583555,54.9862996],[20.5826808,54.9860352],[20.5797612,54.9844235],[20.5755763,54.9831766],[20.5747748,54.9827607],[20.5721009,54.9823896],[20.5693208,54.9816979],[20.5670938,54.9813904],[20.5653333,54.9811273],[20.5637357,54.9806788],[20.5621181,54.9805301],[20.5603395,54.9802517],[20.5591638,54.9797342],[20.5571789,54.9795218],[20.5547298,54.9788205],[20.5527243,54.9785224],[20.55099,54.97821],[20.54966,54.9779817],[20.5485873,54.978223],[20.5480211,54.9784769],[20.5469763,54.9787464],[20.5462514,54.9786674],[20.5454102,54.9787084],[20.5442937,54.9786756],[20.54341,54.97844],[20.5428109,54.978145],[20.54252,54.97831],[20.5418992,54.9783905],[20.5411595,54.9784009],[20.5404201,54.9782971],[20.5396405,54.9781787],[20.5393119,54.9779537],[20.5391865,54.9777574],[20.5385766,54.9777646],[20.5379632,54.9777229],[20.5376025,54.9774752],[20.5374673,54.9770689],[20.537246,54.9769515],[20.537141,54.9768768],[20.5370327,54.9767999],[20.5371037,54.9766001],[20.5374487,54.9763257],[20.5378664,54.9760967],[20.5380813,54.9758279],[20.5380218,54.9755686],[20.5376194,54.9753249],[20.5368766,54.9750463],[20.5365143,54.9747128],[20.5360034,54.9744541],[20.5353956,54.9734341],[20.5351435,54.9728704],[20.5348118,54.9725421],[20.5341148,54.972179],[20.5343295,54.9719802],[20.5336215,54.9705341],[20.5333827,54.9690264],[20.5331123,54.9683804],[20.5326383,54.9681943],[20.5320863,54.968128],[20.5316902,54.9681193],[20.5314769,54.9682388],[20.5311874,54.9685333],[20.5310096,54.9685653],[20.5311569,54.9683146],[20.5312534,54.9680989],[20.531614,54.9679298],[20.5318177,54.9678437],[20.5322016,54.9676814],[20.5327455,54.9675443],[20.5330693,54.9672843],[20.5333459,54.9665617],[20.5338213,54.9661064],[20.5343384,54.9649734],[20.5344283,54.9633911],[20.5341638,54.9630752],[20.5335883,54.9627776],[20.53358,54.9623551],[20.5335229,54.9621096],[20.5336709,54.9619298],[20.5340928,54.9617746],[20.5343848,54.9616066],[20.5347142,54.9607291],[20.5351134,54.9601784],[20.5351058,54.9597689],[20.5348292,54.959387],[20.5341908,54.9590985],[20.5334496,54.959013],[20.5321876,54.9587351],[20.5310745,54.9585571],[20.5300517,54.9582439],[20.5292862,54.9581495],[20.5287285,54.9583841],[20.5305516,54.9607136],[20.5307729,54.961724],[20.5296137,54.9607438],[20.5282677,54.9584373],[20.5280855,54.9582778],[20.527698,54.9580129],[20.52719,54.95776],[20.52696,54.95763],[20.52674,54.9575],[20.52652,54.95738],[20.5263,54.95686],[20.52541,54.95673],[20.52364,54.95647],[20.52275,54.95646],[20.5223,54.95646],[20.52097,54.95646],[20.52008,54.95645],[20.51919,54.95645],[20.51831,54.95645],[20.51652,54.95618],[20.5163,54.95605],[20.51608,54.95593],[20.51563,54.95592],[20.51474,54.95592],[20.51341,54.95566],[20.51319,54.95552],[20.51297,54.9554],[20.51275,54.95527],[20.51253,54.95514],[20.5123,54.95501],[20.5120177,54.9547188],[20.511837,54.9544043],[20.511703,54.9539965],[20.5121302,54.9539823],[20.5126204,54.95399],[20.51276,54.95425],[20.5132648,54.9545445],[20.51386,54.95489],[20.51431,54.95515],[20.51608,54.95541],[20.51786,54.95568],[20.52008,54.95594],[20.52053,54.95594],[20.5216133,54.9556678],[20.5216957,54.9556471],[20.52276,54.95493],[20.5236219,54.9544741],[20.52455,54.95442],[20.5249044,54.9541215],[20.5249751,54.9532071],[20.524468,54.9527824],[20.5250807,54.9529644],[20.526426,54.9519377],[20.5277854,54.9514401],[20.5293609,54.950303],[20.5296171,54.9507961],[20.5295956,54.9511781],[20.5268891,54.9521951],[20.5261265,54.9530918],[20.52589,54.95404],[20.5261,54.95481],[20.526588,54.9551596],[20.5271237,54.9555754],[20.5273165,54.9554614],[20.5277202,54.9556433],[20.5274092,54.9558336],[20.5275178,54.9561519],[20.5277934,54.956414],[20.5281567,54.9565638],[20.5286631,54.9564614],[20.5287438,54.9562392],[20.5289823,54.9560054],[20.52937,54.9558669],[20.5297033,54.9559094],[20.5298916,54.955726],[20.5303979,54.9556995],[20.5310576,54.9557084],[20.5314015,54.9558632],[20.5316367,54.9558368],[20.5314719,54.9556291],[20.5324502,54.9555069],[20.5327828,54.9554243],[20.5334616,54.9552056],[20.5339372,54.9551968],[20.5342762,54.9553803],[20.5345628,54.9552107],[20.5345355,54.9549237],[20.5344142,54.9545519],[20.534689,54.954351],[20.5343341,54.9543438],[20.5343762,54.9540034],[20.5340561,54.9539286],[20.5339076,54.9544681],[20.5335907,54.9547667],[20.5324809,54.9550905],[20.5321022,54.9550629],[20.5316086,54.9547893],[20.531184,54.9545205],[20.531,54.95432],[20.53078,54.95419],[20.53056,54.95406],[20.5301369,54.9538331],[20.5277633,54.9555148],[20.5275542,54.9553717],[20.52945,54.9538],[20.52968,54.95355],[20.52968,54.95329],[20.528713,54.9524969],[20.5291399,54.9521108],[20.5304695,54.9531613],[20.5323735,54.9520119],[20.5340123,54.9518276],[20.5341934,54.9520964],[20.53391,54.95292],[20.5341128,54.9537021],[20.5345803,54.9536285],[20.5351736,54.9530842],[20.5357,54.95254],[20.5361509,54.9522132],[20.536505,54.951708],[20.536505,54.9511165],[20.5369234,54.9505127],[20.5375457,54.9500506],[20.5381679,54.9495084],[20.538758,54.9489415],[20.5394769,54.9486334],[20.5403244,54.9481774],[20.5407965,54.9477215],[20.5412686,54.9470683],[20.54156,54.94616],[20.542,54.94604],[20.5427532,54.9452633],[20.5421823,54.94476],[20.5424969,54.9445542],[20.5432073,54.9447932],[20.54402,54.94464],[20.5438,54.94438],[20.54425,54.94425],[20.5440967,54.9440481],[20.5449582,54.9439697],[20.54603,54.94375],[20.5469936,54.9429989],[20.5481818,54.9428337],[20.5484329,54.9422474],[20.5493118,54.941861],[20.5498361,54.9416129],[20.5505074,54.9413889],[20.5519951,54.9411572],[20.5526319,54.9404505],[20.5527705,54.9404571],[20.554691,54.940549],[20.5547685,54.9400839],[20.55542,54.93981],[20.5563,54.93969],[20.5572,54.93943],[20.5585927,54.9390134],[20.5584015,54.9397573],[20.5586781,54.9400755],[20.5590728,54.9400552],[20.5600418,54.9396078],[20.5602758,54.9398155],[20.5610445,54.9397556],[20.56165,54.93945],[20.5623503,54.9392392],[20.5629821,54.9388645],[20.564193,54.9385597],[20.5643812,54.9383787],[20.5646852,54.9381437],[20.5652214,54.937971],[20.56612,54.93793],[20.5670591,54.9381277],[20.568716,54.9380816],[20.5695193,54.9380276],[20.5694324,54.9377613],[20.5690525,54.9376808],[20.5695323,54.9373789],[20.5702929,54.9368517],[20.5715891,54.9363278],[20.572042,54.9358648],[20.5725565,54.9353387],[20.5730703,54.9350752],[20.5736157,54.9349872],[20.5740335,54.9340641],[20.5749051,54.9341157],[20.5759326,54.9342226],[20.5780026,54.9336427],[20.5784471,54.9339409],[20.578542,54.9343295],[20.577915,54.9344627],[20.5783352,54.9350436],[20.5790932,54.9352405],[20.5790137,54.9359368],[20.5794582,54.9362609],[20.5800812,54.9368499],[20.579812,54.9369831],[20.5809401,54.9378618],[20.5809107,54.9381887],[20.5814358,54.9380462],[20.5814853,54.937647],[20.5819912,54.937278],[20.5816552,54.9370764],[20.5828192,54.9354116],[20.5821951,54.9352633],[20.5823611,54.9351063],[20.5830851,54.9351469],[20.5838631,54.9345884],[20.5842623,54.9344177],[20.5846521,54.9343679],[20.5853079,54.9340835],[20.585897,54.9338396],[20.586722,54.9333772],[20.587364,54.9333556],[20.5887305,54.9331584],[20.5898796,54.9332421],[20.5910173,54.9331739],[20.5914665,54.9332677],[20.5918473,54.9335928],[20.5922666,54.9339249],[20.5927862,54.9341133],[20.5932893,54.9342551],[20.5936127,54.9343778],[20.593838,54.9345365],[20.5941056,54.9347466],[20.5948992,54.9351331],[20.59572,54.93586],[20.5962887,54.9363465],[20.5966,54.93688],[20.59659,54.93714],[20.5966118,54.9371955],[20.5968743,54.9378645],[20.59703,54.93816],[20.5970361,54.9384335],[20.5968168,54.938722],[20.5965063,54.9390775],[20.5964259,54.9393308],[20.5964683,54.9395299],[20.5967412,54.9398317],[20.5970041,54.9399897],[20.5971801,54.9400305],[20.5975549,54.939992],[20.6000222,54.9392401],[20.6010299,54.9388502],[20.60259,54.93857],[20.60437,54.93832],[20.60481,54.93832],[20.60615,54.93832],[20.60748,54.93833],[20.60793,54.93833],[20.60926,54.93833],[20.60971,54.93833],[20.61015,54.93834],[20.61192,54.9386],[20.61415,54.93886],[20.6146571,54.9389341],[20.61593,54.93912],[20.6164612,54.9392598],[20.6177,54.93964],[20.6185799,54.9399401],[20.61992,54.94016],[20.62038,54.94016],[20.62082,54.94016],[20.6217,54.94042],[20.62214,54.94055],[20.62215,54.94004],[20.62348,54.94017],[20.62392,54.94017],[20.62437,54.93992],[20.62571,54.93965],[20.6266,54.93967],[20.62704,54.93992],[20.62748,54.94005],[20.62771,54.93954],[20.62794,54.93852],[20.63195,54.93866],[20.63283,54.93892],[20.63461,54.93892],[20.63506,54.93867],[20.63551,54.93867],[20.63596,54.93892],[20.63684,54.93919],[20.63728,54.93944],[20.63772,54.93944],[20.63817,54.93919],[20.63951,54.93907],[20.63928,54.93881],[20.63929,54.93855],[20.63951,54.93804],[20.63996,54.93804],[20.64017,54.9383],[20.6404,54.93881],[20.64129,54.93882],[20.64151,54.93856],[20.64196,54.93831],[20.64219,54.93754],[20.64263,54.93767],[20.64352,54.9378],[20.64337,54.93797],[20.64307,54.93805],[20.64307,54.93856],[20.64351,54.93857],[20.64368,54.93814],[20.64397,54.93805],[20.64397,54.93754],[20.6453,54.93767],[20.64619,54.93781],[20.64619,54.93729],[20.64708,54.93742],[20.64752,54.93768],[20.64797,54.93768],[20.64842,54.93756],[20.64864,54.93781],[20.64863,54.93807],[20.64841,54.93832],[20.64974,54.93821],[20.65019,54.93794],[20.65154,54.93782],[20.65154,54.93731],[20.65198,54.93719],[20.65242,54.93719],[20.65287,54.93744],[20.65331,54.93744],[20.65375,54.93744],[20.65509,54.93757],[20.65509,54.93706],[20.65554,54.93694],[20.65643,54.93668],[20.65732,54.93643],[20.65777,54.93643],[20.65821,54.93643],[20.65955,54.93618],[20.6598773,54.9361733],[20.6600436,54.9362703],[20.6601494,54.9364684],[20.6603587,54.9365393],[20.6609069,54.9364745],[20.660992,54.9363524],[20.660735,54.9362137],[20.66066,54.93605],[20.66089,54.93554],[20.66133,54.93542],[20.66178,54.93542],[20.6630938,54.935448],[20.663267,54.9354932],[20.6633318,54.9355225],[20.6633749,54.935501],[20.6634295,54.9354309],[20.6636247,54.9354285],[20.6637999,54.9353716],[20.663863,54.9353724],[20.664,54.93542],[20.6640152,54.9354284],[20.6641005,54.9354401],[20.6643462,54.9353363],[20.664729,54.9353502],[20.6650678,54.9352777],[20.6652918,54.9352678],[20.6653836,54.9353041],[20.6655042,54.9355614],[20.6655789,54.9356109],[20.66578,54.93568],[20.6660957,54.9357263],[20.6661244,54.935667],[20.6662163,54.9356307],[20.666268,54.9356373],[20.6663197,54.9357],[20.6663714,54.9356868],[20.6665035,54.935568],[20.6666068,54.9355614],[20.6667963,54.9356901],[20.6668595,54.9358319],[20.6667734,54.9359474],[20.6667734,54.9360497],[20.6668078,54.9361189],[20.6669227,54.9361981],[20.6670777,54.9362377],[20.6671294,54.9362344],[20.6671696,54.9362113],[20.6672328,54.936142],[20.6672385,54.9360794],[20.6672902,54.9360233],[20.6672443,54.9359606],[20.66725,54.9359276],[20.6673189,54.9358385],[20.6673534,54.9358154],[20.6674453,54.9357791],[20.6676003,54.9357395],[20.6677496,54.9357725],[20.6678989,54.9357494],[20.6679564,54.9357494],[20.6680597,54.9357725],[20.6681114,54.9357758],[20.6682148,54.9357659],[20.6682665,54.9357758],[20.6683124,54.9357956],[20.668433,54.9358748],[20.6686857,54.935954],[20.6686857,54.9359903],[20.6685651,54.9359639],[20.6684962,54.9359639],[20.6684043,54.93602],[20.6683871,54.9360563],[20.6685019,54.9361816],[20.6686168,54.9361882],[20.6687489,54.9361255],[20.6689211,54.936109],[20.6692025,54.936274],[20.6693978,54.9363268],[20.6694265,54.9364291],[20.6693461,54.9366006],[20.6693518,54.9366732],[20.6694035,54.9367392],[20.6694437,54.9367689],[20.6695414,54.9368151],[20.669593,54.9368315],[20.6696964,54.936848],[20.6697998,54.936825],[20.6698342,54.9366699],[20.6698572,54.9366237],[20.6699031,54.9366072],[20.6702994,54.9366171],[20.6703511,54.9366303],[20.6704315,54.9367227],[20.670621,54.9367953],[20.6707358,54.9368744],[20.6708794,54.9369338],[20.6710287,54.9369767],[20.6710804,54.9369866],[20.6711953,54.9369866],[20.6713905,54.9369206],[20.6717523,54.9368711],[20.6718786,54.9369008],[20.671959,54.9369503],[20.6720624,54.9369635],[20.672206,54.9370163],[20.6722175,54.9370493],[20.6721715,54.9371582],[20.672183,54.9371944],[20.6722289,54.9372142],[20.6722806,54.9372241],[20.672338,54.9372241],[20.6724931,54.9372043],[20.6728204,54.9372505],[20.67288,54.93724],[20.6729238,54.9372571],[20.6731248,54.9372142],[20.6732454,54.9372175],[20.673343,54.9372439],[20.6733947,54.937234],[20.6734406,54.9370724],[20.6735842,54.9370031],[20.6736761,54.9369206],[20.6737048,54.9368579],[20.6737048,54.9366963],[20.6737335,54.9366303],[20.6738828,54.9365841],[20.6741275,54.9365815],[20.6741929,54.9365808],[20.674349,54.9365508],[20.6746074,54.9364254],[20.6746476,54.9363331],[20.6748371,54.9362605],[20.6750955,54.9362572],[20.6751415,54.9362737],[20.6752965,54.9362737],[20.6753942,54.9362968],[20.6755377,54.936277],[20.6755894,54.9362935],[20.6755894,54.9363265],[20.6755549,54.9363594],[20.6755664,54.9363957],[20.6756124,54.9364188],[20.6756641,54.9364881],[20.6757674,54.9365145],[20.6762383,54.936564],[20.6765542,54.9366135],[20.6766977,54.9366762],[20.6767724,54.9367256],[20.6768069,54.9367553],[20.6768126,54.9367883],[20.6767437,54.936851],[20.6767322,54.9369236],[20.6765484,54.9371347],[20.6765427,54.9372403],[20.676491,54.9373822],[20.676514,54.9374118],[20.6765714,54.9374283],[20.6766748,54.9374481],[20.6768987,54.9374613],[20.6770423,54.937524],[20.6771974,54.9375504],[20.6773582,54.9375471],[20.677519,54.9375141],[20.6775649,54.9374943],[20.6776108,54.9374679],[20.6776453,54.9374349],[20.6777085,54.937336],[20.6778061,54.9372568],[20.6779611,54.9372469],[20.6781047,54.9373096],[20.6782081,54.9372931],[20.6782655,54.9372337],[20.6783516,54.9370358],[20.6783861,54.9370127],[20.6784378,54.9370028],[20.6785412,54.9370259],[20.6787594,54.9370259],[20.6788283,54.9369698],[20.6788398,54.9369038],[20.6788053,54.9368741],[20.678478,54.9367751],[20.6783402,54.936696],[20.6782827,54.9366828],[20.6782253,54.9366993],[20.6782598,54.9367256],[20.6782196,54.9367586],[20.6781564,54.936752],[20.6780932,54.936696],[20.6780703,54.9366663],[20.6780588,54.9366366],[20.6780358,54.9365376],[20.6780473,54.9365046],[20.6780645,54.9364749],[20.6781219,54.9364188],[20.6781621,54.9363891],[20.67823,54.93636],[20.6782827,54.9363594],[20.6783287,54.9363397],[20.6783976,54.9362506],[20.679638,54.9357887],[20.679839,54.9357392],[20.6799251,54.9356963],[20.6800687,54.9356567],[20.6802353,54.93566],[20.6803329,54.935693],[20.6804362,54.9356699],[20.6804707,54.9356468],[20.680465,54.9355512],[20.6805683,54.9354753],[20.6807291,54.9353796],[20.6809646,54.9352938],[20.6810852,54.9352278],[20.6811024,54.9351948],[20.6810565,54.9351685],[20.6810622,54.9351058],[20.6810105,54.9350827],[20.6809588,54.9350101],[20.6809761,54.9349441],[20.6809588,54.9349111],[20.6809933,54.9348451],[20.6811483,54.9347659],[20.6813149,54.9347297],[20.6814699,54.9347462],[20.6816307,54.9347132],[20.682004,54.9347099],[20.6824577,54.9345746],[20.6825783,54.9344888],[20.682785,54.9344096],[20.6832042,54.9343206],[20.6834799,54.9343074],[20.6836809,54.9342678],[20.6838934,54.9342711],[20.6839967,54.9342876],[20.6842149,54.9343931],[20.6842437,54.9344261],[20.6841862,54.9344888],[20.6841977,54.9345548],[20.6842322,54.9346175],[20.6842781,54.9346406],[20.6844332,54.9346736],[20.684548,54.9346802],[20.6847548,54.9346439],[20.6852716,54.9346241],[20.6859263,54.9345218],[20.6863685,54.9344228],[20.6868221,54.9343469],[20.6872816,54.934149],[20.6875917,54.9340797],[20.6879707,54.9340632],[20.6882406,54.9340269],[20.6885335,54.9339378],[20.6888149,54.9337861],[20.6888034,54.9337531],[20.6887402,54.9337465],[20.6887057,54.9336838],[20.6887804,54.9333703],[20.688878,54.9332846],[20.6892743,54.9330437],[20.6895212,54.9328227],[20.6898141,54.9327336],[20.6900323,54.9326412],[20.6900668,54.9326148],[20.690084,54.9325059],[20.6901184,54.9324795],[20.6902907,54.9324762],[20.6903884,54.9324531],[20.6905262,54.932397],[20.6906066,54.9323079],[20.6906812,54.9322618],[20.6908995,54.9322618],[20.6909454,54.9322486],[20.6910143,54.9321925],[20.6911119,54.9321694],[20.691244,54.9320803],[20.691244,54.9320473],[20.6913014,54.9319912],[20.6913359,54.9318724],[20.691468,54.9318262],[20.6914967,54.9317668],[20.6916058,54.9317602],[20.6916575,54.9317041],[20.6917551,54.9316679],[20.6918125,54.9315755],[20.69187,54.9315788],[20.692048,54.9314699],[20.6920825,54.9314435],[20.6920767,54.9313412],[20.6920997,54.9313148],[20.6922088,54.9312653],[20.6923868,54.9310838],[20.6924207,54.9307427],[20.6924518,54.93043],[20.6930844,54.9327225],[20.6934991,54.9342156],[20.6955379,54.9339964],[20.6975552,54.9337795],[20.6974921,54.9337036],[20.6969695,54.9337531],[20.6968604,54.9337168],[20.6966536,54.9337102],[20.6965445,54.9336706],[20.6964814,54.933664],[20.6962402,54.9337267],[20.6960909,54.9336871],[20.6956257,54.9336772],[20.6954706,54.9336178],[20.695396,54.933697],[20.6952697,54.9336838],[20.6950629,54.9337036],[20.6950399,54.9337366],[20.6949768,54.9337465],[20.6949308,54.9337168],[20.694592,54.9336508],[20.6945174,54.9335947],[20.6944657,54.9334957],[20.6943623,54.9334495],[20.6942991,54.9334429],[20.6942475,54.9333802],[20.6941096,54.9333011],[20.6940063,54.9329744],[20.6940292,54.9329117],[20.6939144,54.9328062],[20.6938799,54.9326775],[20.6937995,54.9326181],[20.6937708,54.9325455],[20.6937306,54.9325158],[20.6937708,54.9324564],[20.6936674,54.9322651],[20.6937019,54.9321331],[20.6939718,54.9319021],[20.6941498,54.9318196],[20.6942187,54.9317771],[20.6943853,54.9316744],[20.6945633,54.9316019],[20.6946724,54.93146],[20.6946839,54.9313841],[20.6948734,54.9313148],[20.6950974,54.9313115],[20.6952524,54.9313379],[20.695373,54.9314072],[20.6954764,54.9314237],[20.6955223,54.9314897],[20.6960679,54.9316316],[20.696355,54.9316349],[20.6965618,54.9316052],[20.6966651,54.9316349],[20.6967226,54.9316349],[20.696935,54.9316019],[20.6971475,54.9316019],[20.6972968,54.9316415],[20.6973485,54.9316349],[20.6973657,54.9316679],[20.6974174,54.931681],[20.6977046,54.9316744],[20.6977103,54.9317074],[20.6978539,54.9317536],[20.6978711,54.9317866],[20.6979228,54.9318097],[20.6980836,54.9317998],[20.6982673,54.9318625],[20.6985889,54.9318757],[20.6987899,54.9318229],[20.6990943,54.9318526],[20.6991345,54.9318295],[20.6992493,54.9318097],[20.6995365,54.9318097],[20.6998523,54.9318559],[20.7000591,54.9318295],[20.7003347,54.9318757],[20.7005415,54.9318262],[20.7006448,54.9318196],[20.7006965,54.9318823],[20.7007941,54.9319021],[20.7008171,54.9319351],[20.7009205,54.9319186],[20.70111,54.9319582],[20.7011904,54.9320044],[20.7013167,54.9319582],[20.7014258,54.9319615],[20.701466,54.9319846],[20.7014545,54.9320176],[20.7016096,54.9320077],[20.7016441,54.9320374],[20.7016957,54.9321034],[20.7016498,54.9321298],[20.7016211,54.9322387],[20.70169,54.9322914],[20.7016268,54.9323046],[20.7015235,54.9322618],[20.7013397,54.9322914],[20.7012995,54.9323211],[20.7013339,54.9323508],[20.7014373,54.9323739],[20.7015062,54.9324135],[20.701551,54.9325697],[20.7016141,54.9326423],[20.70183,54.9327],[20.70228,54.93295],[20.70272,54.93295],[20.70317,54.93295],[20.704109,54.9329046],[20.7042424,54.932828],[20.7042424,54.932609],[20.7045093,54.9324666],[20.7048333,54.932379],[20.7055194,54.932379],[20.7062246,54.9324338],[20.7067773,54.9323681],[20.7069489,54.93239],[20.707311,54.9326418],[20.7075016,54.9326418],[20.7078447,54.9325871],[20.708283,54.93239],[20.7086261,54.9323462],[20.7087595,54.9324228],[20.7084546,54.9326199],[20.708588,54.9327185],[20.7091407,54.9327075],[20.7094838,54.9326528],[20.7096363,54.9325871],[20.7096363,54.9324776],[20.7092551,54.9323571],[20.7091217,54.9321381],[20.70918,54.93208],[20.7091788,54.9318753],[20.7092741,54.9317767],[20.7094457,54.9317439],[20.70956,54.9316672],[20.70956,54.9313606],[20.7107036,54.9309554],[20.7113707,54.9308569],[20.7115422,54.9308459],[20.7117328,54.9308678],[20.7120759,54.9309554],[20.712438,54.9309883],[20.7135053,54.9308897],[20.7136959,54.9308897],[20.714039,54.9309445],[20.7148204,54.931284],[20.7147061,54.9316125],[20.7147823,54.9317329],[20.7155066,54.9318315],[20.715983,54.9319957],[20.7166692,54.9321381],[20.7174641,54.9321985],[20.7176661,54.9321793],[20.7177753,54.9321475],[20.7178722,54.9321414],[20.7180204,54.9321437],[20.7181726,54.9321319],[20.7183056,54.9321225],[20.7184265,54.9320945],[20.7185604,54.9320313],[20.7186836,54.9319349],[20.7187549,54.9318497],[20.7187978,54.9317623],[20.7187711,54.9316073],[20.7186997,54.9314522],[20.7186232,54.9313244],[20.7186269,54.9312779],[20.7186391,54.9312577],[20.7186727,54.9312421],[20.718715,54.931244],[20.7187626,54.9312575],[20.7189011,54.9312991],[20.7189975,54.9313158],[20.7191341,54.9313078],[20.7193764,54.9312685],[20.7196833,54.9312247],[20.7198119,54.9312049],[20.7199441,54.9311627],[20.7200236,54.9311569],[20.7201952,54.9311856],[20.7202845,54.9312125],[20.7203348,54.9312556],[20.7204237,54.9313654],[20.7205213,54.9314426],[20.7205908,54.9314662],[20.7206709,54.9314838],[20.72079,54.9315023],[20.720909,54.9314985],[20.7214158,54.9313696],[20.7217009,54.9313825],[20.7220249,54.9312949],[20.7225395,54.9313606],[20.7228826,54.9313278],[20.723035,54.9313825],[20.72319,54.93135],[20.7231494,54.9316891],[20.7232638,54.9317986],[20.7234162,54.9318753],[20.7235878,54.9319191],[20.7236831,54.9321381],[20.7243501,54.9323243],[20.7245217,54.9323133],[20.72452,54.93225],[20.724617,54.93216],[20.7249219,54.9320395],[20.7250935,54.9320395],[20.7254175,54.9321491],[20.7256081,54.9321491],[20.7257415,54.9320833],[20.7259028,54.9322148],[20.7261319,54.9322999],[20.7263745,54.9323232],[20.7266171,54.9322922],[20.7271157,54.9320521],[20.7271966,54.931905],[20.72719,54.93161],[20.7286791,54.9315876],[20.7292855,54.931665],[20.72942,54.93162],[20.7296494,54.9316882],[20.7295551,54.9317579],[20.7293934,54.9317734],[20.7292855,54.9318508],[20.7292721,54.931936],[20.729582,54.9323309],[20.7296764,54.9323851],[20.7299055,54.9324703],[20.7303,54.93251],[20.7306467,54.9323928],[20.7307276,54.9323309],[20.7307141,54.9322457],[20.7309837,54.9322225],[20.7312397,54.9322535],[20.7312936,54.9323309],[20.7312397,54.9325864],[20.7314554,54.9327877],[20.7315632,54.9328419],[20.7316845,54.9328574],[20.7318058,54.9328497],[20.7319271,54.9328187],[20.7320079,54.9327645],[20.7321023,54.9328342],[20.7324392,54.932749],[20.7327896,54.9328342],[20.7333556,54.9326793],[20.7335982,54.9326639],[20.7341508,54.9328652],[20.734919,54.9328497],[20.7351615,54.9328884],[20.7355659,54.9327026],[20.7357815,54.9327877],[20.7358219,54.9330278],[20.7360915,54.9331904],[20.7361049,54.9332678],[20.7360241,54.9333375],[20.7360915,54.9334072],[20.7362128,54.9334459],[20.7364553,54.9335001],[20.7366979,54.9335001],[20.7367788,54.9334382],[20.7367788,54.9333607],[20.736671,54.9332988],[20.7366979,54.9332291],[20.7368192,54.9331981],[20.73697,54.9333],[20.736954,54.9333917],[20.7370618,54.9334459],[20.7373179,54.9334149],[20.7374257,54.9334614],[20.73741,54.93355],[20.737547,54.9335853],[20.7376683,54.9336008],[20.7377896,54.9336008],[20.73786,54.93356],[20.7379782,54.9335853],[20.7381939,54.9335156],[20.7382613,54.9335853],[20.7385039,54.9336317],[20.738733,54.9335698],[20.7387734,54.9334924],[20.7388812,54.9335311],[20.7388812,54.9336085],[20.7390025,54.9336317],[20.7391912,54.9335233],[20.7392316,54.9333762],[20.7393529,54.9333607],[20.7395146,54.9334227],[20.7394877,54.9339647],[20.7396494,54.9341892],[20.7397572,54.9342434],[20.7401211,54.9342899],[20.7403637,54.9342512],[20.7405389,54.9341273],[20.7407545,54.9342202],[20.7411049,54.9341428],[20.7417518,54.9344292],[20.74185,54.93446],[20.74221,54.9345067],[20.7424122,54.9346073],[20.743396,54.934646],[20.7435443,54.9347932],[20.7434769,54.9348706],[20.7435038,54.9350409],[20.7436117,54.9351029],[20.7436521,54.9351803],[20.74363,54.93523],[20.7436386,54.9353119],[20.7440429,54.9355442],[20.7444338,54.9355674],[20.7446629,54.9356448],[20.7449459,54.9356448],[20.7451885,54.9354822],[20.7452693,54.9355519],[20.7456197,54.9356681],[20.7459971,54.9357377],[20.746361,54.9356913],[20.7465631,54.9354977],[20.7470483,54.9355442],[20.7473852,54.9358616],[20.7475335,54.9360939],[20.7473852,54.9360552],[20.746954,54.9361636],[20.7467518,54.9363959],[20.7467518,54.9365739],[20.746954,54.9367752],[20.7470753,54.9368062],[20.7471966,54.9368217],[20.7474,54.93678],[20.74752,54.9367597],[20.747237,54.9370617],[20.7473313,54.9372165],[20.7474526,54.9372552],[20.747803,54.9372165],[20.7477626,54.9373017],[20.7474931,54.9373869],[20.7474661,54.9374643],[20.7474796,54.9375417],[20.747547,54.9376114],[20.7476548,54.9376811],[20.7478839,54.937774],[20.7482612,54.9377275],[20.7485,54.93793],[20.7486116,54.937983],[20.7492451,54.9380991],[20.7491912,54.9381533],[20.7493394,54.9383004],[20.7494742,54.9383391],[20.7497033,54.9382772],[20.7498785,54.9384011],[20.7503502,54.9385404],[20.7508354,54.9385791],[20.7514418,54.9384553],[20.7516979,54.9384785],[20.7517114,54.9385559],[20.7515496,54.9387959],[20.7516036,54.9388733],[20.7519674,54.9388811],[20.7519405,54.9391288],[20.7521292,54.9392527],[20.7524661,54.939423],[20.7533286,54.9395004],[20.7535847,54.9398178],[20.7538407,54.9400114],[20.7540833,54.9400811],[20.7543394,54.9400965],[20.7545955,54.9399417],[20.7547841,54.9400578],[20.754555,54.940174],[20.7546359,54.9402359],[20.7548785,54.9402436],[20.7550402,54.9403675],[20.75538,54.94038],[20.7556197,54.940383],[20.7561049,54.9410023],[20.7567248,54.9413042],[20.75721,54.9413971],[20.75738,54.94154],[20.7574391,54.9416216],[20.7581669,54.9417764],[20.7586116,54.9421558],[20.7589351,54.9422796],[20.7589755,54.9425196],[20.7590968,54.9426589],[20.7594337,54.9428215],[20.7598515,54.9431312],[20.7597302,54.9435879],[20.7599054,54.943882],[20.76003,54.94397],[20.7601211,54.9440368],[20.7606467,54.9441143],[20.7607006,54.9441839],[20.7606062,54.9443542],[20.7606601,54.9444239],[20.7607814,54.9444549],[20.7609027,54.9444781],[20.7612801,54.9444781],[20.7615092,54.9445323],[20.761644,54.9445168],[20.7618865,54.9444549],[20.7619944,54.9444162],[20.7620887,54.9443542],[20.7625469,54.9439594],[20.7627626,54.9438975],[20.762776,54.9439749],[20.762493,54.9440833],[20.7623582,54.9442304],[20.7623852,54.9443078],[20.7626008,54.9443929],[20.7628569,54.944362],[20.7632882,54.9441994],[20.763652,54.9441762],[20.7638138,54.9439749],[20.7639081,54.9442226],[20.764272,54.9442226],[20.7646898,54.944331],[20.7651749,54.9442768],[20.7658353,54.9440756],[20.7660779,54.9440523],[20.7661049,54.9439749],[20.7664822,54.9437504],[20.7665092,54.9439827],[20.7667383,54.9440523],[20.7672504,54.9440833],[20.7674391,54.9441994],[20.7676817,54.9442691],[20.768059,54.9442381],[20.7692989,54.9442691],[20.7698245,54.9440368],[20.7700671,54.9440136],[20.7702828,54.9440988],[20.7706197,54.9439904],[20.7706871,54.9439207],[20.7709297,54.943882],[20.7709027,54.9441297],[20.7711318,54.9441839],[20.7713879,54.9441762],[20.7715496,54.9442923],[20.7718865,54.9444084],[20.7719809,54.9444626],[20.7719404,54.9446252],[20.7719674,54.9447103],[20.7720617,54.9447722],[20.7726951,54.9449735],[20.7730455,54.9450586],[20.7733151,54.9450586],[20.773679,54.9451515],[20.77382,54.94515],[20.7740833,54.9451747],[20.7742315,54.9451747],[20.7743528,54.9451515],[20.7746493,54.9449967],[20.7747706,54.9449812],[20.7748515,54.9450432],[20.7750041,54.9454478],[20.7753853,54.9455901],[20.7754139,54.9456449],[20.7755759,54.9456722],[20.7761477,54.9456886],[20.7763097,54.945623],[20.7764907,54.9454752],[20.77649,54.94541],[20.7766242,54.945207],[20.7768815,54.9451468],[20.7770625,54.9451741],[20.7771197,54.9452234],[20.7770721,54.9452781],[20.7767576,54.9453767],[20.7767099,54.9454369],[20.7768148,54.9456503],[20.7763097,54.9459459],[20.7762525,54.9462469],[20.7765765,54.9464768],[20.7768148,54.9465808],[20.7772722,54.9465315],[20.77752,54.946444],[20.7774532,54.9465699],[20.7775295,54.9466027],[20.7777868,54.9465699],[20.7778916,54.9466738],[20.777863,54.9467286],[20.7773961,54.9469092],[20.7773294,54.9469639],[20.7772912,54.9470843],[20.7773389,54.9472048],[20.7774723,54.9473033],[20.7776057,54.9473854],[20.7778535,54.947462],[20.7778535,54.9476262],[20.778025,54.9476426],[20.778187,54.9475879],[20.7785015,54.9477028],[20.7786826,54.947971],[20.7787493,54.9480093],[20.7788351,54.9480312],[20.7789208,54.9480531],[20.7792639,54.9480859],[20.7793497,54.9480969],[20.7795307,54.9480093],[20.7797118,54.948064],[20.7798071,54.948075],[20.7801025,54.948075],[20.7801883,54.9480531],[20.780255,54.9480203],[20.7805885,54.9476754],[20.7805599,54.947462],[20.7808744,54.9475879],[20.7809697,54.9476043],[20.7811508,54.9475769],[20.7815606,54.9474729],[20.7816463,54.9472704],[20.7819036,54.9471774],[20.78204,54.94709],[20.7820656,54.9470351],[20.7820752,54.9468709],[20.78204,54.94683],[20.7820275,54.9467724],[20.781856,54.9466903],[20.7818369,54.9466355],[20.7819036,54.9465972],[20.7820656,54.9465425],[20.7822372,54.9465863],[20.7824087,54.9465534],[20.7825898,54.9463673],[20.7827708,54.9463783],[20.7830567,54.9462469],[20.7831615,54.9460554],[20.7834188,54.946028],[20.7835904,54.9459131],[20.7839049,54.9459897],[20.7841812,54.9459897],[20.7843528,54.9459459],[20.7844957,54.9458036],[20.7847435,54.9456941],[20.7848483,54.9458583],[20.7850294,54.9458857],[20.7851628,54.9459733],[20.7853439,54.9459787],[20.78538,54.94607],[20.7854582,54.9461812],[20.7855821,54.9462688],[20.7860109,54.9463454],[20.786354,54.9463345],[20.786678,54.9464549],[20.7869639,54.9464549],[20.7871831,54.9463564],[20.7873356,54.9464221],[20.7876119,54.946433],[20.787812,54.9465753],[20.7880693,54.9466355],[20.7883552,54.9465151],[20.7885363,54.9465151],[20.7886221,54.946433],[20.7888794,54.9465699],[20.7890223,54.9464494],[20.7892129,54.9464713],[20.7893463,54.9464002],[20.7894321,54.9464002],[20.789413,54.9464659],[20.7894893,54.9464987],[20.7897656,54.9465042],[20.7898895,54.9463564],[20.7899562,54.9464713],[20.7901278,54.9464878],[20.7902517,54.9464221],[20.7902231,54.9463728],[20.7904232,54.9463619],[20.7904422,54.9462524],[20.790528,54.946236],[20.7906138,54.9462469],[20.7906519,54.9463619],[20.7909759,54.9464604],[20.79116,54.94646],[20.7912427,54.9464713],[20.7915191,54.9463454],[20.7916906,54.9463728],[20.7921957,54.9462688],[20.792434,54.9461922],[20.7923863,54.9461375],[20.7925293,54.9460499],[20.79292,54.9459295],[20.7930439,54.9458474],[20.7931487,54.9457543],[20.7931296,54.9456449],[20.7932916,54.9456175],[20.7933774,54.9456503],[20.7936156,54.9455737],[20.7935871,54.9454588],[20.7937681,54.9454588],[20.7939587,54.945103],[20.7940445,54.9450811],[20.794197,54.9451413],[20.7943685,54.9451413],[20.79454,54.9449333],[20.7944924,54.9448184],[20.7945877,54.9448184],[20.7947783,54.944687],[20.7947687,54.9445283],[20.7948069,54.944479],[20.7948831,54.9444407],[20.7949689,54.9444297],[20.795331,54.9444516],[20.7954835,54.9443969],[20.7955311,54.9442327],[20.7954739,54.944074],[20.79539,54.94404],[20.7955978,54.943855],[20.7957122,54.9435266],[20.7955216,54.9432091],[20.7955978,54.9431817],[20.7957598,54.9432146],[20.7960553,54.9430887],[20.7960838,54.9429737],[20.7963316,54.9429135],[20.7963983,54.9428095],[20.7963316,54.9425577],[20.7960267,54.9423935],[20.7959981,54.9423388],[20.79608,54.94225],[20.7962268,54.94218],[20.7964174,54.9419337],[20.7966747,54.9418954],[20.7970368,54.9419556],[20.7971702,54.9418844],[20.7973418,54.9418844],[20.797723,54.9417531],[20.7981041,54.9415286],[20.7982757,54.9415177],[20.7990476,54.9408991],[20.7992,54.94084],[20.79965,54.94059],[20.799505,54.9402203],[20.7995622,54.9401711],[20.7996384,54.9401327],[20.7997242,54.9401546],[20.7997528,54.9402203],[20.7997433,54.94039],[20.799829,54.9404119],[20.799972,54.9403517],[20.8002483,54.9403791],[20.8006772,54.9400944],[20.8007439,54.9399411],[20.8010679,54.9398536],[20.8013347,54.9398371],[20.8015825,54.9396948],[20.8018493,54.939662],[20.8021924,54.9395032],[20.8023639,54.9394977],[20.8027165,54.939328],[20.8028214,54.939131],[20.8029738,54.9392678],[20.8032883,54.9391419],[20.8034694,54.9391474],[20.8039744,54.9390434],[20.8042222,54.938901],[20.8043175,54.9385288],[20.8042794,54.9383645],[20.8044223,54.9384467],[20.8048607,54.9383426],[20.804937,54.9383098],[20.8050037,54.9380963],[20.805118,54.9381729],[20.8053848,54.9381401],[20.8056136,54.9379704],[20.80609,54.9377733],[20.8061758,54.9375872],[20.8061472,54.9373682],[20.8057089,54.9371218],[20.8057374,54.9370123],[20.8058137,54.9369795],[20.8058995,54.9369576],[20.8060805,54.936974],[20.8062711,54.9372806],[20.8063473,54.937308],[20.8062711,54.9374722],[20.8063283,54.9375215],[20.8064141,54.9375324],[20.8066047,54.9373627],[20.8066618,54.9374722],[20.8066047,54.9375269],[20.8067667,54.9375707],[20.8070811,54.9377788],[20.8071574,54.9378061],[20.8073384,54.937828],[20.8074433,54.937828],[20.8076148,54.9378007],[20.8077196,54.9376419],[20.8077292,54.9375872],[20.8077101,54.9375324],[20.80751,54.9374832],[20.8074719,54.9374284],[20.807529,54.9371164],[20.8073956,54.9370233],[20.8070811,54.9370233],[20.8070049,54.9369795],[20.8070144,54.9368207],[20.8069096,54.9367222],[20.8066332,54.936662],[20.8066714,54.9366127],[20.8067667,54.9366127],[20.8069287,54.9366729],[20.8070525,54.936766],[20.8070716,54.9368809],[20.8071288,54.9369247],[20.8072146,54.9369302],[20.80723,54.9369],[20.8073194,54.9369083],[20.8073575,54.9367988],[20.8075195,54.9369357],[20.807691,54.9369357],[20.8079483,54.9368755],[20.8079674,54.9368207],[20.8081389,54.9368153],[20.8083105,54.9366948],[20.8083962,54.9367003],[20.8085868,54.9368919],[20.8087679,54.9369138],[20.8089108,54.9369795],[20.8091681,54.9369795],[20.8092634,54.9369685],[20.8093397,54.9369412],[20.8094159,54.9368426],[20.80945,54.93676],[20.8094445,54.9367003],[20.8097209,54.9366839],[20.8098066,54.9367058],[20.8098352,54.9367715],[20.8095207,54.9368153],[20.8094636,54.9369302],[20.8097018,54.9370288],[20.8100068,54.937078],[20.8100925,54.9370835],[20.8102641,54.9370452],[20.8103594,54.9368481],[20.8103879,54.9367934],[20.8103975,54.9366893],[20.8102831,54.9365306],[20.8104642,54.9365579],[20.8106834,54.9366565],[20.8109502,54.9366182],[20.81123,54.93676],[20.8110455,54.9368317],[20.8116459,54.936974],[20.8119127,54.936985],[20.8121605,54.9370726],[20.8122462,54.9370452],[20.8122558,54.9369357],[20.812332,54.9369028],[20.8126084,54.9368591],[20.812799,54.9369576],[20.8128847,54.9369631],[20.81298,54.9369466],[20.8130467,54.9369083],[20.8132659,54.9367386],[20.8136471,54.9367331],[20.8138854,54.9366729],[20.8139711,54.9365798],[20.8139616,54.9364704],[20.8143428,54.936432],[20.814562,54.9363335],[20.8146001,54.9362897],[20.8146859,54.9360159],[20.8149527,54.9358736],[20.8150385,54.9354958],[20.8152862,54.9355396],[20.8154101,54.9354411],[20.8154196,54.9353864],[20.8154101,54.9353316],[20.8153243,54.9352988],[20.8152195,54.9352933],[20.8150385,54.9353645],[20.8148288,54.9353261],[20.8146287,54.9353699],[20.81457,54.93536],[20.814419,54.9352769],[20.8144476,54.9351236],[20.8143047,54.9350414],[20.8145238,54.9349757],[20.8145524,54.9348608],[20.8144953,54.9347567],[20.8145429,54.9346582],[20.8146191,54.9346308],[20.8145906,54.9348608],[20.8148097,54.9351126],[20.8150099,54.9351455],[20.815229,54.9349812],[20.8154292,54.9350907],[20.8156102,54.9351017],[20.8157913,54.9352331],[20.8157627,54.9353645],[20.8158389,54.9353973],[20.8159615,54.9354254],[20.8161367,54.9353596],[20.8162445,54.9354061],[20.816413,54.9353286],[20.8167297,54.9353015],[20.8168914,54.9354216],[20.8170195,54.9354293],[20.817134,54.9352822],[20.8169319,54.935197],[20.8171812,54.935166],[20.8172216,54.9351351],[20.8171542,54.9350615],[20.8173362,54.935046],[20.817471,54.934957],[20.8177203,54.9349338],[20.8177877,54.9348796],[20.8180505,54.9348718],[20.8181718,54.9346666],[20.8182998,54.9346705],[20.8183941,54.9348138],[20.8185828,54.9347828],[20.8188,54.93447],[20.8189102,54.9344289],[20.8189641,54.9345063],[20.8192202,54.934545],[20.819328,54.9345063],[20.819611,54.9342353],[20.8202175,54.9341037],[20.8203657,54.9338559],[20.820487,54.933825],[20.8205814,54.9338869],[20.8204736,54.9340572],[20.8205948,54.9341966],[20.8208374,54.9342121],[20.8209857,54.9341889],[20.8210935,54.9341501],[20.8212552,54.934034],[20.8212013,54.933732],[20.8212687,54.9336701],[20.8216461,54.9335927],[20.8217269,54.9335385],[20.821673,54.9331436],[20.8219291,54.9330894],[20.8220234,54.9331513],[20.821956,54.9333991],[20.8220908,54.9334146],[20.8226568,54.9332133],[20.8224951,54.932919],[20.8223064,54.9328493],[20.8218617,54.9329423],[20.8218078,54.9328648],[20.8218886,54.9328106],[20.8220234,54.9328106],[20.8221851,54.9326945],[20.8220099,54.9325474],[20.8225221,54.9325086],[20.8227512,54.9323228],[20.82326,54.9323],[20.823735,54.9321137],[20.8238428,54.9319821],[20.8236811,54.9319589],[20.8234789,54.9318272],[20.823425,54.9317498],[20.8234924,54.9316801],[20.823735,54.9316646],[20.8238428,54.9318118],[20.8241932,54.9317033],[20.8242202,54.9314246],[20.8241393,54.9313626],[20.823708,54.9313007],[20.8236676,54.931231],[20.8238698,54.9310374],[20.8238428,54.9308826],[20.8240584,54.9308129],[20.8242471,54.9306193],[20.8241663,54.930387],[20.8242202,54.930325],[20.8244358,54.9302476],[20.8246784,54.930294],[20.8249345,54.9302708],[20.8251231,54.930387],[20.825487,54.9304179],[20.8256487,54.930294],[20.8256487,54.9301469],[20.8261743,54.9301082],[20.8264035,54.9300153],[20.8264843,54.9299611],[20.8265247,54.9298836],[20.8264843,54.9298062],[20.82616,54.92974],[20.82608,54.9296746],[20.8264169,54.9295661],[20.8265382,54.9295816],[20.8268617,54.9294732],[20.8271177,54.92945],[20.8274142,54.9293106],[20.8271447,54.9292022],[20.8271043,54.9291248],[20.8272121,54.9289854],[20.8275355,54.928877],[20.8275894,54.9287298],[20.8277916,54.9285362],[20.8278994,54.9284898],[20.8281555,54.9284743],[20.8282902,54.9286059],[20.8284115,54.9286369],[20.8293819,54.9284743],[20.8297727,54.9284898],[20.8298536,54.9285517],[20.82995,54.92898],[20.830204,54.9290241],[20.8303253,54.9289854],[20.8306218,54.9286369],[20.8306487,54.9283271],[20.8311069,54.9277541],[20.8311743,54.9275373],[20.8314169,54.927514],[20.8314708,54.9274521],[20.8315921,54.9265615],[20.8316865,54.9262672],[20.8318886,54.9260658],[20.8319695,54.9257716],[20.8322795,54.9256786],[20.8326164,54.9258335],[20.8326299,54.9260039],[20.8325625,54.9260891],[20.8326164,54.9261588],[20.8329398,54.9260039],[20.8329398,54.9261665],[20.8331959,54.9261665],[20.8332902,54.9261201],[20.8335193,54.9261743],[20.8336272,54.9261433],[20.8337215,54.9260039],[20.8336406,54.9258413],[20.8333307,54.9257871],[20.8332498,54.9256322],[20.8333441,54.9253766],[20.83352,54.92514],[20.8333407,54.9250626],[20.8332559,54.9249989],[20.8331711,54.9248865],[20.8331711,54.9248453],[20.8331842,54.9248078],[20.8333863,54.9247104],[20.8334645,54.9246467],[20.833471,54.9245306],[20.8335493,54.924392],[20.8334906,54.9243658],[20.8334124,54.9243583],[20.8333407,54.924377],[20.8332363,54.9244369],[20.8330864,54.9245868],[20.832943,54.9246018],[20.8328843,54.9246318],[20.8328126,54.9246467],[20.8327539,54.9246205],[20.8327539,54.9245831],[20.8327213,54.9245456],[20.8325974,54.9245006],[20.8326561,54.9244857],[20.8328582,54.9244857],[20.8329038,54.9244594],[20.8329169,54.924422],[20.83286,54.92438],[20.8327995,54.9243021],[20.8328126,54.924156],[20.8329299,54.9241335],[20.8330929,54.9241897],[20.8332755,54.9241709],[20.8333341,54.9241747],[20.8333863,54.9241972],[20.8335036,54.9242983],[20.8335688,54.9243021],[20.8336797,54.9242684],[20.8337383,54.9242871],[20.8338752,54.924377],[20.8340708,54.9243807],[20.8343251,54.924332],[20.8343903,54.9242684],[20.8343838,54.9242271],[20.8342469,54.9240436],[20.8342469,54.9238975],[20.8342664,54.9238562],[20.8343121,54.9238338],[20.8344881,54.9237926],[20.8346445,54.9237251],[20.8347619,54.9236951],[20.8348792,54.9236839],[20.8349444,54.9236914],[20.8350683,54.9237214],[20.8352639,54.923845],[20.8355377,54.9239611],[20.835955,54.9240398],[20.8361962,54.9241672],[20.8363983,54.9241784],[20.8365808,54.9241335],[20.8367047,54.9240473],[20.8367177,54.9238975],[20.8366656,54.9238263],[20.8366982,54.9237888],[20.836822,54.9237663],[20.8368677,54.9237401],[20.8368938,54.9237064],[20.8368807,54.9236727],[20.8368416,54.9236389],[20.8366982,54.923609],[20.8365678,54.923564],[20.8365678,54.9234891],[20.8364244,54.9234291],[20.8363852,54.9233954],[20.8363135,54.9232118],[20.8362092,54.9231481],[20.8361375,54.9231219],[20.8360593,54.9231107],[20.8357594,54.9231032],[20.8357268,54.9230657],[20.8357659,54.923032],[20.8358832,54.9230058],[20.8359224,54.9229796],[20.8359289,54.9227885],[20.8358898,54.9227548],[20.8358963,54.922721],[20.8360528,54.9226648],[20.8361571,54.9225562],[20.8362418,54.9225037],[20.8362679,54.9224288],[20.8362614,54.9223876],[20.836307,54.9223614],[20.8364896,54.9223689],[20.8366134,54.9224063],[20.8366656,54.9224288],[20.8366917,54.9224625],[20.8367112,54.9225412],[20.8368872,54.9225637],[20.8369394,54.9225824],[20.8370046,54.9225749],[20.837461,54.922204],[20.8375066,54.9221366],[20.8375066,54.9221028],[20.8376239,54.9220691],[20.8377152,54.9220167],[20.8377478,54.9219829],[20.8376761,54.9219193],[20.8376761,54.9218818],[20.8377087,54.9218481],[20.8378326,54.9218481],[20.8378782,54.9218256],[20.837963,54.9217244],[20.8378195,54.9217507],[20.8378,54.921672],[20.8376761,54.921612],[20.8376565,54.9215371],[20.8377217,54.9214247],[20.837989,54.9211137],[20.8380868,54.9210238],[20.8380803,54.9209826],[20.8380281,54.9209039],[20.8379238,54.9208477],[20.8378912,54.920814],[20.8378912,54.9207428],[20.8379369,54.9207091],[20.8380086,54.9207091],[20.8381846,54.9207578],[20.838491,54.920754],[20.8385497,54.9207428],[20.8385562,54.920784],[20.8385171,54.9208627],[20.8385301,54.9209001],[20.8385823,54.9209189],[20.8387062,54.9209151],[20.8387648,54.9209301],[20.8388235,54.9209151],[20.8389604,54.9208215],[20.8390778,54.9206978],[20.8391495,54.9205479],[20.8391886,54.920518],[20.839306,54.9205067],[20.8393516,54.9204805],[20.8393581,54.920443],[20.839306,54.9203344],[20.8390191,54.9202145],[20.8389604,54.9201433],[20.838967,54.9201058],[20.8391234,54.9200346],[20.8392734,54.919896],[20.8390713,54.9194801],[20.838967,54.9193714],[20.8389409,54.9193002],[20.8389995,54.919304],[20.8390452,54.919334],[20.8391169,54.9193377],[20.8392864,54.9192028],[20.8392994,54.9190679],[20.8393907,54.9190155],[20.8395015,54.9189817],[20.8395341,54.9189518],[20.8395798,54.9187082],[20.8396711,54.9186558],[20.8397688,54.9185621],[20.8397884,54.9184197],[20.8397884,54.9182361],[20.8395863,54.9181686],[20.8395537,54.9181312],[20.8396124,54.9181162],[20.8398666,54.9181274],[20.8399058,54.9180975],[20.839984,54.9179626],[20.8401926,54.9177003],[20.8401991,54.9175579],[20.8400035,54.9172394],[20.839984,54.9170782],[20.8399644,54.9170408],[20.8397297,54.9169546],[20.839658,54.9168422],[20.8395993,54.9168122],[20.839482,54.916696],[20.8392864,54.9166211],[20.8390713,54.9166211],[20.8390256,54.9165911],[20.8387322,54.9165424],[20.8386671,54.9165237],[20.8385367,54.9164262],[20.8381585,54.9163475],[20.8380933,54.9163251],[20.8380412,54.9162876],[20.837976,54.9162239],[20.8380151,54.9159728],[20.8380607,54.9158979],[20.8380999,54.9158716],[20.8381585,54.9158604],[20.8383672,54.9158642],[20.8384845,54.9158979],[20.8387192,54.9158567],[20.8387583,54.9158304],[20.8387779,54.9157555],[20.838817,54.9157293],[20.8392017,54.9156221],[20.8392846,54.9156192],[20.8393611,54.9157138],[20.8394968,54.9157665],[20.8396533,54.9158567],[20.8400101,54.9160066],[20.8404012,54.9162276],[20.8404534,54.9162464],[20.8405121,54.9162614],[20.8405707,54.9162726],[20.8406359,54.9162726],[20.8406946,54.9162614],[20.8407728,54.9162089],[20.8408837,54.9161789],[20.8409293,54.9161527],[20.8409684,54.9161227],[20.8409163,54.9160927],[20.8408446,54.916089],[20.840825,54.9160515],[20.8408837,54.9160328],[20.8409098,54.9160028],[20.8409032,54.9159616],[20.8408641,54.9159316],[20.8407924,54.9159279],[20.8406555,54.9159578],[20.8404664,54.9158829],[20.8405121,54.9158604],[20.8406425,54.9158604],[20.8407598,54.9158454],[20.8408054,54.9158192],[20.840825,54.9157855],[20.840825,54.9157105],[20.8406946,54.9155681],[20.8405512,54.9155681],[20.8404078,54.9155981],[20.840336,54.9155831],[20.8399905,54.9153096],[20.8399775,54.9152758],[20.8399775,54.9152046],[20.8400166,54.9151747],[20.8400818,54.9151634],[20.8402056,54.9151634],[20.8403034,54.9152196],[20.8403686,54.9152384],[20.8405512,54.9152608],[20.840649,54.9152159],[20.84067,54.91517],[20.840825,54.9151072],[20.8409032,54.915051],[20.8408902,54.9149423],[20.8409554,54.9148824],[20.8409619,54.9148074],[20.840838,54.9147624],[20.8408054,54.914725],[20.8408772,54.9146275],[20.8409945,54.9146013],[20.8409815,54.9145676],[20.8408315,54.9145488],[20.8407728,54.9145826],[20.8407468,54.9146238],[20.840675,54.9146388],[20.8405381,54.9145938],[20.8404729,54.9145301],[20.8405186,54.9142303],[20.8405968,54.9141704],[20.8406881,54.9139942],[20.8407468,54.9139305],[20.8409684,54.9137881],[20.8411836,54.9137094],[20.8413596,54.913672],[20.8415161,54.9137319],[20.8415747,54.9137394],[20.8416334,54.9137282],[20.8418029,54.9136757],[20.8419268,54.9135895],[20.8420507,54.913582],[20.842155,54.9135033],[20.8421224,54.9134284],[20.8419789,54.9133422],[20.8419789,54.9132672],[20.8418355,54.9131436],[20.84179,54.91312],[20.8417573,54.9130836],[20.8416139,54.9130574],[20.8415617,54.9130274],[20.8415356,54.9129937],[20.8415291,54.9129524],[20.8415747,54.9127875],[20.8416334,54.9127163],[20.8416399,54.9126789],[20.841679,54.9126451],[20.8418877,54.9125927],[20.8420702,54.9124802],[20.8422593,54.9122479],[20.8423636,54.9122067],[20.8430547,54.9120343],[20.8431198,54.9120343],[20.8433545,54.9120605],[20.8436479,54.9121505],[20.8436349,54.9122404],[20.8435697,54.9122666],[20.8435306,54.9123079],[20.8435436,54.9123453],[20.8435958,54.9123641],[20.843661,54.9123641],[20.8437718,54.9123341],[20.8438305,54.9123453],[20.8438631,54.9123791],[20.8438891,54.9124578],[20.8439935,54.9125027],[20.8439413,54.9126339],[20.8439478,54.9126751],[20.8439935,54.9127051],[20.8441043,54.9126789],[20.8441499,54.9127501],[20.8442673,54.9127801],[20.8443911,54.9127875],[20.8444498,54.9127726],[20.844515,54.9127088],[20.8445802,54.9127088],[20.8446193,54.9126789],[20.8446128,54.9125702],[20.8444955,54.9124278],[20.8446324,54.9123491],[20.844665,54.9124278],[20.8447888,54.912439],[20.844841,54.9124203],[20.8448475,54.9123828],[20.8449062,54.9123903],[20.8449649,54.9123791],[20.845004,54.9123491],[20.8450105,54.9122741],[20.8449909,54.9122404],[20.8447758,54.9121205],[20.8447628,54.9120868],[20.8447823,54.9120493],[20.8448345,54.9120193],[20.8448866,54.9120006],[20.8449453,54.9119893],[20.8450561,54.9118656],[20.8451735,54.9118469],[20.8452778,54.9118132],[20.8453365,54.9118019],[20.8453951,54.9118019],[20.8454473,54.9118282],[20.8454799,54.9119069],[20.8456233,54.9119893],[20.845682,54.9119931],[20.8460406,54.9119481],[20.8460927,54.9119743],[20.8461058,54.9120118],[20.8460015,54.9120793],[20.8459623,54.9122404],[20.846021,54.9122516],[20.8460797,54.9122479],[20.8460927,54.9122891],[20.8460666,54.9123303],[20.8461188,54.9123528],[20.8463535,54.9123753],[20.8464057,54.9123603],[20.8464969,54.9123116],[20.8465686,54.9122479],[20.8465752,54.9122104],[20.8466143,54.9121804],[20.8467316,54.9121542],[20.8468359,54.9121017],[20.8469011,54.9120343],[20.8470576,54.9119593],[20.8470967,54.9119294],[20.8471358,54.9118994],[20.847175,54.9117944],[20.8472206,54.9117682],[20.8473705,54.9117007],[20.8475726,54.911637],[20.8477682,54.9114796],[20.8477878,54.9114422],[20.8477878,54.911371],[20.8479247,54.911296],[20.8479964,54.911236],[20.8480942,54.9111948],[20.8480942,54.9111686],[20.8481464,54.9111011],[20.8480746,54.9110861],[20.8478465,54.9110861],[20.8478139,54.9111274],[20.8476183,54.9112173],[20.8475792,54.9112548],[20.8474292,54.9112885],[20.8474357,54.911326],[20.8472793,54.911341],[20.8472271,54.9113747],[20.8472206,54.9114571],[20.8470967,54.9115059],[20.8470054,54.9115696],[20.8469272,54.9115658],[20.846862,54.9115471],[20.8467903,54.9115508],[20.8466599,54.9115921],[20.8466338,54.9115546],[20.8467186,54.9114984],[20.8467382,54.9114309],[20.8468816,54.911311],[20.8468751,54.9112698],[20.8469011,54.9112323],[20.8469989,54.9111761],[20.8470511,54.9111124],[20.8470706,54.9110412],[20.8469989,54.9109774],[20.847025,54.91094],[20.8471358,54.9109175],[20.8471945,54.9109212],[20.8472401,54.9109475],[20.8473053,54.9109475],[20.8474162,54.9109062],[20.8474162,54.9108725],[20.8473445,54.9108051],[20.8473379,54.9107189],[20.847351,54.9106776],[20.8474423,54.9105764],[20.8474944,54.9105577],[20.8475531,54.9105577],[20.8475987,54.9105914],[20.8476183,54.9107076],[20.8477226,54.9107526],[20.8478986,54.9108051],[20.8479247,54.910925],[20.8480681,54.9110074],[20.8481398,54.9110112],[20.8482246,54.9109625],[20.8482833,54.9109475],[20.8484006,54.9109587],[20.8487266,54.9108463],[20.8487266,54.9108088],[20.8486158,54.9107451],[20.8485506,54.9107263],[20.8485506,54.9106851],[20.8486027,54.9106664],[20.8487853,54.9106664],[20.8490378,54.910612],[20.8491356,54.9105596],[20.8492399,54.9104246],[20.8492594,54.9103872],[20.8492529,54.9103497],[20.849292,54.9103197],[20.8493507,54.9103197],[20.8494029,54.910301],[20.8495202,54.9102073],[20.8496636,54.9101286],[20.8497093,54.9099749],[20.8497549,54.9099487],[20.8498723,54.9099187],[20.8500483,54.9098025],[20.8502048,54.9097313],[20.8502634,54.9096264],[20.8502569,54.9095851],[20.8504395,54.9095589],[20.8504851,54.9095364],[20.8505242,54.9095064],[20.8506155,54.9094052],[20.8507068,54.9092853],[20.8507068,54.9092478],[20.8506481,54.9091729],[20.8505503,54.9091129],[20.8504916,54.9090867],[20.8504264,54.9090717],[20.8502113,54.9090567],[20.8500939,54.9091204],[20.8500222,54.9091241],[20.8499961,54.9090867],[20.8500874,54.9090379],[20.850133,54.9089555],[20.850107,54.9089143],[20.8501135,54.9088768],[20.8502439,54.9088768],[20.8503612,54.9088543],[20.8505047,54.9087831],[20.8505633,54.9087119],[20.8505699,54.9086744],[20.8505373,54.9085994],[20.8505959,54.9085882],[20.8506937,54.9085282],[20.8507263,54.9084945],[20.8507068,54.908457],[20.8508176,54.908427],[20.8508567,54.908397],[20.8508763,54.9083633],[20.8508372,54.9083296],[20.8508372,54.9082884],[20.8509545,54.9082696],[20.8510197,54.9082022],[20.8510719,54.9081797],[20.8511305,54.9081984],[20.8511566,54.9082359],[20.851137,54.9083146],[20.8512218,54.9083746],[20.8512805,54.9083858],[20.8514826,54.9083746],[20.8515478,54.9083146],[20.8515869,54.9083483],[20.8515869,54.9083858],[20.8516325,54.9084158],[20.8516912,54.9084083],[20.8516977,54.9083333],[20.8518151,54.9083483],[20.8518737,54.9083371],[20.8519259,54.9082696],[20.8518672,54.9082396],[20.8516456,54.9082246],[20.8515869,54.9081984],[20.8515673,54.9081609],[20.8516195,54.9081384],[20.8516064,54.908101],[20.8515673,54.908071],[20.8517173,54.9079998],[20.8517825,54.9079398],[20.8517694,54.9078648],[20.8517173,54.9078349],[20.8515804,54.9078049],[20.8516977,54.9077899],[20.8517434,54.9077636],[20.8517694,54.9076887],[20.8518216,54.9076737],[20.8519129,54.9077337],[20.851965,54.9077561],[20.8520237,54.9077449],[20.8520889,54.9076849],[20.8521476,54.9076812],[20.8522128,54.9077487],[20.8522714,54.9077561],[20.8523627,54.9077037],[20.8524214,54.9076962],[20.8525061,54.9077561],[20.852617,54.9077936],[20.8527539,54.9077936],[20.8528712,54.9077749],[20.8529821,54.9076849],[20.8530994,54.9075463],[20.8531124,54.9074675],[20.8530864,54.9074301],[20.8530994,54.9073251],[20.8530147,54.9072577],[20.8530733,54.9072614],[20.853132,54.9072539],[20.8531842,54.9072352],[20.8532298,54.9072089],[20.8533341,54.9071002],[20.8533797,54.9070778],[20.8534058,54.907044],[20.8534189,54.9070065],[20.85338,54.90699],[20.8533667,54.9069091],[20.853471,54.9068641],[20.8535362,54.9068604],[20.8537057,54.9068978],[20.8538231,54.9068716],[20.8539404,54.9068416],[20.853973,54.9068079],[20.853973,54.9067704],[20.8540904,54.9067404],[20.8541034,54.906673],[20.853973,54.9066242],[20.8539013,54.9065155],[20.8538361,54.9064968],[20.85382,54.90647],[20.8537514,54.9064781],[20.8536796,54.9064593],[20.8536536,54.9064218],[20.8536601,54.9063844],[20.8537122,54.9063656],[20.8538948,54.9063469],[20.8539469,54.9063244],[20.8539991,54.9062532],[20.8539795,54.9062157],[20.8540317,54.9061969],[20.8540838,54.9062194],[20.8542077,54.9062007],[20.8542533,54.9061782],[20.8542403,54.9061032],[20.8542859,54.9060733],[20.8543446,54.9060583],[20.8543968,54.9058559],[20.8543837,54.9057884],[20.8542599,54.905676],[20.8541295,54.9056347],[20.8540838,54.9056047],[20.8540708,54.9055673],[20.8541164,54.9055373],[20.8541751,54.9055335],[20.8543577,54.905571],[20.8544229,54.9055635],[20.8545206,54.9055148],[20.8546119,54.9054211],[20.8546771,54.9053199],[20.8547097,54.9051774],[20.8546576,54.9051062],[20.854625,54.9049975],[20.8544685,54.9049113],[20.8544489,54.9048738],[20.8546315,54.9048738],[20.8546967,54.9048813],[20.8548075,54.9049226],[20.8548662,54.9049188],[20.8549966,54.9048401],[20.8550161,54.9048064],[20.8550292,54.9047314],[20.8550748,54.9047089],[20.8550944,54.9046714],[20.8550683,54.9044765],[20.8549705,54.9043716],[20.8548988,54.9043528],[20.8547553,54.9043453],[20.8546902,54.9043303],[20.8546315,54.9043041],[20.8545924,54.9042704],[20.8546576,54.9041579],[20.8547032,54.9041354],[20.8548391,54.904085],[20.8548988,54.9040567],[20.8549332,54.9040443],[20.8550031,54.9040192],[20.8550357,54.9039855],[20.8550748,54.9038805],[20.8550748,54.9038131],[20.854977,54.9037044],[20.854964,54.9036631],[20.8549835,54.9036256],[20.8550357,54.9036031],[20.855153,54.9035994],[20.8551987,54.9036294],[20.8551204,54.9037456],[20.8551667,54.9038089],[20.8552899,54.9038056],[20.8553877,54.9037606],[20.8555051,54.9037456],[20.8555507,54.9037756],[20.8555703,54.9038168],[20.8555833,54.9039405],[20.8555768,54.9040642],[20.8556811,54.9041092],[20.8557789,54.9042104],[20.8559354,54.9042704],[20.8560071,54.9043491],[20.8560071,54.9043866],[20.8560658,54.904499],[20.8561049,54.9045327],[20.8561636,54.9045552],[20.8562222,54.9045627],[20.8563396,54.9045477],[20.8564504,54.9045102],[20.8565026,54.9044878],[20.8565482,54.9044578],[20.8565808,54.904424],[20.8566264,54.9043528],[20.856633,54.9042441],[20.856496,54.9041991],[20.8564634,54.903963],[20.8565352,54.9039068],[20.8565743,54.9039367],[20.8565808,54.903978],[20.8566721,54.9040305],[20.8569263,54.904038],[20.8570567,54.9040117],[20.8572197,54.9039517],[20.8572849,54.9038505],[20.8573371,54.9038243],[20.8573957,54.903828],[20.8574479,54.9039405],[20.8575,54.9039592],[20.8578065,54.9040342],[20.858002,54.9040305],[20.8580607,54.9040192],[20.8582172,54.9039667],[20.8582628,54.9039442],[20.8583019,54.9039105],[20.8583085,54.903873],[20.8582954,54.9038355],[20.8582367,54.9038056],[20.8580868,54.903828],[20.8580151,54.9038206],[20.858002,54.9037831],[20.8580412,54.9037531],[20.8580933,54.9037306],[20.8582693,54.9036931],[20.858328,54.9036931],[20.8583606,54.9037306],[20.858328,54.9037681],[20.8583411,54.9038468],[20.8583802,54.9038843],[20.8584388,54.9038955],[20.858504,54.9038918],[20.8585562,54.903873],[20.8586931,54.9037981],[20.858817,54.9037756],[20.8588626,54.9037493],[20.8589082,54.9036781],[20.85894,54.90366],[20.8589148,54.9036256],[20.8589017,54.9035094],[20.8588496,54.9034794],[20.8587779,54.9034682],[20.8588105,54.9034345],[20.8589278,54.9034232],[20.85898,54.903442],[20.8589669,54.9035544],[20.859006,54.9035882],[20.8591234,54.9035882],[20.8592212,54.9035357],[20.8593646,54.903412],[20.8594624,54.9033632],[20.859495,54.903292],[20.8594754,54.9032171],[20.8595211,54.9031946],[20.8596384,54.9031758],[20.8598145,54.9031871],[20.8598796,54.9031721],[20.8599188,54.9031458],[20.8599253,54.9031084],[20.8598731,54.9030784],[20.8598731,54.9030409],[20.8599122,54.9030071],[20.8600296,54.9029996],[20.8600426,54.9030371],[20.8599905,54.9030671],[20.8599774,54.9031533],[20.8600361,54.9031608],[20.8601535,54.9031458],[20.8601795,54.9031796],[20.8602382,54.9031946],[20.8602969,54.9031758],[20.8604403,54.9031046],[20.8604273,54.9030671],[20.860486,54.9029584],[20.8604468,54.9029284],[20.8603751,54.9029134],[20.860349,54.902876],[20.8604534,54.9028347],[20.8604925,54.9028647],[20.8606685,54.9029059],[20.8607076,54.9029359],[20.8607989,54.9030859],[20.8610336,54.9031458],[20.861164,54.9031496],[20.8612227,54.9031308],[20.8612553,54.9030559],[20.8613465,54.9029996],[20.8614052,54.9029884],[20.861516,54.9030259],[20.8616921,54.9030334],[20.8617507,54.9030221],[20.8618485,54.9029697],[20.8619137,54.9029059],[20.8619594,54.9027972],[20.8620637,54.9027485],[20.8620376,54.9026173],[20.8620963,54.9026098],[20.8621354,54.9026398],[20.8621289,54.9027185],[20.8621615,54.9027935],[20.8621941,54.902831],[20.8622527,54.902846],[20.8623114,54.9028385],[20.8624809,54.9027373],[20.8626569,54.9027035],[20.8627547,54.902651],[20.8629308,54.9026398],[20.8632437,54.9025798],[20.863361,54.9025723],[20.8634849,54.9025836],[20.8635371,54.9025686],[20.8634914,54.9024974],[20.8635436,54.9024749],[20.8636609,54.9024599],[20.8637326,54.9023924],[20.8637978,54.9024636],[20.8638565,54.9024786],[20.8638891,54.9024486],[20.8639152,54.9024861],[20.8639217,54.9026848],[20.8638044,54.9027373],[20.8637783,54.9027747],[20.8638891,54.9029584],[20.8639413,54.9029809],[20.8640065,54.9029922],[20.8640717,54.9029809],[20.8641695,54.9029359],[20.8643846,54.9028647],[20.8644368,54.9028872],[20.8645541,54.9028909],[20.8647301,54.9028497],[20.8649713,54.9028422],[20.8650691,54.9027897],[20.8651409,54.9027298],[20.8653234,54.9027035],[20.8653756,54.9026848],[20.8654082,54.902651],[20.8654147,54.9024336],[20.8653756,54.9024036],[20.8653104,54.9024224],[20.8652321,54.9024224],[20.8651735,54.9023999],[20.8651735,54.9023624],[20.8652321,54.9023774],[20.8652973,54.9023774],[20.865343,54.9023512],[20.865356,54.9022799],[20.8654538,54.9022312],[20.8655581,54.9021375],[20.8655516,54.9020475],[20.8656168,54.9020325],[20.865682,54.9020325],[20.8658124,54.9019351],[20.8658645,54.9019163],[20.8659167,54.9019351],[20.8659753,54.9019276],[20.8661253,54.9018676],[20.866184,54.9018601],[20.8662035,54.9019013],[20.8661905,54.9019426],[20.8662426,54.9019651],[20.8663013,54.9019501],[20.8669337,54.9017402],[20.867214,54.901564],[20.8674357,54.901459],[20.8677878,54.9011554],[20.8678725,54.9010991],[20.86829,54.90086],[20.8683419,54.9008442],[20.8685237,54.9007244],[20.8686187,54.9006562],[20.8690134,54.9004506],[20.8691047,54.9003607],[20.8691242,54.9002594],[20.8690265,54.900132],[20.8687592,54.9000533],[20.86872,54.9000233],[20.8687027,54.8999977],[20.8687266,54.8999595],[20.8687852,54.8999483],[20.8689026,54.8999558],[20.8689433,54.8999467],[20.8689704,54.8999276],[20.8690325,54.8999039],[20.8691186,54.8998806],[20.8692464,54.8998749],[20.8693103,54.8999026],[20.8693515,54.8999695],[20.8694357,54.9000857],[20.8695219,54.9002182],[20.8695741,54.9002407],[20.8696914,54.9002369],[20.8697501,54.9002182],[20.8698088,54.9002145],[20.8699392,54.9002145],[20.8700383,54.9002369],[20.870094,54.9002582],[20.8701262,54.9002898],[20.8701617,54.9003545],[20.8702181,54.9004463],[20.8702563,54.900468],[20.87033,54.9004741],[20.8704448,54.9004699],[20.8705151,54.9004464],[20.8705716,54.9004206],[20.8706278,54.9003739],[20.8706433,54.9003232],[20.8706302,54.9002145],[20.8706563,54.9001807],[20.870702,54.9001582],[20.8707671,54.9001582],[20.8708128,54.9001845],[20.8708323,54.9002257],[20.8708718,54.9003054],[20.8709109,54.9003586],[20.8709416,54.9003847],[20.8709872,54.9003986],[20.8710926,54.900404],[20.8711414,54.900404],[20.8711794,54.9004188],[20.8711654,54.9005239],[20.8711763,54.9005528],[20.871223,54.9005686],[20.8712661,54.9005736],[20.8713151,54.900567],[20.8713707,54.9005559],[20.8714151,54.9005302],[20.8714973,54.9004356],[20.8715988,54.9003703],[20.8716416,54.9003585],[20.8716899,54.9003592],[20.8717342,54.9003631],[20.8717698,54.9003734],[20.8718363,54.9004394],[20.8718512,54.9004829],[20.8718817,54.9005142],[20.8719246,54.9005227],[20.8719635,54.9005019],[20.8719995,54.9004723],[20.8721297,54.9003682],[20.8721884,54.9003569],[20.8722471,54.9003607],[20.8723514,54.9003981],[20.8724101,54.9004056],[20.8725485,54.900421],[20.8726569,54.900413],[20.872754,54.9003606],[20.8729398,54.900313],[20.8730055,54.9002906],[20.8730275,54.900241],[20.8730456,54.9001751],[20.8731262,54.9001078],[20.8731651,54.9000562],[20.8731718,54.9000323],[20.87315,54.9000077],[20.8729221,54.8999323],[20.8728822,54.8999019],[20.8728814,54.8998709],[20.8728982,54.8998271],[20.8729706,54.8997926],[20.8730297,54.8997739],[20.8731011,54.8997721],[20.8731598,54.8997759],[20.8732806,54.8997905],[20.873462,54.899811],[20.8736442,54.8998273],[20.8737297,54.8998355],[20.8738075,54.8998557],[20.8738633,54.89987],[20.8738947,54.8999019],[20.8739021,54.8999419],[20.8738518,54.8999798],[20.8737922,54.9000008],[20.8737139,54.9000045],[20.8733345,54.8999434],[20.873307,54.8999731],[20.8732857,54.90002],[20.8732939,54.9000731],[20.8733378,54.9001335],[20.8733475,54.9002019],[20.8733533,54.9002825],[20.8733623,54.9003114],[20.8734041,54.9003357],[20.8735079,54.9003702],[20.8736216,54.9003873],[20.873666,54.9004068],[20.8737035,54.9004378],[20.8737592,54.900478],[20.8738209,54.9004903],[20.8738875,54.9004882],[20.8740288,54.9004764],[20.8741483,54.9004422],[20.8742957,54.9004147],[20.8744566,54.9003939],[20.8745331,54.9003538],[20.8745803,54.9002905],[20.8746945,54.9002085],[20.8747139,54.900091],[20.8747518,54.90004],[20.8748036,54.9000104],[20.8748395,54.9000039],[20.8748795,54.900014],[20.8749027,54.900034],[20.8749105,54.9000637],[20.8748407,54.9001228],[20.8748241,54.9001757],[20.8748432,54.9002259],[20.8748744,54.9003026],[20.87491,54.9004017],[20.8749665,54.900483],[20.8750507,54.9005374],[20.8751365,54.9005609],[20.8752204,54.9006138],[20.8753176,54.9006461],[20.8755255,54.9006839],[20.87568,54.9007191],[20.8759409,54.9007804],[20.8760498,54.900798],[20.8761676,54.9008005],[20.8762725,54.9007911],[20.8763677,54.9007648],[20.8764911,54.9006878],[20.8765715,54.9006762],[20.8766466,54.9006908],[20.8766999,54.9007355],[20.8768694,54.9007843],[20.8770519,54.900803],[20.8773127,54.9007918],[20.877404,54.900743],[20.8775256,54.9006141],[20.877558,54.9005993],[20.8776153,54.900598],[20.8776664,54.900593],[20.8776844,54.9005844],[20.8776884,54.9005748],[20.8776767,54.9005606],[20.8776549,54.9005365],[20.8776613,54.9005101],[20.8776719,54.9005003],[20.8776931,54.9004914],[20.8777854,54.9005003],[20.8778506,54.9004922],[20.8779228,54.9004718],[20.8779791,54.9004465],[20.8779966,54.9004226],[20.8780053,54.9003977],[20.8780341,54.9003709],[20.8780387,54.9003403],[20.8780911,54.9003128],[20.8781314,54.9003003],[20.8781747,54.9003019],[20.8782,54.9003175],[20.8782056,54.9003322],[20.8781917,54.9003468],[20.8781392,54.9003957],[20.8780989,54.9004423],[20.8780885,54.9004732],[20.8781072,54.900495],[20.8781456,54.9005131],[20.8781745,54.9005296],[20.8781876,54.9005416],[20.8781848,54.9005557],[20.8781717,54.9005751],[20.8781559,54.9006074],[20.8781434,54.9006464],[20.87815,54.9006695],[20.8781689,54.9006895],[20.8782515,54.9007955],[20.8783167,54.9008705],[20.8784145,54.9009155],[20.8785383,54.900938],[20.8785905,54.9009192],[20.878597,54.9008817],[20.8784992,54.900818],[20.8785253,54.900788],[20.8790914,54.900878],[20.87915,54.9008968],[20.8792543,54.900953],[20.8792804,54.9010842],[20.8793065,54.9011179],[20.8793652,54.9011404],[20.8794238,54.9011442],[20.8795021,54.9010842],[20.8795282,54.9010055],[20.8795999,54.901013],[20.8796846,54.9010729],[20.8797433,54.9010842],[20.8799845,54.9010505],[20.8800041,54.9010917],[20.8799128,54.9012116],[20.8799519,54.9012454],[20.8800236,54.9012529],[20.8801997,54.9012529],[20.880317,54.9012379],[20.8804409,54.9012454],[20.8805322,54.9013054],[20.8807867,54.901553],[20.8808973,54.9015636],[20.8809803,54.9015424],[20.8811555,54.9015371],[20.8812846,54.9016166],[20.8813675,54.9016378],[20.8814597,54.9016378],[20.8815519,54.9016166],[20.8816165,54.9015795],[20.8817732,54.9015371],[20.8820314,54.9015742],[20.8821051,54.9017385],[20.8821144,54.9018498],[20.8821697,54.9019029],[20.8823356,54.9019241],[20.8824094,54.9019559],[20.8825938,54.9021043],[20.882686,54.9021255],[20.8828924,54.9022294],[20.8830619,54.9022782],[20.8831792,54.9022819],[20.8832379,54.9022669],[20.88339,54.90228],[20.8833879,54.9023606],[20.8833357,54.9024431],[20.8833487,54.9025181],[20.8842511,54.9029998],[20.8843709,54.9030846],[20.8844447,54.9031164],[20.8846199,54.9031482],[20.8848873,54.9031482],[20.8850532,54.9031217],[20.8852284,54.9031535],[20.8853206,54.9031535],[20.8855695,54.9031217],[20.8858185,54.9031323],[20.8860029,54.9029521],[20.8860398,54.90274],[20.8860029,54.9026287],[20.8861135,54.9025439],[20.8862241,54.9024008],[20.8863809,54.9023372],[20.8865468,54.9023212],[20.8866667,54.9022417],[20.8867497,54.9022152],[20.8868327,54.9021993],[20.8868972,54.9022364],[20.8869802,54.9023318],[20.8870632,54.9023425],[20.8871369,54.9023159],[20.8873193,54.9023616],[20.8874431,54.9023616],[20.88762,54.90241],[20.8876518,54.9024853],[20.8876452,54.902609],[20.887717,54.9026764],[20.8876844,54.9027177],[20.8875801,54.9027777],[20.8875083,54.9028564],[20.8875605,54.9030026],[20.8877561,54.9031038],[20.8879256,54.9031413],[20.8879843,54.9031959],[20.8880625,54.9032687],[20.8880103,54.9034299],[20.8878473,54.9035761],[20.8877887,54.903651],[20.8877691,54.903816],[20.8878473,54.9039172],[20.8877691,54.9039884],[20.8877756,54.9040259],[20.8877561,54.9040634],[20.8876778,54.9041383],[20.8876648,54.9041758],[20.887717,54.9041945],[20.8879647,54.9041608],[20.8884015,54.9045506],[20.8883363,54.9046743],[20.8882711,54.9046968],[20.8881603,54.9048055],[20.8880951,54.904828],[20.8880299,54.9048055],[20.8879451,54.9047006],[20.8878734,54.9046931],[20.8878017,54.9047156],[20.8877691,54.904753],[20.8876257,54.9047718],[20.887567,54.904798],[20.8875279,54.9048805],[20.8875344,54.904918],[20.8876061,54.9049817],[20.8878865,54.9050829],[20.8880038,54.9050791],[20.8880495,54.9050529],[20.8880886,54.9049817],[20.8881407,54.9049592],[20.8881929,54.9049817],[20.8882059,54.9051953],[20.8882646,54.9052703],[20.8884341,54.905394],[20.8884928,54.9054165],[20.8886688,54.9054427],[20.88916,54.90561],[20.8895262,54.905788],[20.8898126,54.9060082],[20.8899189,54.9062913],[20.89005,54.90651],[20.89049,54.90664],[20.89094,54.90689],[20.8913104,54.9068871],[20.8926161,54.906641],[20.89294,54.90651],[20.89272,54.906],[20.89361,54.90587],[20.89405,54.90562],[20.8945,54.90549],[20.8945,54.906],[20.89538,54.90613],[20.89627,54.90626],[20.8965,54.90601],[20.89694,54.90549],[20.89717,54.90473],[20.89762,54.9046],[20.89806,54.9046],[20.8986006,54.9046765],[20.8994535,54.9046826],[20.9000218,54.904822],[20.9001583,54.9047678],[20.9005724,54.9048311],[20.9008636,54.9047794],[20.90099,54.9046147],[20.9013476,54.9045687],[20.90139,54.90422],[20.90117,54.90396],[20.9012183,54.9038844],[20.9015994,54.9038696],[20.9019594,54.9035556],[20.90241,54.9034226],[20.9024625,54.9031965],[20.9025737,54.903163],[20.9026955,54.9032239],[20.9028967,54.9031082],[20.9029443,54.902953],[20.90286,54.9027439],[20.90384,54.90255],[20.90428,54.9023],[20.90517,54.90204],[20.90605,54.90179],[20.90651,54.90153],[20.9074,54.90128],[20.90918,54.90102],[20.90962,54.90102],[20.91006,54.90128],[20.9104335,54.9012689],[20.91073,54.90115],[20.9109999,54.9007846],[20.9112596,54.9006248],[20.91184,54.90077],[20.91229,54.90077],[20.91273,54.90077],[20.91362,54.90064],[20.91384,54.90038],[20.9140684,54.8998413],[20.91451,54.89974],[20.91496,54.9],[20.9157003,54.8999308],[20.9158804,54.8994445],[20.9162503,54.899409],[20.9164176,54.8991932],[20.9163973,54.8990621],[20.9166305,54.8988842],[20.916884,54.8987968],[20.9169581,54.8985216],[20.917107,54.8985257],[20.9173859,54.8987151],[20.9178523,54.8987326],[20.9179131,54.8988784],[20.9183238,54.8988959],[20.9188383,54.898801],[20.9188155,54.8989454],[20.9189296,54.8990765],[20.9193073,54.8990212],[20.9196484,54.8990411],[20.919774,54.8993367],[20.9198623,54.8994687],[20.9199179,54.8995517],[20.9198751,54.89975],[20.9200365,54.8999498],[20.9219431,54.9004483],[20.9222748,54.9001038],[20.9225272,54.8998042],[20.922886,54.8993593],[20.9232256,54.8993933],[20.9233783,54.899269],[20.9233706,54.8991246],[20.92385,54.89911],[20.92407,54.89937],[20.9244957,54.8997365],[20.925059,54.9000178],[20.9257194,54.9000691],[20.926369,54.9000369],[20.92674,54.89988],[20.92696,54.89937],[20.9274,54.89924],[20.92785,54.89898],[20.92962,54.89873],[20.93095,54.89873],[20.9314,54.89899],[20.93318,54.89899],[20.933552,54.8990912],[20.9340079,54.8993496],[20.9340915,54.899538],[20.9343329,54.8996135],[20.9347433,54.8996644],[20.935282,54.8997607],[20.9353709,54.8998541],[20.9354112,54.8999374],[20.9354487,54.8999775],[20.9355372,54.8999945],[20.9356874,54.8999929],[20.9357974,54.8999744],[20.9359074,54.8999189],[20.9360549,54.8998927],[20.936307,54.8998742],[20.9367488,54.8999699],[20.9368998,54.8999713],[20.9370549,54.8999326],[20.9373839,54.8998761],[20.9376657,54.8997873],[20.9378841,54.8996876],[20.9382489,54.8994161],[20.9383374,54.8993251],[20.9383213,54.8991771],[20.9384106,54.8990552],[20.9384018,54.8989118],[20.9384179,54.8988516],[20.9384993,54.8987972],[20.9394233,54.8988543],[20.939523,54.8988994],[20.9395364,54.8990197],[20.93941,54.89925],[20.9393352,54.8993745],[20.9393057,54.8994393],[20.9393044,54.8994639],[20.9393218,54.8994855],[20.9393661,54.8995079],[20.9394371,54.8995148],[20.9395927,54.8995025],[20.9398824,54.8994485],[20.940349,54.8993117],[20.9409419,54.8991041],[20.94162,54.89899],[20.94251,54.89899],[20.94296,54.89875],[20.9433989,54.898328],[20.94385,54.8981],[20.94429,54.89797],[20.94474,54.89771],[20.94518,54.89746],[20.94562,54.8972],[20.9458461,54.8969966],[20.946256,54.8969794],[20.9466272,54.8970466],[20.9470531,54.897083],[20.9474,54.89695],[20.94784,54.89682],[20.9482773,54.8970552],[20.94874,54.8972],[20.94918,54.8972],[20.9501441,54.8973286],[20.9502954,54.8975574],[20.95051,54.89784],[20.95096,54.89797],[20.9513876,54.8980825],[20.9519347,54.8980195],[20.9523789,54.8978474],[20.95273,54.89773],[20.95362,54.89773],[20.95407,54.89746],[20.95451,54.89746],[20.95496,54.89773],[20.95585,54.89773],[20.9563,54.89746],[20.95672,54.89746],[20.95718,54.89746],[20.95896,54.89721],[20.95985,54.89695],[20.96029,54.89695],[20.96073,54.89695],[20.96207,54.89669],[20.96251,54.89644],[20.96296,54.89618],[20.96385,54.89593],[20.96473,54.89567],[20.96562,54.89542],[20.96651,54.89516],[20.9668671,54.8950353],[20.9669315,54.8947922],[20.9670967,54.8945892],[20.9684518,54.8946978],[20.9695236,54.8947373],[20.9703508,54.894799],[20.9708518,54.8948224],[20.9711233,54.8945275],[20.9709559,54.8941209],[20.97073,54.89375],[20.97051,54.89349],[20.97096,54.89337],[20.9714,54.89337],[20.9719269,54.8933404],[20.9723957,54.8932392],[20.97274,54.89311],[20.97319,54.89311],[20.97361,54.89286],[20.9741177,54.8929695],[20.9746767,54.8932052],[20.97496,54.89337],[20.9760725,54.8932059],[20.97673,54.89286],[20.97762,54.89273],[20.9778148,54.8928301],[20.9776142,54.8934039],[20.97851,54.89349],[20.9788809,54.8935761],[20.9795874,54.893639],[20.9801673,54.8936551],[20.9808255,54.8936501],[20.9816253,54.8937032],[20.9820126,54.893747],[20.982577,54.8939614],[20.98296,54.89401],[20.9832765,54.89401],[20.9834,54.89401],[20.9837941,54.8943054],[20.9843258,54.8944492],[20.9850092,54.8944942],[20.9856502,54.8945383],[20.9863412,54.8944868],[20.9868256,54.8943893],[20.987347,54.8942687],[20.9876394,54.8940731],[20.9876732,54.8938803],[20.987583,54.8936736],[20.9878899,54.8935449],[20.9882809,54.8935924],[20.989025,54.8935054],[20.9898152,54.8934693],[20.9904616,54.8933429],[20.9911944,54.8929834],[20.991756,54.8927564],[20.992536,54.8926166],[20.9931373,54.8925694],[20.9941636,54.8927857],[20.9949768,54.8929782],[20.9955256,54.8928792],[20.9958281,54.8925228],[20.99562,54.89196],[20.99562,54.89145],[20.995863,54.8911823],[20.9963135,54.89085],[20.99673,54.89081],[20.99762,54.89107],[20.99806,54.89107],[21.00117,54.89131],[21.00162,54.89131],[21.00251,54.89131],[21.0036849,54.8913579],[21.0043452,54.8915923],[21.004967,54.8917966],[21.00651,54.89222],[21.0071385,54.8924938],[21.0077318,54.8927113],[21.0083514,54.8929168],[21.00917,54.89337],[21.00962,54.89363],[21.0102224,54.8937754],[21.01095,54.89401],[21.01117,54.89427],[21.0116285,54.8944498],[21.0123366,54.8947518],[21.01317,54.89504],[21.01339,54.89529],[21.0138848,54.8957624],[21.01428,54.89606],[21.01473,54.89632],[21.01517,54.89657],[21.0152071,54.8968643],[21.0153605,54.8972391],[21.01562,54.8976],[21.0159748,54.8978817],[21.0163132,54.8980785],[21.0169087,54.8981939],[21.0173148,54.8985088],[21.01739,54.89888],[21.0175111,54.8992288],[21.0178341,54.8994246],[21.0183051,54.899631],[21.01895,54.89977],[21.0194,54.89977],[21.0197797,54.8996584],[21.0202357,54.8994959],[21.0206665,54.8991998],[21.02095,54.89888],[21.02139,54.89862],[21.02184,54.89836],[21.022154,54.8979625],[21.022345,54.897568],[21.0223375,54.8971342],[21.02273,54.89683],[21.02317,54.89631],[21.0235895,54.8959867],[21.02406,54.89555],[21.0245916,54.8951087],[21.02495,54.89451],[21.025311,54.894112],[21.0257691,54.8935745],[21.0261956,54.8933182],[21.026666,54.8930584],[21.0276998,54.8928033],[21.0282013,54.8926407],[21.0284282,54.8924664],[21.02872,54.89234],[21.029087,54.8922609],[21.0296315,54.8921137],[21.0300825,54.8920489],[21.0306303,54.8922341],[21.03228,54.8926],[21.03272,54.89285],[21.03406,54.89311],[21.03672,54.89311],[21.03806,54.89311],[21.0385,54.89311],[21.03894,54.89311],[21.0397735,54.8932336],[21.04028,54.89336],[21.04072,54.89336],[21.0413227,54.8934752],[21.04294,54.89388],[21.04428,54.89413],[21.0448133,54.8942576],[21.04561,54.89451],[21.0459023,54.8948119],[21.0465,54.89503],[21.04672,54.89528],[21.047062,54.8955696],[21.0476209,54.8958238],[21.047754,54.8960946],[21.0480319,54.896524],[21.04806,54.89682],[21.04806,54.89708],[21.04761,54.89759],[21.0477089,54.8978258],[21.0480222,54.8979295],[21.0483569,54.8978715],[21.048505,54.8977012],[21.0488419,54.89759],[21.0490865,54.897613],[21.0493032,54.8977783],[21.04939,54.8981],[21.04962,54.89861],[21.05007,54.89875],[21.05095,54.899],[21.05273,54.89912],[21.052919,54.8993966],[21.0536126,54.8996072],[21.0545548,54.8998667],[21.0547429,54.8999185],[21.0551505,54.900125],[21.0552755,54.9001884],[21.055863,54.9004984],[21.05628,54.90066],[21.0566998,54.9010832],[21.057107,54.901292],[21.0576348,54.9016184],[21.0580887,54.9016109],[21.0583529,54.9015614],[21.0588547,54.9015317],[21.059433,54.9015918],[21.0596893,54.9014915],[21.0589188,54.9014195],[21.0589966,54.9012653],[21.0594124,54.9011897],[21.0597354,54.9011916],[21.0606683,54.9010788],[21.0612155,54.9009752],[21.061825,54.900883],[21.0624102,54.9005314],[21.062679,54.9000773],[21.0630352,54.899585],[21.063371,54.8992507],[21.063541,54.8989607],[21.0635271,54.89856],[21.0638157,54.8981103],[21.06428,54.89784],[21.0647974,54.8974884],[21.0654325,54.8970784],[21.0657603,54.8967258],[21.06628,54.89604],[21.06672,54.89579],[21.06716,54.89527],[21.06761,54.89502],[21.0678744,54.8947425],[21.06872,54.89438],[21.0695004,54.8941129],[21.0701393,54.8938284],[21.0710099,54.8934295],[21.0710051,54.8933126],[21.0712958,54.8932398],[21.07316,54.89348],[21.0734624,54.893747],[21.0741094,54.893813],[21.0746404,54.8937334],[21.0748207,54.8933916],[21.0750917,54.8932124],[21.07538,54.89258],[21.0759086,54.8924105],[21.07672,54.89232],[21.0776,54.89232],[21.07849,54.89232],[21.0790157,54.8922692],[21.0795253,54.8921298],[21.0800778,54.8918959],[21.080508,54.8918842],[21.08071,54.89194],[21.0807237,54.8921742],[21.08049,54.89245],[21.08049,54.8927],[21.08071,54.89322],[21.08116,54.89334],[21.0816,54.89334],[21.0821675,54.8932635],[21.0824564,54.8930917],[21.0825347,54.892711],[21.0828169,54.8924784],[21.0832782,54.8923729],[21.0835583,54.8921544],[21.0835761,54.8919518],[21.0836,54.89168],[21.0837095,54.8914436],[21.08404,54.89118],[21.0841849,54.890831],[21.0845721,54.8906587],[21.0856,54.89065],[21.0859418,54.8907615],[21.0865587,54.8910271],[21.0869196,54.8911511],[21.0872593,54.8912758],[21.0876,54.89218],[21.0876,54.89244],[21.0876234,54.8926018],[21.08782,54.89283],[21.08827,54.89308],[21.0894209,54.8930089],[21.0896757,54.8929086],[21.0897589,54.8928407],[21.0898045,54.8928099],[21.0898353,54.8927987],[21.0898769,54.8927983],[21.0899252,54.8928099],[21.0899922,54.8928315],[21.0900646,54.8928407],[21.0901397,54.8928454],[21.0904482,54.8927698],[21.0908237,54.8926926],[21.0911336,54.8926847],[21.0913065,54.8926788],[21.0914609,54.8926558],[21.0918295,54.8925554],[21.0921278,54.8924724],[21.0923862,54.8924156],[21.0926921,54.8923366],[21.0932483,54.8925291],[21.0935845,54.8926677],[21.0934991,54.8927376],[21.093329,54.8928768],[21.0928624,54.8931837],[21.0922884,54.8933645],[21.0918035,54.8934703],[21.0914494,54.89356],[21.0912526,54.8937337],[21.09116,54.89398],[21.09116,54.89422],[21.0910079,54.8943958],[21.0908454,54.8944939],[21.0906346,54.8946484],[21.0904404,54.8948305],[21.0903551,54.8950489],[21.0904307,54.8952836],[21.0905895,54.8955224],[21.0910262,54.895875],[21.0910755,54.8964901],[21.0910503,54.8967591],[21.0911463,54.8971787],[21.0915669,54.8976762],[21.09176,54.8980689],[21.0920797,54.8985042],[21.0924837,54.8990665],[21.0928512,54.8995989],[21.0930904,54.9000196],[21.0935995,54.9005052],[21.0939632,54.9008306],[21.0943398,54.9011625],[21.0946638,54.9015126],[21.0948703,54.9018719],[21.09495,54.90217],[21.0950243,54.9023469],[21.0950372,54.9025804],[21.0951729,54.9028947],[21.0954507,54.9030501],[21.09584,54.90319],[21.0965326,54.9036691],[21.09762,54.90396],[21.0981254,54.9042468],[21.0985648,54.9044513],[21.0994043,54.9048618],[21.100518,54.9055252],[21.1008821,54.9059335],[21.1008027,54.9061593],[21.1009068,54.9063086],[21.1010978,54.9063345],[21.1015741,54.9062894],[21.1019354,54.9062684],[21.10208,54.90626],[21.1028799,54.9064881],[21.1034019,54.9066497],[21.10383,54.9067475],[21.1045273,54.9068449],[21.1051378,54.9068687],[21.10652,54.90689],[21.1083,54.90664],[21.10875,54.90664],[21.1095973,54.9067259],[21.1102174,54.9067391],[21.11141,54.90664],[21.11186,54.90664],[21.112618,54.906551],[21.11319,54.90638],[21.11363,54.90638],[21.1144757,54.9062037],[21.11496,54.906],[21.1154062,54.9058254],[21.1156958,54.9057452],[21.1158782,54.9057005],[21.1161223,54.9056789],[21.1164314,54.9056754],[21.1168814,54.9056944],[21.1172381,54.9057329],[21.1174938,54.905769],[21.117788,54.9058023],[21.1179247,54.90581],[21.1180982,54.9057902],[21.11837,54.9058671],[21.1184585,54.9058825],[21.1185497,54.9058748],[21.1186637,54.9058419],[21.118828,54.9058568],[21.1191747,54.9059642],[21.1195069,54.9059706],[21.119644,54.9059442],[21.1203548,54.906029],[21.1210871,54.9061045],[21.1213679,54.9061732],[21.1251718,54.9065235],[21.12608,54.90688],[21.12653,54.90714],[21.12697,54.90739],[21.12875,54.90765],[21.12964,54.9079],[21.13008,54.90816],[21.1307222,54.9083767],[21.13098,54.9088],[21.13142,54.90892],[21.13275,54.90918],[21.1332,54.90918],[21.13365,54.90918],[21.13498,54.9093],[21.1353249,54.9095658],[21.13587,54.90982],[21.13609,54.91007],[21.13632,54.91058],[21.13676,54.91071],[21.13721,54.91071],[21.13943,54.91071],[21.13987,54.91096],[21.14032,54.91122],[21.14076,54.91122],[21.1413287,54.9112101],[21.14187,54.91135],[21.1423222,54.9117837],[21.14299,54.91198],[21.14388,54.91224],[21.14477,54.91237],[21.14499,54.91262],[21.1455784,54.9129462],[21.14611,54.91326],[21.147,54.91352],[21.14744,54.91377],[21.14878,54.91404],[21.14923,54.91428],[21.15011,54.91454],[21.1510126,54.9148191],[21.15189,54.91479],[21.15234,54.91479],[21.15411,54.91504],[21.1548095,54.9152619],[21.15634,54.91555],[21.1568,54.91581],[21.1572235,54.9160087],[21.15768,54.91606],[21.15856,54.91606],[21.16079,54.91632],[21.16257,54.91657],[21.16301,54.91657],[21.1639,54.91657],[21.16657,54.91656],[21.16879,54.91643],[21.16924,54.91643],[21.16968,54.9163],[21.1707912,54.9163244],[21.17146,54.9163],[21.1719349,54.9163115],[21.17257,54.91643],[21.173217,54.9165261],[21.17368,54.91655],[21.17457,54.91655],[21.1750227,54.9164983],[21.17591,54.91629],[21.17679,54.91604],[21.1778068,54.9159322],[21.1790116,54.9158773],[21.179768,54.9159402],[21.180224,54.9159791],[21.18079,54.91603],[21.1813881,54.9163158],[21.1818559,54.9164761],[21.18214,54.91654],[21.182874,54.9165871],[21.18347,54.91679],[21.18436,54.91705],[21.18525,54.91731],[21.18614,54.91756],[21.18836,54.91781],[21.19013,54.91807],[21.1907254,54.9181947],[21.19148,54.91832],[21.19192,54.91832],[21.1924935,54.9182706],[21.1933872,54.9180757],[21.19459,54.9178],[21.1961595,54.9176663],[21.1981562,54.9175824],[21.1994844,54.9176737],[21.20037,54.91779],[21.20259,54.91805],[21.20393,54.9183],[21.2048832,54.9184574],[21.20615,54.91881],[21.2067354,54.9188769],[21.2071588,54.9190518],[21.2076566,54.919272],[21.2080739,54.9194693],[21.2085567,54.9196944],[21.2091661,54.9199854],[21.2095967,54.9201774],[21.2101272,54.9204215],[21.2110983,54.9209058],[21.21195,54.92136],[21.21239,54.92161],[21.21284,54.92187],[21.2135177,54.9221774],[21.2141592,54.9226244],[21.214738,54.9230323],[21.21463,54.92404],[21.21507,54.92417],[21.21552,54.92443],[21.21685,54.92468],[21.21774,54.9248],[21.21797,54.92506],[21.21797,54.92532],[21.21797,54.92583],[21.2184165,54.9265702],[21.21909,54.92685],[21.21932,54.92762],[21.2197233,54.928215],[21.22042,54.92852],[21.22132,54.92877],[21.2231,54.92902],[21.22399,54.92928],[21.224518,54.9295417],[21.22466,54.92992],[21.22444,54.93004],[21.22422,54.93017],[21.2244214,54.9304059],[21.22489,54.93043],[21.22512,54.9312],[21.22556,54.93145],[21.2260672,54.9320481],[21.2265769,54.9323785],[21.22668,54.93273],[21.22713,54.93286],[21.22802,54.93286],[21.22846,54.93285],[21.22935,54.93298],[21.22958,54.93324],[21.22958,54.93375],[21.22958,54.93426],[21.22981,54.93477],[21.23025,54.9349],[21.23114,54.93503],[21.23115,54.93554],[21.23159,54.93567],[21.23204,54.93567],[21.23248,54.93566],[21.2330571,54.9357748],[21.23315,54.93605],[21.2331472,54.9365607],[21.23339,54.93694],[21.23383,54.9372],[21.23427,54.93745],[21.23472,54.93771],[21.23605,54.93784],[21.23628,54.93809],[21.23672,54.93834],[21.23718,54.9386],[21.23762,54.93936],[21.23762,54.93962],[21.2376082,54.9400004],[21.23785,54.94026],[21.23918,54.94038],[21.23941,54.9409],[21.23985,54.94116],[21.2403,54.94192],[21.24075,54.94218],[21.2412,54.94269],[21.24165,54.9432],[21.24187,54.94397],[21.24276,54.94397],[21.243,54.94499],[21.24344,54.94525],[21.24389,54.94602],[21.24434,54.94704],[21.24479,54.94782],[21.24523,54.94806],[21.24568,54.94884],[21.24613,54.94986],[21.24659,54.95088],[21.24704,54.9519],[21.24749,54.95267],[21.24749,54.95292],[21.24749,54.95369],[21.24794,54.95497],[21.24794,54.95523],[21.24794,54.95574],[21.24841,54.95779],[21.24842,54.95958],[21.24842,54.95984],[21.24842,54.96009],[21.24843,54.96163],[21.24843,54.96189],[21.24799,54.9624],[21.248,54.96291],[21.248,54.96317],[21.24755,54.96369],[21.24756,54.96394],[21.24756,54.96419],[21.24734,54.96432],[21.246,54.96445],[21.24623,54.96496],[21.24623,54.96522],[21.24579,54.96573],[21.24579,54.96599],[21.24602,54.96752],[21.24513,54.96753],[21.24491,54.9683],[21.24492,54.96906],[21.24492,54.96958],[21.2447,54.9697],[21.24404,54.97086],[21.24382,54.97188],[21.24272,54.97393],[21.2425,54.97406],[21.24116,54.97419],[21.2414,54.97471],[21.24184,54.97522],[21.24184,54.97547],[21.2414,54.97599],[21.2414,54.97649],[21.2414,54.97675],[21.24118,54.97688],[21.23985,54.97701],[21.23985,54.97753],[21.24074,54.97751],[21.24051,54.97778],[21.24007,54.97829],[21.24009,54.97855],[21.2403,54.97881],[21.23852,54.97881],[21.2383,54.97983],[21.23808,54.97996],[21.23719,54.98009],[21.23697,54.9806],[21.23675,54.98073],[21.23629,54.98073],[21.23587,54.98073],[21.23564,54.98087],[21.23543,54.98099],[21.23519,54.98112],[21.23497,54.98125],[21.23475,54.98138],[21.23453,54.98151],[21.23319,54.98176],[21.23297,54.98189],[21.23266,54.9822564],[21.23253,54.98241],[21.23231,54.98253],[21.23097,54.98279],[21.23075,54.98292],[21.23075,54.98318],[21.23098,54.98343],[21.23009,54.98331],[21.22919,54.98331],[21.2286011,54.9833275],[21.2283852,54.9834474],[21.2283143,54.983494],[21.2282787,54.9835569],[21.2282557,54.9836239],[21.2283104,54.9836868],[21.2284148,54.983766],[21.227276,54.9839443],[21.2268569,54.9840022],[21.2263883,54.9840667],[21.2260758,54.9843523],[21.2258355,54.9845062],[21.2265485,54.9850233],[21.2274177,54.985589],[21.2278842,54.9859505],[21.2282417,54.9862565],[21.228577,54.9866444],[21.2287355,54.9868884],[21.2288051,54.9872871],[21.2287485,54.9881891],[21.2285933,54.9887907],[21.2283465,54.9890157],[21.2281736,54.9892082],[21.2280473,54.9894039],[21.2280642,54.9895548],[21.2281713,54.9896638],[21.228377,54.9897375],[21.2285511,54.9897693],[21.2287438,54.9897551],[21.2289646,54.9897089],[21.2295352,54.9896139],[21.2295428,54.9896817],[21.2295261,54.9897619],[21.22946,54.98984],[21.22923,54.98997],[21.22901,54.9901],[21.22901,54.99035],[21.22901,54.99061],[21.22857,54.99112],[21.22857,54.99138],[21.22857,54.99163],[21.22835,54.99176],[21.22813,54.99189],[21.22791,54.99202],[21.22768,54.99215],[21.22724,54.99292],[21.2268,54.99369],[21.22636,54.9942],[21.22592,54.99548],[21.22592,54.99574],[21.2253469,54.9962127],[21.2249997,54.9965741],[21.2247143,54.9967972],[21.2236818,54.9976849],[21.2222925,54.9991137],[21.221013,55.0006169],[21.2201123,55.0011285],[21.21927,55.0015846],[21.21772,55.00215],[21.2159185,55.0028869],[21.2142404,55.0035138],[21.2134047,55.00423],[21.2126959,55.0046954],[21.2123954,55.0049823],[21.2121808,55.0054169],[21.2123954,55.0064022],[21.2128347,55.0070423],[21.2133805,55.0079423],[21.2137322,55.0086582],[21.2140405,55.0089422],[21.21419,55.00908],[21.21442,55.00985],[21.21442,55.0101],[21.21442,55.01036],[21.21487,55.01061],[21.21509,55.01163],[21.2157111,55.0115439],[21.2165701,55.0111938],[21.21732,55.01099],[21.2180282,55.01073],[21.2190681,55.0104808],[21.2193454,55.0106916],[21.21821,55.01099],[21.2172014,55.0113484],[21.21688,55.0115],[21.21665,55.01163],[21.21621,55.0124],[21.21599,55.01266],[21.21644,55.01278],[21.21689,55.01305],[21.21733,55.0133],[21.21822,55.01355],[21.21911,55.01368],[21.21934,55.01419],[21.21979,55.01444],[21.21979,55.0147],[21.21979,55.01521],[21.22024,55.01572],[21.22024,55.01598],[21.22024,55.01624],[21.22025,55.01649],[21.22025,55.01675],[21.2207,55.01726],[21.2207,55.01752],[21.22048,55.01828],[21.22137,55.01828],[21.2216,55.0193],[21.2216,55.02033],[21.22138,55.02046],[21.22116,55.02059],[21.22116,55.0211],[21.22117,55.02161],[21.22071,55.02213],[21.22073,55.02315],[21.22073,55.02366],[21.22073,55.02417],[21.22074,55.02494],[21.22074,55.0252],[21.22074,55.02545],[21.2203,55.02597],[21.2203,55.02622],[21.2203,55.02648],[21.21986,55.02751],[21.21964,55.02763],[21.21942,55.02776],[21.21919,55.02789],[21.21896,55.02802],[21.21875,55.02904],[21.21786,55.02917],[21.21764,55.0293],[21.21742,55.02943],[21.2172,55.02956],[21.21675,55.03007],[21.21653,55.0302],[21.21564,55.03033],[21.21586,55.03059],[21.21587,55.03084],[21.21543,55.03238],[21.21521,55.03251],[21.21498,55.03264],[21.21498,55.03289],[21.21499,55.0334],[21.21499,55.03366],[21.21499,55.03392],[21.21501,55.03673],[21.21545,55.03725],[21.21546,55.03852],[21.21524,55.03904],[21.21658,55.03904],[21.21636,55.03955],[21.21592,55.04006],[21.21548,55.04057],[21.21548,55.04083],[21.21548,55.04109],[21.21503,55.04262],[21.21461,55.04339],[21.21437,55.04352],[21.21415,55.04365],[21.21415,55.04392],[21.21417,55.04544],[21.21394,55.04647],[21.21305,55.04647],[21.21328,55.04698],[21.21328,55.04724],[21.21283,55.04775],[21.21262,55.04878],[21.21232,55.04869],[21.21217,55.04852],[21.21172,55.04852],[21.21173,55.04878],[21.21202,55.04887],[21.21239,55.04903],[21.2124,55.04929],[21.21195,55.0498],[21.21151,55.05108],[21.21129,55.05121],[21.21107,55.05133],[21.21085,55.0516],[21.21129,55.05172],[21.21219,55.05172],[21.21263,55.05159],[21.2131229,55.0516575],[21.21219,55.05223],[21.21197,55.05235],[21.21174,55.05249],[21.21041,55.05275],[21.21018,55.05288],[21.20996,55.05301],[21.20974,55.05313],[21.20974,55.05339],[21.21019,55.05467],[21.21065,55.05569],[21.2111,55.05672],[21.2111,55.05697],[21.21066,55.058],[21.21066,55.05826],[21.2111,55.05876],[21.21134,55.05953],[21.21044,55.05954],[21.21066,55.05979],[21.21066,55.06005],[21.21066,55.0603],[21.21112,55.06056],[21.21157,55.06133],[21.21202,55.06235],[21.21202,55.06261],[21.21158,55.06312],[21.21136,55.06363],[21.20957,55.06364],[21.20979,55.06389],[21.20979,55.06466],[21.20935,55.06543],[21.20914,55.06594],[21.21003,55.06594],[21.20981,55.06645],[21.20981,55.06696],[21.20981,55.06722],[21.20981,55.06748],[21.20982,55.06799],[21.20937,55.0685],[21.20915,55.06863],[21.20893,55.06876],[21.20871,55.06889],[21.20848,55.06902],[21.20826,55.06914],[21.20804,55.06927],[21.20782,55.0703],[21.20916,55.07029],[21.20894,55.07106],[21.20894,55.07132],[21.20894,55.07183],[21.20895,55.07234],[21.20895,55.07311],[21.20873,55.07324],[21.20739,55.07337],[21.20739,55.07388],[21.20784,55.07401],[21.20873,55.07414],[21.20896,55.07465],[21.20897,55.07695],[21.20875,55.07772],[21.20786,55.07785],[21.20764,55.07798],[21.20764,55.07824],[21.20809,55.07849],[21.20809,55.07875],[21.20787,55.07888],[21.20764,55.07901],[21.20742,55.07952],[21.20832,55.07952],[21.20809,55.07977],[21.20787,55.0799],[21.20765,55.08003],[21.20765,55.0808],[21.20766,55.08208],[21.20744,55.0822],[21.20655,55.08246],[21.20632,55.08259],[21.20632,55.08285],[21.20633,55.08311],[21.20588,55.08362],[21.20588,55.08413],[21.20634,55.08515],[21.20678,55.08542],[21.20701,55.08592],[21.20612,55.08605],[21.20589,55.08618],[21.20545,55.0872],[21.20524,55.08849],[21.20613,55.08848],[21.20591,55.089],[21.20591,55.08951],[21.20591,55.09002],[21.20569,55.09015],[21.20547,55.09028],[21.20547,55.09053],[21.20547,55.09105],[21.20525,55.09117],[21.20503,55.0913],[21.20503,55.09156],[21.20548,55.09233],[21.20548,55.09309],[21.20504,55.09438],[21.2046,55.09515],[21.2046,55.09566],[21.20461,55.09643],[21.20461,55.09668],[21.20461,55.09694],[21.20417,55.09745],[21.20417,55.09771],[21.20417,55.09822],[21.20373,55.09976],[21.20374,55.10078],[21.20374,55.10104],[21.20352,55.10155],[21.20262,55.10155],[21.2024,55.10232],[21.20241,55.10258],[21.20241,55.1036],[21.20242,55.10488],[21.20242,55.10514],[21.2022,55.10527],[21.20197,55.10539],[21.20175,55.10552],[21.20153,55.10566],[21.20153,55.10642],[21.20153,55.10668],[21.20131,55.1068],[21.20042,55.10693],[21.20064,55.10745],[21.20064,55.1077],[21.20042,55.10796],[21.20132,55.10796],[21.20109,55.10821],[21.20087,55.10834],[21.20065,55.10847],[21.20043,55.1086],[21.2002,55.10873],[21.20021,55.10924],[21.20021,55.10949],[21.19998,55.10962],[21.19976,55.10975],[21.19954,55.10988],[21.19932,55.11001],[21.19887,55.11052],[21.19843,55.11103],[21.19843,55.11129],[21.19866,55.1118],[21.19776,55.1118],[21.19754,55.11257],[21.19732,55.1127],[21.1971,55.11283],[21.19687,55.11296],[21.19665,55.11309],[21.1958238,55.1138615],[21.1954221,55.1138876],[21.1953745,55.1139152],[21.1953704,55.1139888],[21.1953933,55.1142036],[21.1954214,55.1144663],[21.1954324,55.1145186],[21.1955318,55.1145647],[21.19576,55.11462],[21.19577,55.11514],[21.19621,55.11539],[21.19644,55.1159],[21.19733,55.1159],[21.1971022,55.1163108],[21.1971532,55.1164772],[21.1970097,55.116557],[21.1969403,55.1167237],[21.1968756,55.1168163],[21.1967213,55.1168316],[21.1966194,55.1167672],[21.1964679,55.1167978],[21.1964893,55.1168799],[21.1965708,55.1169572],[21.1965091,55.1171347],[21.1966328,55.117176],[21.1966664,55.1172504],[21.1968899,55.1174308],[21.1968863,55.1176454],[21.1968125,55.1177635],[21.1967508,55.1179913],[21.1968058,55.118048],[21.1967495,55.1181408],[21.1966744,55.1182198],[21.1965202,55.1182911],[21.1966395,55.1184361],[21.1966489,55.1185596],[21.1967938,55.1188134],[21.1970539,55.1188717],[21.1972041,55.1189776],[21.197302,55.1190627],[21.1973798,55.1190926],[21.1974174,55.1191586],[21.1973865,55.1191915],[21.1973181,55.1191908],[21.1972229,55.1192107],[21.1971709,55.1192553],[21.1972,55.11932],[21.1972618,55.1194254],[21.1973047,55.1194162],[21.1973302,55.1194469],[21.1973678,55.1194515],[21.1974298,55.1194179],[21.1977057,55.1194799],[21.1977205,55.1195681],[21.1976601,55.1196034],[21.197686,55.1196909],[21.1975797,55.1197184],[21.1974777,55.1197614],[21.1973973,55.1198043],[21.1973114,55.1197759],[21.1969936,55.1197951],[21.1968648,55.1198243],[21.1967678,55.1199946],[21.19712,55.12051],[21.19714,55.12102],[21.19714,55.12154],[21.19715,55.12384],[21.19715,55.12461],[21.1976,55.12538],[21.19761,55.1259],[21.19738,55.12602],[21.19716,55.12615],[21.19672,55.12692],[21.19627,55.12743],[21.19583,55.12794],[21.19561,55.12808],[21.19471,55.1282],[21.19449,55.12897],[21.19405,55.12948],[21.19361,55.13051],[21.19317,55.13256],[21.19295,55.13268],[21.19272,55.13281],[21.19273,55.13307],[21.19273,55.13358],[21.19251,55.13371],[21.19228,55.13384],[21.19184,55.13486],[21.19184,55.13512],[21.19184,55.13563],[21.19185,55.13614],[21.19185,55.1364],[21.19185,55.13717],[21.19185,55.13769],[21.19141,55.13896],[21.1911471,55.1393841],[21.1908203,55.1396517],[21.190756,55.1399808],[21.19097,55.14024],[21.19142,55.14075],[21.19031,55.14152],[21.19009,55.14204],[21.18964,55.14281],[21.1892,55.14357],[21.1891517,55.1443327],[21.18943,55.14498],[21.18988,55.14524],[21.19077,55.14537],[21.191,55.14562],[21.191,55.14588],[21.1907746,55.1468509],[21.19078,55.14741],[21.19056,55.14793],[21.19034,55.14805],[21.1899275,55.1487048],[21.1898409,55.149666],[21.1896526,55.1506433],[21.18924,55.15126],[21.18924,55.15151],[21.18924,55.15177],[21.18924,55.15203],[21.18924,55.15228],[21.18924,55.15253],[21.18924,55.15331],[21.1888,55.15382],[21.18836,55.15433],[21.18814,55.1551],[21.1877979,55.1554801],[21.18747,55.15664],[21.18747,55.15715],[21.18703,55.15766],[21.18681,55.15779],[21.18658,55.15793],[21.18636,55.15895],[21.18771,55.15895],[21.18748,55.1592],[21.18726,55.15933],[21.18591,55.15933],[21.18547,55.15933],[21.18525,55.15946],[21.18503,55.15959],[21.1848,55.15972],[21.18436,55.16023],[21.18436,55.16125],[21.18436,55.16151],[21.18393,55.16356],[21.18348,55.16458],[21.18304,55.16561],[21.18304,55.16612],[21.18304,55.16638],[21.1826,55.16689],[21.1826,55.16791],[21.18305,55.16817],[21.18305,55.16843],[21.18283,55.16856],[21.18261,55.16868],[21.18261,55.1692],[21.18261,55.16945],[21.18216,55.16996],[21.18172,55.17073],[21.18128,55.17175],[21.18128,55.17227],[21.18128,55.17253],[21.18084,55.17304],[21.18084,55.1733],[21.18084,55.17355],[21.18085,55.17586],[21.18086,55.17842],[21.18087,55.1797],[21.18087,55.18021],[21.18087,55.18047],[21.18087,55.18098],[21.18087,55.18149],[21.18088,55.18175],[21.18043,55.18226],[21.18043,55.18252],[21.18043,55.18277],[21.17999,55.1838],[21.17977,55.18393],[21.17954,55.18405],[21.17932,55.18418],[21.1791,55.18431],[21.1791,55.18458],[21.1791,55.18508],[21.1791,55.18558],[21.1791,55.18585],[21.17911,55.18662],[21.17911,55.18687],[21.17867,55.18841],[21.17867,55.18867],[21.17867,55.18892],[21.17867,55.18969],[21.17868,55.19046],[21.17868,55.19071],[21.17868,55.19148],[21.17868,55.19174],[21.17869,55.19225],[21.17869,55.19251],[21.17869,55.19301],[21.17869,55.19353],[21.17914,55.19456],[21.17914,55.19481],[21.17892,55.19494],[21.1787,55.19507],[21.1787,55.19558],[21.17915,55.1966],[21.17915,55.19686],[21.17915,55.19712],[21.1796,55.19737],[21.18005,55.19763],[21.1805,55.19788],[21.1810358,55.1982308],[21.1814529,55.1985888],[21.1820795,55.1988001],[21.1838373,55.1992857],[21.1856284,55.1995969],[21.1863776,55.1997589],[21.1868491,55.2000089],[21.1875244,55.2004404],[21.18835,55.20094],[21.1887195,55.2011449],[21.1900707,55.2016671],[21.1902847,55.2019394],[21.1903108,55.2027667],[21.1906113,55.2030376],[21.19105,55.20312],[21.1915852,55.2030563],[21.1926856,55.2026879],[21.1931737,55.2026457],[21.1935593,55.2026616],[21.1940945,55.2030318],[21.1945339,55.2033002],[21.1950376,55.2034165],[21.1960623,55.2035192],[21.1966095,55.2037843],[21.19692,55.2038639],[21.1987661,55.2040396],[21.2005518,55.2040984],[21.2010179,55.2042114],[21.2013062,55.2043145],[21.2016175,55.204541],[21.2018906,55.2045869],[21.2031161,55.2047063],[21.2050896,55.2048043],[21.2061781,55.204912],[21.2068104,55.2051139],[21.2071692,55.2053241],[21.2073087,55.2054798],[21.2073362,55.2058982],[21.2074529,55.2060833],[21.2077956,55.2062568],[21.208326,55.2064372],[21.2090176,55.2065902],[21.2094407,55.2066163],[21.210057,55.2065457],[21.2110817,55.2063366],[21.2116228,55.2063425],[21.2121122,55.2064007],[21.212477,55.2065464],[21.2136661,55.2076684],[21.2140141,55.2077663],[21.214593,55.2078443],[21.2152796,55.2078493],[21.2165003,55.2077321],[21.2170045,55.2077257],[21.2172722,55.2077977],[21.2178761,55.2084917],[21.2181652,55.2085866],[21.218533,55.2086051],[21.2192835,55.2084613],[21.2196316,55.2083388],[21.2198939,55.2081339],[21.2201507,55.2080329],[21.2215387,55.2079021],[21.2224613,55.2077869],[21.2232553,55.2074578],[21.2237279,55.2070919],[21.2238842,55.2066926],[21.2237715,55.206193],[21.2233858,55.2055579],[21.2228984,55.2051585],[21.2220346,55.2048938],[21.2182212,55.2045503],[21.2165916,55.203987],[21.21539,55.2030997],[21.2148231,55.2015715],[21.2150222,55.199176],[21.2149472,55.1975883],[21.2164599,55.1957834],[21.2155708,55.1941683],[21.2188913,55.1913311],[21.22226,55.1902855],[21.2259656,55.1909912],[21.2258215,55.1921454],[21.2265666,55.1934334],[21.2280304,55.1942831],[21.228502,55.195298],[21.2287791,55.195349],[21.229213,55.1956243],[21.2297746,55.1958821],[21.2309226,55.1963227],[21.2321028,55.1966888],[21.2328579,55.196963],[21.2335815,55.1971987],[21.2341871,55.1973048],[21.2345027,55.1973335],[21.2347605,55.1973569],[21.2354513,55.1973722],[21.236662,55.1973681],[21.2387405,55.1975738],[21.2405423,55.1975167],[21.2409293,55.1974588],[21.241176,55.1973465],[21.2415939,55.1970824],[21.2422752,55.1967714],[21.2425482,55.1967453],[21.243577,55.1968402],[21.2439996,55.1969398],[21.244247,55.1972204],[21.2446594,55.1975264],[21.2451315,55.1976524],[21.2457847,55.1976629],[21.2462723,55.1975803],[21.2477297,55.1970063],[21.2476975,55.1966708],[21.2475361,55.1964359],[21.2475563,55.1960734],[21.2476637,55.1958647],[21.2493155,55.1943323],[21.2500557,55.1938651],[21.2526396,55.1939202],[21.2539208,55.1937948],[21.2549937,55.1939785],[21.2571716,55.1943459],[21.2575257,55.1944807],[21.2577188,55.1946889],[21.2578819,55.1951484],[21.2578905,55.1951727],[21.2578154,55.1952645],[21.2569892,55.1955095],[21.2564313,55.1957544],[21.2554228,55.1963239],[21.2548756,55.1970771],[21.2546503,55.1973466],[21.2543821,55.1974445],[21.2519375,55.1976057],[21.2516477,55.1976988],[21.2515719,55.1979026],[21.2519306,55.1987094],[21.2521775,55.1989395],[21.2525614,55.199081],[21.2530221,55.1991236],[21.2539985,55.1990945],[21.2544967,55.1989929],[21.2548068,55.1989111],[21.2555149,55.1984582],[21.2557611,55.1983796],[21.2563942,55.1980952],[21.2568549,55.197839],[21.258062,55.1970922],[21.25884,55.1974277],[21.259609,55.1977717],[21.2596432,55.1983827],[21.2600825,55.1994397],[21.2606189,55.2001099],[21.2609193,55.2003352],[21.261626,55.200661],[21.2621292,55.200798],[21.2624832,55.2008263],[21.2626531,55.2007773],[21.2628248,55.2006436],[21.2631628,55.2005316],[21.2635748,55.2004924],[21.2657736,55.2005169],[21.266701,55.200572],[21.2680039,55.2006792],[21.2687604,55.2008629],[21.2699823,55.2013892],[21.2705074,55.201517],[21.2712626,55.2016578],[21.2715571,55.2017725],[21.2717495,55.2019794],[21.2719803,55.2020543],[21.2722634,55.2020778],[21.2725196,55.202038],[21.2727009,55.2019706],[21.2729216,55.2018348],[21.2732649,55.2015838],[21.2739515,55.2019389],[21.2735009,55.2023798],[21.27334,55.2029002],[21.2740052,55.2032186],[21.2745952,55.2032675],[21.2747347,55.2036778],[21.2753248,55.2040941],[21.2756359,55.2046329],[21.2758398,55.2050614],[21.2760973,55.2053675],[21.27682,55.20564],[21.2772599,55.2058204],[21.27795,55.20615],[21.27817,55.20666],[21.27817,55.20692],[21.2783846,55.2070659],[21.2788077,55.2073043],[21.2793,55.20756],[21.27974,55.2077645],[21.2802543,55.2080531],[21.28064,55.20819],[21.28087,55.20846],[21.2812609,55.2087763],[21.2816574,55.2089845],[21.28177,55.20922],[21.28177,55.20946],[21.28178,55.21024],[21.28156,55.21037],[21.2814051,55.2105612],[21.28133,55.21075],[21.28134,55.21127],[21.28134,55.21203],[21.2818,55.21306],[21.2818,55.21331],[21.2818,55.21357],[21.28181,55.21485],[21.28159,55.21511],[21.28248,55.2151],[21.28226,55.21562],[21.28204,55.21613],[21.28294,55.21613],[21.28272,55.21638],[21.28272,55.21664],[21.28272,55.21689],[21.2825,55.21715],[21.2834,55.21715],[21.28317,55.21766],[21.28319,55.21792],[21.28363,55.21817],[21.28363,55.21869],[21.28363,55.2192],[21.28386,55.21997],[21.28431,55.22009],[21.28476,55.22022],[21.28476,55.21971],[21.28521,55.21971],[21.28499,55.22048],[21.28476,55.2206],[21.28454,55.22073],[21.28432,55.22099],[21.28521,55.22099],[21.28544,55.22124],[21.28589,55.2215],[21.28589,55.22201],[21.28567,55.22227],[21.28657,55.22227],[21.28657,55.22303],[21.28702,55.2229],[21.28747,55.22278],[21.28769,55.22303],[21.28814,55.22354],[21.28837,55.22405],[21.28927,55.22405],[21.28905,55.22456],[21.28861,55.22585],[21.28861,55.2261],[21.28906,55.22687],[21.28907,55.22713],[21.28862,55.22764],[21.2884,55.2279],[21.28929,55.22789],[21.28907,55.22815],[21.288929,55.2284066],[21.28863,55.22918],[21.2884355,55.2296242],[21.28841,55.22969],[21.28752,55.22969],[21.2873,55.2302],[21.2873,55.23046],[21.2873,55.23072],[21.28708,55.23123],[21.28798,55.23123],[21.2882,55.23148],[21.2882,55.23174],[21.28821,55.23199],[21.28821,55.2324668],[21.28821,55.23276],[21.28821,55.23302],[21.2884931,55.2336476],[21.28867,55.23404],[21.28867,55.2343],[21.28845,55.23443],[21.28822,55.23455],[21.288,55.23468],[21.28778,55.2348],[21.28778,55.23507],[21.28778,55.23532],[21.28756,55.23545],[21.28733,55.23558],[21.28689,55.23635],[21.28645,55.23712],[21.286,55.23763],[21.28578,55.23776],[21.28556,55.23789],[21.28534,55.2384],[21.2849949,55.2395909],[21.2843476,55.2403637],[21.2827859,55.2410839],[21.2816432,55.2413432],[21.2804448,55.2413576],[21.279408,55.2409262],[21.2794929,55.2401406],[21.2790617,55.2399902],[21.2784274,55.2399905],[21.277896,55.2400056],[21.2767059,55.2397467],[21.27593,55.23945],[21.2754695,55.239911],[21.27482,55.24022],[21.2746,55.24035],[21.27437,55.24049],[21.27415,55.24061],[21.27393,55.24073],[21.27348,55.24151],[21.27326,55.24163],[21.27304,55.24176],[21.27281,55.24189],[21.27192,55.24202],[21.2715576,55.2426424],[21.27103,55.24292],[21.2707088,55.2436188],[21.2709829,55.2450059],[21.2700352,55.2456198],[21.2697502,55.2455128],[21.2698313,55.2454268],[21.2697121,55.2453442],[21.2694821,55.2452162],[21.2690204,55.2448662],[21.2683705,55.2444142],[21.2678722,55.2441928],[21.2673088,55.2439715],[21.266457,55.2437453],[21.2655609,55.243562],[21.2647933,55.2434202],[21.263982,55.2432547],[21.2632956,55.2431289],[21.2630357,55.2431077],[21.2627677,55.2431097],[21.2625204,55.2431275],[21.2623056,55.2431779],[21.2617188,55.2433739],[21.2614349,55.2435285],[21.2613011,55.2436081],[21.2612742,55.2436465],[21.2612892,55.2436877],[21.261315,55.2437187],[21.2612241,55.2437971],[21.2608991,55.2441453],[21.260831,55.2443838],[21.2608527,55.2444944],[21.2609069,55.2446005],[21.2610479,55.2446874],[21.2611806,55.2447392],[21.2613174,55.2447617],[21.2615372,55.2448834],[21.2617088,55.2449836],[21.2618534,55.2450234],[21.261849,55.2451768],[21.2619651,55.2452912],[21.2621289,55.2453739],[21.2623577,55.2454195],[21.2626612,55.2454364],[21.2630409,55.2454481],[21.2634523,55.2454575],[21.2638906,55.2454985],[21.2641472,55.2455608],[21.2640415,55.2456578],[21.2639194,55.2457694],[21.2633163,55.2458299],[21.2631832,55.2458992],[21.2631947,55.2460016],[21.26327,55.2460478],[21.2632468,55.2461237],[21.2631658,55.2461435],[21.2630094,55.2462491],[21.2630905,55.2465165],[21.2634152,55.2466347],[21.2638811,55.2466184],[21.2639011,55.2471825],[21.2638273,55.2474938],[21.2631289,55.2473525],[21.262474,55.2477878],[21.2621758,55.2481369],[21.2620165,55.2486644],[21.262503,55.2487636],[21.2628345,55.2488461],[21.2630687,55.2491256],[21.2628136,55.249482],[21.2633395,55.2495178],[21.2642555,55.2493514],[21.2644837,55.2497005],[21.2647813,55.2498432],[21.2652358,55.2497385],[21.265595,55.2498526],[21.2659689,55.2499713],[21.2660547,55.2501811],[21.2664041,55.250293],[21.2668458,55.2504589],[21.2670218,55.2504494],[21.2673318,55.2504237],[21.2675952,55.25042],[21.2677927,55.2503064],[21.2683204,55.2503178],[21.2686631,55.2506052],[21.2693898,55.250669],[21.2695841,55.2506903],[21.2697378,55.2507072],[21.2700637,55.2507777],[21.2705944,55.2509103],[21.2711966,55.2513888],[21.2721173,55.2524187],[21.2727434,55.253588],[21.272817,55.2547763],[21.2724926,55.255963],[21.2720156,55.257836],[21.2715944,55.2590836],[21.2714221,55.2598982],[21.2710488,55.2602589],[21.2705215,55.2610777],[21.2706342,55.2613502],[21.2707157,55.2614609],[21.2709422,55.261495],[20.9868484,55.282356],[20.9867824,55.2821321],[20.9867415,55.2819503]]],[[[19.589408,54.4345668],[19.5906966,54.4351102],[19.5913676,54.4354076],[19.5918508,54.4357051],[19.5927935,54.436036],[19.5934091,54.4363941],[19.5943322,54.4366868],[19.5949068,54.4369306],[19.5951445,54.4369761],[19.5955597,54.4370825],[19.5959079,54.4373202],[19.5962779,54.4375995],[19.5966263,54.4377409],[19.5971545,54.4378616],[19.5973982,54.4379848],[19.5975946,54.4380661],[19.5978758,54.4381823],[19.5981872,54.4383503],[19.5983059,54.4384091],[19.5985027,54.4385236],[19.5986632,54.4385657],[19.5989189,54.4387123],[19.5993214,54.4388747],[19.5995978,54.4390075],[19.5997202,54.4391071],[19.5999091,54.4391914],[19.600269,54.4393557],[19.6007298,54.4396733],[19.6010397,54.4398016],[19.6011012,54.4398876],[19.6013449,54.4399885],[19.6016034,54.4400349],[19.6016731,54.4400638],[19.6024335,54.4403406],[19.6025711,54.4404249],[19.6029128,54.4405726],[19.6047608,54.441433],[19.6053061,54.441593],[19.605331,54.4416003],[19.6058364,54.4417125],[19.6062732,54.4420021],[19.6064484,54.4422043],[19.6069225,54.4422972],[19.6075459,54.4427016],[19.6082443,54.442961],[19.6091635,54.4433295],[19.6092684,54.4434642],[19.6098505,54.4436615],[19.610019,54.4438768],[19.610162,54.443953],[19.6102925,54.443924],[19.6105641,54.4440917],[19.6105457,54.4442009],[19.610705,54.4442262],[19.6108768,54.4442436],[19.6111894,54.4443224],[19.6113798,54.4444447],[19.6114182,54.4445503],[19.6115131,54.4446188],[19.6117145,54.4446598],[19.6123565,54.4448726],[19.6144246,54.4458887],[19.6155596,54.4464217],[19.6163744,54.4467259],[19.6167488,54.446968],[19.6171595,54.4472623],[19.6179243,54.4475256],[19.6185661,54.4479431],[19.6196761,54.4484823],[19.6203929,54.4489267],[19.62113,54.4491949],[19.6221397,54.4497364],[19.6232727,54.450149],[19.6244706,54.4507804],[19.6249662,54.4510862],[19.6266453,54.4519253],[19.6274657,54.4523367],[19.6281381,54.4528126],[19.630013,54.4537428],[19.6308563,54.4541919],[19.6316436,54.4545106],[19.6327863,54.4551744],[19.6337306,54.4555807],[19.6344683,54.4559958],[19.6346916,54.4561286],[19.6354785,54.4565987],[19.6360776,54.4570049],[19.6366735,54.4572819],[19.637091,54.4574264],[19.637712,54.4578131],[19.6380203,54.4579771],[19.638625,54.4584597],[19.6387038,54.4585127],[19.6388166,54.4585934],[19.6389661,54.4586817],[19.6392544,54.4587972],[19.6396028,54.4588837],[19.6397862,54.4589473],[19.6400981,54.4591126],[19.640869,54.4596359],[19.6415465,54.460062],[19.6427788,54.4607345],[19.6437558,54.4612563],[19.6442903,54.461501],[19.6448369,54.461776],[19.6454498,54.4622166],[19.6460116,54.4625224],[19.6464246,54.4627516],[19.6468654,54.4629422],[19.6474573,54.4632614],[19.6481212,54.4635966],[19.6485954,54.4638522],[19.6495988,54.4644368],[19.6500905,54.4646848],[19.6506654,54.4649996],[19.6527547,54.4662719],[19.653645,54.4668357],[19.6544967,54.4672626],[19.6554475,54.4677376],[19.6561704,54.4682881],[19.6564853,54.4685063],[19.6570172,54.4688924],[19.6575804,54.4691778],[19.6590339,54.4700591],[19.6600164,54.4706269],[19.6611949,54.4713526],[19.6617126,54.4716295],[19.6622898,54.4720583],[19.6631592,54.4725709],[19.6644545,54.4733388],[19.6661723,54.4742846],[19.6671399,54.4750301],[19.6678412,54.4755899],[19.6687924,54.476166],[19.6690756,54.4763374],[19.6702873,54.4770712],[19.6717307,54.477978],[19.673643,54.479239],[19.6748934,54.4799363],[19.6761864,54.4807804],[19.677381,54.481497],[19.6790793,54.4828313],[19.67977,54.4832927],[19.6806484,54.4837415],[19.6821434,54.4847837],[19.6827757,54.4853844],[19.6835808,54.4857046],[19.6842744,54.4862606],[19.6848069,54.4864173],[19.6854191,54.4868232],[19.6859456,54.4873894],[19.6866743,54.4877627],[19.6871546,54.4881517],[19.6876057,54.4887078],[19.6885109,54.4891266],[19.6888496,54.4895283],[19.6892662,54.4899553],[19.6903871,54.4905561],[19.6907468,54.4908376],[19.6909644,54.4911079],[19.6914355,54.4914489],[19.6917149,54.4917438],[19.6923081,54.4920744],[19.6931946,54.4925686],[19.6939212,54.4931935],[19.6945113,54.493692],[19.6950892,54.4940495],[19.6955252,54.494287],[19.6959543,54.4946111],[19.6963459,54.4948634],[19.6967215,54.4952743],[19.6970295,54.495475],[19.6973475,54.4956088],[19.6977054,54.4958513],[19.6980174,54.4960821],[19.6989582,54.4968167],[19.6991691,54.4970116],[19.6999552,54.4973618],[19.7007546,54.4979002],[19.7017518,54.4989022],[19.7031002,54.4997659],[19.7035649,54.5000013],[19.704138,54.5004129],[19.7047653,54.501027],[19.7054839,54.501601],[19.7059928,54.5019821],[19.7065498,54.5023669],[19.7072306,54.5027061],[19.7077564,54.5029825],[19.7083078,54.5035613],[19.7089791,54.5041573],[19.710283,54.5049611],[19.7110248,54.5056286],[19.7118545,54.5060534],[19.712395,54.5066271],[19.7128513,54.5069207],[19.7134012,54.5071964],[19.7136319,54.5074356],[19.7147202,54.5082719],[19.7151021,54.5084022],[19.7153818,54.508813],[19.7181029,54.5104685],[19.7191192,54.5111999],[19.7192439,54.5114572],[19.7196418,54.5117544],[19.720211,54.5120482],[19.7205816,54.5122589],[19.7210991,54.5127478],[19.7217361,54.5130811],[19.7225468,54.5135016],[19.7229624,54.5139036],[19.7233431,54.5141892],[19.7237063,54.5144597],[19.7241171,54.5147387],[19.7243457,54.5148457],[19.7252463,54.5154103],[19.7261255,54.5159785],[19.726386,54.5163985],[19.7269151,54.516659],[19.7272815,54.5169454],[19.7277079,54.5172359],[19.7281654,54.5175229],[19.728829,54.5178567],[19.7294275,54.518279],[19.7297743,54.5186544],[19.7302452,54.5189917],[19.7310178,54.519364],[19.731497,54.519657],[19.7317498,54.5198868],[19.7321022,54.5202072],[19.7323903,54.5204699],[19.7327991,54.520698],[19.7331362,54.5208438],[19.7334151,54.5209879],[19.7339156,54.5213149],[19.7345284,54.5219198],[19.7356032,54.5224839],[19.7363006,54.5229566],[19.7369158,54.5233715],[19.7380525,54.5241567],[19.7396093,54.5251639],[19.7410614,54.5261741],[19.7413988,54.5264453],[19.741536,54.5265884],[19.7416935,54.5266922],[19.7419457,54.5268768],[19.7425149,54.5271808],[19.7432367,54.5276578],[19.7434619,54.5278417],[19.7436399,54.5280541],[19.7455339,54.5293471],[19.7459339,54.5295422],[19.7468042,54.5300136],[19.7473677,54.5304839],[19.7479775,54.5308231],[19.7488782,54.5314976],[19.7492909,54.5317706],[19.7510274,54.5330896],[19.7518817,54.5335408],[19.7529028,54.5340485],[19.7537984,54.5348102],[19.7544804,54.5353131],[19.7550569,54.5356145],[19.7558128,54.5362086],[19.7564738,54.5365839],[19.7573234,54.5371747],[19.7581187,54.5377021],[19.7588136,54.5382466],[19.7592436,54.5385217],[19.7596233,54.5387672],[19.7601971,54.5394091],[19.7608318,54.5397615],[19.7614183,54.5401],[19.7616764,54.5403323],[19.7634746,54.5414119],[19.7637635,54.5420036],[19.76456,54.54245],[19.7651217,54.5428029],[19.7658526,54.5433223],[19.7664625,54.5435949],[19.7674001,54.5441645],[19.7677799,54.5443855],[19.768331,54.5448334],[19.7687356,54.5449313],[19.7690846,54.5451141],[19.7692825,54.5453859],[19.77018,54.54609],[19.7710755,54.5467249],[19.7715155,54.5469209],[19.7720189,54.5471136],[19.7720799,54.5475841],[19.77277,54.54778],[19.773741,54.5485135],[19.774494,54.5491158],[19.7749648,54.5492577],[19.7750564,54.5494832],[19.7765256,54.5502807],[19.7766855,54.5505854],[19.7772799,54.5509119],[19.77794,54.55155],[19.7784335,54.5517051],[19.77903,54.55207],[19.7800571,54.5529159],[19.7806892,54.5533173],[19.7810917,54.5536174],[19.7818555,54.5542913],[19.782791,54.5549111],[19.7834611,54.5552573],[19.7840782,54.5558588],[19.7845411,54.5560227],[19.78507,54.55649],[19.7861494,54.557135],[19.7866783,54.5576387],[19.7868101,54.5578686],[19.7873036,54.558261],[19.78807,54.55882],[19.7887781,54.5593664],[19.789241,54.5599127],[19.79045,54.5609],[19.79131,54.56142],[19.7920161,54.56198],[19.79304,54.56271],[19.7935335,54.5629309],[19.79433,54.5635],[19.794697,54.563866],[19.7953418,54.5643227],[19.7960526,54.5648395],[19.79649,54.56531],[19.7974589,54.5659755],[19.7984835,54.566765],[19.7989663,54.5671695],[19.7992599,54.5673655],[19.800598,54.5684205],[19.80188,54.56921],[19.8020826,54.5694964],[19.80274,54.56998],[19.8047281,54.5713295],[19.8057071,54.5720732],[19.80662,54.57284],[19.8076011,54.5737514],[19.80814,54.5741436],[19.8086282,54.5745709],[19.8088943,54.5749368],[19.8096929,54.5754564],[19.8102318,54.5758749],[19.81072,54.57621],[19.8109226,54.5764454],[19.8115298,54.5770994],[19.8120708,54.5774872],[19.8127489,54.5779413],[19.81352,54.57829],[19.81525,54.57933],[19.81611,54.58036],[19.81654,54.58062],[19.8172313,54.5811193],[19.81783,54.58166],[19.8181016,54.5820343],[19.8185756,54.5825211],[19.8195445,54.5831562],[19.8199878,54.5834467],[19.82042,54.58373],[19.8208443,54.5840815],[19.82127,54.58451],[19.8221527,54.5851656],[19.8231469,54.5859892],[19.82386,54.58658],[19.8245615,54.5871412],[19.82516,54.58762],[19.82602,54.58814],[19.827093,54.5888378],[19.82732,54.58917],[19.82774,54.5897],[19.82905,54.59048],[19.82947,54.59099],[19.82968,54.5915],[19.8305089,54.591678],[19.8312,54.59229],[19.8312972,54.5928124],[19.831711,54.5930991],[19.8319755,54.5933842],[19.8327162,54.5937786],[19.8332184,54.5942786],[19.833652,54.5945478],[19.8339833,54.5948975],[19.834247,54.5952042],[19.8345933,54.5954083],[19.8348117,54.5956544],[19.8352643,54.5959912],[19.8356921,54.5964302],[19.8362676,54.5966843],[19.8367023,54.5971033],[19.8373576,54.5977136],[19.8379619,54.5982948],[19.8385116,54.5986415],[19.8391773,54.5991276],[19.8399945,54.599567],[19.8406782,54.600038],[19.8412208,54.6005107],[19.8414824,54.6009119],[19.8416447,54.6010388],[19.8416796,54.6010938],[19.8417717,54.6012386],[19.8419983,54.6013309],[19.8425122,54.6018696],[19.8429441,54.6022171],[19.8436649,54.6027072],[19.8440037,54.6029931],[19.8445334,54.6035416],[19.845215,54.6040976],[19.8455129,54.604349],[19.8455665,54.6043662],[19.8457041,54.6044103],[19.8462514,54.604904],[19.8467541,54.6052857],[19.8468106,54.6053567],[19.8470495,54.6056567],[19.8474094,54.6059998],[19.8479401,54.606399],[19.8485593,54.6068016],[19.8486065,54.6068441],[19.8489587,54.6071609],[19.8493458,54.6075104],[19.8497715,54.6080477],[19.8501114,54.6084196],[19.8505148,54.6086831],[19.8508,54.609],[19.8511245,54.6093064],[19.8519373,54.610038],[19.85274,54.61068],[19.8532276,54.6111453],[19.8540808,54.6118074],[19.8543625,54.6121209],[19.8547913,54.6124975],[19.85532,54.6130622],[19.8560677,54.6138847],[19.856299,54.6139988],[19.8564206,54.6141616],[19.8566895,54.6142722],[19.8568483,54.6144487],[19.8571001,54.6145526],[19.8572475,54.6147817],[19.8575172,54.6149692],[19.8578585,54.6154578],[19.8583214,54.6158028],[19.8585797,54.6162417],[19.8588123,54.6163368],[19.8590201,54.6166358],[19.8594397,54.6170441],[19.8599713,54.6174637],[19.8604371,54.6179772],[19.8606683,54.6180773],[19.8606979,54.6181168],[19.86133,54.61896],[19.86177,54.61922],[19.8621575,54.6194536],[19.8625945,54.6199182],[19.8630266,54.6202673],[19.8636945,54.6209177],[19.8639636,54.6211818],[19.8642769,54.6214944],[19.86444,54.6216571],[19.8644883,54.6218911],[19.8647527,54.6220981],[19.8651372,54.6223757],[19.8657432,54.6228435],[19.8659724,54.6230912],[19.8661207,54.6233811],[19.8663821,54.6236447],[19.866373,54.6237396],[19.8665568,54.6237992],[19.866634,54.6240875],[19.8667979,54.6242017],[19.866923,54.6243566],[19.8673045,54.6246711],[19.867868,54.6251454],[19.8681272,54.6254509],[19.8683891,54.625635],[19.8687433,54.6258568],[19.8690306,54.6260858],[19.869334,54.6264284],[19.8695992,54.6269795],[19.8697054,54.6270375],[19.8697733,54.6271836],[19.8704751,54.6279474],[19.8706948,54.6281707],[19.8709619,54.628327],[19.8710328,54.6285985],[19.8711628,54.6287801],[19.8714809,54.6289858],[19.8717559,54.6292627],[19.8722159,54.6296361],[19.8725668,54.6300677],[19.8731838,54.6309491],[19.8734775,54.6311411],[19.8742218,54.6320084],[19.8742309,54.6321261],[19.8743705,54.6322016],[19.8744342,54.6324107],[19.8746341,54.6325653],[19.8746376,54.6327409],[19.8747943,54.6329191],[19.8749623,54.6329974],[19.875134,54.6331969],[19.8753569,54.6336878],[19.875624,54.6339091],[19.8758365,54.6342405],[19.8763131,54.6346834],[19.8767924,54.6353583],[19.8770367,54.6355759],[19.8774087,54.6362219],[19.8777341,54.6367114],[19.8777584,54.6368614],[19.8777755,54.6370505],[19.8777182,54.6371173],[19.87767,54.6371503],[19.8775882,54.6371752],[19.8774976,54.6371906],[19.8774259,54.6372071],[19.8773804,54.6372384],[19.8773481,54.6372852],[19.8773376,54.6373345],[19.877347,54.6373745],[19.8773526,54.6374252],[19.8773463,54.6374658],[19.8773501,54.6375053],[19.8773535,54.6375849],[19.8773749,54.6376356],[19.8774067,54.6376797],[19.8775465,54.6378208],[19.8775985,54.6378733],[19.8777449,54.6380985],[19.8777834,54.6382237],[19.8777297,54.6384093],[19.8775479,54.6386478],[19.8773856,54.6387641],[19.8773474,54.6388096],[19.8772243,54.6387154],[19.8772737,54.6385289],[19.8771612,54.63855],[19.8771302,54.6388365],[19.876954,54.6390007],[19.8765929,54.6392492],[19.874734,54.6403097],[19.8733738,54.6415905],[19.8717975,54.6425625],[19.8716666,54.6425482],[19.8714608,54.6426698],[19.8715244,54.6427551],[19.8681515,54.6447344],[19.8673366,54.6452407],[19.8658905,54.6460572],[19.8655975,54.6463857],[19.8653757,54.6465338],[19.8653181,54.646583],[19.865336,54.6466287],[19.86531,54.6467],[19.8654379,54.6467068],[19.865489,54.6467515],[19.8655459,54.6467088],[19.8656304,54.6466992],[19.8659967,54.6464603],[19.8664159,54.6462749],[19.8664633,54.6461489],[19.8738153,54.6416438],[19.8737999,54.6416137],[19.8739596,54.6415271],[19.8738726,54.6414282],[19.8749269,54.6403962],[19.8749819,54.6403593],[19.8762526,54.6396535],[19.876395,54.639632],[19.8765899,54.6396343],[19.8769305,54.6398451],[19.8767454,54.6399583],[19.8768069,54.6399953],[19.8774104,54.6396787],[19.8774982,54.6397333],[19.877628,54.6396619],[19.8775418,54.6396056],[19.877983,54.6393744],[19.8804693,54.6381487],[19.882786,54.637],[19.8835457,54.6363624],[19.8846921,54.6353465],[19.885551,54.6345853],[19.8854463,54.634537],[19.8855744,54.6344129],[19.8857114,54.6344626],[19.8866785,54.6336703],[19.8867817,54.63357],[19.8869076,54.6334454],[19.8871214,54.6333162],[19.8872153,54.6332278],[19.8872225,54.6331312],[19.8871205,54.6329971],[19.887204,54.6329777],[19.8872611,54.6329646],[19.8870895,54.632603],[19.8868349,54.6325224],[19.8868786,54.6324776],[19.8869339,54.632421],[19.8868952,54.6324087],[19.8870316,54.6322621],[19.8872393,54.6320388],[19.8866714,54.6318659],[19.8867251,54.6318012],[19.8865494,54.6315997],[19.8866776,54.6315155],[19.8859067,54.6305084],[19.8858614,54.6298172],[19.8858306,54.6298133],[19.8858199,54.6297916],[19.8857971,54.6297435],[19.8857971,54.6296223],[19.8858802,54.629398],[19.8859231,54.6293444],[19.8858963,54.6292792],[19.8859526,54.6288779],[19.8860264,54.6286962],[19.8860894,54.6284563],[19.8862061,54.6281877],[19.8862383,54.6281667],[19.8862892,54.6280472],[19.8863885,54.6278795],[19.886485,54.6277677],[19.8864998,54.6276846],[19.8866218,54.6274944],[19.8866768,54.6273803],[19.8868766,54.6270076],[19.8869558,54.6269129],[19.886941,54.6268842],[19.8869652,54.6268431],[19.8869933,54.6268221],[19.8869839,54.6267724],[19.8870403,54.6266699],[19.8870161,54.6266296],[19.8870309,54.6266039],[19.8871167,54.626562],[19.8871502,54.626496],[19.8871931,54.6264712],[19.8872294,54.626392],[19.887401,54.6261109],[19.8873541,54.6260939],[19.8873299,54.6260574],[19.8873889,54.6260566],[19.8873903,54.6260232],[19.8873844,54.6259276],[19.8873554,54.6256505],[19.8873192,54.6256249],[19.8872857,54.6256373],[19.8871918,54.6255038],[19.8873755,54.6253617],[19.8873476,54.6250547],[19.8872697,54.6250498],[19.8872318,54.6250661],[19.8839149,54.6247149],[19.8834786,54.6246711],[19.8814582,54.6244408],[19.8814971,54.6243754],[19.8811343,54.6243021],[19.8810838,54.6243799],[19.8807168,54.6242807],[19.880446,54.6241807],[19.8799585,54.6240007],[19.8794174,54.6237514],[19.8790975,54.6235874],[19.8788903,54.6234676],[19.8786355,54.6233291],[19.8784323,54.6232066],[19.8780711,54.6229795],[19.8774214,54.6225268],[19.8771559,54.6223312],[19.8769591,54.622167],[19.8764862,54.6217785],[19.8763017,54.6215966],[19.8760759,54.6213618],[19.8757616,54.6210023],[19.8758536,54.6209828],[19.8757078,54.6207816],[19.8756167,54.6208035],[19.8755776,54.620779],[19.8750278,54.6198485],[19.8747134,54.6191451],[19.8747985,54.619074],[19.8747337,54.6190143],[19.8746855,54.6189816],[19.8746897,54.6182176],[19.8747686,54.6179472],[19.8748912,54.6178274],[19.8751017,54.6176663],[19.8753824,54.6175042],[19.8756591,54.6173261],[19.8759457,54.6170841],[19.876192,54.6170173],[19.8764136,54.6170093],[19.8766275,54.6170347],[19.876713,54.6170428],[19.8767553,54.617021],[19.8767905,54.6170088],[19.8768375,54.6170713],[19.876894,54.6170469],[19.8768629,54.61699],[19.8768934,54.6169605],[19.8769652,54.6169251],[19.8770625,54.6169751],[19.8772106,54.6169218],[19.8773032,54.6167844],[19.8774756,54.6167739],[19.8775716,54.616778],[19.8776225,54.616724],[19.8777119,54.6166841],[19.877884,54.6165397],[19.8780319,54.6165386],[19.8781575,54.6164972],[19.8782602,54.6164244],[19.8784992,54.6163454],[19.8788907,54.6162067],[19.8803945,54.6156639],[19.8813516,54.6153233],[19.881869,54.615238],[19.8821413,54.6152146],[19.8824848,54.6152297],[19.8836509,54.6155675],[19.8837386,54.6155114],[19.8837559,54.6155049],[19.8833924,54.6145789],[19.883054,54.6132638],[19.8825266,54.6114033],[19.8824309,54.6114113],[19.8823827,54.611368],[19.8823388,54.6113611],[19.8823435,54.6113265],[19.8822997,54.6111964],[19.8823462,54.6111666],[19.8823478,54.6110329],[19.882401,54.6110271],[19.8822586,54.6106374],[19.8820759,54.6103852],[19.8819317,54.6101696],[19.8815388,54.6098261],[19.8810526,54.6094834],[19.8806453,54.6092749],[19.8799717,54.6090023],[19.8789633,54.608716],[19.8784638,54.6086043],[19.8779278,54.6085536],[19.8777214,54.6086288],[19.8773454,54.6086242],[19.8767087,54.6085798],[19.876361,54.6085185],[19.8761261,54.6085349],[19.8757279,54.6084004],[19.8756564,54.6083345],[19.8757262,54.6082142],[19.875618,54.6081993],[19.8754339,54.6080609],[19.8747276,54.6078102],[19.8746171,54.6078278],[19.8743657,54.607772],[19.8740955,54.6077638],[19.8737683,54.6077276],[19.8736021,54.6077373],[19.8732586,54.6077079],[19.8731271,54.6076664],[19.8729347,54.6076596],[19.8727151,54.6076106],[19.8722281,54.6074146],[19.8721146,54.607202],[19.8721968,54.6070713],[19.8721263,54.606953],[19.8721286,54.6068502],[19.8718679,54.6067611],[19.8717739,54.6066958],[19.8715556,54.6066885],[19.8713909,54.60661],[19.8712734,54.6065202],[19.8709774,54.6065161],[19.8706902,54.6064319],[19.87029,54.60637],[19.8700637,54.6063774],[19.8698311,54.6063026],[19.8695045,54.606342],[19.8691732,54.6062454],[19.8689171,54.606274],[19.8676258,54.6061471],[19.8669202,54.605994],[19.8665448,54.6058921],[19.8662359,54.6057483],[19.8659503,54.6057043],[19.8657788,54.6056227],[19.8655838,54.6056145],[19.8653836,54.6055274],[19.865034,54.605526],[19.8648461,54.605477],[19.8645964,54.6054734],[19.8640445,54.6053836],[19.8638912,54.6053246],[19.8636859,54.6052991],[19.8632841,54.6051829],[19.8630673,54.6051456],[19.8629141,54.6050543],[19.8623279,54.6049586],[19.8617671,54.604807],[19.8611725,54.6046549],[19.8607003,54.6045696],[19.86019,54.60448],[19.8597773,54.6043609],[19.8591271,54.6042337],[19.8589278,54.6041109],[19.8584048,54.6039731],[19.8575465,54.6037643],[19.8574358,54.6036822],[19.8572352,54.6036491],[19.856905,54.6035595],[19.8566317,54.6034461],[19.8562866,54.603267],[19.8560951,54.6031058],[19.8560361,54.6029942],[19.8556484,54.6028196],[19.8545022,54.6023904],[19.8541971,54.60225],[19.8535448,54.6019199],[19.8530933,54.6016778],[19.8528883,54.601363],[19.8527991,54.6012077],[19.8527371,54.6010199],[19.8526589,54.6008553],[19.8525746,54.600713],[19.8524295,54.6005324],[19.8523186,54.6003091],[19.8521135,54.6001374],[19.8519731,54.6000017],[19.851946,54.5998575],[19.8517728,54.5996435],[19.8515438,54.5994582],[19.8514237,54.5992994],[19.8512569,54.5991682],[19.8511016,54.5989562],[19.8510231,54.5988106],[19.8508348,54.5984856],[19.8506924,54.598269],[19.850609,54.5981271],[19.8504537,54.5978423],[19.8503478,54.5977458],[19.8503142,54.5976595],[19.8502648,54.5975627],[19.8500509,54.5972164],[19.8499343,54.5971175],[19.8498713,54.5968975],[19.8497712,54.5968216],[19.8495777,54.5965693],[19.8494764,54.5963076],[19.8493259,54.596128],[19.8491702,54.5958763],[19.8490296,54.5953679],[19.848906,54.5948831],[19.8488821,54.5944591],[19.8489741,54.5940984],[19.8491248,54.593985],[19.8489921,54.5939368],[19.8488227,54.5937606],[19.8488549,54.5936835],[19.8487626,54.5936499],[19.8486035,54.5935577],[19.8482889,54.5933827],[19.8482389,54.5932931],[19.8479793,54.5931774],[19.8478158,54.5930562],[19.8476152,54.5929467],[19.8473656,54.5927803],[19.8470996,54.5925856],[19.8470057,54.5925202],[19.8469925,54.5923686],[19.8468655,54.5922611],[19.8468415,54.5921722],[19.8464743,54.5920555],[19.8461104,54.5918469],[19.8458461,54.5915627],[19.8450348,54.5914242],[19.8445487,54.5912942],[19.8441613,54.5911984],[19.8434291,54.590877],[19.8431593,54.5907449],[19.8429468,54.5906247],[19.8428802,54.5905368],[19.8425879,54.5904277],[19.8422922,54.5902765],[19.842257,54.5902021],[19.8419883,54.5901182],[19.8419553,54.5900738],[19.841657,54.5899495],[19.8415383,54.5898649],[19.8412811,54.5897257],[19.8407568,54.5895085],[19.8402446,54.5892547],[19.8387632,54.5887244],[19.8376525,54.5883317],[19.8364114,54.5878307],[19.8360708,54.5876564],[19.8355057,54.5873943],[19.8349629,54.5871057],[19.83422,54.5868201],[19.8336996,54.5864643],[19.8331204,54.5860984],[19.8324983,54.5856313],[19.8324344,54.5854212],[19.8330811,54.5852648],[19.8331809,54.584933],[19.8329348,54.5845718],[19.8326152,54.5843629],[19.83233,54.5844699],[19.83179,54.5840512],[19.83101,54.5834571],[19.8305261,54.5828755],[19.8304313,54.5821197],[19.8301526,54.5815366],[19.8298639,54.5812525],[19.8293635,54.5804538],[19.8289926,54.580151],[19.8286069,54.5797338],[19.8281326,54.5789512],[19.8275926,54.5786353],[19.8266978,54.5777171],[19.8264659,54.5775971],[19.8261727,54.5773244],[19.826079,54.577096],[19.8258937,54.5769384],[19.8259689,54.576745],[19.8262525,54.5766704],[19.8261861,54.5765142],[19.8255726,54.5761913],[19.8248665,54.5760483],[19.8243313,54.5753327],[19.82355,54.57467],[19.8232413,54.5746171],[19.8227948,54.5742956],[19.8221317,54.5739143],[19.8216604,54.5736915],[19.8214178,54.5733756],[19.8217891,54.5733484],[19.8218217,54.5729311],[19.8214808,54.5725501],[19.8212027,54.5724091],[19.8207338,54.5724179],[19.82065,54.5726727],[19.8201935,54.5725156],[19.8200898,54.5723066],[19.8203762,54.5722591],[19.8204113,54.5720467],[19.8201892,54.5718895],[19.8198959,54.5718497],[19.8197503,54.5718943],[19.8197292,54.5720652],[19.8194894,54.5720529],[19.8190137,54.5717478],[19.8187324,54.5716692],[19.8182927,54.5713574],[19.8182902,54.5711084],[19.8185348,54.5710765],[19.8188509,54.5709942],[19.8188755,54.5707206],[19.8186874,54.5702968],[19.81817,54.57014],[19.8185395,54.5700258],[19.8183744,54.5696397],[19.8182086,54.5693265],[19.8179709,54.5691151],[19.8174808,54.5687787],[19.817259,54.5687436],[19.8167418,54.5689376],[19.8166818,54.5687414],[19.8170789,54.5685101],[19.817003,54.5677836],[19.8162446,54.567405],[19.8159069,54.5674252],[19.81605,54.56704],[19.8161208,54.5668164],[19.8159457,54.5665163],[19.8155993,54.5664841],[19.8154482,54.5661052],[19.8146463,54.5660132],[19.814679,54.5657141],[19.8150227,54.5656091],[19.8149386,54.56523],[19.8145763,54.5649561],[19.8142962,54.5649158],[19.8142156,54.5649741],[19.8139417,54.5647081],[19.8140508,54.5644699],[19.8136947,54.5643271],[19.8132601,54.564046],[19.8132646,54.5639136],[19.8128727,54.5637496],[19.812493,54.5634],[19.8121693,54.5633614],[19.8120955,54.5628588],[19.8116673,54.5627136],[19.8119569,54.5619141],[19.8119137,54.56162],[19.8115846,54.5613115],[19.8117458,54.5609723],[19.8114549,54.5605056],[19.8110723,54.5603063],[19.810393,54.5595613],[19.8098186,54.5594759],[19.809589,54.55975],[19.80878,54.55928],[19.8084275,54.5589033],[19.8085049,54.5586719],[19.8090928,54.558594],[19.8092975,54.558145],[19.8087792,54.5576482],[19.8082175,54.5573896],[19.8078611,54.55722],[19.8074852,54.5572137],[19.8071486,54.5570157],[19.8071,54.5567],[19.8069074,54.55593],[19.8063938,54.5557346],[19.8058111,54.5556147],[19.80516,54.55528],[19.80472,54.55502],[19.8038795,54.5546087],[19.8028583,54.554451],[19.79991,54.55395],[19.79815,54.55367],[19.7961774,54.5534145],[19.7959473,54.5532342],[19.7943364,54.5532104],[19.79401,54.5524052],[19.7936408,54.5520774],[19.7932156,54.5518865],[19.7926105,54.5518802],[19.7920715,54.5514965],[19.7909113,54.5510073],[19.7908029,54.5506368],[19.7893664,54.5499359],[19.7888,54.5496138],[19.7890008,54.5492865],[19.7886,54.54884],[19.7879474,54.548413],[19.7875,54.54857],[19.7876564,54.5482183],[19.7871181,54.547653],[19.786339,54.5476317],[19.7867055,54.5473855],[19.7861624,54.5466607],[19.7854188,54.5466262],[19.7843382,54.5464787],[19.7828965,54.54609],[19.7818225,54.5458677],[19.7815971,54.5454268],[19.7820846,54.5451404],[19.7820973,54.5447497],[19.7815551,54.5443755],[19.7811608,54.5443894],[19.7806984,54.5441968],[19.7801727,54.5441928],[19.7798792,54.5439202],[19.7796564,54.5436646],[19.7794345,54.543511],[19.779325,54.5431025],[19.77865,54.54272],[19.7780201,54.5425781],[19.7773802,54.5427245],[19.776771,54.5425342],[19.77646,54.54218],[19.7759917,54.5422094],[19.7754695,54.5421159],[19.7752864,54.5418177],[19.7741737,54.541326],[19.7737112,54.541284],[19.773528,54.5408882],[19.7736627,54.5405917],[19.7733063,54.5405145],[19.7726637,54.5403632],[19.771991,54.5403394],[19.7716519,54.5395719],[19.7709236,54.5391449],[19.7711,54.53714],[19.7708974,54.5368964],[19.77068,54.5367387],[19.7710845,54.5365811],[19.7713419,54.5359864],[19.7711532,54.5355796],[19.7717182,54.5353706],[19.7715088,54.5337618],[19.7719755,54.5337084],[19.772208,54.5331407],[19.772039,54.5324911],[19.7727719,54.5320339],[19.772995,54.5313659],[19.7727293,54.5309586],[19.7723973,54.5310766],[19.772086,54.5299274],[19.7726435,54.5296916],[19.77266,54.52921],[19.77202,54.5289256],[19.7713037,54.5286978],[19.7705429,54.5283461],[19.7702833,54.5279694],[19.7704984,54.52758],[19.7698054,54.5273444],[19.769329,54.5272144],[19.7689916,54.5273972],[19.76888,54.5275913],[19.768515,54.5276788],[19.768092,54.5277435],[19.7678171,54.5275633],[19.7678237,54.5272294],[19.7669355,54.5270122],[19.7663592,54.5270293],[19.765418,54.5268234],[19.7651028,54.5266822],[19.7653873,54.52656],[19.76526,54.52632],[19.764911,54.5261517],[19.7644585,54.5259091],[19.7639895,54.5257525],[19.7635388,54.5255781],[19.7631395,54.525885],[19.7628236,54.5259245],[19.7625755,54.5257384],[19.7623968,54.5257845],[19.7622217,54.5255342],[19.7620172,54.5253064],[19.7617338,54.5251756],[19.7612539,54.5250751],[19.7601474,54.524565],[19.7599855,54.5243229],[19.7597595,54.5243182],[19.7595404,54.5241106],[19.7594957,54.5238167],[19.7588251,54.5236061],[19.7585845,54.5228045],[19.758871,54.5226739],[19.7587502,54.5224073],[19.7584548,54.5220594],[19.758278,54.5220314],[19.7581675,54.5217208],[19.7579499,54.5214645],[19.7576454,54.5213627],[19.7570599,54.5213627],[19.7567953,54.5212644],[19.7564199,54.5209028],[19.7559735,54.5199784],[19.7558364,54.5192295],[19.7555254,54.5186877],[19.7551417,54.5186316],[19.7547581,54.518355],[19.7545199,54.5182456],[19.7544009,54.51801],[19.75408,54.5177012],[19.753407,54.5172123],[19.7529272,54.5169034],[19.752512,54.5166578],[19.75235,54.51645],[19.7520343,54.5160944],[19.7512816,54.5155565],[19.7511907,54.5151677],[19.7512322,54.5149739],[19.7514107,54.5146988],[19.7516426,54.5144354],[19.7517157,54.514081],[19.7515601,54.5136979],[19.7513442,54.5135489],[19.7510108,54.5134521],[19.7505189,54.5133388],[19.7500148,54.5131807],[19.7491204,54.5128692],[19.7485716,54.512586],[19.7481447,54.5123547],[19.747791,54.5121494],[19.747295,54.5119487],[19.747108,54.5117481],[19.7469413,54.5115711],[19.7466567,54.5115003],[19.7461648,54.5112195],[19.7453598,54.5106837],[19.7448842,54.5103556],[19.7446606,54.5101408],[19.7445589,54.5099497],[19.7442215,54.5098198],[19.7439491,54.5097302],[19.7434166,54.5094776],[19.7426116,54.5090646],[19.7422254,54.5087388],[19.7421075,54.5085594],[19.7421685,54.5083801],[19.7421319,54.5080779],[19.7420018,54.5078207],[19.7417578,54.5077451],[19.7412375,54.5076696],[19.7407557,54.5076165],[19.7403663,54.5074542],[19.7399381,54.5071604],[19.7397824,54.5068336],[19.7398773,54.5065367],[19.739837,54.5064137],[19.739595,54.5061731],[19.7391641,54.5059772],[19.7386579,54.5058437],[19.7381794,54.5057175],[19.7376752,54.5054684],[19.737238,54.5051538],[19.7370234,54.504942],[19.7368786,54.5047395],[19.7368088,54.5044701],[19.7368222,54.5043019],[19.7368115,54.5041088],[19.7367713,54.5039483],[19.7366425,54.5033285],[19.7364655,54.5030715],[19.7362161,54.5028955],[19.7358693,54.502773],[19.7354758,54.5026339],[19.7352236,54.5023909],[19.7351432,54.5022258],[19.7351673,54.5018505],[19.7351405,54.5017819],[19.735052,54.5017165],[19.7346765,54.5016308],[19.7345209,54.5015405],[19.7344807,54.5014159],[19.7345289,54.5012617],[19.7344646,54.5010795],[19.7342688,54.5009222],[19.7340113,54.5007431],[19.733904,54.5006278],[19.7337538,54.500377],[19.7336143,54.5001076],[19.7335633,54.4997914],[19.7334212,54.4995313],[19.7333622,54.4988615],[19.73333,54.4985344],[19.7334453,54.4980671],[19.7336428,54.4972794],[19.733684,54.4971263],[19.7339013,54.4966263],[19.734073,54.496159],[19.7341803,54.495916],[19.7342393,54.4957041],[19.7342849,54.495458],[19.7341776,54.4955047],[19.7341883,54.4956184],[19.7340998,54.495715],[19.7337672,54.4958131],[19.7334802,54.4958646],[19.7330966,54.4958396],[19.732705,54.4958131],[19.7323617,54.4957571],[19.7322357,54.4956963],[19.732005,54.4956683],[19.7318253,54.4956138],[19.731769,54.4955296],[19.7316322,54.4954471],[19.7314069,54.4954237],[19.7310796,54.4953848],[19.7304895,54.4953225],[19.7298592,54.4952508],[19.7294515,54.4952119],[19.7290197,54.4952399],[19.7286093,54.4952477],[19.7280943,54.4952368],[19.7275176,54.495201],[19.7270858,54.4951184],[19.7261202,54.4949346],[19.7253021,54.4947554],[19.7247442,54.4945685],[19.7245672,54.4944392],[19.7244063,54.4943068],[19.7243607,54.4941806],[19.7244117,54.4940747],[19.7245163,54.4938691],[19.7244331,54.4936915],[19.7242051,54.493517],[19.7240093,54.4934594],[19.7238082,54.4934547],[19.7234166,54.4934936],[19.7230732,54.4934578],[19.7226763,54.4933425],[19.7223544,54.4932304],[19.7220835,54.4930668],[19.7219896,54.4929609],[19.7219092,54.4928939],[19.7216651,54.4927973],[19.721598,54.4926306],[19.7214371,54.49252],[19.7211689,54.4924499],[19.7209516,54.4924109],[19.7207424,54.4923206],[19.7206431,54.492252],[19.7204071,54.4922193],[19.7202703,54.4921508],[19.720163,54.4920293],[19.7199458,54.4919576],[19.7196883,54.4919669],[19.71953,54.4919124],[19.719345,54.4915962],[19.7191357,54.4913765],[19.7189855,54.491202],[19.7189775,54.491121],[19.7189453,54.4909543],[19.7188246,54.4908608],[19.7186074,54.4908141],[19.7183284,54.4907923],[19.718079,54.4907004],[19.7178,54.4905539],[19.717505,54.4902782],[19.7174594,54.490194],[19.7174916,54.4901052],[19.7175613,54.4899977],[19.7175318,54.4899058],[19.7174004,54.4898264],[19.7172448,54.4897827],[19.7169497,54.4897454],[19.7163918,54.48956],[19.7160566,54.4894151],[19.71557,54.48917],[19.7155128,54.4891809],[19.7153057,54.4889719],[19.7151434,54.4888502],[19.7150875,54.4887941],[19.714958,54.4886641],[19.7148744,54.4885205],[19.7147213,54.4884348],[19.714604,54.4884135],[19.7143129,54.4883609],[19.7136608,54.4880557],[19.7130168,54.4877192],[19.7125781,54.4874134],[19.7124227,54.4873468],[19.7123165,54.4871725],[19.7120497,54.4870259],[19.7117228,54.4869566],[19.7114451,54.4867677],[19.7113227,54.4864795],[19.7112515,54.4863353],[19.7110363,54.4862301],[19.710841,54.4861443],[19.710699,54.4860417],[19.7104132,54.4858354],[19.7102712,54.485733],[19.7101832,54.4855558],[19.709896,54.4853597],[19.7095425,54.4851798],[19.7093906,54.4851114],[19.7092341,54.484862],[19.7092475,54.4847014],[19.7092591,54.4846053],[19.7091949,54.4845202],[19.7089606,54.4844524],[19.7086738,54.4843566],[19.7084709,54.4841467],[19.708387,54.4838732],[19.7085727,54.4836683],[19.7085478,54.4835317],[19.7084063,54.4834329],[19.7081049,54.4834069],[19.7077804,54.4833761],[19.7074072,54.4832714],[19.7068559,54.4830074],[19.7061015,54.4827555],[19.7054475,54.4824584],[19.7046401,54.481949],[19.7045352,54.4817832],[19.7045601,54.4816152],[19.7043317,54.4814579],[19.7042038,54.4813952],[19.7039213,54.481355],[19.7036765,54.4811721],[19.703574,54.4809302],[19.7034857,54.480777],[19.7032586,54.4806702],[19.7030348,54.4803716],[19.703048,54.4801849],[19.7030389,54.4798562],[19.7029459,54.4797649],[19.7027401,54.4795627],[19.7023995,54.4791995],[19.7022623,54.4788093],[19.7020744,54.4785416],[19.7019657,54.4782153],[19.7020107,54.478018],[19.7020094,54.4778952],[19.7019221,54.4777939],[19.701709,54.4776908],[19.7014185,54.4776554],[19.7010196,54.4774871],[19.7007979,54.4774117],[19.700278,54.477177],[19.6997896,54.4770806],[19.6990001,54.4769599],[19.6988044,54.4769285],[19.6982988,54.4768123],[19.697731,54.4767052],[19.6973371,54.4765907],[19.696852,54.4763726],[19.6961242,54.4760189],[19.6960553,54.47592],[19.6959634,54.475852],[19.6956935,54.4757787],[19.6954574,54.4755586],[19.6951782,54.4753832],[19.6947428,54.4752688],[19.6944424,54.4751514],[19.694113,54.4749828],[19.693947,54.4748284],[19.6938328,54.4747927],[19.6936747,54.4748112],[19.6933958,54.4748107],[19.6931351,54.4747115],[19.6930007,54.4746843],[19.6928479,54.474699],[19.6925301,54.4747056],[19.6923417,54.4746748],[19.6920759,54.4745908],[19.691577,54.4745863],[19.6914004,54.474479],[19.6911106,54.4744798],[19.6910172,54.4743367],[19.6905501,54.4743322],[19.690212,54.4741652],[19.6898965,54.4741462],[19.6896901,54.4740601],[19.6894124,54.4740645],[19.6892619,54.4740061],[19.6890849,54.4739489],[19.6889711,54.4739567],[19.6883123,54.4738642],[19.6879678,54.473818],[19.6878452,54.4737411],[19.6874343,54.4737372],[19.6866437,54.4736441],[19.6857704,54.4735387],[19.6844933,54.4734509],[19.6839297,54.4733298],[19.6836402,54.4731436],[19.683644,54.4730549],[19.6836476,54.4729704],[19.6836058,54.4727164],[19.6832592,54.4723665],[19.6826122,54.4720459],[19.6819455,54.4717523],[19.6815819,54.4716876],[19.6813562,54.4716416],[19.6810439,54.4714709],[19.6805811,54.4710363],[19.6800607,54.470474],[19.6798753,54.470202],[19.6797422,54.4700372],[19.6794596,54.4699183],[19.6792348,54.4698821],[19.6786839,54.4699282],[19.6774476,54.4700434],[19.6761087,54.4700393],[19.6751751,54.4699608],[19.674435,54.4698275],[19.6741381,54.4696296],[19.6739753,54.4695964],[19.6733631,54.4693073],[19.673278,54.469183],[19.6729324,54.4690695],[19.6724223,54.4689586],[19.6720597,54.4689172],[19.6716514,54.4688541],[19.6714227,54.4688016],[19.6712215,54.4686821],[19.6710805,54.4685693],[19.6710259,54.4684714],[19.6710054,54.4683964],[19.6710075,54.4683232],[19.6709513,54.4682266],[19.6708062,54.4680515],[19.6701252,54.4673766],[19.670005,54.4671302],[19.6692195,54.4667131],[19.6685062,54.4663439],[19.6678912,54.4661214],[19.6672186,54.4659764],[19.6666102,54.4659331],[19.6662607,54.4657914],[19.6660904,54.4655976],[19.6660512,54.4653859],[19.665665,54.4651343],[19.6652681,54.4649119],[19.6650661,54.4647218],[19.6645796,54.4644652],[19.664148,54.464187],[19.6638986,54.4638227],[19.6636396,54.4635795],[19.6634277,54.4633988],[19.6633609,54.4633133],[19.6633331,54.463275],[19.6633038,54.4631904],[19.6631952,54.4630796],[19.6629564,54.4628428],[19.6627431,54.4625726],[19.6621032,54.462153],[19.6616492,54.461851],[19.6613484,54.4613996],[19.6606648,54.4610276],[19.6594014,54.4606748],[19.6588982,54.4604777],[19.6579739,54.4600071],[19.6570496,54.4595589],[19.656262,54.4592219],[19.6560705,54.4591074],[19.6554088,54.4586782],[19.654829,54.4581187],[19.6541016,54.4576005],[19.6538721,54.4573213],[19.653768,54.4572253],[19.6534836,54.4568024],[19.6528491,54.4563001],[19.6527104,54.456192],[19.6522311,54.45582],[19.6516787,54.4553749],[19.6509294,54.4546913],[19.6505958,54.454351],[19.6501309,54.4540935],[19.6497426,54.4537596],[19.6494144,54.4535371],[19.6492326,54.4534382],[19.6491219,54.4534171],[19.6489948,54.4534114],[19.6488938,54.4534036],[19.6487781,54.4533823],[19.6486988,54.4533615],[19.648455,54.4532881],[19.6484454,54.4532849],[19.6484339,54.4532814],[19.6483249,54.4532466],[19.6480674,54.453178],[19.6479922,54.4531571],[19.6477409,54.453048],[19.6475427,54.4529801],[19.6473304,54.4528885],[19.6471228,54.4527659],[19.6470108,54.452663],[19.6469727,54.452511],[19.6468724,54.452296],[19.646711,54.4521352],[19.6462557,54.4519106],[19.6458637,54.4517699],[19.6455294,54.4516794],[19.6451259,54.4515186],[19.6446324,54.4512823],[19.644539,54.4512359],[19.6441067,54.4510638],[19.6439979,54.4510169],[19.6439292,54.4509775],[19.6438198,54.4509106],[19.6435911,54.4507564],[19.6433264,54.4506469],[19.6430006,54.4504723],[19.6428326,54.4502918],[19.6425832,54.4501586],[19.6423439,54.4500935],[19.6418858,54.4500639],[19.641524,54.4499741],[19.6409667,54.4497409],[19.640741,54.4495429],[19.6406169,54.4492153],[19.6405277,54.4488365],[19.6405646,54.4486789],[19.6400916,54.4483241],[19.639673,54.4481068],[19.6393274,54.4479704],[19.6389899,54.4478371],[19.6385239,54.447542],[19.6383494,54.4474678],[19.638052,54.4474218],[19.6378799,54.4473774],[19.6369693,54.4470385],[19.636629,54.4469373],[19.6362974,54.44682],[19.6359902,54.44663],[19.6354554,54.4464096],[19.6347574,54.4461698],[19.6338063,54.445809],[19.6332937,54.4455493],[19.6327088,54.4453729],[19.6321878,54.4453577],[19.6318209,54.4453743],[19.6315882,54.4453033],[19.6313515,54.445184],[19.6308961,54.4449345],[19.6295058,54.4443813],[19.6288551,54.4441228],[19.6282426,54.4437535],[19.6278331,54.443392],[19.6277123,54.4431209],[19.6273298,54.4429295],[19.626885,54.4427679],[19.6265518,54.4426642],[19.6261066,54.4425733],[19.6255089,54.4424806],[19.6252519,54.4423674],[19.6250609,54.4421683],[19.6250153,54.4419634],[19.6248456,54.4417053],[19.6245454,54.4415345],[19.6241016,54.4414586],[19.6236904,54.4412461],[19.6234359,54.4410639],[19.6230899,54.4409348],[19.6229855,54.4408248],[19.6228028,54.4407147],[19.6224242,54.4406312],[19.6219152,54.4404604],[19.621615,54.4402403],[19.6211255,54.4398455],[19.6206334,54.4395593],[19.6201747,54.4393658],[19.6194072,54.4388754],[19.619303,54.4386384],[19.619408,54.4383823],[19.6193599,54.4380997],[19.6190996,54.437986],[19.6187702,54.4379184],[19.6182448,54.4381614],[19.6182004,54.4381248],[19.6181835,54.4381108],[19.6187015,54.4378693],[19.6186209,54.4378085],[19.6186595,54.4376434],[19.6187294,54.4374874],[19.6187109,54.4373111],[19.6186668,54.4371164],[19.6184581,54.4369417],[19.6175452,54.4364534],[19.6171958,54.4361994],[19.6169156,54.435968],[19.616619,54.4358531],[19.6162374,54.4358278],[19.6160579,54.4357815],[19.6158533,54.4356695],[19.6155865,54.4354757],[19.615539,54.4353443],[19.6157544,54.4352976],[19.615737,54.4351691],[19.615528,54.43504],[19.6152879,54.4349304],[19.6150425,54.434848],[19.6146955,54.4348124],[19.6144559,54.4348339],[19.6142646,54.4347845],[19.6141303,54.434678],[19.6139063,54.434479],[19.6136289,54.4342598],[19.6133543,54.4341288],[19.6131536,54.4341131],[19.612938,54.4341441],[19.6126614,54.4341821],[19.6124506,54.4341652],[19.6120624,54.4340565],[19.6118877,54.434008],[19.6118389,54.4339654],[19.6118446,54.4339126],[19.6117821,54.4338718],[19.6116234,54.4338829],[19.6114625,54.4339046],[19.6113702,54.4339473],[19.6111879,54.4339679],[19.6110776,54.4339529],[19.6109871,54.4339093],[19.6109886,54.4338702],[19.6110288,54.4337887],[19.6111256,54.4337438],[19.611323,54.4337266],[19.6115751,54.4337023],[19.6115885,54.4336505],[19.6114358,54.4335439],[19.6110085,54.4333303],[19.6107614,54.433177],[19.6104082,54.4330265],[19.6100846,54.4328995],[19.6099839,54.4328514],[19.6097996,54.4327635],[19.6094922,54.432562],[19.6088501,54.4323435],[19.6084545,54.4322364],[19.6080471,54.4321185],[19.6071701,54.4317911],[19.6065892,54.4314069],[19.6062082,54.4312571],[19.6059337,54.4311492],[19.6052857,54.4309222],[19.6045188,54.4305142],[19.6041793,54.4302648],[19.6036151,54.4300671],[19.6029873,54.4298356],[19.602736,54.4297358],[19.6026458,54.4296388],[19.602717,54.4295988],[19.6023837,54.4293371],[19.6021858,54.4291732],[19.6018542,54.4289886],[19.6015256,54.42894],[19.6012598,54.428949],[19.6009729,54.4289741],[19.6007176,54.4289646],[19.6005243,54.4289423],[19.6003188,54.4288839],[19.6001869,54.4288174],[19.6000744,54.4288048],[19.599897,54.4287962],[19.5997365,54.4287191],[19.5996774,54.4285608],[19.5998415,54.4285357],[19.5998071,54.4283144],[19.5993277,54.4279679],[19.5991683,54.427851],[19.5883743,54.4341223],[19.589408,54.4345668]]],[[[19.8975189,54.6407093],[19.8988709,54.642703],[19.8997256,54.6432178],[19.9010863,54.643773],[19.9024382,54.6440203],[19.9030575,54.6439093],[19.9029615,54.643768],[19.9029005,54.6428847],[19.9022114,54.642168],[19.90188,54.6418853],[19.901627,54.6417339],[19.901627,54.6415926],[19.9015224,54.6414412],[19.901252,54.6410374],[19.9013479,54.6401844],[19.9016881,54.639619],[19.9003536,54.638978],[19.8987836,54.6382864],[19.89758,54.6377867],[19.8980495,54.6375169],[19.8979444,54.6373907],[19.8977632,54.6374384],[19.89706,54.637571],[19.8964063,54.6381263],[19.8965548,54.6388255],[19.8966358,54.6392883],[19.8974186,54.6405538],[19.8975189,54.6407093]]]]}}]}