{"type":"FeatureCollection","features":[{"type":"Feature","properties":{"kind":"building","name":"","osm":"relation/1307530"},"geometry":{"type":"Polygon","coordinates":[[[20.478295,54.72712],[20.478182,54.726951],[20.478236,54.726944],[20.47825,54.726819],[20.477047,54.726772],[20.476968,54.726776],[20.476954,54.726718],[20.476963,54.726661],[20.478102,54.726692],[20.478097,54.726749],[20.478545,54.726765],[20.47851,54.727073],[20.478295,54.72712]]]}},{"type":"Feature","properties":{"kind":"building","name":"","osm":"relation/1307531"},"geometry":{"type":"Polygon","coordinates":[[[20.476954,54.726718],[20.476735,54.726718],[20.47673,54.726874],[20.476869,54.726908],[20.477103,54.726966],[20.477525,54.727067],[20.477792,54.727131],[20.47825,54.727131],[20.478295,54.72712],[20.478182,54.726951],[20.477902,54.727013],[20.477047,54.726772],[20.476968,54.726776],[20.476954,54.726718]]]}},{"type":"Feature","properties":{"kind":"building","name":"","osm":"relation/1308752"},"geometry":{"type":"Polygon","coordinates":[[[20.457317,54.712342],[20.45799,54.712398],[20.458012,54.712301],[20.458037,54.712303],[20.458061,54.712208],[20.458051,54.712207],[20.458114,54.711959],[20.458115,54.711946],[20.458141,54.711847],[20.457641,54.711803],[20.457604,54.711948],[20.45787,54.71197],[20.457813,54.712193],[20.457435,54.712161],[20.457411,54.712256],[20.457341,54.71225],[20.457317,54.712342]]]}},{"type":"Feature","properties":{"kind":"building","name":"БФУ им. И.Канта","osm":"relation/1308768"},"geometry":{"type":"Polygon","coordinates":[[[20.467584,54.726834],[20.467426,54.726795],[20.467767,54.726369],[20.466833,54.726155],[20.4668,54.726199],[20.466652,54.726162],[20.466748,54.726041],[20.468012,54.726329],[20.467584,54.726834]]]}},{"type":"Feature","properties":{"kind":"building","name":"БФУ им. И.Канта","osm":"relation/1308769"},"geometry":{"type":"Polygon","coordinates":[[[20.465114,54.726854],[20.465412,54.72692],[20.465492,54.726798],[20.465544,54.72681],[20.465789,54.72644],[20.46574,54.726429],[20.465776,54.726376],[20.466057,54.726438],[20.466146,54.726303],[20.465565,54.726175],[20.465114,54.726854]]]}},{"type":"Feature","properties":{"kind":"building","name":"Общежитие БФУ им. И.Канта 16 корпус","osm":"relation/1308770"},"geometry":{"type":"Polygon","coordinates":[[[20.467352,54.727131],[20.467504,54.726934],[20.467333,54.72689],[20.467146,54.727131],[20.467352,54.727131]]]}},{"type":"Feature","properties":{"kind":"green","name":"","osm":"relation/1309825"},"geometry":{"type":"Polygon","coordinates":[[[20.47453,54.727131],[20.467686,54.725613],[20.46235,54.724416],[20.46199,54.72431],[20.461572,54.72416],[20.460969,54.723844],[20.460224,54.723439],[20.459939,54.723232],[20.460031,54.723084],[20.460456,54.723423],[20.462071,54.724152],[20.462402,54.724253],[20.463733,54.72455],[20.463895,54.724637],[20.464522,54.724778],[20.464713,54.724733],[20.475272,54.727131],[20.47453,54.727131]]]}},{"type":"Feature","properties":{"kind":"building","name":"","osm":"relation/1321798"},"geometry":{"type":"Polygon","coordinates":[[[20.458287,54.713036],[20.45829,54.712989],[20.458648,54.713001],[20.458648,54.713054],[20.458729,54.713056],[20.458711,54.713166],[20.45863,54.713164],[20.458627,54.713205],[20.458277,54.7132],[20.458281,54.713133],[20.458356,54.713132],[20.458363,54.71304],[20.458287,54.713036]]]}},{"type":"Feature","properties":{"kind":"building","name":"","osm":"relation/1380935"},"geometry":{"type":"Polygon","coordinates":[[[20.475544,54.714056],[20.475469,54.714058],[20.475466,54.714255],[20.475267,54.714256],[20.47527,54.714244],[20.475147,54.714244],[20.475146,54.714145],[20.474906,54.714146],[20.474907,54.714365],[20.475146,54.714364],[20.475145,54.714305],[20.47527,54.714308],[20.475474,54.714306],[20.475473,54.714386],[20.47541,54.714387],[20.475408,54.714447],[20.475373,54.714444],[20.475371,54.714564],[20.475444,54.714562],[20.475445,54.714613],[20.475122,54.714612],[20.475125,54.714544],[20.474829,54.714541],[20.47482,54.714769],[20.475117,54.714773],[20.475122,54.714661],[20.475537,54.71466],[20.475523,54.714903],[20.47552,54.714944],[20.47571,54.714948],[20.475712,54.714906],[20.475735,54.714906],[20.475748,54.714663],[20.475666,54.714661],[20.475671,54.714578],[20.47582,54.71458],[20.475831,54.714364],[20.47569,54.714362],[20.475695,54.714263],[20.475757,54.714264],[20.475769,54.71403],[20.475696,54.714028],[20.475706,54.713904],[20.475717,54.713905],[20.475828,54.713867],[20.4758,54.71384],[20.475863,54.713587],[20.475971,54.713589],[20.476081,54.713589],[20.476084,54.713546],[20.475973,54.713544],[20.475978,54.71346],[20.474796,54.71344],[20.474789,54.71357],[20.474779,54.713796],[20.474529,54.713789],[20.474534,54.71374],[20.474266,54.713738],[20.474265,54.713785],[20.474124,54.713787],[20.474132,54.713825],[20.47413,54.713885],[20.474122,54.713925],[20.474633,54.713938],[20.474634,54.714102],[20.474549,54.714101],[20.474552,54.714034],[20.474478,54.714033],[20.474476,54.71407],[20.474179,54.714062],[20.47418,54.714105],[20.47417,54.71438],[20.474229,54.714391],[20.474216,54.714458],[20.47441,54.714465],[20.474413,54.714439],[20.474552,54.714443],[20.474655,54.714446],[20.474668,54.71411],[20.474743,54.714109],[20.474743,54.713934],[20.47513,54.713946],[20.475193,54.713945],[20.475193,54.713887],[20.475511,54.713891],[20.475493,54.713909],[20.475532,54.713931],[20.475555,54.713932],[20.475553,54.713994],[20.475544,54.714056]],[[20.475179,54.713814],[20.475183,54.713772],[20.474981,54.713768],[20.474991,54.713571],[20.475746,54.713585],[20.47572,54.713762],[20.475698,54.71374],[20.475587,54.713777],[20.475583,54.713814],[20.475179,54.713814]]]}},{"type":"Feature","properties":{"kind":"building","name":"","osm":"relation/1380939"},"geometry":{"type":"Polygon","coordinates":[[[20.476672,54.714202],[20.476535,54.714187],[20.476504,54.714264],[20.476638,54.714284],[20.476672,54.714202]]]}},{"type":"Feature","properties":{"kind":"building","name":"","osm":"relation/1380941"},"geometry":{"type":"Polygon","coordinates":[[[20.476058,54.714187],[20.476061,54.714094],[20.475988,54.714093],[20.475986,54.714186],[20.476058,54.714187]]]}},{"type":"Feature","properties":{"kind":"building","name":"Санитарно-технологическая пищевая лаборатория","osm":"relation/1382557"},"geometry":{"type":"Polygon","coordinates":[[[20.464933,54.723892],[20.464701,54.723883],[20.464688,54.723999],[20.464692,54.724076],[20.464757,54.724127],[20.464903,54.724165],[20.465183,54.724224],[20.465489,54.724288],[20.465728,54.724338],[20.465801,54.724216],[20.464935,54.724029],[20.464933,54.723892]]]}},{"type":"Feature","properties":{"kind":"building","name":"","osm":"relation/1382558"},"geometry":{"type":"Polygon","coordinates":[[[20.464933,54.723892],[20.464944,54.723797],[20.464955,54.723701],[20.464966,54.723611],[20.464977,54.723515],[20.464991,54.723402],[20.464759,54.723393],[20.464701,54.723883],[20.464933,54.723892]]]}},{"type":"Feature","properties":{"kind":"green","name":"Центральный парк","osm":"relation/1673215"},"geometry":{"type":"Polygon","coordinates":[[[20.475133,54.718716],[20.474046,54.718573],[20.473947,54.718564],[20.474011,54.718004],[20.474297,54.718001],[20.474299,54.717752],[20.474226,54.717382],[20.474344,54.715945],[20.474367,54.715703],[20.474597,54.715688],[20.475231,54.715677],[20.476252,54.715654],[20.476939,54.715639],[20.477483,54.715629],[20.477584,54.715627],[20.478679,54.715634],[20.480783,54.715287],[20.480703,54.716179],[20.480639,54.716903],[20.481718,54.716906],[20.481691,54.717234],[20.48188,54.717237],[20.481862,54.717428],[20.481853,54.717531],[20.480712,54.71751],[20.480622,54.718345],[20.480469,54.718357],[20.479674,54.718603],[20.479164,54.718668],[20.478933,54.718654],[20.478883,54.718931],[20.478736,54.719651],[20.478648,54.720131],[20.478611,54.720229],[20.47852,54.720224],[20.478189,54.720198],[20.477857,54.720171],[20.47727,54.720199],[20.476567,54.720234],[20.476338,54.72021],[20.476268,54.720141],[20.476267,54.72006],[20.475925,54.72003],[20.475768,54.720032],[20.475886,54.719968],[20.475755,54.719896],[20.475642,54.719966],[20.474625,54.719457],[20.475023,54.719109],[20.475133,54.718716]],[[20.476191,54.717651],[20.476284,54.717652],[20.476628,54.717657],[20.476644,54.717245],[20.476207,54.71724],[20.476196,54.717522],[20.476191,54.717651]],[[20.476528,54.716782],[20.47626,54.716841],[20.476251,54.717005],[20.476453,54.716973],[20.476542,54.716941],[20.47662,54.716912],[20.476528,54.716782]]]}},{"type":"Feature","properties":{"kind":"building","name":"Калининградский областной музыкальный театр","osm":"relation/1775476"},"geometry":{"type":"Polygon","coordinates":[[[20.465623,54.721266],[20.465158,54.721316],[20.465302,54.721766],[20.465174,54.72178],[20.465258,54.722043],[20.465388,54.72203],[20.465403,54.722076],[20.465839,54.722029],[20.465825,54.721985],[20.465955,54.721971],[20.465867,54.721696],[20.465764,54.721707],[20.465623,54.721266]],[[20.465393,54.721867],[20.465724,54.721831],[20.465765,54.721956],[20.465435,54.721993],[20.465393,54.721867]]]}},{"type":"Feature","properties":{"kind":"building","name":"","osm":"relation/1804023"},"geometry":{"type":"Polygon","coordinates":[[[20.474202,54.724633],[20.47441,54.724635],[20.474427,54.724635],[20.474429,54.724521],[20.474253,54.724519],[20.474077,54.724518],[20.474076,54.72457],[20.474074,54.724632],[20.474202,54.724633]]]}},{"type":"Feature","properties":{"kind":"building","name":"","osm":"relation/1804024"},"geometry":{"type":"Polygon","coordinates":[[[20.476363,54.724388],[20.47652,54.724393],[20.476538,54.724394],[20.476544,54.724339],[20.476564,54.724161],[20.476582,54.723989],[20.476601,54.723824],[20.476617,54.723678],[20.47663,54.723557],[20.476417,54.723549],[20.476409,54.723629],[20.476447,54.72363],[20.476363,54.724388]]]}},{"type":"Feature","properties":{"kind":"building","name":"","osm":"relation/1804025"},"geometry":{"type":"Polygon","coordinates":[[[20.473218,54.725131],[20.473032,54.725128],[20.47301,54.725127],[20.472977,54.725714],[20.473185,54.725718],[20.47319,54.725624],[20.473198,54.725491],[20.473206,54.72534],[20.473212,54.725229],[20.473218,54.725131]]]}},{"type":"Feature","properties":{"kind":"building","name":"","osm":"relation/1804026"},"geometry":{"type":"Polygon","coordinates":[[[20.473228,54.724633],[20.473268,54.723912],[20.473076,54.723908],[20.473061,54.72404],[20.473055,54.724161],[20.473048,54.724281],[20.473041,54.724401],[20.473035,54.724521],[20.473035,54.72463],[20.47306,54.72463],[20.473228,54.724633]]]}},{"type":"Feature","properties":{"kind":"building","name":"","osm":"relation/1804027"},"geometry":{"type":"Polygon","coordinates":[[[20.4744,54.725061],[20.474193,54.72506],[20.473713,54.725056],[20.47371,54.725169],[20.473803,54.72517],[20.474146,54.725172],[20.474406,54.725174],[20.474409,54.725061],[20.4744,54.725061]]]}},{"type":"Feature","properties":{"kind":"building","name":"","osm":"relation/1804028"},"geometry":{"type":"Polygon","coordinates":[[[20.476363,54.724388],[20.47652,54.724393],[20.476508,54.724499],[20.476494,54.724629],[20.476512,54.72463],[20.47651,54.724652],[20.476502,54.724717],[20.476251,54.724708],[20.476261,54.724616],[20.476322,54.724618],[20.476347,54.724387],[20.476363,54.724388]]]}},{"type":"Feature","properties":{"kind":"building","name":"","osm":"relation/1804029"},"geometry":{"type":"Polygon","coordinates":[[[20.474209,54.724086],[20.474408,54.724087],[20.474433,54.724087],[20.47443,54.724202],[20.474261,54.7242],[20.474092,54.724199],[20.474093,54.72414],[20.474094,54.724085],[20.474209,54.724086]]]}},{"type":"Feature","properties":{"kind":"building","name":"","osm":"relation/1804030"},"geometry":{"type":"Polygon","coordinates":[[[20.474218,54.723664],[20.474427,54.723664],[20.47445,54.723664],[20.474453,54.72355],[20.474293,54.723549],[20.473959,54.723545],[20.473798,54.723545],[20.473794,54.723712],[20.473927,54.723713],[20.473928,54.723662],[20.474218,54.723664]]]}},{"type":"Feature","properties":{"kind":"building","name":"","osm":"relation/1804031"},"geometry":{"type":"Polygon","coordinates":[[[20.47306,54.72463],[20.473228,54.724633],[20.473283,54.724634],[20.473282,54.724655],[20.47328,54.724712],[20.47327,54.724876],[20.473261,54.725037],[20.473256,54.725132],[20.473218,54.725131],[20.473032,54.725128],[20.473059,54.724649],[20.47306,54.72463]]]}},{"type":"Feature","properties":{"kind":"building","name":"","osm":"relation/1804032"},"geometry":{"type":"Polygon","coordinates":[[[20.4744,54.725061],[20.474193,54.72506],[20.474202,54.724633],[20.47441,54.724635],[20.474407,54.724776],[20.474403,54.72495],[20.4744,54.725061]]]}},{"type":"Feature","properties":{"kind":"building","name":"","osm":"relation/1804033"},"geometry":{"type":"Polygon","coordinates":[[[20.474209,54.724086],[20.474408,54.724087],[20.474415,54.723997],[20.474422,54.723799],[20.474427,54.723664],[20.474218,54.723664],[20.474209,54.724086]]]}},{"type":"Feature","properties":{"kind":"water","name":"пруд Поплавок","osm":"relation/3848628"},"geometry":{"type":"Polygon","coordinates":[[[20.461986,54.720565],[20.461935,54.720494],[20.461859,54.72046],[20.461809,54.720417],[20.461742,54.720406],[20.461557,54.72039],[20.461257,54.720382],[20.460996,54.720372],[20.460861,54.720322],[20.460789,54.720341],[20.460769,54.720361],[20.460714,54.720386],[20.460678,54.720484],[20.460686,54.720633],[20.460655,54.720686],[20.460777,54.720937],[20.460769,54.720995],[20.460804,54.721027],[20.460922,54.72128],[20.460946,54.721335],[20.460954,54.721469],[20.461098,54.721644],[20.461121,54.721662],[20.461127,54.721699],[20.461143,54.721735],[20.461251,54.721884],[20.461376,54.722009],[20.461422,54.72212],[20.461468,54.722206],[20.461567,54.722252],[20.461692,54.722248],[20.461723,54.722231],[20.461823,54.722144],[20.461798,54.722065],[20.46175,54.72197],[20.461734,54.721881],[20.461705,54.72177],[20.46174,54.721719],[20.461879,54.721686],[20.461949,54.721761],[20.462062,54.721874],[20.462122,54.721944],[20.462157,54.721991],[20.462169,54.722036],[20.46216,54.722072],[20.462202,54.722099],[20.462251,54.722103],[20.462351,54.722113],[20.462427,54.722129],[20.462493,54.722121],[20.46271,54.722099],[20.4628,54.722077],[20.462928,54.722055],[20.463032,54.722005],[20.463113,54.721942],[20.463103,54.72189],[20.463116,54.721835],[20.463062,54.721734],[20.463059,54.721629],[20.463045,54.721451],[20.463049,54.721438],[20.463157,54.721304],[20.463196,54.721214],[20.463216,54.721156],[20.463239,54.721098],[20.463238,54.720977],[20.463194,54.720888],[20.463169,54.720833],[20.463171,54.720777],[20.463109,54.72075],[20.463101,54.720664],[20.463018,54.720669],[20.462959,54.72063],[20.462808,54.720628],[20.46276,54.720628],[20.462661,54.720675],[20.462579,54.720669],[20.462498,54.720646],[20.462419,54.720639],[20.462325,54.720665],[20.462242,54.720646],[20.462095,54.720665],[20.46198,54.720633],[20.461986,54.720565]],[[20.461624,54.721643],[20.461549,54.721426],[20.461584,54.721307],[20.461665,54.721288],[20.461828,54.721273],[20.461933,54.721333],[20.461938,54.721432],[20.461941,54.72157],[20.461863,54.721643],[20.461702,54.721663],[20.461624,54.721643]],[[20.461606,54.721183],[20.461544,54.721102],[20.461568,54.720946],[20.461592,54.720839],[20.461654,54.720743],[20.461724,54.720681],[20.461871,54.720673],[20.461992,54.720721],[20.461925,54.720921],[20.461948,54.720997],[20.461962,54.721062],[20.46194,54.721138],[20.461909,54.721155],[20.461859,54.7212],[20.461659,54.721204],[20.461606,54.721183]]]}},{"type":"Feature","properties":{"kind":"water","name":"пруд Пионерский","osm":"relation/3848630"},"geometry":{"type":"Polygon","coordinates":[[[20.456736,54.724254],[20.456837,54.724115],[20.456934,54.724019],[20.45703,54.723932],[20.457086,54.72389],[20.457099,54.723811],[20.457043,54.723714],[20.456923,54.723644],[20.456769,54.723626],[20.456736,54.723639],[20.456736,54.724254]]]}},{"type":"Feature","properties":{"kind":"building","name":"Детская поликлиника №3 Октябрьского района","osm":"relation/4555935"},"geometry":{"type":"Polygon","coordinates":[[[20.470209,54.717867],[20.47027,54.7179],[20.470302,54.717884],[20.470323,54.717872],[20.470328,54.717866],[20.470344,54.717858],[20.470376,54.717842],[20.47036,54.717814],[20.470302,54.717779],[20.470231,54.717744],[20.470335,54.717672],[20.470019,54.717511],[20.469849,54.717606],[20.470124,54.717747],[20.469831,54.717924],[20.46994,54.717976],[20.469926,54.717982],[20.469996,54.718021],[20.470038,54.718038],[20.470081,54.718033],[20.470162,54.717987],[20.470075,54.717942],[20.470135,54.717908],[20.470209,54.717867]]]}},{"type":"Feature","properties":{"kind":"building","name":"","osm":"relation/4555936"},"geometry":{"type":"Polygon","coordinates":[[[20.470209,54.717867],[20.47027,54.7179],[20.470302,54.717884],[20.470323,54.717872],[20.470328,54.717866],[20.470344,54.717858],[20.470376,54.717842],[20.47036,54.717814],[20.470302,54.717779],[20.470231,54.717744],[20.470335,54.717672],[20.470019,54.717511],[20.469849,54.717606],[20.470124,54.717747],[20.469831,54.717924],[20.46994,54.717976],[20.469926,54.717982],[20.469996,54.718021],[20.470038,54.718038],[20.470081,54.718033],[20.470162,54.717987],[20.470075,54.717942],[20.470135,54.717908],[20.470209,54.717867]]]}},{"type":"Feature","properties":{"kind":"building","name":"","osm":"relation/10124098"},"geometry":{"type":"Polygon","coordinates":[[[20.463511,54.721938],[20.463803,54.721939],[20.46381,54.721731],[20.46352,54.721727],[20.463511,54.721938]]]}},{"type":"Feature","properties":{"kind":"building","name":"","osm":"relation/18053267"},"geometry":{"type":"Polygon","coordinates":[[[20.461988,54.727131],[20.461992,54.727087],[20.461973,54.727087],[20.461976,54.72705],[20.462045,54.727052],[20.462046,54.727039],[20.462365,54.727048],[20.462358,54.727131],[20.461988,54.727131]]]}},{"type":"Feature","properties":{"kind":"building","name":"","osm":"relation/18053270"},"geometry":{"type":"Polygon","coordinates":[[[20.463823,54.726419],[20.463576,54.726412],[20.463568,54.726504],[20.463553,54.726688],[20.463546,54.72678],[20.463793,54.726787],[20.46389,54.726789],[20.46392,54.726422],[20.463823,54.726419]]]}},{"type":"Feature","properties":{"kind":"building","name":"ЖК «Haus am Fluss»","osm":"relation/18053298"},"geometry":{"type":"Polygon","coordinates":[[[20.456736,54.718495],[20.456742,54.718494],[20.456942,54.718475],[20.457141,54.718456],[20.457207,54.718687],[20.456808,54.718725],[20.456812,54.718739],[20.456816,54.718753],[20.456736,54.718761],[20.456736,54.718495]]]}},{"type":"Feature","properties":{"kind":"building","name":"ЖК \"Централ Парк\"","osm":"relation/19306342"},"geometry":{"type":"Polygon","coordinates":[[[20.485167,54.714767],[20.4856,54.714189],[20.48535,54.714126],[20.485283,54.71411],[20.485276,54.71412],[20.485209,54.714208],[20.485037,54.714438],[20.484898,54.714623],[20.484832,54.714626],[20.48468,54.714632],[20.484468,54.714641],[20.484221,54.71465],[20.484082,54.714656],[20.484176,54.714483],[20.484287,54.714278],[20.484409,54.714053],[20.484456,54.714061],[20.484503,54.71407],[20.484483,54.714107],[20.484731,54.714151],[20.484795,54.714033],[20.484808,54.714008],[20.484119,54.713884],[20.483625,54.714798],[20.483624,54.714813],[20.483629,54.714828],[20.483642,54.714842],[20.483663,54.714854],[20.48369,54.714862],[20.48372,54.714865],[20.484517,54.714833],[20.484597,54.714844],[20.484678,54.714854],[20.484689,54.714826],[20.485085,54.71481],[20.485108,54.714804],[20.485129,54.714796],[20.485151,54.714782],[20.485167,54.714767]]]}},{"type":"Feature","properties":{"kind":"building","name":"","osm":"relation/1325162"},"geometry":{"type":"Polygon","coordinates":[[[20.480352,54.722116],[20.480412,54.721515],[20.481089,54.721538],[20.481056,54.721868],[20.48105,54.721933],[20.481044,54.721987],[20.481029,54.722138],[20.480352,54.722116]],[[20.480537,54.722014],[20.480557,54.721747],[20.48086,54.721754],[20.48084,54.722022],[20.480537,54.722014]]]}},{"type":"Feature","properties":{"kind":"building","name":"Центральный районный суд г. Калининграда","osm":"relation/6203736"},"geometry":{"type":"Polygon","coordinates":[[[20.482274,54.726762],[20.482714,54.726765],[20.482731,54.726604],[20.482669,54.726506],[20.482618,54.726433],[20.482573,54.726419],[20.482528,54.726422],[20.482478,54.726431],[20.482419,54.726471],[20.482294,54.726471],[20.482274,54.726762]],[[20.482494,54.726727],[20.482616,54.726728],[20.482632,54.726614],[20.482564,54.726512],[20.482504,54.726521],[20.482494,54.726727]]]}},{"type":"Feature","properties":{"kind":"building","name":"","osm":"relation/8126034"},"geometry":{"type":"Polygon","coordinates":[[[20.484546,54.720456],[20.484654,54.720424],[20.484695,54.720412],[20.484765,54.720394],[20.484796,54.720388],[20.484858,54.720372],[20.484889,54.72036],[20.484906,54.720346],[20.48491,54.72033],[20.484905,54.720316],[20.484891,54.7203],[20.484873,54.720289],[20.484848,54.720281],[20.484798,54.720278],[20.484746,54.720256],[20.484454,54.720223],[20.484416,54.720307],[20.484517,54.720321],[20.484522,54.720334],[20.484456,54.720354],[20.484546,54.720456]]]}},{"type":"Feature","properties":{"kind":"building","name":"","osm":"relation/8126035"},"geometry":{"type":"Polygon","coordinates":[[[20.484456,54.720354],[20.484134,54.720455],[20.484057,54.720446],[20.483714,54.720526],[20.483671,54.720471],[20.48348,54.720505],[20.483398,54.720507],[20.483404,54.72033],[20.483382,54.720304],[20.483346,54.720285],[20.483289,54.72027],[20.48322,54.720262],[20.483155,54.720267],[20.483095,54.720278],[20.48305,54.720296],[20.48302,54.72032],[20.483011,54.720505],[20.482937,54.720503],[20.482934,54.720561],[20.482884,54.72056],[20.482884,54.720538],[20.482642,54.720533],[20.482645,54.72066],[20.483105,54.720669],[20.483468,54.720676],[20.483628,54.720655],[20.483728,54.720636],[20.483765,54.720627],[20.483778,54.720624],[20.483836,54.72061],[20.483853,54.720631],[20.483867,54.720646],[20.483872,54.720652],[20.484144,54.720576],[20.484409,54.720497],[20.484546,54.720456],[20.484456,54.720354]]]}},{"type":"Feature","properties":{"kind":"road","name":"","osm":"way/37418854","highway":"residential","access":"","foot":""},"geometry":{"type":"LineString","coordinates":[[20.46633,54.715042],[20.466256,54.715293],[20.466247,54.715323]]}},{"type":"Feature","properties":{"kind":"road","name":"проспект Победы","osm":"way/40518037","highway":"primary","access":"","foot":""},"geometry":{"type":"LineString","coordinates":[[20.458048,54.714326],[20.457956,54.714284],[20.457873,54.714265],[20.45779,54.714258],[20.457704,54.714251],[20.457669,54.714248]]}},{"type":"Feature","properties":{"kind":"rail","name":"","osm":"way/40518042"},"geometry":{"type":"LineString","coordinates":[[20.460217,54.723296],[20.460636,54.723559],[20.461415,54.723945],[20.462033,54.724192],[20.462336,54.7243],[20.464088,54.724703],[20.464307,54.724741],[20.465409,54.72498],[20.466536,54.725219],[20.468688,54.725704],[20.469204,54.725811],[20.469494,54.725871],[20.469562,54.725885],[20.469763,54.725926],[20.470859,54.726172],[20.474161,54.7269],[20.474405,54.726948],[20.474474,54.726963],[20.474561,54.726983],[20.475873,54.72728],[20.477355,54.727611],[20.47858,54.727879],[20.478682,54.727899],[20.478717,54.727907],[20.478761,54.727916],[20.479182,54.728008],[20.480362,54.728266],[20.481169,54.728451],[20.481472,54.728514],[20.481583,54.728537],[20.481685,54.728556],[20.485404,54.729368],[20.486022,54.729505],[20.48671,54.729629],[20.488055,54.729818],[20.489833,54.730193],[20.490038,54.73024],[20.490129,54.730252],[20.490159,54.73025],[20.490188,54.730246],[20.490211,54.730239],[20.490257,54.730222],[20.490328,54.730185],[20.491688,54.729251],[20.493812,54.727392],[20.494078,54.72717],[20.494259,54.727026],[20.4944,54.726914],[20.494535,54.726806],[20.495047,54.726399],[20.495689,54.725924],[20.495967,54.725718],[20.496003,54.725693],[20.496094,54.725634],[20.496429,54.725418],[20.497198,54.724896],[20.497383,54.724759],[20.497572,54.724615],[20.497627,54.724573],[20.497778,54.724459],[20.498151,54.724089],[20.498197,54.724029],[20.498353,54.723835],[20.498828,54.723235],[20.499001,54.722938],[20.499027,54.722875],[20.499055,54.722774],[20.499081,54.722601],[20.499087,54.722439],[20.499061,54.722254],[20.49882,54.721392],[20.498795,54.721301],[20.49868,54.720883]]}},{"type":"Feature","properties":{"kind":"road","name":"улица Чернышевского","osm":"way/41524018","highway":"residential","access":"","foot":""},"geometry":{"type":"LineString","coordinates":[[20.459626,54.724308],[20.460153,54.724303]]}},{"type":"Feature","properties":{"kind":"road","name":"улица Чернышевского","osm":"way/41524019","highway":"tertiary","access":"","foot":""},"geometry":{"type":"LineString","coordinates":[[20.460153,54.724303],[20.459637,54.724036]]}},{"type":"Feature","properties":{"kind":"road","name":"переулок Чернышевского","osm":"way/41526634","highway":"residential","access":"","foot":""},"geometry":{"type":"LineString","coordinates":[[20.468186,54.726278],[20.468064,54.726437]]}},{"type":"Feature","properties":{"kind":"road","name":"улица Фестивальная Аллея","osm":"way/41527232","highway":"cycleway","access":"","foot":"designated"},"geometry":{"type":"LineString","coordinates":[[20.478577,54.727933],[20.478139,54.727844],[20.477771,54.727794],[20.47455,54.72708],[20.474462,54.72706],[20.474393,54.727046],[20.469507,54.725986],[20.469461,54.725975],[20.469407,54.725963],[20.464303,54.724827]]}},{"type":"Feature","properties":{"kind":"road","name":"Каменная улица","osm":"way/41527234","highway":"tertiary","access":"","foot":""},"geometry":{"type":"LineString","coordinates":[[20.467909,54.724999],[20.467953,54.724941],[20.467956,54.724899],[20.467958,54.724868]]}},{"type":"Feature","properties":{"kind":"road","name":"проспект Мира","osm":"way/41819608","highway":"secondary","access":"","foot":"no"},"geometry":{"type":"LineString","coordinates":[[20.462927,54.72267],[20.462285,54.722732]]}},{"type":"Feature","properties":{"kind":"road","name":"Вагоностроительная улица","osm":"way/41820684","highway":"primary","access":"","foot":""},"geometry":{"type":"LineString","coordinates":[[20.458138,54.712522],[20.458105,54.712692],[20.45809,54.713023],[20.458088,54.713083],[20.458057,54.713447],[20.458043,54.713618],[20.458031,54.713757],[20.458014,54.713955],[20.457994,54.714057]]}},{"type":"Feature","properties":{"kind":"road","name":"Офицерская улица","osm":"way/41820816","highway":"tertiary","access":"","foot":"no"},"geometry":{"type":"LineString","coordinates":[[20.471442,54.721295],[20.471445,54.721347]]}},{"type":"Feature","properties":{"kind":"road","name":"Коммунальная улица","osm":"way/41821182","highway":"residential","access":"","foot":""},"geometry":{"type":"LineString","coordinates":[[20.468899,54.723481],[20.469702,54.723027],[20.470416,54.723467]]}},{"type":"Feature","properties":{"kind":"road","name":"Коммунальная улица","osm":"way/41821183","highway":"residential","access":"","foot":""},"geometry":{"type":"LineString","coordinates":[[20.469568,54.725205],[20.469564,54.725254],[20.469562,54.725293]]}},{"type":"Feature","properties":{"kind":"road","name":"Коммунальная улица","osm":"way/41821184","highway":"residential","access":"","foot":""},"geometry":{"type":"LineString","coordinates":[[20.469796,54.721684],[20.469792,54.721741],[20.469787,54.721802],[20.469731,54.722611],[20.469702,54.723027]]}},{"type":"Feature","properties":{"kind":"road","name":"проспект Победы","osm":"way/41869596","highway":"primary","access":"","foot":""},"geometry":{"type":"LineString","coordinates":[[20.464943,54.714901],[20.462998,54.714598],[20.462742,54.714563]]}},{"type":"Feature","properties":{"kind":"road","name":"улица Космонавта Пацаева","osm":"way/41870224","highway":"tertiary","access":"","foot":""},"geometry":{"type":"LineString","coordinates":[[20.47886,54.725303],[20.478744,54.72532],[20.478702,54.725326],[20.477228,54.725544],[20.476553,54.725644]]}},{"type":"Feature","properties":{"kind":"road","name":"улица Ермака","osm":"way/41909520","highway":"residential","access":"","foot":""},"geometry":{"type":"LineString","coordinates":[[20.476484,54.720426],[20.476459,54.72049],[20.476405,54.720543],[20.476057,54.720814],[20.475976,54.721003],[20.476022,54.721186],[20.477045,54.721572]]}},{"type":"Feature","properties":{"kind":"road","name":"улица Ермака","osm":"way/41909522","highway":"residential","access":"","foot":""},"geometry":{"type":"LineString","coordinates":[[20.479104,54.72161],[20.479015,54.721609],[20.477045,54.721572]]}},{"type":"Feature","properties":{"kind":"road","name":"улица Шиллера","osm":"way/41909642","highway":"residential","access":"","foot":""},"geometry":{"type":"LineString","coordinates":[[20.476994,54.721998],[20.476955,54.722333],[20.476933,54.722562]]}},{"type":"Feature","properties":{"kind":"road","name":"улица Шиллера","osm":"way/41909645","highway":"residential","access":"","foot":""},"geometry":{"type":"LineString","coordinates":[[20.476553,54.725644],[20.476526,54.726009],[20.476481,54.726658]]}},{"type":"Feature","properties":{"kind":"road","name":"Красная улица","osm":"way/41910158","highway":"residential","access":"","foot":""},"geometry":{"type":"LineString","coordinates":[[20.474769,54.72053],[20.474764,54.720597]]}},{"type":"Feature","properties":{"kind":"road","name":"улица Елены Ковальчук","osm":"way/41910240","highway":"residential","access":"","foot":""},"geometry":{"type":"LineString","coordinates":[[20.473978,54.719607],[20.473989,54.71951],[20.474,54.719482],[20.474035,54.719456],[20.474072,54.719442],[20.474128,54.719433],[20.474184,54.719428],[20.47424,54.719428],[20.474312,54.719435],[20.474384,54.719452],[20.47445,54.719467]]}},{"type":"Feature","properties":{"kind":"road","name":"улица Степана Разина","osm":"way/42324019","highway":"residential","access":"","foot":""},"geometry":{"type":"LineString","coordinates":[[20.474797,54.723437],[20.474716,54.723436],[20.474599,54.723434]]}},{"type":"Feature","properties":{"kind":"road","name":"переулок Энгельса","osm":"way/42324022","highway":"residential","access":"","foot":""},"geometry":{"type":"LineString","coordinates":[[20.462703,54.723867],[20.462742,54.723814]]}},{"type":"Feature","properties":{"kind":"road","name":"улица Степана Разина","osm":"way/42324030","highway":"residential","access":"","foot":""},"geometry":{"type":"LineString","coordinates":[[20.468899,54.723481],[20.468223,54.723487]]}},{"type":"Feature","properties":{"kind":"road","name":"Ростовская улица","osm":"way/42324036","highway":"residential","access":"","foot":""},"geometry":{"type":"LineString","coordinates":[[20.46157,54.72885],[20.461606,54.728445],[20.461614,54.728362],[20.461654,54.72791],[20.461699,54.727415],[20.461715,54.727232],[20.461737,54.726991],[20.46174,54.726957],[20.461745,54.726898],[20.461812,54.726143],[20.461852,54.7257],[20.461877,54.725423],[20.46193,54.725185]]}},{"type":"Feature","properties":{"kind":"road","name":"проспект Мира","osm":"way/42348847","highway":"primary","access":"","foot":"no"},"geometry":{"type":"LineString","coordinates":[[20.476484,54.720426],[20.476089,54.720418],[20.475741,54.720416],[20.475633,54.720427],[20.475379,54.720455],[20.474907,54.720503]]}},{"type":"Feature","properties":{"kind":"road","name":"проспект Мира","osm":"way/42348852","highway":"primary","access":"","foot":"no"},"geometry":{"type":"LineString","coordinates":[[20.475233,54.720366],[20.475553,54.720316],[20.475699,54.72029],[20.475808,54.720265],[20.475845,54.720257],[20.475876,54.72025],[20.475901,54.720244],[20.475999,54.720221]]}},{"type":"Feature","properties":{"kind":"road","name":"улица Кутузова","osm":"way/42349131","highway":"primary","access":"","foot":""},"geometry":{"type":"LineString","coordinates":[[20.46958,54.719862],[20.46919,54.719556],[20.468857,54.719399]]}},{"type":"Feature","properties":{"kind":"road","name":"улица Кутузова","osm":"way/42349132","highway":"primary","access":"","foot":""},"geometry":{"type":"LineString","coordinates":[[20.459149,54.714404],[20.459181,54.714425],[20.459527,54.714638]]}},{"type":"Feature","properties":{"kind":"road","name":"улица Чапаева","osm":"way/42416575","highway":"residential","access":"","foot":""},"geometry":{"type":"LineString","coordinates":[[20.459593,54.719634],[20.45937,54.719599],[20.458604,54.719628],[20.458088,54.719668]]}},{"type":"Feature","properties":{"kind":"road","name":"улица Каштановая Аллея","osm":"way/42420218","highway":"tertiary","access":"","foot":"no"},"geometry":{"type":"LineString","coordinates":[[20.465583,54.715004],[20.465578,54.715062],[20.465575,54.715093],[20.465571,54.715131]]}},{"type":"Feature","properties":{"kind":"road","name":"улица Каштановая Аллея","osm":"way/42420220","highway":"tertiary","access":"","foot":"no"},"geometry":{"type":"LineString","coordinates":[[20.464527,54.722519],[20.464512,54.722622]]}},{"type":"Feature","properties":{"kind":"road","name":"проспект Мира","osm":"way/42445955","highway":"secondary","access":"","foot":"no"},"geometry":{"type":"LineString","coordinates":[[20.460804,54.722872],[20.460625,54.722881],[20.460258,54.722896],[20.459969,54.722893],[20.459633,54.722865]]}},{"type":"Feature","properties":{"kind":"road","name":"Лесопарковая улица","osm":"way/42445958","highway":"tertiary","access":"","foot":""},"geometry":{"type":"LineString","coordinates":[[20.457407,54.721313],[20.457539,54.720371],[20.457618,54.719705],[20.457615,54.719549],[20.457599,54.719364],[20.457399,54.718684],[20.457334,54.718466],[20.457079,54.717566]]}},{"type":"Feature","properties":{"kind":"road","name":"улица Чкалова","osm":"way/42446091","highway":"tertiary","access":"","foot":""},"geometry":{"type":"LineString","coordinates":[[20.459378,54.728471],[20.459532,54.725973],[20.459559,54.725631],[20.459625,54.724549],[20.459626,54.724308],[20.459637,54.724036],[20.459635,54.723697],[20.459631,54.723052],[20.459631,54.722974]]}},{"type":"Feature","properties":{"kind":"road","name":"Полюсная улица","osm":"way/42446121","highway":"residential","access":"","foot":""},"geometry":{"type":"LineString","coordinates":[[20.457549,54.725619],[20.459559,54.725631]]}},{"type":"Feature","properties":{"kind":"road","name":"улица Лейтенанта Катина","osm":"way/42446274","highway":"tertiary","access":"","foot":""},"geometry":{"type":"LineString","coordinates":[[20.459222,54.722905],[20.459097,54.722925],[20.458975,54.722945],[20.458803,54.722973],[20.458414,54.723036],[20.457409,54.7232]]}},{"type":"Feature","properties":{"kind":"road","name":"улица Лейтенанта Катина","osm":"way/42446275","highway":"tertiary","access":"","foot":"yes"},"geometry":{"type":"LineString","coordinates":[[20.457409,54.7232],[20.45704,54.723343],[20.455205,54.724122],[20.452897,54.725101]]}},{"type":"Feature","properties":{"kind":"road","name":"Закавказская улица","osm":"way/42447083","highway":"residential","access":"","foot":""},"geometry":{"type":"LineString","coordinates":[[20.462317,54.716883],[20.462338,54.717746],[20.462304,54.718732],[20.462314,54.71973]]}},{"type":"Feature","properties":{"kind":"road","name":"улица Кутузова","osm":"way/42447750","highway":"tertiary","access":"","foot":""},"geometry":{"type":"LineString","coordinates":[[20.462317,54.716883],[20.462006,54.716825],[20.461828,54.716752],[20.461718,54.716697]]}},{"type":"Feature","properties":{"kind":"road","name":"Бородинская улица","osm":"way/42447964","highway":"residential","access":"","foot":""},"geometry":{"type":"LineString","coordinates":[[20.465414,54.717741],[20.465559,54.717689],[20.467445,54.716991],[20.468181,54.716721],[20.468515,54.716598],[20.468549,54.716585],[20.468581,54.716573],[20.468677,54.716537],[20.468694,54.716531]]}},{"type":"Feature","properties":{"kind":"road","name":"улица Огарёва","osm":"way/42448138","highway":"residential","access":"","foot":""},"geometry":{"type":"LineString","coordinates":[[20.465163,54.719818],[20.465414,54.71975],[20.467261,54.718748],[20.467291,54.718724]]}},{"type":"Feature","properties":{"kind":"road","name":"улица Огарёва","osm":"way/42448142","highway":"residential","access":"","foot":"no"},"geometry":{"type":"LineString","coordinates":[[20.467291,54.718724],[20.467449,54.718637]]}},{"type":"Feature","properties":{"kind":"road","name":"улица Марины Расковой","osm":"way/42448279","highway":"residential","access":"","foot":""},"geometry":{"type":"LineString","coordinates":[[20.468831,54.719819],[20.468136,54.720259]]}},{"type":"Feature","properties":{"kind":"road","name":"","osm":"way/42614432","highway":"footway","access":"","foot":""},"geometry":{"type":"LineString","coordinates":[[20.469643,54.7239],[20.469663,54.723545]]}},{"type":"Feature","properties":{"kind":"road","name":"","osm":"way/42614434","highway":"footway","access":"","foot":""},"geometry":{"type":"LineString","coordinates":[[20.470416,54.723467],[20.469797,54.723477]]}},{"type":"Feature","properties":{"kind":"green","name":"","osm":"way/42614435"},"geometry":{"type":"Polygon","coordinates":[[[20.469538,54.723753],[20.469542,54.723516],[20.469106,54.723522],[20.469538,54.723753]]]}},{"type":"Feature","properties":{"kind":"green","name":"","osm":"way/42614436"},"geometry":{"type":"Polygon","coordinates":[[[20.469791,54.723543],[20.470249,54.723528],[20.469731,54.723797],[20.469791,54.723543]]]}},{"type":"Feature","properties":{"kind":"green","name":"","osm":"way/42614437"},"geometry":{"type":"Polygon","coordinates":[[[20.469834,54.723423],[20.469822,54.72318],[20.470273,54.723434],[20.469834,54.723423]]]}},{"type":"Feature","properties":{"kind":"green","name":"","osm":"way/42614442"},"geometry":{"type":"Polygon","coordinates":[[[20.469562,54.723416],[20.469595,54.723174],[20.469125,54.723419],[20.469562,54.723416]]]}},{"type":"Feature","properties":{"kind":"road","name":"улица Марины Расковой","osm":"way/42691303","highway":"residential","access":"","foot":""},"geometry":{"type":"LineString","coordinates":[[20.469758,54.719209],[20.47016,54.718935],[20.470809,54.718495],[20.47095,54.718407],[20.471195,54.718241],[20.471432,54.718081],[20.471458,54.718068],[20.471471,54.718058],[20.471509,54.718037]]}},{"type":"Feature","properties":{"kind":"road","name":"улица Пушкина","osm":"way/42691309","highway":"tertiary","access":"","foot":""},"geometry":{"type":"LineString","coordinates":[[20.473379,54.71565],[20.473391,54.715803],[20.473321,54.716792]]}},{"type":"Feature","properties":{"kind":"green","name":"","osm":"way/42691568"},"geometry":{"type":"Polygon","coordinates":[[[20.468903,54.719219],[20.469033,54.719164],[20.469243,54.719141],[20.469445,54.719157],[20.469679,54.719237],[20.4698,54.719314],[20.469842,54.719381],[20.469883,54.719472],[20.469883,54.719571],[20.46986,54.719628],[20.46981,54.719689],[20.469759,54.719726],[20.469384,54.719442],[20.468903,54.719219]]]}},{"type":"Feature","properties":{"kind":"green","name":"Белорусский сквер","osm":"way/42691570"},"geometry":{"type":"Polygon","coordinates":[[[20.469507,54.719842],[20.469388,54.719868],[20.469248,54.719871],[20.469055,54.719853],[20.468885,54.719805],[20.468783,54.719731],[20.468708,54.719643],[20.468668,54.719564],[20.468658,54.719475],[20.468681,54.719417],[20.468725,54.719376],[20.468943,54.719477],[20.469174,54.719587],[20.469408,54.719762],[20.469507,54.719842]]]}},{"type":"Feature","properties":{"kind":"green","name":"Шведский сквер","osm":"way/42691572"},"geometry":{"type":"Polygon","coordinates":[[[20.462012,54.716012],[20.462044,54.715995],[20.462101,54.716023],[20.462345,54.715988],[20.462337,54.71592],[20.462396,54.715915],[20.462538,54.715922],[20.462691,54.715956],[20.462878,54.716015],[20.463024,54.716096],[20.463151,54.716219],[20.463162,54.716357],[20.463167,54.716477],[20.463068,54.716572],[20.462879,54.716473],[20.462887,54.716414],[20.462173,54.71604],[20.462074,54.716053],[20.462012,54.716012]]]}},{"type":"Feature","properties":{"kind":"green","name":"Голландский сквер","osm":"way/42691575"},"geometry":{"type":"Polygon","coordinates":[[[20.461689,54.716182],[20.462772,54.716758],[20.462753,54.716785],[20.462684,54.716807],[20.462536,54.716826],[20.462305,54.71683],[20.46207,54.716791],[20.461866,54.716722],[20.461686,54.716616],[20.461629,54.716503],[20.461608,54.716364],[20.461689,54.716182]]]}},{"type":"Feature","properties":{"kind":"road","name":"улица Нахимова","osm":"way/42691748","highway":"residential","access":"","foot":""},"geometry":{"type":"LineString","coordinates":[[20.457079,54.717566],[20.458195,54.717597]]}},{"type":"Feature","properties":{"kind":"road","name":"улица Чапаева","osm":"way/42691937","highway":"tertiary","access":"","foot":""},"geometry":{"type":"LineString","coordinates":[[20.465163,54.719818],[20.464394,54.719794],[20.463446,54.719765]]}},{"type":"Feature","properties":{"kind":"road","name":"улица Минина и Пожарского","osm":"way/42758953","highway":"residential","access":"","foot":""},"geometry":{"type":"LineString","coordinates":[[20.472005,54.71957],[20.471937,54.721018],[20.471935,54.721053],[20.471936,54.721119]]}},{"type":"Feature","properties":{"kind":"road","name":"","osm":"way/42758958","highway":"path","access":"","foot":""},"geometry":{"type":"LineString","coordinates":[[20.469933,54.719545],[20.469718,54.719502],[20.469391,54.719433]]}},{"type":"Feature","properties":{"kind":"green","name":"Литовский сквер","osm":"way/42759328"},"geometry":{"type":"Polygon","coordinates":[[[20.465524,54.715139],[20.465468,54.715461],[20.465235,54.715421],[20.46503,54.715368],[20.464994,54.715294],[20.464966,54.715222],[20.464958,54.715126],[20.464974,54.715033],[20.465524,54.715139]]]}},{"type":"Feature","properties":{"kind":"building","name":"","osm":"way/42759329"},"geometry":{"type":"Polygon","coordinates":[[[20.465828,54.71537],[20.465896,54.715333],[20.465953,54.715368],[20.465893,54.715409],[20.465828,54.71537]]]}},{"type":"Feature","properties":{"kind":"road","name":"Адмиральская улица","osm":"way/42759334","highway":"residential","access":"","foot":""},"geometry":{"type":"LineString","coordinates":[[20.464961,54.715385],[20.464455,54.715567],[20.463672,54.715865],[20.463109,54.716079]]}},{"type":"Feature","properties":{"kind":"road","name":"Адмиральская улица","osm":"way/42759336","highway":"residential","access":"","foot":""},"geometry":{"type":"LineString","coordinates":[[20.461652,54.71665],[20.460974,54.716935],[20.459241,54.71765]]}},{"type":"Feature","properties":{"kind":"road","name":"Каштановый переулок","osm":"way/42759872","highway":"residential","access":"","foot":""},"geometry":{"type":"LineString","coordinates":[[20.462304,54.718732],[20.465237,54.718819]]}},{"type":"Feature","properties":{"kind":"road","name":"переулок Нахимова","osm":"way/42759876","highway":"residential","access":"","foot":""},"geometry":{"type":"LineString","coordinates":[[20.4609,54.717697],[20.46087,54.718962],[20.460848,54.719673]]}},{"type":"Feature","properties":{"kind":"road","name":"Донская улица","osm":"way/42759881","highway":"residential","access":"","foot":""},"geometry":{"type":"LineString","coordinates":[[20.460974,54.716935],[20.459887,54.716011],[20.45975,54.71595],[20.459572,54.715936],[20.459064,54.715923]]}},{"type":"Feature","properties":{"kind":"road","name":"","osm":"way/42759883","highway":"residential","access":"","foot":""},"geometry":{"type":"LineString","coordinates":[[20.458726,54.720395],[20.457539,54.720371]]}},{"type":"Feature","properties":{"kind":"road","name":"улица Яблоневая Аллея","osm":"way/42759884","highway":"residential","access":"","foot":""},"geometry":{"type":"LineString","coordinates":[[20.458048,54.714326],[20.45805,54.714338],[20.458052,54.714356],[20.458053,54.714413]]}},{"type":"Feature","properties":{"kind":"road","name":"улица Чапаева","osm":"way/42759889","highway":"residential","access":"","foot":""},"geometry":{"type":"LineString","coordinates":[[20.458088,54.719668],[20.457618,54.719705]]}},{"type":"Feature","properties":{"kind":"road","name":"Яблоневая аллея","osm":"way/42759891","highway":"footway","access":"","foot":""},"geometry":{"type":"LineString","coordinates":[[20.459195,54.722052],[20.459617,54.722761]]}},{"type":"Feature","properties":{"kind":"road","name":"улица Нахимова","osm":"way/42759892","highway":"residential","access":"","foot":""},"geometry":{"type":"LineString","coordinates":[[20.458195,54.717597],[20.459241,54.71765],[20.4609,54.717697],[20.462338,54.717746],[20.464853,54.717862],[20.464887,54.717863]]}},{"type":"Feature","properties":{"kind":"road","name":"Лесопарковый переулок","osm":"way/42760114","highway":"residential","access":"","foot":""},"geometry":{"type":"LineString","coordinates":[[20.456853,54.716207],[20.456266,54.716242],[20.456088,54.716321]]}},{"type":"Feature","properties":{"kind":"road","name":"Лесопарковая улица","osm":"way/42760115","highway":"tertiary","access":"","foot":""},"geometry":{"type":"LineString","coordinates":[[20.456853,54.716207],[20.456812,54.715432],[20.456799,54.715188],[20.456903,54.714593]]}},{"type":"Feature","properties":{"kind":"road","name":"","osm":"way/42760116","highway":"residential","access":"","foot":""},"geometry":{"type":"LineString","coordinates":[[20.459358,54.714712],[20.459065,54.714866]]}},{"type":"Feature","properties":{"kind":"road","name":"","osm":"way/42760117","highway":"residential","access":"","foot":""},"geometry":{"type":"LineString","coordinates":[[20.459527,54.714638],[20.459358,54.714712]]}},{"type":"Feature","properties":{"kind":"road","name":"","osm":"way/42760118","highway":"residential","access":"","foot":""},"geometry":{"type":"LineString","coordinates":[[20.459836,54.714447],[20.459827,54.714454],[20.459793,54.714476],[20.459737,54.71451],[20.459566,54.714614],[20.459527,54.714638]]}},{"type":"Feature","properties":{"kind":"road","name":"Вагоностроительная улица","osm":"way/44388055","highway":"primary","access":"","foot":""},"geometry":{"type":"LineString","coordinates":[[20.458138,54.712522],[20.458226,54.712104],[20.458281,54.711828],[20.458409,54.711188]]}},{"type":"Feature","properties":{"kind":"road","name":"улица Рылеева","osm":"way/44389725","highway":"residential","access":"private","foot":""},"geometry":{"type":"LineString","coordinates":[[20.45706,54.712419],[20.457052,54.712448],[20.457003,54.712634],[20.456968,54.712768],[20.456711,54.713663],[20.456593,54.714152]]}},{"type":"Feature","properties":{"kind":"road","name":"улица Радищева","osm":"way/44390875","highway":"residential","access":"","foot":""},"geometry":{"type":"LineString","coordinates":[[20.458138,54.712522],[20.458434,54.712552],[20.459135,54.712631]]}},{"type":"Feature","properties":{"kind":"road","name":"Косогорная улица","osm":"way/44390876","highway":"residential","access":"","foot":""},"geometry":{"type":"LineString","coordinates":[[20.459135,54.712631],[20.460712,54.71194],[20.460848,54.711891],[20.461465,54.711678]]}},{"type":"Feature","properties":{"kind":"road","name":"улица Каштановая Аллея","osm":"way/44433644","highway":"residential","access":"","foot":"no"},"geometry":{"type":"LineString","coordinates":[[20.465583,54.715004],[20.465586,54.714983],[20.465599,54.714958]]}},{"type":"Feature","properties":{"kind":"road","name":"улица Радищева","osm":"way/44447921","highway":"residential","access":"","foot":""},"geometry":{"type":"LineString","coordinates":[[20.460173,54.712757],[20.46048,54.712806],[20.461316,54.712909],[20.46142,54.71292]]}},{"type":"Feature","properties":{"kind":"road","name":"улица Алексея Бровковича","osm":"way/44447922","highway":"residential","access":"","foot":""},"geometry":{"type":"LineString","coordinates":[[20.462814,54.712427],[20.462653,54.71244],[20.461666,54.712609],[20.46147,54.712682],[20.461316,54.712909]]}},{"type":"Feature","properties":{"kind":"road","name":"улица Велосипедная Дорога","osm":"way/44448162","highway":"residential","access":"","foot":""},"geometry":{"type":"LineString","coordinates":[[20.460173,54.712757],[20.460785,54.712558],[20.46116,54.712381],[20.46178,54.712232]]}},{"type":"Feature","properties":{"kind":"green","name":"Лесопарк Домфридхоф","osm":"way/44598767"},"geometry":{"type":"Polygon","coordinates":[[[20.479079,54.713649],[20.479195,54.713541],[20.479197,54.71342],[20.479125,54.71313],[20.478792,54.71308],[20.478019,54.713111],[20.477757,54.71313],[20.477591,54.713163],[20.477292,54.71307],[20.477227,54.712951],[20.477252,54.712795],[20.477247,54.71247],[20.477539,54.712496],[20.478949,54.712295],[20.479533,54.712198],[20.480346,54.712127],[20.480718,54.712136],[20.481039,54.712176],[20.481578,54.712227],[20.482019,54.712278],[20.482717,54.712413],[20.483331,54.712523],[20.484289,54.712706],[20.484807,54.712813],[20.485094,54.712883],[20.485263,54.712901],[20.486274,54.713075],[20.486586,54.713186],[20.486586,54.713348],[20.486569,54.713358],[20.485738,54.713248],[20.485634,54.713197],[20.485396,54.7131],[20.485182,54.713038],[20.485061,54.713254],[20.485044,54.713484],[20.484855,54.713746],[20.48461,54.713768],[20.484039,54.713727],[20.483886,54.713855],[20.483763,54.714111],[20.483464,54.714668],[20.483401,54.714826],[20.48358,54.714989],[20.484183,54.715029],[20.484167,54.7151],[20.482842,54.715043],[20.482214,54.715029],[20.481729,54.715039],[20.481382,54.715074],[20.480393,54.715209],[20.479505,54.715364],[20.479251,54.715395],[20.478988,54.715443],[20.478819,54.715453],[20.478575,54.715471],[20.47839,54.715468],[20.478215,54.715402],[20.47801,54.715393],[20.478029,54.715338],[20.477789,54.715333],[20.47788,54.715119],[20.477826,54.714673],[20.477923,54.714103],[20.478019,54.713849],[20.478864,54.713674],[20.479079,54.713649]]]}},{"type":"Feature","properties":{"kind":"road","name":"улица Минина и Пожарского","osm":"way/46477626","highway":"residential","access":"","foot":""},"geometry":{"type":"LineString","coordinates":[[20.471936,54.721119],[20.471981,54.721172]]}},{"type":"Feature","properties":{"kind":"road","name":"улица Марата","osm":"way/47051071","highway":"residential","access":"","foot":""},"geometry":{"type":"LineString","coordinates":[[20.467769,54.715042],[20.467768,54.714971],[20.467802,54.714462],[20.467814,54.714281],[20.467851,54.714135]]}},{"type":"Feature","properties":{"kind":"road","name":"Коломенская улица","osm":"way/47051073","highway":"residential","access":"","foot":""},"geometry":{"type":"LineString","coordinates":[[20.470377,54.713589],[20.470324,54.713487],[20.470302,54.713303]]}},{"type":"Feature","properties":{"kind":"road","name":"Коломенская улица","osm":"way/47051075","highway":"residential","access":"","foot":""},"geometry":{"type":"LineString","coordinates":[[20.473577,54.713144],[20.473266,54.713013],[20.47309,54.712965],[20.472841,54.712916],[20.472526,54.712844]]}},{"type":"Feature","properties":{"kind":"road","name":"","osm":"way/47051076","highway":"service","access":"","foot":""},"geometry":{"type":"LineString","coordinates":[[20.476232,54.715511],[20.476233,54.715461],[20.476229,54.715424],[20.476257,54.715342],[20.476675,54.714366],[20.476695,54.714329],[20.476709,54.714302]]}},{"type":"Feature","properties":{"kind":"road","name":"","osm":"way/47051793","highway":"service","access":"","foot":""},"geometry":{"type":"LineString","coordinates":[[20.476709,54.714302],[20.476759,54.714209]]}},{"type":"Feature","properties":{"kind":"waterline","name":"Парковый","osm":"way/74964610"},"geometry":{"type":"LineString","coordinates":[[20.484856,54.720052],[20.484683,54.720034],[20.484576,54.720031],[20.484134,54.719991],[20.483844,54.719903],[20.483683,54.719833],[20.483518,54.719764],[20.483437,54.719747],[20.483204,54.719825],[20.483064,54.71982],[20.482968,54.719871],[20.482867,54.71988],[20.482755,54.719865],[20.482682,54.719801],[20.482568,54.719781],[20.482474,54.719828],[20.482395,54.719888],[20.482304,54.719904],[20.482181,54.719878],[20.482097,54.719858],[20.482022,54.719798],[20.48197,54.719746],[20.481789,54.719635],[20.481717,54.719618],[20.481603,54.71961],[20.48157,54.719461],[20.48145,54.719312],[20.481195,54.719275],[20.481023,54.719372],[20.480861,54.71937],[20.480732,54.719309],[20.480703,54.719219],[20.4806,54.719176],[20.480433,54.719058],[20.480325,54.718992],[20.480241,54.718941],[20.480088,54.718843],[20.479924,54.718792],[20.479561,54.718666],[20.479201,54.718626],[20.478917,54.718611],[20.478763,54.718603],[20.47863,54.718561],[20.478556,54.718479],[20.478554,54.718374],[20.478601,54.718264],[20.478598,54.718267],[20.478648,54.718034],[20.478618,54.717984],[20.478524,54.717787],[20.478377,54.717647],[20.478338,54.717565],[20.478354,54.717462],[20.478349,54.717346],[20.478279,54.717254],[20.478336,54.717116],[20.478447,54.716952],[20.478413,54.71681],[20.478283,54.716735],[20.478065,54.716716],[20.477843,54.716712],[20.477687,54.716731],[20.477495,54.716718],[20.477286,54.71664],[20.477198,54.716594],[20.476986,54.716482],[20.476884,54.716335],[20.476919,54.716196],[20.47695,54.716115],[20.476975,54.715888],[20.477007,54.715822],[20.477092,54.715643],[20.476944,54.715292],[20.477096,54.715228],[20.477311,54.715167],[20.477512,54.715138],[20.477707,54.71511],[20.47775,54.715057],[20.477729,54.714828],[20.477632,54.714453],[20.477694,54.71416],[20.477716,54.713915],[20.477647,54.713869],[20.477362,54.713742],[20.477335,54.713687],[20.477485,54.713428],[20.477574,54.713352],[20.477648,54.713213],[20.47762,54.713098]]}},{"type":"Feature","properties":{"kind":"road","name":"улица Дмитрия Донского","osm":"way/74981841","highway":"primary","access":"","foot":""},"geometry":{"type":"LineString","coordinates":[[20.476232,54.715511],[20.475441,54.715584],[20.475378,54.715588]]}},{"type":"Feature","properties":{"kind":"road","name":"улица Дмитрия Донского","osm":"way/74981842","highway":"primary","access":"","foot":""},"geometry":{"type":"LineString","coordinates":[[20.477175,54.715474],[20.476888,54.715477]]}},{"type":"Feature","properties":{"kind":"rail","name":"","osm":"way/79330878"},"geometry":{"type":"LineString","coordinates":[[20.452258,54.720903],[20.45292,54.720949],[20.452996,54.720955],[20.453344,54.720995],[20.453762,54.721048],[20.454208,54.721112],[20.454679,54.721184],[20.455053,54.721224],[20.455381,54.721231],[20.455623,54.721233],[20.455799,54.721249],[20.455938,54.721274],[20.456028,54.721292],[20.456268,54.721355],[20.456577,54.721453],[20.456879,54.72159],[20.457058,54.721726],[20.457143,54.721824],[20.457189,54.721955],[20.457228,54.722267],[20.457242,54.72234],[20.457255,54.722368],[20.457277,54.722399],[20.457292,54.722417],[20.457316,54.722437],[20.45734,54.722453],[20.45736,54.722464],[20.457376,54.722471],[20.457467,54.722504],[20.457653,54.722559],[20.457846,54.722611],[20.458112,54.722661],[20.458446,54.722717],[20.458829,54.722786],[20.458896,54.722797],[20.459027,54.722819],[20.459193,54.722846],[20.459338,54.722868],[20.459628,54.722927],[20.459725,54.722979],[20.459914,54.723079],[20.46017,54.72326],[20.460217,54.723296]]}},{"type":"Feature","properties":{"kind":"road","name":"проспект Мира","osm":"way/81527994","highway":"primary","access":"","foot":"no"},"geometry":{"type":"LineString","coordinates":[[20.477022,54.720279],[20.477476,54.720244]]}},{"type":"Feature","properties":{"kind":"waterline","name":"","osm":"way/81527995"},"geometry":{"type":"LineString","coordinates":[[20.476463,54.720996],[20.47662,54.720883],[20.476784,54.720808],[20.476836,54.720775],[20.476912,54.720742],[20.476958,54.72072],[20.477005,54.720672],[20.47701,54.720562]]}},{"type":"Feature","properties":{"kind":"road","name":"проспект Мира","osm":"way/88217916","highway":"primary","access":"","foot":"no"},"geometry":{"type":"LineString","coordinates":[[20.474088,54.720672],[20.474053,54.72068],[20.474012,54.72069],[20.473862,54.720728],[20.473065,54.72092]]}},{"type":"Feature","properties":{"kind":"rail","name":"","osm":"way/88217918"},"geometry":{"type":"LineString","coordinates":[[20.474073,54.720299],[20.474079,54.720186],[20.474087,54.720057],[20.474102,54.71981],[20.474113,54.719739],[20.474126,54.719682],[20.474141,54.719659],[20.474155,54.71964],[20.474191,54.719615],[20.47426,54.719593],[20.474348,54.719578],[20.474403,54.719573],[20.474469,54.719569],[20.474509,54.719574],[20.474554,54.719587]]}},{"type":"Feature","properties":{"kind":"building","name":"Московская финансово-юридическая академия. Калининградский филиал","osm":"way/88217920"},"geometry":{"type":"Polygon","coordinates":[[[20.477719,54.721274],[20.477722,54.721145],[20.478244,54.721148],[20.478242,54.721274],[20.478054,54.721272],[20.478053,54.721323],[20.477897,54.721322],[20.477898,54.721275],[20.477719,54.721274]]]}},{"type":"Feature","properties":{"kind":"building","name":"","osm":"way/88507446"},"geometry":{"type":"Polygon","coordinates":[[[20.46909,54.718184],[20.469141,54.718183],[20.469138,54.718103],[20.469473,54.718099],[20.469476,54.718195],[20.469404,54.718196],[20.469408,54.718315],[20.469224,54.718318],[20.469222,54.718262],[20.469093,54.718263],[20.46909,54.718184]]]}},{"type":"Feature","properties":{"kind":"building","name":"вилла Лео","osm":"way/88813975"},"geometry":{"type":"Polygon","coordinates":[[[20.466174,54.71585],[20.466334,54.715751],[20.466272,54.715718],[20.46634,54.715676],[20.466234,54.715619],[20.46613,54.715684],[20.466054,54.715643],[20.465916,54.715728],[20.465997,54.715772],[20.466092,54.715714],[20.46617,54.715756],[20.46609,54.715805],[20.466174,54.71585]]]}},{"type":"Feature","properties":{"kind":"building","name":"вилла Хонкамп","osm":"way/89404477"},"geometry":{"type":"Polygon","coordinates":[[[20.467849,54.716642],[20.467714,54.716511],[20.467486,54.71659],[20.46762,54.71672],[20.467849,54.716642]]]}},{"type":"Feature","properties":{"kind":"building","name":"вилла Шмидт","osm":"way/89404496"},"geometry":{"type":"Polygon","coordinates":[[[20.466988,54.71601],[20.466835,54.715933],[20.466714,54.716012],[20.466835,54.716073],[20.466867,54.716052],[20.466935,54.716087],[20.46698,54.716057],[20.466945,54.716039],[20.466988,54.71601]]]}},{"type":"Feature","properties":{"kind":"building","name":"Детский сад № 37","osm":"way/89434675"},"geometry":{"type":"Polygon","coordinates":[[[20.460622,54.723919],[20.460766,54.723829],[20.460616,54.723749],[20.460489,54.723828],[20.460437,54.7238],[20.460119,54.723999],[20.460187,54.724035],[20.460076,54.724105],[20.460229,54.724186],[20.460372,54.724097],[20.460302,54.72406],[20.460572,54.723892],[20.460622,54.723919]]]}},{"type":"Feature","properties":{"kind":"building","name":"","osm":"way/89434678"},"geometry":{"type":"Polygon","coordinates":[[[20.466544,54.717145],[20.466476,54.717082],[20.466631,54.717026],[20.466699,54.717089],[20.466544,54.717145]]]}},{"type":"Feature","properties":{"kind":"building","name":"","osm":"way/89558777"},"geometry":{"type":"Polygon","coordinates":[[[20.477252,54.722606],[20.477258,54.722508],[20.477842,54.72252],[20.477836,54.722617],[20.477252,54.722606]]]}},{"type":"Feature","properties":{"kind":"building","name":"","osm":"way/89634583"},"geometry":{"type":"Polygon","coordinates":[[[20.461815,54.717624],[20.46182,54.717435],[20.461932,54.717436],[20.461934,54.717368],[20.462183,54.717371],[20.462177,54.717627],[20.462026,54.717626],[20.461815,54.717624]]]}},{"type":"Feature","properties":{"kind":"building","name":"","osm":"way/90449244"},"geometry":{"type":"Polygon","coordinates":[[[20.473191,54.722568],[20.473423,54.722572],[20.473436,54.722304],[20.473204,54.7223],[20.473201,54.722365],[20.473195,54.722495],[20.473191,54.722568]]]}},{"type":"Feature","properties":{"kind":"building","name":"","osm":"way/90449246"},"geometry":{"type":"Polygon","coordinates":[[[20.467265,54.724663],[20.467327,54.724564],[20.467036,54.724502],[20.466974,54.724602],[20.467125,54.724634],[20.467265,54.724663]]]}},{"type":"Feature","properties":{"kind":"building","name":"","osm":"way/90449248"},"geometry":{"type":"Polygon","coordinates":[[[20.467617,54.723381],[20.467849,54.723385],[20.467863,54.723167],[20.46763,54.723163],[20.467617,54.723381]]]}},{"type":"Feature","properties":{"kind":"building","name":"","osm":"way/90449249"},"geometry":{"type":"Polygon","coordinates":[[[20.470784,54.722666],[20.471211,54.722668],[20.471213,54.722553],[20.470787,54.72255],[20.470784,54.722666]]]}},{"type":"Feature","properties":{"kind":"building","name":"","osm":"way/90449252"},"geometry":{"type":"Polygon","coordinates":[[[20.468325,54.723067],[20.468526,54.723071],[20.468531,54.722954],[20.468331,54.722949],[20.468325,54.723067]]]}},{"type":"Feature","properties":{"kind":"building","name":"","osm":"way/90449253"},"geometry":{"type":"Polygon","coordinates":[[[20.477008,54.725872],[20.477627,54.725788],[20.477565,54.725636],[20.477238,54.725681],[20.476946,54.725721],[20.477008,54.725872]]]}},{"type":"Feature","properties":{"kind":"building","name":"","osm":"way/90449262"},"geometry":{"type":"Polygon","coordinates":[[[20.4693,54.722386],[20.469527,54.722388],[20.469531,54.722157],[20.469304,54.722155],[20.4693,54.722386]]]}},{"type":"Feature","properties":{"kind":"building","name":"","osm":"way/90449263"},"geometry":{"type":"Polygon","coordinates":[[[20.466113,54.724874],[20.466139,54.72477],[20.465985,54.72474],[20.465837,54.72471],[20.465642,54.724669],[20.465623,54.724773],[20.466113,54.724874]]]}},{"type":"Feature","properties":{"kind":"building","name":"","osm":"way/90449264"},"geometry":{"type":"Polygon","coordinates":[[[20.476428,54.723328],[20.476633,54.723334],[20.476656,54.723056],[20.476452,54.72305],[20.476447,54.723109],[20.476435,54.723255],[20.476428,54.723328]]]}},{"type":"Feature","properties":{"kind":"building","name":"","osm":"way/90449268"},"geometry":{"type":"Polygon","coordinates":[[[20.472563,54.722202],[20.472778,54.722207],[20.472807,54.721732],[20.472593,54.721726],[20.472587,54.72181],[20.472578,54.721968],[20.472567,54.722134],[20.472563,54.722202]]]}},{"type":"Feature","properties":{"kind":"building","name":"","osm":"way/90449269"},"geometry":{"type":"Polygon","coordinates":[[[20.464449,54.725368],[20.464453,54.72528],[20.464456,54.725196],[20.464461,54.725093],[20.464463,54.72504],[20.464683,54.725048],[20.464676,54.72529],[20.465629,54.725495],[20.465565,54.725598],[20.465394,54.725556],[20.465133,54.725509],[20.464816,54.725444],[20.464564,54.725392],[20.464449,54.725368]]]}},{"type":"Feature","properties":{"kind":"building","name":"","osm":"way/90449272"},"geometry":{"type":"Polygon","coordinates":[[[20.474781,54.725717],[20.475032,54.725717],[20.475032,54.72518],[20.474781,54.72518],[20.474781,54.725254],[20.474781,54.725353],[20.474781,54.725479],[20.474781,54.725628],[20.474781,54.725717]]]}},{"type":"Feature","properties":{"kind":"building","name":"","osm":"way/90449273"},"geometry":{"type":"Polygon","coordinates":[[[20.466974,54.724602],[20.467036,54.724502],[20.466689,54.724429],[20.466626,54.724527],[20.466793,54.724563],[20.466974,54.724602]]]}},{"type":"Feature","properties":{"kind":"building","name":"","osm":"way/90449274"},"geometry":{"type":"Polygon","coordinates":[[[20.475999,54.725604],[20.476224,54.725573],[20.476162,54.725422],[20.475937,54.725453],[20.475999,54.725604]]]}},{"type":"Feature","properties":{"kind":"building","name":"","osm":"way/90449277"},"geometry":{"type":"Polygon","coordinates":[[[20.468274,54.724476],[20.468487,54.724481],[20.468492,54.724412],[20.468499,54.724305],[20.468508,54.724163],[20.468518,54.724002],[20.468523,54.723931],[20.46831,54.723926],[20.468274,54.724476]]]}},{"type":"Feature","properties":{"kind":"building","name":"","osm":"way/90449279"},"geometry":{"type":"Polygon","coordinates":[[[20.469781,54.724446],[20.46998,54.724446],[20.46998,54.724102],[20.469781,54.724102],[20.469781,54.724189],[20.469781,54.724372],[20.469781,54.724446]]]}},{"type":"Feature","properties":{"kind":"building","name":"","osm":"way/90449281"},"geometry":{"type":"Polygon","coordinates":[[[20.471582,54.72216],[20.471908,54.722163],[20.471909,54.722098],[20.471845,54.722097],[20.471849,54.721915],[20.471912,54.721916],[20.471913,54.721861],[20.471589,54.721859],[20.471586,54.722007],[20.471582,54.72216]]]}},{"type":"Feature","properties":{"kind":"building","name":"","osm":"way/90449283"},"geometry":{"type":"Polygon","coordinates":[[[20.471525,54.723004],[20.471758,54.723005],[20.471771,54.722233],[20.471538,54.722231],[20.471536,54.722338],[20.471533,54.722531],[20.47153,54.722699],[20.471527,54.722898],[20.471525,54.723004]]]}},{"type":"Feature","properties":{"kind":"building","name":"","osm":"way/90449285"},"geometry":{"type":"Polygon","coordinates":[[[20.466113,54.724874],[20.467385,54.72515],[20.467408,54.725051],[20.467174,54.724999],[20.466841,54.724927],[20.466646,54.724885],[20.466452,54.724844],[20.466257,54.724803],[20.46617,54.72478],[20.466113,54.724874]]]}},{"type":"Feature","properties":{"kind":"building","name":"","osm":"way/90449290"},"geometry":{"type":"Polygon","coordinates":[[[20.467651,54.721848],[20.468171,54.721737],[20.468094,54.72163],[20.467574,54.721741],[20.467651,54.721848]]]}},{"type":"Feature","properties":{"kind":"building","name":"","osm":"way/90449297"},"geometry":{"type":"Polygon","coordinates":[[[20.467667,54.724431],[20.467869,54.72444],[20.467864,54.724496],[20.467856,54.724589],[20.467851,54.724644],[20.467838,54.724785],[20.467718,54.72476],[20.467481,54.724709],[20.467265,54.724663],[20.467327,54.724564],[20.467646,54.724631],[20.467667,54.724431]]]}},{"type":"Feature","properties":{"kind":"building","name":"","osm":"way/90449298"},"geometry":{"type":"Polygon","coordinates":[[[20.475549,54.725],[20.475654,54.725006],[20.475905,54.725018],[20.476232,54.725033],[20.476447,54.725045],[20.476465,54.724927],[20.475567,54.724882],[20.475549,54.725]]]}},{"type":"Feature","properties":{"kind":"building","name":"","osm":"way/90449303"},"geometry":{"type":"Polygon","coordinates":[[[20.471955,54.723328],[20.472308,54.723328],[20.472308,54.723208],[20.471955,54.723208],[20.471955,54.723328]]]}},{"type":"Feature","properties":{"kind":"building","name":"","osm":"way/90449304"},"geometry":{"type":"Polygon","coordinates":[[[20.474839,54.723331],[20.475096,54.723335],[20.475425,54.72334],[20.475432,54.723191],[20.475322,54.72319],[20.474915,54.723183],[20.474845,54.723182],[20.474839,54.723331]]]}},{"type":"Feature","properties":{"kind":"building","name":"","osm":"way/90449309"},"geometry":{"type":"Polygon","coordinates":[[[20.475911,54.72333],[20.476237,54.72333],[20.476237,54.723246],[20.475911,54.723246],[20.475911,54.72333]]]}},{"type":"Feature","properties":{"kind":"building","name":"","osm":"way/90449312"},"geometry":{"type":"Polygon","coordinates":[[[20.474058,54.725803],[20.474285,54.725806],[20.474305,54.72531],[20.474078,54.725307],[20.474074,54.725388],[20.474067,54.725561],[20.47406,54.725719],[20.474058,54.725803]]]}},{"type":"Feature","properties":{"kind":"building","name":"","osm":"way/90449314"},"geometry":{"type":"Polygon","coordinates":[[[20.467686,54.722817],[20.467913,54.722818],[20.467917,54.722601],[20.46769,54.722599],[20.467689,54.72263],[20.467687,54.722786],[20.467686,54.722817]]]}},{"type":"Feature","properties":{"kind":"building","name":"","osm":"way/90449316"},"geometry":{"type":"Polygon","coordinates":[[[20.468351,54.722592],[20.468582,54.722597],[20.468587,54.722508],[20.468356,54.722503],[20.468351,54.722592]]]}},{"type":"Feature","properties":{"kind":"building","name":"","osm":"way/90449318"},"geometry":{"type":"Polygon","coordinates":[[[20.477085,54.723423],[20.477274,54.723431],[20.477287,54.723332],[20.477327,54.723007],[20.477338,54.722934],[20.477148,54.722926],[20.477085,54.723423]]]}},{"type":"Feature","properties":{"kind":"building","name":"","osm":"way/90449322"},"geometry":{"type":"Polygon","coordinates":[[[20.475462,54.72368],[20.476278,54.72369],[20.476283,54.723555],[20.476128,54.723553],[20.475837,54.723549],[20.475467,54.723544],[20.475464,54.723615],[20.475462,54.72368]]]}},{"type":"Feature","properties":{"kind":"building","name":"","osm":"way/90449327"},"geometry":{"type":"Polygon","coordinates":[[[20.469843,54.723935],[20.469961,54.724007],[20.470668,54.723621],[20.47055,54.723548],[20.470426,54.723616],[20.470173,54.723754],[20.469918,54.723894],[20.469843,54.723935]]]}},{"type":"Feature","properties":{"kind":"building","name":"","osm":"way/91249535"},"geometry":{"type":"Polygon","coordinates":[[[20.465745,54.723771],[20.465796,54.723486],[20.465485,54.723466],[20.465442,54.723696],[20.465588,54.723707],[20.465626,54.723709],[20.465622,54.723733],[20.465623,54.723733],[20.465608,54.723791],[20.465746,54.723804],[20.465746,54.723803],[20.466002,54.723852],[20.465957,54.723949],[20.46614,54.723977],[20.466209,54.723825],[20.466707,54.723901],[20.466629,54.724074],[20.466823,54.724103],[20.46695,54.723824],[20.466085,54.723691],[20.466022,54.723822],[20.465745,54.723771]]]}},{"type":"Feature","properties":{"kind":"road","name":"Спортивный переулок","osm":"way/91256982","highway":"residential","access":"","foot":""},"geometry":{"type":"LineString","coordinates":[[20.457577,54.724607],[20.457367,54.724616],[20.457059,54.724701],[20.456757,54.72483],[20.456389,54.725007],[20.456034,54.725267],[20.4558,54.725545],[20.455639,54.725812],[20.455467,54.726076],[20.455463,54.726133],[20.455545,54.726192]]}},{"type":"Feature","properties":{"kind":"building","name":"Колледж сервиса и туризма","osm":"way/91258987"},"geometry":{"type":"Polygon","coordinates":[[[20.45776,54.724196],[20.45777,54.723835],[20.458068,54.723838],[20.458057,54.724199],[20.45776,54.724196]]]}},{"type":"Feature","properties":{"kind":"rail","name":"","osm":"way/91277967"},"geometry":{"type":"LineString","coordinates":[[20.498722,54.720879],[20.498842,54.721296],[20.49887,54.721387],[20.498949,54.721642],[20.499087,54.722161],[20.499114,54.722279],[20.499137,54.722439],[20.499136,54.722604],[20.499114,54.722773],[20.499081,54.722902],[20.499041,54.722971],[20.498887,54.723243],[20.498402,54.723848],[20.498242,54.724041],[20.498186,54.724109],[20.497825,54.724471],[20.497681,54.724583],[20.497612,54.724633],[20.497415,54.724774],[20.497217,54.724907],[20.49685,54.725169],[20.496454,54.725436],[20.49613,54.725651],[20.496047,54.725705],[20.496005,54.725733],[20.495721,54.72593],[20.495085,54.726411],[20.494569,54.726822],[20.494422,54.726939],[20.494276,54.727054],[20.494114,54.727183],[20.493855,54.727398],[20.491713,54.729267],[20.490295,54.730232],[20.490265,54.730247],[20.490228,54.730262],[20.490179,54.730269],[20.49014,54.730271],[20.490109,54.730272],[20.490101,54.730271],[20.49003,54.730261],[20.490011,54.730256],[20.489812,54.730209],[20.488198,54.729872],[20.487732,54.729801],[20.486705,54.729653],[20.486019,54.729533],[20.485236,54.729368],[20.484065,54.729111],[20.483348,54.728951],[20.481914,54.728634],[20.481683,54.72858],[20.48158,54.728561],[20.48147,54.728539],[20.480345,54.728289],[20.479173,54.728035],[20.47876,54.727941],[20.478716,54.727931],[20.478679,54.727924],[20.478578,54.727905],[20.477214,54.727601],[20.47569,54.727263],[20.474747,54.727056],[20.474557,54.727015],[20.474472,54.726996],[20.474401,54.72698],[20.474204,54.726937],[20.473857,54.726861],[20.471919,54.726439],[20.470468,54.726119],[20.46973,54.725952],[20.469549,54.725911],[20.469488,54.725897],[20.46941,54.725882],[20.46919,54.72584],[20.466829,54.725316],[20.46472,54.724863],[20.464306,54.724769],[20.462929,54.724459],[20.46231,54.724324],[20.461864,54.724162],[20.461385,54.723966],[20.460898,54.723716],[20.460534,54.723549],[20.460214,54.723321],[20.459891,54.723094],[20.459678,54.722976],[20.459629,54.72295],[20.459311,54.722882],[20.459163,54.722861],[20.459021,54.722837],[20.458886,54.722814],[20.45871,54.722784],[20.458096,54.722683],[20.457909,54.722647],[20.457642,54.722585],[20.457424,54.722523],[20.457376,54.722505],[20.457337,54.722487],[20.457299,54.722464],[20.457269,54.722438],[20.457246,54.72241],[20.457226,54.72238],[20.457212,54.722342],[20.457199,54.722266],[20.457189,54.722134],[20.457159,54.72196],[20.457113,54.721837],[20.457042,54.721736],[20.456849,54.721597],[20.456554,54.721468],[20.456255,54.721373],[20.456014,54.721314],[20.455817,54.721275],[20.455611,54.721254],[20.455303,54.721255],[20.454986,54.721247],[20.454613,54.721203],[20.45361,54.721054],[20.453004,54.720987],[20.452929,54.720981],[20.4521,54.72093],[20.451712,54.720998],[20.451202,54.721105],[20.45115,54.721116],[20.450909,54.721165],[20.450836,54.72118],[20.450618,54.721214],[20.45058,54.721215],[20.450547,54.721215],[20.450505,54.72121],[20.450478,54.721204],[20.450436,54.721192],[20.450396,54.721175],[20.450366,54.721154],[20.450332,54.721123],[20.45031,54.721095],[20.450297,54.721074],[20.450284,54.72104]]}},{"type":"Feature","properties":{"kind":"rail","name":"","osm":"way/91277976"},"geometry":{"type":"LineString","coordinates":[[20.476175,54.720362],[20.475963,54.720354],[20.475927,54.720352],[20.475757,54.720352],[20.475588,54.720364],[20.475539,54.720371],[20.475032,54.720438],[20.474458,54.720548],[20.474363,54.720561],[20.474321,54.72056],[20.474272,54.720559],[20.474193,54.720535],[20.474154,54.720516],[20.474104,54.720476],[20.474075,54.720408],[20.474073,54.720299]]}},{"type":"Feature","properties":{"kind":"rail","name":"","osm":"way/91277980"},"geometry":{"type":"LineString","coordinates":[[20.477004,54.720342],[20.477471,54.720313]]}},{"type":"Feature","properties":{"kind":"road","name":"Спортивная улица","osm":"way/92231839","highway":"tertiary","access":"","foot":""},"geometry":{"type":"LineString","coordinates":[[20.457409,54.7232],[20.457395,54.723175],[20.457387,54.723161],[20.457374,54.723116],[20.457374,54.722561]]}},{"type":"Feature","properties":{"kind":"road","name":"","osm":"way/95012867","highway":"footway","access":"","foot":""},"geometry":{"type":"LineString","coordinates":[[20.476232,54.715511],[20.476242,54.715582],[20.476252,54.715654],[20.476252,54.715793],[20.476234,54.71617],[20.476183,54.7166],[20.476174,54.716892]]}},{"type":"Feature","properties":{"kind":"building","name":"","osm":"way/95290255"},"geometry":{"type":"Polygon","coordinates":[[[20.475029,54.720005],[20.474954,54.719973],[20.474864,54.719958],[20.474771,54.719963],[20.474687,54.719988],[20.474625,54.720028],[20.474592,54.720078],[20.474592,54.720132],[20.474626,54.720182],[20.47469,54.720222],[20.474774,54.720246],[20.474867,54.720251],[20.474956,54.720236],[20.475031,54.720203],[20.475079,54.720157],[20.475096,54.720104],[20.475078,54.720051],[20.475029,54.720005]]]}},{"type":"Feature","properties":{"kind":"building","name":"","osm":"way/95290272"},"geometry":{"type":"Polygon","coordinates":[[[20.475924,54.717586],[20.476,54.717543],[20.476013,54.717472],[20.475939,54.717432],[20.47583,54.717424],[20.475723,54.717476],[20.475719,54.717543],[20.475798,54.717586],[20.475924,54.717586]]]}},{"type":"Feature","properties":{"kind":"building","name":"Медицинский институт - кафедра фундаментальная медицина","osm":"way/95636239"},"geometry":{"type":"Polygon","coordinates":[[[20.472789,54.713691],[20.472794,54.713529],[20.473565,54.713536],[20.47356,54.713696],[20.47339,54.713694],[20.473391,54.713661],[20.472947,54.713656],[20.472946,54.713693],[20.472789,54.713691]]]}},{"type":"Feature","properties":{"kind":"building","name":"","osm":"way/95636270"},"geometry":{"type":"Polygon","coordinates":[[[20.475328,54.71539],[20.475331,54.715297],[20.474877,54.715293],[20.474879,54.715225],[20.474394,54.71522],[20.47439,54.715381],[20.475328,54.71539]]]}},{"type":"Feature","properties":{"kind":"building","name":"","osm":"way/95636289"},"geometry":{"type":"Polygon","coordinates":[[[20.4755,54.715358],[20.475505,54.715186],[20.475728,54.715187],[20.475724,54.71536],[20.4755,54.715358]]]}},{"type":"Feature","properties":{"kind":"building","name":"","osm":"way/95636295"},"geometry":{"type":"Polygon","coordinates":[[[20.473573,54.715407],[20.473609,54.715283],[20.474037,54.715325],[20.474001,54.715449],[20.473573,54.715407]]]}},{"type":"Feature","properties":{"kind":"building","name":"Храм великомученика и целителя Пантелеймона","osm":"way/95636298"},"geometry":{"type":"Polygon","coordinates":[[[20.47446,54.71555],[20.47446,54.715481],[20.474596,54.715481],[20.474595,54.715551],[20.47446,54.71555]]]}},{"type":"Feature","properties":{"kind":"building","name":"","osm":"way/95805755"},"geometry":{"type":"Polygon","coordinates":[[[20.457832,54.726031],[20.457843,54.725851],[20.458058,54.725855],[20.458047,54.726035],[20.457832,54.726031]]]}},{"type":"Feature","properties":{"kind":"building","name":"","osm":"way/95805756"},"geometry":{"type":"Polygon","coordinates":[[[20.45875,54.725984],[20.458743,54.726079],[20.459256,54.72609],[20.459272,54.725869],[20.458758,54.725857],[20.458752,54.725951],[20.45863,54.725949],[20.458634,54.725894],[20.458437,54.725889],[20.458426,54.726046],[20.458621,54.726051],[20.458626,54.725981],[20.45875,54.725984]]]}},{"type":"Feature","properties":{"kind":"building","name":"","osm":"way/96069479"},"geometry":{"type":"Polygon","coordinates":[[[20.463517,54.719926],[20.463516,54.71994],[20.463526,54.719952],[20.46354,54.719959],[20.463555,54.719963],[20.463571,54.719966],[20.463603,54.719964],[20.463621,54.719963],[20.463635,54.719958],[20.463646,54.719953],[20.463652,54.719946],[20.463653,54.719927],[20.463813,54.71993],[20.463806,54.720078],[20.463953,54.72008],[20.463959,54.719958],[20.464021,54.719959],[20.464022,54.719935],[20.464105,54.719936],[20.464099,54.720084],[20.464323,54.720087],[20.464332,54.719873],[20.464115,54.71987],[20.464116,54.719844],[20.463225,54.719831],[20.463213,54.720105],[20.463379,54.720108],[20.463388,54.719924],[20.463517,54.719926]]]}},{"type":"Feature","properties":{"kind":"road","name":"","osm":"way/96682990","highway":"footway","access":"","foot":""},"geometry":{"type":"LineString","coordinates":[[20.477962,54.716741],[20.477964,54.716663]]}},{"type":"Feature","properties":{"kind":"road","name":"","osm":"way/96682991","highway":"footway","access":"","foot":""},"geometry":{"type":"LineString","coordinates":[[20.476824,54.716155],[20.476234,54.71617]]}},{"type":"Feature","properties":{"kind":"road","name":"","osm":"way/96682992","highway":"footway","access":"","foot":""},"geometry":{"type":"LineString","coordinates":[[20.477077,54.716152],[20.476824,54.716155]]}},{"type":"Feature","properties":{"kind":"road","name":"","osm":"way/96682993","highway":"footway","access":"","foot":""},"geometry":{"type":"LineString","coordinates":[[20.47794,54.717004],[20.477945,54.716956],[20.477962,54.716741]]}},{"type":"Feature","properties":{"kind":"road","name":"","osm":"way/96682994","highway":"footway","access":"","foot":""},"geometry":{"type":"LineString","coordinates":[[20.477964,54.716663],[20.477963,54.716495],[20.47794,54.716346],[20.477889,54.716256],[20.477845,54.716208],[20.477678,54.716149],[20.47755,54.716142],[20.477389,54.716145],[20.477077,54.716152]]}},{"type":"Feature","properties":{"kind":"building","name":"","osm":"way/96701247"},"geometry":{"type":"Polygon","coordinates":[[[20.473641,54.719483],[20.473784,54.71939],[20.473146,54.719063],[20.473003,54.719156],[20.473147,54.719229],[20.473311,54.719314],[20.473476,54.719398],[20.473641,54.719483]]]}},{"type":"Feature","properties":{"kind":"building","name":"","osm":"way/96701248"},"geometry":{"type":"Polygon","coordinates":[[[20.472575,54.720394],[20.472579,54.720301],[20.472416,54.720298],[20.472419,54.720242],[20.472232,54.720239],[20.472221,54.720448],[20.47241,54.720451],[20.472413,54.720391],[20.472575,54.720394]]]}},{"type":"Feature","properties":{"kind":"building","name":"","osm":"way/96701249"},"geometry":{"type":"Polygon","coordinates":[[[20.473562,54.717778],[20.473555,54.717864],[20.473519,54.718328],[20.473512,54.71842],[20.47372,54.718425],[20.473769,54.717783],[20.473562,54.717778]]]}},{"type":"Feature","properties":{"kind":"building","name":"","osm":"way/96701251"},"geometry":{"type":"Polygon","coordinates":[[[20.473591,54.720127],[20.4738,54.720132],[20.473812,54.719966],[20.473824,54.719809],[20.473831,54.719707],[20.473845,54.719522],[20.473635,54.719517],[20.47363,54.719592],[20.473619,54.719746],[20.473607,54.719899],[20.473596,54.720052],[20.473591,54.720127]]]}},{"type":"Feature","properties":{"kind":"building","name":"","osm":"way/96701253"},"geometry":{"type":"Polygon","coordinates":[[[20.472964,54.720154],[20.473173,54.720157],[20.473175,54.720122],[20.473184,54.719928],[20.473193,54.719748],[20.473197,54.719659],[20.472988,54.719656],[20.472964,54.720154]]]}},{"type":"Feature","properties":{"kind":"building","name":"","osm":"way/96701254"},"geometry":{"type":"Polygon","coordinates":[[[20.472345,54.71943],[20.47268,54.719437],[20.472691,54.719251],[20.472357,54.719244],[20.472345,54.71943]]]}},{"type":"Feature","properties":{"kind":"building","name":"","osm":"way/96702840"},"geometry":{"type":"Polygon","coordinates":[[[20.461929,54.717958],[20.461924,54.71803],[20.462137,54.718034],[20.462147,54.717884],[20.462023,54.717881],[20.462025,54.717842],[20.461642,54.717834],[20.461635,54.717952],[20.461929,54.717958]]]}},{"type":"Feature","properties":{"kind":"building","name":"","osm":"way/96704762"},"geometry":{"type":"Polygon","coordinates":[[[20.473386,54.721145],[20.473511,54.721116],[20.473762,54.721058],[20.474013,54.720999],[20.474264,54.720941],[20.474389,54.720912],[20.474307,54.720795],[20.473304,54.721028],[20.473386,54.721145]]]}},{"type":"Feature","properties":{"kind":"building","name":"","osm":"way/96833653"},"geometry":{"type":"Polygon","coordinates":[[[20.476067,54.726389],[20.476302,54.726397],[20.476336,54.726072],[20.476101,54.726064],[20.476094,54.726129],[20.476075,54.726313],[20.476067,54.726389]]]}},{"type":"Feature","properties":{"kind":"building","name":"","osm":"way/96833657"},"geometry":{"type":"Polygon","coordinates":[[[20.476025,54.721893],[20.476033,54.721719],[20.476414,54.721724],[20.476411,54.721794],[20.476461,54.721795],[20.476457,54.721899],[20.476025,54.721893]]]}},{"type":"Feature","properties":{"kind":"building","name":"","osm":"way/96833660"},"geometry":{"type":"Polygon","coordinates":[[[20.475053,54.721144],[20.475057,54.721077],[20.47506,54.721011],[20.475246,54.721014],[20.47524,54.721147],[20.475053,54.721144]]]}},{"type":"Feature","properties":{"kind":"building","name":"","osm":"way/96833665"},"geometry":{"type":"Polygon","coordinates":[[[20.474782,54.724109],[20.474786,54.724024],[20.474846,54.724026],[20.474855,54.723858],[20.474802,54.723857],[20.474807,54.723756],[20.475245,54.723763],[20.475238,54.723887],[20.47507,54.723884],[20.475064,54.724003],[20.475254,54.724006],[20.475248,54.724117],[20.474782,54.724109]]]}},{"type":"Feature","properties":{"kind":"building","name":"","osm":"way/96833666"},"geometry":{"type":"Polygon","coordinates":[[[20.476717,54.726624],[20.476719,54.726588],[20.476683,54.726587],[20.476686,54.726514],[20.476719,54.726515],[20.476723,54.726401],[20.476695,54.726401],[20.476698,54.726327],[20.476739,54.726327],[20.476742,54.726253],[20.476714,54.726252],[20.47672,54.726102],[20.476942,54.726105],[20.476939,54.726199],[20.476932,54.726367],[20.476925,54.726546],[20.476922,54.726627],[20.476717,54.726624]]]}},{"type":"Feature","properties":{"kind":"building","name":"","osm":"way/96833675"},"geometry":{"type":"Polygon","coordinates":[[[20.475362,54.726456],[20.475388,54.726233],[20.475575,54.72624],[20.475565,54.726399],[20.475558,54.726499],[20.475362,54.726456]]]}},{"type":"Feature","properties":{"kind":"building","name":"","osm":"way/96833678"},"geometry":{"type":"Polygon","coordinates":[[[20.473338,54.723306],[20.473247,54.723305],[20.47316,54.7233],[20.473167,54.723224],[20.473068,54.723221],[20.473086,54.723042],[20.473452,54.723054],[20.473445,54.723129],[20.473308,54.723125],[20.4733,54.723213],[20.473347,54.723215],[20.473338,54.723306]]]}},{"type":"Feature","properties":{"kind":"building","name":"","osm":"way/96833688"},"geometry":{"type":"Polygon","coordinates":[[[20.476994,54.724341],[20.477017,54.724165],[20.477033,54.723992],[20.47705,54.723836],[20.477069,54.723689],[20.477089,54.723508],[20.477331,54.723515],[20.477324,54.723612],[20.47728,54.72361],[20.477192,54.724387],[20.47717,54.724598],[20.477222,54.7246],[20.477207,54.724697],[20.476959,54.724683],[20.476962,54.72465],[20.476978,54.724503],[20.476994,54.724341]]]}},{"type":"Feature","properties":{"kind":"building","name":"","osm":"way/96833696"},"geometry":{"type":"Polygon","coordinates":[[[20.474993,54.721736],[20.475257,54.721742],[20.475291,54.721214],[20.475028,54.721208],[20.475019,54.72134],[20.47501,54.721472],[20.475002,54.721604],[20.474993,54.721736]]]}},{"type":"Feature","properties":{"kind":"building","name":"","osm":"way/96833698"},"geometry":{"type":"Polygon","coordinates":[[[20.477663,54.723878],[20.477944,54.723876],[20.477943,54.723774],[20.477661,54.723776],[20.477663,54.723878]]]}},{"type":"Feature","properties":{"kind":"building","name":"","osm":"way/96833700"},"geometry":{"type":"Polygon","coordinates":[[[20.474206,54.721361],[20.47419,54.72136],[20.474193,54.721271],[20.474401,54.721274],[20.474401,54.721287],[20.474423,54.721288],[20.474427,54.721167],[20.474457,54.721167],[20.474459,54.721126],[20.474311,54.721125],[20.474313,54.72106],[20.47437,54.721061],[20.474371,54.721028],[20.474509,54.72103],[20.474662,54.721032],[20.47466,54.721098],[20.474652,54.721305],[20.474649,54.721393],[20.474275,54.721389],[20.474276,54.721361],[20.474206,54.721361]]]}},{"type":"Feature","properties":{"kind":"building","name":"","osm":"way/96833703"},"geometry":{"type":"Polygon","coordinates":[[[20.474127,54.721952],[20.47413,54.721871],[20.474546,54.721877],[20.474538,54.721969],[20.474534,54.72217],[20.474531,54.722228],[20.474083,54.722221],[20.474088,54.722121],[20.474351,54.722124],[20.474358,54.721955],[20.474127,54.721952]]]}},{"type":"Feature","properties":{"kind":"building","name":"","osm":"way/96833704"},"geometry":{"type":"Polygon","coordinates":[[[20.47604,54.726677],[20.476091,54.726677],[20.476309,54.726676],[20.476308,54.726624],[20.476307,54.726442],[20.476083,54.726443],[20.476084,54.72649],[20.476084,54.726588],[20.476039,54.726588],[20.47604,54.726677]]]}},{"type":"Feature","properties":{"kind":"building","name":"","osm":"way/96833707"},"geometry":{"type":"Polygon","coordinates":[[[20.475946,54.721485],[20.476141,54.721541],[20.476305,54.721354],[20.476046,54.721278],[20.475966,54.721369],[20.476031,54.721388],[20.475946,54.721485]]]}},{"type":"Feature","properties":{"kind":"building","name":"","osm":"way/96833709"},"geometry":{"type":"Polygon","coordinates":[[[20.477732,54.724135],[20.477857,54.724135],[20.477857,54.724153],[20.478059,54.724153],[20.47806,54.723974],[20.477956,54.723974],[20.477956,54.723935],[20.477748,54.723934],[20.477747,54.724025],[20.477683,54.724025],[20.477683,54.72407],[20.477733,54.724071],[20.477732,54.724135]]]}},{"type":"Feature","properties":{"kind":"building","name":"","osm":"way/96833719"},"geometry":{"type":"Polygon","coordinates":[[[20.475932,54.72297],[20.475952,54.722786],[20.476141,54.722793],[20.47612,54.722977],[20.475932,54.72297]]]}},{"type":"Feature","properties":{"kind":"building","name":"","osm":"way/96833721"},"geometry":{"type":"Polygon","coordinates":[[[20.476549,54.722745],[20.476567,54.722622],[20.476776,54.722632],[20.476759,54.722755],[20.476549,54.722745]]]}},{"type":"Feature","properties":{"kind":"building","name":"","osm":"way/96833724"},"geometry":{"type":"Polygon","coordinates":[[[20.473092,54.722974],[20.473345,54.722976],[20.473346,54.722941],[20.473584,54.722943],[20.473588,54.722817],[20.473097,54.722812],[20.473092,54.722974]]]}},{"type":"Feature","properties":{"kind":"building","name":"","osm":"way/96833728"},"geometry":{"type":"Polygon","coordinates":[[[20.476043,54.722204],[20.47628,54.722211],[20.476301,54.721964],[20.476065,54.721957],[20.476043,54.722204]]]}},{"type":"Feature","properties":{"kind":"building","name":"","osm":"way/96833740"},"geometry":{"type":"Polygon","coordinates":[[[20.474954,54.72218],[20.47522,54.722182],[20.475222,54.722101],[20.47517,54.7221],[20.475175,54.721888],[20.475266,54.721888],[20.475268,54.721819],[20.474964,54.721817],[20.474961,54.721907],[20.474957,54.722089],[20.474954,54.72218]]]}},{"type":"Feature","properties":{"kind":"building","name":"","osm":"way/96833743"},"geometry":{"type":"Polygon","coordinates":[[[20.474892,54.723038],[20.4752,54.723038],[20.475202,54.722668],[20.474893,54.722668],[20.474893,54.722776],[20.474892,54.722965],[20.474892,54.723038]]]}},{"type":"Feature","properties":{"kind":"building","name":"Парковый","osm":"way/96833745"},"geometry":{"type":"Polygon","coordinates":[[[20.47499,54.720865],[20.475295,54.720877],[20.475315,54.720717],[20.475945,54.720733],[20.475941,54.720769],[20.476081,54.720708],[20.476098,54.720523],[20.475147,54.720566],[20.475018,54.720635],[20.474998,54.720803],[20.47499,54.720865]]]}},{"type":"Feature","properties":{"kind":"building","name":"","osm":"way/96833748"},"geometry":{"type":"Polygon","coordinates":[[[20.473274,54.72169],[20.473368,54.72169],[20.473368,54.721678],[20.473592,54.721679],[20.473593,54.721593],[20.473477,54.721592],[20.473477,54.721561],[20.473644,54.721562],[20.473645,54.721471],[20.473371,54.72147],[20.473371,54.721456],[20.473278,54.721455],[20.473274,54.72169]]]}},{"type":"Feature","properties":{"kind":"building","name":"","osm":"way/96833751"},"geometry":{"type":"Polygon","coordinates":[[[20.473244,54.722199],[20.473392,54.722198],[20.473579,54.722192],[20.473598,54.722091],[20.473378,54.722091],[20.473383,54.722056],[20.473602,54.722055],[20.473629,54.721967],[20.473369,54.721956],[20.473271,54.721954],[20.473244,54.722199]]]}},{"type":"Feature","properties":{"kind":"building","name":"","osm":"way/96833754"},"geometry":{"type":"Polygon","coordinates":[[[20.476643,54.72185],[20.47686,54.721855],[20.476871,54.721623],[20.47666,54.72162],[20.476643,54.72185]]]}},{"type":"Feature","properties":{"kind":"building","name":"","osm":"way/96833758"},"geometry":{"type":"Polygon","coordinates":[[[20.477674,54.725327],[20.478051,54.725273],[20.477981,54.725109],[20.477603,54.725163],[20.477674,54.725327]]]}},{"type":"Feature","properties":{"kind":"building","name":"","osm":"way/96833765"},"geometry":{"type":"Polygon","coordinates":[[[20.474832,54.723675],[20.474838,54.723533],[20.47531,54.72354],[20.475303,54.72368],[20.475175,54.723678],[20.475176,54.72365],[20.474967,54.723647],[20.474966,54.723677],[20.474832,54.723675]]]}},{"type":"Feature","properties":{"kind":"building","name":"","osm":"way/96833767"},"geometry":{"type":"Polygon","coordinates":[[[20.477943,54.724663],[20.47795,54.724561],[20.478271,54.724568],[20.478264,54.724671],[20.477943,54.724663]]]}},{"type":"Feature","properties":{"kind":"building","name":"Региональный кредитный банк","osm":"way/96833772"},"geometry":{"type":"Polygon","coordinates":[[[20.476764,54.722915],[20.476768,54.722821],[20.476356,54.722815],[20.476349,54.722978],[20.476536,54.722981],[20.476539,54.722912],[20.476764,54.722915]]]}},{"type":"Feature","properties":{"kind":"building","name":"","osm":"way/96833775"},"geometry":{"type":"Polygon","coordinates":[[[20.476023,54.722389],[20.476736,54.722419],[20.476757,54.722251],[20.476593,54.722244],[20.476588,54.722282],[20.47604,54.722259],[20.476023,54.722389]]]}},{"type":"Feature","properties":{"kind":"building","name":"","osm":"way/96833778"},"geometry":{"type":"Polygon","coordinates":[[[20.473847,54.723307],[20.473852,54.723176],[20.474037,54.723178],[20.474276,54.723181],[20.474287,54.722916],[20.474532,54.72292],[20.474522,54.72316],[20.474516,54.723316],[20.473847,54.723307]]]}},{"type":"Feature","properties":{"kind":"building","name":"","osm":"way/96833782"},"geometry":{"type":"Polygon","coordinates":[[[20.474108,54.721744],[20.474311,54.721747],[20.47431,54.721783],[20.474553,54.721785],[20.474555,54.721707],[20.474561,54.721537],[20.474565,54.721427],[20.474147,54.721422],[20.474144,54.721525],[20.47431,54.721527],[20.474305,54.721663],[20.474111,54.721661],[20.474108,54.721744]]]}},{"type":"Feature","properties":{"kind":"building","name":"","osm":"way/96833784"},"geometry":{"type":"Polygon","coordinates":[[[20.474164,54.722839],[20.474472,54.722846],[20.474478,54.722754],[20.47449,54.722575],[20.4745,54.722411],[20.474507,54.722315],[20.474199,54.722308],[20.474195,54.722372],[20.474316,54.722375],[20.47429,54.72278],[20.474168,54.722777],[20.474164,54.722839]]]}},{"type":"Feature","properties":{"kind":"building","name":"","osm":"way/97854591"},"geometry":{"type":"Polygon","coordinates":[[[20.459259,54.71407],[20.45946,54.714077],[20.459463,54.71403],[20.45966,54.714035],[20.45976,54.714037],[20.459861,54.71404],[20.459859,54.714092],[20.460057,54.714099],[20.460069,54.713982],[20.459889,54.713976],[20.459893,54.713922],[20.459459,54.71391],[20.459454,54.71396],[20.459271,54.713953],[20.459259,54.71407]]]}},{"type":"Feature","properties":{"kind":"building","name":"","osm":"way/97854596"},"geometry":{"type":"Polygon","coordinates":[[[20.457053,54.715881],[20.457214,54.715881],[20.457214,54.715686],[20.457053,54.715686],[20.457053,54.715718],[20.457053,54.715767],[20.457053,54.715803],[20.457053,54.715841],[20.457053,54.715881]]]}},{"type":"Feature","properties":{"kind":"building","name":"","osm":"way/97854603"},"geometry":{"type":"Polygon","coordinates":[[[20.457056,54.715396],[20.457245,54.715398],[20.457255,54.715049],[20.457066,54.715048],[20.457063,54.715152],[20.457058,54.715329],[20.457056,54.715396]]]}},{"type":"Feature","properties":{"kind":"building","name":"Отдел полиции №3 УМВД России по городу Калининграду","osm":"way/97854609"},"geometry":{"type":"Polygon","coordinates":[[[20.457284,54.717484],[20.458026,54.717508],[20.458037,54.717385],[20.457394,54.717365],[20.457414,54.717157],[20.457217,54.71715],[20.457189,54.717446],[20.457287,54.717449],[20.457284,54.717484]]]}},{"type":"Feature","properties":{"kind":"building","name":"","osm":"way/97854611"},"geometry":{"type":"Polygon","coordinates":[[[20.457097,54.714411],[20.457073,54.714523],[20.457761,54.714574],[20.457786,54.714462],[20.457097,54.714411]]]}},{"type":"Feature","properties":{"kind":"building","name":"","osm":"way/97958459"},"geometry":{"type":"Polygon","coordinates":[[[20.459275,54.716283],[20.459463,54.716285],[20.459471,54.716043],[20.459283,54.716041],[20.459281,54.716097],[20.459276,54.716232],[20.459275,54.716283]]]}},{"type":"Feature","properties":{"kind":"building","name":"","osm":"way/97958461"},"geometry":{"type":"Polygon","coordinates":[[[20.458002,54.718336],[20.458209,54.718329],[20.458175,54.717959],[20.457968,54.717966],[20.458002,54.718336]]]}},{"type":"Feature","properties":{"kind":"building","name":"","osm":"way/97958466"},"geometry":{"type":"Polygon","coordinates":[[[20.458261,54.714781],[20.45872,54.714793],[20.458734,54.714603],[20.458275,54.714592],[20.458261,54.714781]]]}},{"type":"Feature","properties":{"kind":"building","name":"","osm":"way/97958468"},"geometry":{"type":"Polygon","coordinates":[[[20.46201,54.715448],[20.462217,54.715449],[20.462217,54.715309],[20.462011,54.715308],[20.46201,54.715448]]]}},{"type":"Feature","properties":{"kind":"building","name":"","osm":"way/97958475"},"geometry":{"type":"Polygon","coordinates":[[[20.465646,54.716609],[20.465853,54.716614],[20.465859,54.716537],[20.465869,54.716405],[20.465881,54.716259],[20.465884,54.716214],[20.465677,54.716209],[20.465646,54.716609]]]}},{"type":"Feature","properties":{"kind":"building","name":"","osm":"way/97958478"},"geometry":{"type":"Polygon","coordinates":[[[20.460036,54.715409],[20.460176,54.715327],[20.459997,54.715225],[20.459857,54.715307],[20.460036,54.715409]]]}},{"type":"Feature","properties":{"kind":"building","name":"","osm":"way/97958485"},"geometry":{"type":"Polygon","coordinates":[[[20.46102,54.715976],[20.461146,54.715908],[20.461044,54.715845],[20.460941,54.715782],[20.460839,54.715718],[20.460713,54.715786],[20.46102,54.715976]]]}},{"type":"Feature","properties":{"kind":"building","name":"Федеральная налоговая служба","osm":"way/97958487"},"geometry":{"type":"Polygon","coordinates":[[[20.461221,54.715224],[20.460997,54.715088],[20.460841,54.715174],[20.461017,54.715281],[20.46115,54.715361],[20.461339,54.715255],[20.461258,54.715203],[20.461221,54.715224]]]}},{"type":"Feature","properties":{"kind":"building","name":"Калининградский гарнизонный военный суд","osm":"way/97958488"},"geometry":{"type":"Polygon","coordinates":[[[20.467879,54.714796],[20.468245,54.714806],[20.468255,54.714687],[20.467889,54.714677],[20.467879,54.714796]]]}},{"type":"Feature","properties":{"kind":"building","name":"","osm":"way/97958495"},"geometry":{"type":"Polygon","coordinates":[[[20.457975,54.713049],[20.457688,54.713042],[20.457681,54.713131],[20.457771,54.713133],[20.457764,54.713207],[20.457958,54.713214],[20.457975,54.713049]]]}},{"type":"Feature","properties":{"kind":"building","name":"","osm":"way/97958496"},"geometry":{"type":"Polygon","coordinates":[[[20.460583,54.715705],[20.460713,54.715635],[20.460614,54.715574],[20.460516,54.715512],[20.460417,54.71545],[20.460287,54.715519],[20.460583,54.715705]]]}},{"type":"Feature","properties":{"kind":"building","name":"","osm":"way/97958497"},"geometry":{"type":"Polygon","coordinates":[[[20.472331,54.718744],[20.472331,54.7188],[20.472315,54.7188],[20.472314,54.718901],[20.47237,54.718901],[20.47237,54.718928],[20.472538,54.718928],[20.472539,54.718744],[20.472331,54.718744]]]}},{"type":"Feature","properties":{"kind":"building","name":"","osm":"way/97958502"},"geometry":{"type":"Polygon","coordinates":[[[20.457746,54.713651],[20.45795,54.713652],[20.457965,54.713466],[20.457763,54.713467],[20.457746,54.713651]]]}},{"type":"Feature","properties":{"kind":"building","name":"","osm":"way/97958511"},"geometry":{"type":"Polygon","coordinates":[[[20.472156,54.715453],[20.472251,54.715495],[20.472442,54.715577],[20.472632,54.71566],[20.472823,54.715742],[20.472919,54.715784],[20.473039,54.715691],[20.47298,54.715666],[20.472276,54.715361],[20.472156,54.715453]]]}},{"type":"Feature","properties":{"kind":"building","name":"","osm":"way/97958512"},"geometry":{"type":"Polygon","coordinates":[[[20.459309,54.715105],[20.459526,54.715107],[20.459531,54.714923],[20.459315,54.714921],[20.459309,54.715105]]]}},{"type":"Feature","properties":{"kind":"building","name":"","osm":"way/97958532"},"geometry":{"type":"Polygon","coordinates":[[[20.464466,54.714678],[20.464712,54.714718],[20.464943,54.714755],[20.465009,54.714619],[20.464532,54.714542],[20.464466,54.714678]]]}},{"type":"Feature","properties":{"kind":"building","name":"","osm":"way/97958539"},"geometry":{"type":"Polygon","coordinates":[[[20.458873,54.715599],[20.458882,54.71541],[20.458827,54.715409],[20.458684,54.715407],[20.458675,54.715596],[20.458801,54.715598],[20.458873,54.715599]]]}},{"type":"Feature","properties":{"kind":"building","name":"","osm":"way/97958541"},"geometry":{"type":"Polygon","coordinates":[[[20.457804,54.71258],[20.457097,54.712509],[20.457068,54.712608],[20.457601,54.712661],[20.457552,54.712962],[20.457986,54.712987],[20.458005,54.712877],[20.457904,54.712872],[20.457752,54.712863],[20.457804,54.71258]]]}},{"type":"Feature","properties":{"kind":"building","name":"","osm":"way/97958548"},"geometry":{"type":"Polygon","coordinates":[[[20.466514,54.715273],[20.466743,54.715382],[20.466903,54.71527],[20.466673,54.715161],[20.466514,54.715273]]]}},{"type":"Feature","properties":{"kind":"building","name":"","osm":"way/97958557"},"geometry":{"type":"Polygon","coordinates":[[[20.457553,54.71832],[20.45775,54.718302],[20.457655,54.717961],[20.457458,54.717979],[20.457553,54.71832]]]}},{"type":"Feature","properties":{"kind":"building","name":"","osm":"way/97958561"},"geometry":{"type":"Polygon","coordinates":[[[20.472939,54.718533],[20.473051,54.718459],[20.472751,54.718309],[20.47264,54.718384],[20.472715,54.718421],[20.472865,54.718496],[20.472939,54.718533]]]}},{"type":"Feature","properties":{"kind":"building","name":"","osm":"way/97958564"},"geometry":{"type":"Polygon","coordinates":[[[20.45927,54.715685],[20.459446,54.715688],[20.459457,54.715421],[20.459282,54.715418],[20.45927,54.715685]]]}},{"type":"Feature","properties":{"kind":"building","name":"","osm":"way/97958572"},"geometry":{"type":"Polygon","coordinates":[[[20.458714,54.716001],[20.45895,54.716005],[20.458953,54.715941],[20.458959,54.715823],[20.458962,54.715781],[20.458726,54.715777],[20.458714,54.716001]]]}},{"type":"Feature","properties":{"kind":"building","name":"","osm":"way/97958574"},"geometry":{"type":"Polygon","coordinates":[[[20.458743,54.716676],[20.45892,54.716669],[20.458911,54.716584],[20.458897,54.71646],[20.458892,54.716413],[20.458714,54.71642],[20.458743,54.716676]]]}},{"type":"Feature","properties":{"kind":"building","name":"","osm":"way/97958576"},"geometry":{"type":"Polygon","coordinates":[[[20.466906,54.715474],[20.467147,54.715587],[20.467319,54.715466],[20.467078,54.715352],[20.466906,54.715474]]]}},{"type":"Feature","properties":{"kind":"building","name":"","osm":"way/97958578"},"geometry":{"type":"Polygon","coordinates":[[[20.45961,54.718364],[20.45981,54.718355],[20.459775,54.718111],[20.459576,54.71812],[20.459582,54.718162],[20.459603,54.718312],[20.45961,54.718364]]]}},{"type":"Feature","properties":{"kind":"building","name":"","osm":"way/97958587"},"geometry":{"type":"Polygon","coordinates":[[[20.466839,54.714545],[20.467054,54.714549],[20.467663,54.714559],[20.46767,54.714431],[20.466846,54.714417],[20.466839,54.714545]]]}},{"type":"Feature","properties":{"kind":"building","name":"","osm":"way/97958602"},"geometry":{"type":"Polygon","coordinates":[[[20.457484,54.717671],[20.457473,54.71778],[20.458064,54.717799],[20.458075,54.717691],[20.457484,54.717671]]]}},{"type":"Feature","properties":{"kind":"building","name":"","osm":"way/97958603"},"geometry":{"type":"Polygon","coordinates":[[[20.458737,54.716328],[20.458927,54.716331],[20.458929,54.716286],[20.458937,54.716134],[20.458939,54.716084],[20.458749,54.716081],[20.458737,54.716328]]]}},{"type":"Feature","properties":{"kind":"road","name":"Лесопарковая улица","osm":"way/99005933","highway":"tertiary","access":"","foot":""},"geometry":{"type":"LineString","coordinates":[[20.457079,54.717566],[20.456964,54.717152],[20.456951,54.717039],[20.456853,54.716207]]}},{"type":"Feature","properties":{"kind":"building","name":"","osm":"way/99059983"},"geometry":{"type":"Polygon","coordinates":[[[20.458385,54.712843],[20.458351,54.712842],[20.458343,54.712904],[20.458377,54.712905],[20.458376,54.712919],[20.458498,54.712924],[20.458499,54.71291],[20.458663,54.712916],[20.45867,54.712855],[20.458507,54.712848],[20.458511,54.712813],[20.458389,54.712808],[20.458385,54.712843]]]}},{"type":"Feature","properties":{"kind":"building","name":"","osm":"way/99059990"},"geometry":{"type":"Polygon","coordinates":[[[20.458767,54.717284],[20.459015,54.717275],[20.459011,54.717231],[20.459002,54.717153],[20.458997,54.717102],[20.458748,54.717111],[20.458767,54.717284]]]}},{"type":"Feature","properties":{"kind":"building","name":"","osm":"way/99059993"},"geometry":{"type":"Polygon","coordinates":[[[20.457987,54.713292],[20.457748,54.713285],[20.457739,54.713387],[20.457978,54.713394],[20.457987,54.713292]]]}},{"type":"Feature","properties":{"kind":"building","name":"","osm":"way/99059995"},"geometry":{"type":"Polygon","coordinates":[[[20.460086,54.717881],[20.460303,54.717883],[20.460304,54.717843],[20.460407,54.717843],[20.460408,54.717772],[20.460009,54.717769],[20.460008,54.717841],[20.460087,54.717841],[20.460086,54.717881]]]}},{"type":"Feature","properties":{"kind":"building","name":"","osm":"way/99059997"},"geometry":{"type":"Polygon","coordinates":[[[20.458904,54.712704],[20.458853,54.7127],[20.458633,54.71268],[20.458581,54.712675],[20.458586,54.712656],[20.458434,54.712643],[20.4584,54.712776],[20.458552,54.712789],[20.458555,54.712779],[20.459026,54.712821],[20.459054,54.712702],[20.458908,54.712688],[20.458904,54.712704]]]}},{"type":"Feature","properties":{"kind":"building","name":"","osm":"way/99059998"},"geometry":{"type":"Polygon","coordinates":[[[20.459912,54.715585],[20.459644,54.715697],[20.459292,54.715692],[20.459286,54.715845],[20.459477,54.715848],[20.459478,54.71583],[20.459512,54.71583],[20.459513,54.715801],[20.459674,54.715801],[20.459749,54.715783],[20.459867,54.715738],[20.460407,54.71624],[20.460579,54.716178],[20.460038,54.715683],[20.459912,54.715585]]]}},{"type":"Feature","properties":{"kind":"building","name":"","osm":"way/99060000"},"geometry":{"type":"Polygon","coordinates":[[[20.459323,54.715358],[20.45944,54.715359],[20.459446,54.715219],[20.459329,54.715218],[20.459323,54.715358]]]}},{"type":"Feature","properties":{"kind":"building","name":"","osm":"way/99060001"},"geometry":{"type":"Polygon","coordinates":[[[20.460543,54.717997],[20.460753,54.717997],[20.460753,54.717904],[20.460543,54.717904],[20.460543,54.717997]]]}},{"type":"Feature","properties":{"kind":"building","name":"","osm":"way/99894051"},"geometry":{"type":"Polygon","coordinates":[[[20.477317,54.721002],[20.477723,54.721008],[20.477729,54.720882],[20.477322,54.720876],[20.477317,54.721002]]]}},{"type":"Feature","properties":{"kind":"building","name":"","osm":"way/100116581"},"geometry":{"type":"Polygon","coordinates":[[[20.471185,54.717653],[20.471421,54.717774],[20.471587,54.717667],[20.471351,54.717545],[20.471185,54.717653]]]}},{"type":"Feature","properties":{"kind":"building","name":"","osm":"way/100116587"},"geometry":{"type":"Polygon","coordinates":[[[20.472535,54.716932],[20.472738,54.717032],[20.472901,54.71692],[20.472699,54.716821],[20.472535,54.716932]]]}},{"type":"Feature","properties":{"kind":"building","name":"","osm":"way/100116588"},"geometry":{"type":"Polygon","coordinates":[[[20.471827,54.717406],[20.471995,54.717488],[20.472209,54.717342],[20.472041,54.717259],[20.471827,54.717406]]]}},{"type":"Feature","properties":{"kind":"building","name":"","osm":"way/100116590"},"geometry":{"type":"Polygon","coordinates":[[[20.472903,54.717946],[20.472973,54.717948],[20.472972,54.717962],[20.473038,54.717964],[20.473039,54.717949],[20.473101,54.717951],[20.473113,54.717776],[20.472915,54.717772],[20.472903,54.717946]]]}},{"type":"Feature","properties":{"kind":"building","name":"","osm":"way/100116592"},"geometry":{"type":"Polygon","coordinates":[[[20.470753,54.717438],[20.470982,54.717548],[20.471141,54.717438],[20.470913,54.717328],[20.470753,54.717438]]]}},{"type":"Feature","properties":{"kind":"building","name":"","osm":"way/101026026"},"geometry":{"type":"Polygon","coordinates":[[[20.456736,54.714045],[20.456896,54.714056],[20.456911,54.713977],[20.456736,54.713965],[20.456736,54.714045]]]}},{"type":"Feature","properties":{"kind":"building","name":"","osm":"way/101026028"},"geometry":{"type":"Polygon","coordinates":[[[20.457124,54.714078],[20.457284,54.71409],[20.457309,54.713983],[20.457149,54.713971],[20.457124,54.714078]]]}},{"type":"Feature","properties":{"kind":"building","name":"","osm":"way/101026029"},"geometry":{"type":"Polygon","coordinates":[[[20.457887,54.713964],[20.457738,54.713953],[20.457719,54.714043],[20.457606,54.714035],[20.457585,54.714136],[20.457847,54.714155],[20.457887,54.713964]]]}},{"type":"Feature","properties":{"kind":"building","name":"Банк Европейский","osm":"way/101057302"},"geometry":{"type":"Polygon","coordinates":[[[20.461706,54.715773],[20.461886,54.715868],[20.461974,54.715824],[20.462023,54.715823],[20.462093,54.715811],[20.46212,54.715796],[20.46223,54.715796],[20.462242,54.715738],[20.462248,54.715654],[20.462196,54.71564],[20.462053,54.715641],[20.46205,54.715689],[20.46195,54.715708],[20.461907,54.715728],[20.461843,54.715694],[20.461706,54.715773]]]}},{"type":"Feature","properties":{"kind":"building","name":"","osm":"way/101057305"},"geometry":{"type":"Polygon","coordinates":[[[20.472594,54.721362],[20.472584,54.721537],[20.472806,54.721542],[20.472816,54.721366],[20.472594,54.721362]]]}},{"type":"Feature","properties":{"kind":"building","name":"","osm":"way/101057310"},"geometry":{"type":"Polygon","coordinates":[[[20.460847,54.716615],[20.460899,54.716659],[20.460871,54.71667],[20.461019,54.716796],[20.461169,54.716737],[20.461021,54.716611],[20.460985,54.716625],[20.460934,54.716581],[20.460847,54.716615]]]}},{"type":"Feature","properties":{"kind":"building","name":"","osm":"way/101057312"},"geometry":{"type":"Polygon","coordinates":[[[20.459798,54.715088],[20.45966,54.715172],[20.45983,54.715265],[20.459967,54.71518],[20.459798,54.715088]]]}},{"type":"Feature","properties":{"kind":"building","name":"ТЕЛЕ2","osm":"way/101057314"},"geometry":{"type":"Polygon","coordinates":[[[20.462572,54.717228],[20.462969,54.71723],[20.462971,54.717111],[20.462862,54.717111],[20.462862,54.717119],[20.46266,54.717118],[20.46266,54.71711],[20.462574,54.71711],[20.462572,54.717228]]]}},{"type":"Feature","properties":{"kind":"building","name":"Центр временного содержания для несовершеннолетних правонарушителей","osm":"way/101057318"},"geometry":{"type":"Polygon","coordinates":[[[20.462077,54.7183],[20.462077,54.718277],[20.461996,54.718277],[20.461996,54.7183],[20.461906,54.718299],[20.461904,54.718337],[20.461883,54.718337],[20.461881,54.718384],[20.461903,54.718385],[20.461902,54.718424],[20.462,54.718425],[20.462,54.718435],[20.46207,54.718436],[20.46207,54.718425],[20.462155,54.718426],[20.462156,54.718389],[20.46219,54.718389],[20.46219,54.718346],[20.462157,54.718346],[20.462159,54.718301],[20.462077,54.7183]]]}},{"type":"Feature","properties":{"kind":"building","name":"","osm":"way/101057325"},"geometry":{"type":"Polygon","coordinates":[[[20.472882,54.720571],[20.473004,54.720739],[20.473465,54.720628],[20.473381,54.720513],[20.473344,54.720459],[20.473138,54.720509],[20.472922,54.720562],[20.472882,54.720571]]]}},{"type":"Feature","properties":{"kind":"building","name":"","osm":"way/101057326"},"geometry":{"type":"Polygon","coordinates":[[[20.470857,54.721512],[20.470914,54.721587],[20.471049,54.721552],[20.471057,54.72166],[20.471262,54.721663],[20.471262,54.721553],[20.471261,54.721451],[20.471215,54.721422],[20.470857,54.721512]]]}},{"type":"Feature","properties":{"kind":"building","name":"","osm":"way/101057331"},"geometry":{"type":"Polygon","coordinates":[[[20.472664,54.721295],[20.472843,54.721299],[20.472857,54.721097],[20.472835,54.721071],[20.472829,54.721064],[20.472681,54.7211],[20.472625,54.721114],[20.472457,54.721156],[20.472425,54.721164],[20.472492,54.721255],[20.472655,54.721215],[20.472664,54.721295]]]}},{"type":"Feature","properties":{"kind":"building","name":"","osm":"way/101057334"},"geometry":{"type":"Polygon","coordinates":[[[20.460121,54.716256],[20.459972,54.716315],[20.4601,54.716424],[20.460249,54.716365],[20.460121,54.716256]]]}},{"type":"Feature","properties":{"kind":"building","name":"","osm":"way/101057336"},"geometry":{"type":"Polygon","coordinates":[[[20.46198,54.719262],[20.462177,54.719262],[20.462177,54.719077],[20.46198,54.719077],[20.46198,54.719262]]]}},{"type":"Feature","properties":{"kind":"building","name":"","osm":"way/101057339"},"geometry":{"type":"Polygon","coordinates":[[[20.461285,54.715525],[20.461568,54.715687],[20.461709,54.715605],[20.461426,54.715443],[20.461285,54.715525]]]}},{"type":"Feature","properties":{"kind":"building","name":"","osm":"way/101057343"},"geometry":{"type":"Polygon","coordinates":[[[20.460415,54.716511],[20.460304,54.716417],[20.46017,54.71647],[20.46028,54.716564],[20.460415,54.716511]]]}},{"type":"Feature","properties":{"kind":"building","name":"","osm":"way/101057344"},"geometry":{"type":"Polygon","coordinates":[[[20.471209,54.722231],[20.471215,54.722125],[20.471134,54.722124],[20.47106,54.722122],[20.471054,54.722228],[20.471209,54.722231]]]}},{"type":"Feature","properties":{"kind":"building","name":"","osm":"way/101057346"},"geometry":{"type":"Polygon","coordinates":[[[20.462775,54.715541],[20.462575,54.715542],[20.462581,54.715783],[20.462779,54.715781],[20.462775,54.715541]]]}},{"type":"Feature","properties":{"kind":"building","name":"","osm":"way/101057352"},"geometry":{"type":"Polygon","coordinates":[[[20.463968,54.717553],[20.464196,54.717593],[20.464245,54.717498],[20.464017,54.717459],[20.463968,54.717553]]]}},{"type":"Feature","properties":{"kind":"building","name":"","osm":"way/101057354"},"geometry":{"type":"Polygon","coordinates":[[[20.46202,54.715245],[20.462217,54.715244],[20.462215,54.715017],[20.462018,54.715017],[20.46202,54.715245]]]}},{"type":"Feature","properties":{"kind":"building","name":"","osm":"way/101057361"},"geometry":{"type":"Polygon","coordinates":[[[20.470155,54.72213],[20.470374,54.722135],[20.47038,54.722038],[20.469953,54.722029],[20.469947,54.722118],[20.469936,54.722291],[20.469931,54.722366],[20.470352,54.722375],[20.470359,54.722271],[20.470146,54.722266],[20.470155,54.72213]]]}},{"type":"Feature","properties":{"kind":"building","name":"","osm":"way/101057363"},"geometry":{"type":"Polygon","coordinates":[[[20.460362,54.714968],[20.46055,54.715075],[20.460668,54.715006],[20.460479,54.714899],[20.460362,54.714968]]]}},{"type":"Feature","properties":{"kind":"building","name":"","osm":"way/101057367"},"geometry":{"type":"Polygon","coordinates":[[[20.473774,54.720238],[20.473552,54.720234],[20.473539,54.720475],[20.473381,54.720513],[20.473465,54.720628],[20.473758,54.720556],[20.473765,54.720422],[20.47377,54.720313],[20.473774,54.720238]]]}},{"type":"Feature","properties":{"kind":"building","name":"","osm":"way/101057372"},"geometry":{"type":"Polygon","coordinates":[[[20.472283,54.721357],[20.472199,54.721229],[20.472041,54.721263],[20.472054,54.721282],[20.471981,54.721299],[20.47196,54.721304],[20.471946,54.72127],[20.471917,54.721277],[20.47174,54.72132],[20.471716,54.721325],[20.47165,54.721341],[20.471609,54.721342],[20.471608,54.721347],[20.471602,54.72137],[20.471636,54.721384],[20.47163,54.72145],[20.471624,54.721516],[20.471821,54.721525],[20.471834,54.72144],[20.472112,54.721372],[20.472125,54.721392],[20.472283,54.721357]]]}},{"type":"Feature","properties":{"kind":"building","name":"","osm":"way/101057377"},"geometry":{"type":"Polygon","coordinates":[[[20.459805,54.716159],[20.459909,54.716248],[20.460041,54.716196],[20.459937,54.716107],[20.459805,54.716159]]]}},{"type":"Feature","properties":{"kind":"building","name":"","osm":"way/102614990"},"geometry":{"type":"Polygon","coordinates":[[[20.465447,54.718832],[20.465666,54.718843],[20.465677,54.718767],[20.465458,54.718757],[20.465447,54.718832]]]}},{"type":"Feature","properties":{"kind":"building","name":"","osm":"way/102614995"},"geometry":{"type":"Polygon","coordinates":[[[20.46673,54.718],[20.46648,54.717892],[20.466353,54.71799],[20.466603,54.718098],[20.46673,54.718]]]}},{"type":"Feature","properties":{"kind":"building","name":"","osm":"way/102614998"},"geometry":{"type":"Polygon","coordinates":[[[20.46348,54.717188],[20.463235,54.717398],[20.463391,54.717396],[20.463581,54.717227],[20.46348,54.717188]]]}},{"type":"Feature","properties":{"kind":"building","name":"","osm":"way/102615010"},"geometry":{"type":"Polygon","coordinates":[[[20.465484,54.718316],[20.465668,54.718319],[20.465681,54.718073],[20.465497,54.718069],[20.465484,54.718316]]]}},{"type":"Feature","properties":{"kind":"building","name":"вилла Бростовски","osm":"way/102615046"},"geometry":{"type":"Polygon","coordinates":[[[20.463652,54.717368],[20.463626,54.717389],[20.463737,54.717433],[20.463762,54.717413],[20.463802,54.717429],[20.463891,54.717357],[20.46385,54.71734],[20.463876,54.717318],[20.463766,54.717274],[20.46374,54.717295],[20.46369,54.717275],[20.463602,54.717348],[20.463652,54.717368]]]}},{"type":"Feature","properties":{"kind":"building","name":"","osm":"way/102615076"},"geometry":{"type":"Polygon","coordinates":[[[20.463418,54.716649],[20.463613,54.716732],[20.463765,54.716613],[20.46357,54.71653],[20.463418,54.716649]]]}},{"type":"Feature","properties":{"kind":"building","name":"","osm":"way/102650036"},"geometry":{"type":"Polygon","coordinates":[[[20.469281,54.721456],[20.469161,54.721484],[20.469212,54.721556],[20.469481,54.721493],[20.469396,54.721365],[20.469252,54.721257],[20.469124,54.721314],[20.46925,54.721407],[20.469281,54.721456]]]}},{"type":"Feature","properties":{"kind":"building","name":"","osm":"way/102650037"},"geometry":{"type":"Polygon","coordinates":[[[20.468315,54.720645],[20.468456,54.720578],[20.468272,54.72045],[20.468132,54.720517],[20.468315,54.720645]]]}},{"type":"Feature","properties":{"kind":"building","name":"","osm":"way/102650038"},"geometry":{"type":"Polygon","coordinates":[[[20.469069,54.721165],[20.468923,54.72105],[20.468708,54.721142],[20.468855,54.721256],[20.469069,54.721165]]]}},{"type":"Feature","properties":{"kind":"building","name":"","osm":"way/102650039"},"geometry":{"type":"Polygon","coordinates":[[[20.467996,54.720054],[20.468134,54.72012],[20.468314,54.719994],[20.468176,54.719928],[20.467996,54.720054]]]}},{"type":"Feature","properties":{"kind":"building","name":"","osm":"way/102650040"},"geometry":{"type":"Polygon","coordinates":[[[20.470219,54.720838],[20.470396,54.72095],[20.470562,54.720877],[20.470398,54.720765],[20.470219,54.720838]]]}},{"type":"Feature","properties":{"kind":"building","name":"","osm":"way/102650041"},"geometry":{"type":"Polygon","coordinates":[[[20.468686,54.720394],[20.468726,54.720424],[20.468843,54.720516],[20.46891,54.72056],[20.469041,54.720502],[20.468816,54.720335],[20.468686,54.720394]]]}},{"type":"Feature","properties":{"kind":"building","name":"","osm":"way/102650042"},"geometry":{"type":"Polygon","coordinates":[[[20.47113,54.720499],[20.471027,54.720416],[20.470882,54.720476],[20.470985,54.720559],[20.47113,54.720499]]]}},{"type":"Feature","properties":{"kind":"building","name":"","osm":"way/102650043"},"geometry":{"type":"Polygon","coordinates":[[[20.46699,54.720212],[20.467521,54.720345],[20.467611,54.720225],[20.467486,54.720194],[20.467173,54.720116],[20.467079,54.720093],[20.46699,54.720212]]]}},{"type":"Feature","properties":{"kind":"building","name":"Вилла Рут","osm":"way/102650044"},"geometry":{"type":"Polygon","coordinates":[[[20.470053,54.720411],[20.469947,54.720326],[20.469743,54.72041],[20.469849,54.720496],[20.470053,54.720411]]]}},{"type":"Feature","properties":{"kind":"building","name":"","osm":"way/102650045"},"geometry":{"type":"Polygon","coordinates":[[[20.468797,54.720937],[20.468652,54.720825],[20.468451,54.720911],[20.468596,54.721024],[20.468797,54.720937]]]}},{"type":"Feature","properties":{"kind":"building","name":"Управление Федеральной службы по надзору в сфере защиты прав потребителей","osm":"way/102650046"},"geometry":{"type":"Polygon","coordinates":[[[20.470077,54.719781],[20.470263,54.719825],[20.470372,54.719674],[20.470186,54.719629],[20.470077,54.719781]]]}},{"type":"Feature","properties":{"kind":"building","name":"","osm":"way/102650047"},"geometry":{"type":"Polygon","coordinates":[[[20.467595,54.721002],[20.467682,54.721001],[20.468093,54.720985],[20.468078,54.720851],[20.467674,54.720867],[20.467512,54.720755],[20.46735,54.720833],[20.467595,54.721002]]]}},{"type":"Feature","properties":{"kind":"building","name":"","osm":"way/102650048"},"geometry":{"type":"Polygon","coordinates":[[[20.468574,54.721699],[20.469003,54.721591],[20.468926,54.72149],[20.468497,54.721598],[20.468574,54.721699]]]}},{"type":"Feature","properties":{"kind":"building","name":"","osm":"way/102650049"},"geometry":{"type":"Polygon","coordinates":[[[20.468428,54.72023],[20.468548,54.720289],[20.468766,54.72014],[20.468645,54.720081],[20.468584,54.720123],[20.468465,54.720205],[20.468428,54.72023]]]}},{"type":"Feature","properties":{"kind":"building","name":"вилла Яффа","osm":"way/102650050"},"geometry":{"type":"Polygon","coordinates":[[[20.469328,54.720169],[20.469357,54.720283],[20.469718,54.720253],[20.469689,54.720138],[20.469328,54.720169]]]}},{"type":"Feature","properties":{"kind":"building","name":"","osm":"way/102650051"},"geometry":{"type":"Polygon","coordinates":[[[20.470805,54.721258],[20.470977,54.721187],[20.470783,54.72103],[20.470611,54.721101],[20.470805,54.721258]]]}},{"type":"Feature","properties":{"kind":"building","name":"","osm":"way/102650052"},"geometry":{"type":"Polygon","coordinates":[[[20.46569,54.720005],[20.465683,54.720138],[20.465845,54.720141],[20.465848,54.720073],[20.465975,54.720073],[20.465975,54.720005],[20.46569,54.720005]]]}},{"type":"Feature","properties":{"kind":"building","name":"","osm":"way/102650053"},"geometry":{"type":"Polygon","coordinates":[[[20.468591,54.720712],[20.468442,54.720773],[20.468536,54.72085],[20.468686,54.720788],[20.468591,54.720712]]]}},{"type":"Feature","properties":{"kind":"building","name":"","osm":"way/102650054"},"geometry":{"type":"Polygon","coordinates":[[[20.467992,54.720429],[20.468094,54.72035],[20.467971,54.720297],[20.467869,54.720376],[20.467992,54.720429]]]}},{"type":"Feature","properties":{"kind":"building","name":"","osm":"way/102650055"},"geometry":{"type":"Polygon","coordinates":[[[20.469902,54.720561],[20.470119,54.720726],[20.470263,54.720662],[20.470047,54.720497],[20.469902,54.720561]]]}},{"type":"Feature","properties":{"kind":"building","name":"","osm":"way/102674904"},"geometry":{"type":"Polygon","coordinates":[[[20.477743,54.721332],[20.477743,54.721386],[20.47769,54.721386],[20.477689,54.721489],[20.477969,54.72149],[20.477971,54.721387],[20.477873,54.721386],[20.477874,54.721333],[20.477743,54.721332]]]}},{"type":"Feature","properties":{"kind":"building","name":"","osm":"way/102674907"},"geometry":{"type":"Polygon","coordinates":[[[20.476936,54.721081],[20.476916,54.721397],[20.477229,54.721403],[20.477249,54.721087],[20.476936,54.721081]]]}},{"type":"Feature","properties":{"kind":"building","name":"","osm":"way/102676731"},"geometry":{"type":"Polygon","coordinates":[[[20.472482,54.722661],[20.472718,54.722668],[20.472742,54.722403],[20.472506,54.722396],[20.472501,54.722445],[20.472385,54.722442],[20.472367,54.722634],[20.472484,54.722637],[20.472482,54.722661]]]}},{"type":"Feature","properties":{"kind":"building","name":"","osm":"way/102676732"},"geometry":{"type":"Polygon","coordinates":[[[20.471688,54.725102],[20.471555,54.7251],[20.471629,54.723845],[20.471451,54.723841],[20.471444,54.723961],[20.471436,54.724096],[20.471428,54.724232],[20.47142,54.724367],[20.471412,54.724503],[20.471404,54.724638],[20.471396,54.724774],[20.471388,54.72491],[20.47138,54.725045],[20.471372,54.725179],[20.47155,54.725182],[20.471551,54.725169],[20.471622,54.72517],[20.471684,54.725172],[20.471688,54.725102]]]}},{"type":"Feature","properties":{"kind":"building","name":"","osm":"way/102676733"},"geometry":{"type":"Polygon","coordinates":[[[20.469525,54.722979],[20.469561,54.722971],[20.469543,54.722942],[20.469549,54.722825],[20.469566,54.722652],[20.469366,54.722647],[20.469272,54.722645],[20.469265,54.722731],[20.469359,54.722733],[20.469345,54.722916],[20.468726,54.723267],[20.468443,54.723267],[20.468443,54.723154],[20.468264,54.723154],[20.468264,54.723227],[20.468264,54.723371],[20.468435,54.723371],[20.468677,54.72337],[20.468834,54.723371],[20.468927,54.723318],[20.469051,54.723248],[20.469198,54.723164],[20.4694,54.72305],[20.469525,54.722979]]]}},{"type":"Feature","properties":{"kind":"building","name":"","osm":"way/102676734"},"geometry":{"type":"Polygon","coordinates":[[[20.470941,54.722938],[20.47094,54.72296],[20.47113,54.722963],[20.471134,54.722871],[20.471138,54.722775],[20.471042,54.722773],[20.470948,54.722772],[20.470944,54.722864],[20.470803,54.722862],[20.470799,54.722936],[20.470941,54.722938]]]}},{"type":"Feature","properties":{"kind":"building","name":"","osm":"way/102676735"},"geometry":{"type":"Polygon","coordinates":[[[20.469207,54.724987],[20.468749,54.724898],[20.468692,54.724996],[20.468875,54.725031],[20.469136,54.725081],[20.469326,54.725118],[20.469367,54.725046],[20.469404,54.725047],[20.469406,54.724851],[20.46941,54.724655],[20.469414,54.724478],[20.469416,54.72437],[20.469217,54.724369],[20.469207,54.724987]]]}},{"type":"Feature","properties":{"kind":"building","name":"","osm":"way/102676736"},"geometry":{"type":"Polygon","coordinates":[[[20.468713,54.723688],[20.469241,54.724016],[20.469226,54.724347],[20.469427,54.72435],[20.46943,54.724285],[20.469435,54.724167],[20.469439,54.724081],[20.469445,54.723956],[20.469343,54.723893],[20.469127,54.723759],[20.468951,54.72365],[20.468814,54.723565],[20.46879,54.723577],[20.468635,54.723578],[20.468228,54.72358],[20.468228,54.723598],[20.468184,54.723598],[20.468183,54.723679],[20.468184,54.72386],[20.468185,54.723925],[20.468389,54.723926],[20.468391,54.723796],[20.468406,54.723796],[20.468404,54.723689],[20.468713,54.723688]]]}},{"type":"Feature","properties":{"kind":"building","name":"","osm":"way/102676737"},"geometry":{"type":"Polygon","coordinates":[[[20.470031,54.723034],[20.470241,54.723163],[20.470423,54.723276],[20.470498,54.723322],[20.470583,54.723341],[20.47081,54.723341],[20.471165,54.72334],[20.471165,54.723251],[20.471165,54.723193],[20.471165,54.723136],[20.471165,54.723053],[20.470954,54.723051],[20.470954,54.723113],[20.470989,54.723113],[20.470989,54.723238],[20.470648,54.723238],[20.47014,54.722935],[20.470161,54.72247],[20.469954,54.722467],[20.469949,54.722593],[20.469943,54.722719],[20.469937,54.722845],[20.469932,54.722971],[20.470031,54.723034]]]}},{"type":"Feature","properties":{"kind":"building","name":"","osm":"way/102676738"},"geometry":{"type":"Polygon","coordinates":[[[20.468236,54.724888],[20.468522,54.724942],[20.468585,54.724831],[20.468496,54.724814],[20.468396,54.724795],[20.468389,54.724555],[20.468177,54.724557],[20.46818,54.724679],[20.468185,54.724845],[20.468236,54.724888]]]}},{"type":"Feature","properties":{"kind":"building","name":"","osm":"way/102676739"},"geometry":{"type":"Polygon","coordinates":[[[20.469791,54.724878],[20.469994,54.724881],[20.470008,54.724533],[20.469804,54.72453],[20.469801,54.724623],[20.469795,54.724786],[20.469791,54.724878]]]}},{"type":"Feature","properties":{"kind":"building","name":"","osm":"way/102676740"},"geometry":{"type":"Polygon","coordinates":[[[20.470842,54.725249],[20.470799,54.725313],[20.470411,54.725228],[20.47034,54.725337],[20.470476,54.725367],[20.470754,54.725428],[20.470907,54.725461],[20.470979,54.725353],[20.470966,54.72535],[20.471017,54.725273],[20.471028,54.725253],[20.471038,54.725099],[20.471048,54.724945],[20.471059,54.724791],[20.471069,54.724637],[20.471079,54.724483],[20.471089,54.724329],[20.4711,54.724175],[20.47111,54.724021],[20.47112,54.723867],[20.47113,54.723713],[20.47114,54.723559],[20.470976,54.723555],[20.470785,54.723551],[20.470777,54.723671],[20.470865,54.723673],[20.470867,54.723648],[20.470926,54.723649],[20.47082,54.725248],[20.470842,54.725249]]]}},{"type":"Feature","properties":{"kind":"building","name":"","osm":"way/102948190"},"geometry":{"type":"Polygon","coordinates":[[[20.471202,54.717114],[20.471074,54.717029],[20.470879,54.717128],[20.471008,54.717212],[20.471202,54.717114]]]}},{"type":"Feature","properties":{"kind":"building","name":"","osm":"way/102948193"},"geometry":{"type":"Polygon","coordinates":[[[20.470688,54.716746],[20.470617,54.716778],[20.470417,54.716633],[20.470233,54.716718],[20.470394,54.716835],[20.470418,54.716824],[20.47057,54.716935],[20.470806,54.716827],[20.470688,54.716746]]]}},{"type":"Feature","properties":{"kind":"building","name":"","osm":"way/102948194"},"geometry":{"type":"Polygon","coordinates":[[[20.470132,54.717014],[20.470048,54.71707],[20.470125,54.717109],[20.470212,54.717153],[20.470287,54.717103],[20.470356,54.717057],[20.470151,54.716954],[20.470091,54.716994],[20.470132,54.717014]]]}},{"type":"Feature","properties":{"kind":"building","name":"","osm":"way/102948195"},"geometry":{"type":"Polygon","coordinates":[[[20.471282,54.715933],[20.4714,54.715888],[20.47138,54.71587],[20.471442,54.715847],[20.471311,54.715731],[20.471131,54.715799],[20.471282,54.715933]]]}},{"type":"Feature","properties":{"kind":"building","name":"","osm":"way/102948196"},"geometry":{"type":"Polygon","coordinates":[[[20.469046,54.716567],[20.469257,54.716665],[20.469351,54.716597],[20.46914,54.716499],[20.469046,54.716567]]]}},{"type":"Feature","properties":{"kind":"building","name":"","osm":"way/102948197"},"geometry":{"type":"Polygon","coordinates":[[[20.470896,54.715901],[20.470768,54.715947],[20.470941,54.716108],[20.471069,54.716063],[20.470896,54.715901]]]}},{"type":"Feature","properties":{"kind":"building","name":"","osm":"way/102948198"},"geometry":{"type":"Polygon","coordinates":[[[20.469749,54.715899],[20.46992,54.715841],[20.469806,54.71573],[20.469635,54.715789],[20.469749,54.715899]]]}},{"type":"Feature","properties":{"kind":"building","name":"","osm":"way/102948199"},"geometry":{"type":"Polygon","coordinates":[[[20.471711,54.716708],[20.471564,54.716778],[20.471609,54.716809],[20.471586,54.71682],[20.471658,54.71687],[20.471827,54.716789],[20.471711,54.716708]]]}},{"type":"Feature","properties":{"kind":"building","name":"","osm":"way/102948200"},"geometry":{"type":"Polygon","coordinates":[[[20.472435,54.717206],[20.47262,54.71708],[20.472449,54.716997],[20.472329,54.717078],[20.472377,54.717102],[20.472313,54.717146],[20.472435,54.717206]]]}},{"type":"Feature","properties":{"kind":"building","name":"Блюз","osm":"way/102948201"},"geometry":{"type":"Polygon","coordinates":[[[20.470567,54.716225],[20.470701,54.716344],[20.470912,54.716265],[20.470778,54.716146],[20.470567,54.716225]]]}},{"type":"Feature","properties":{"kind":"building","name":"","osm":"way/102948202"},"geometry":{"type":"Polygon","coordinates":[[[20.471664,54.715605],[20.471489,54.715668],[20.471589,54.715761],[20.471764,54.715698],[20.471664,54.715605]]]}},{"type":"Feature","properties":{"kind":"building","name":"","osm":"way/102948203"},"geometry":{"type":"Polygon","coordinates":[[[20.472204,54.716439],[20.472262,54.716476],[20.472241,54.716487],[20.472308,54.71653],[20.472329,54.716519],[20.472362,54.71654],[20.472429,54.716505],[20.472465,54.716528],[20.472534,54.716492],[20.47234,54.716368],[20.472204,54.716439]]]}},{"type":"Feature","properties":{"kind":"building","name":"","osm":"way/102948204"},"geometry":{"type":"Polygon","coordinates":[[[20.471462,54.716995],[20.471491,54.717012],[20.471549,54.716979],[20.471521,54.716962],[20.47153,54.716957],[20.471372,54.716864],[20.471256,54.716929],[20.471297,54.716954],[20.471263,54.716973],[20.471372,54.717038],[20.471406,54.717019],[20.471413,54.717023],[20.471462,54.716995]]]}},{"type":"Feature","properties":{"kind":"building","name":"","osm":"way/102948205"},"geometry":{"type":"Polygon","coordinates":[[[20.472029,54.71652],[20.471888,54.716592],[20.471918,54.716612],[20.471896,54.716623],[20.472019,54.716703],[20.472041,54.716692],[20.472063,54.716706],[20.472204,54.716634],[20.472029,54.71652]]]}},{"type":"Feature","properties":{"kind":"building","name":"","osm":"way/102948206"},"geometry":{"type":"Polygon","coordinates":[[[20.471972,54.715661],[20.472101,54.715614],[20.471981,54.715505],[20.471853,54.715552],[20.471972,54.715661]]]}},{"type":"Feature","properties":{"kind":"building","name":"","osm":"way/102948207"},"geometry":{"type":"Polygon","coordinates":[[[20.470883,54.715587],[20.471365,54.71542],[20.471264,54.715322],[20.470782,54.715489],[20.470883,54.715587]]]}},{"type":"Feature","properties":{"kind":"building","name":"","osm":"way/102948208"},"geometry":{"type":"Polygon","coordinates":[[[20.471794,54.716139],[20.471673,54.716054],[20.471566,54.71606],[20.47139,54.716148],[20.471387,54.716195],[20.471319,54.716227],[20.47125,54.716221],[20.471068,54.716322],[20.471066,54.71635],[20.471017,54.716372],[20.47114,54.716453],[20.471202,54.716425],[20.471228,54.716423],[20.471311,54.716382],[20.471412,54.71633],[20.471424,54.716308],[20.471522,54.716263],[20.471554,54.716259],[20.47164,54.716216],[20.471794,54.716139]]]}},{"type":"Feature","properties":{"kind":"building","name":"","osm":"way/102948210"},"geometry":{"type":"Polygon","coordinates":[[[20.469686,54.716697],[20.469555,54.716793],[20.469615,54.71682],[20.469596,54.716833],[20.469661,54.716863],[20.46968,54.716849],[20.469746,54.716879],[20.469876,54.716783],[20.469686,54.716697]]]}},{"type":"Feature","properties":{"kind":"building","name":"","osm":"way/102950133"},"geometry":{"type":"Polygon","coordinates":[[[20.463106,54.714948],[20.463306,54.714984],[20.463355,54.714893],[20.463155,54.714857],[20.463106,54.714948]]]}},{"type":"Feature","properties":{"kind":"building","name":"","osm":"way/102950134"},"geometry":{"type":"Polygon","coordinates":[[[20.460163,54.714279],[20.460472,54.714291],[20.460484,54.714187],[20.460175,54.714175],[20.460163,54.714279]]]}},{"type":"Feature","properties":{"kind":"building","name":"","osm":"way/102950135"},"geometry":{"type":"Polygon","coordinates":[[[20.467715,54.715855],[20.467887,54.71594],[20.468006,54.715859],[20.467833,54.715775],[20.467715,54.715855]]]}},{"type":"Feature","properties":{"kind":"building","name":"","osm":"way/102950136"},"geometry":{"type":"Polygon","coordinates":[[[20.465864,54.714934],[20.466118,54.714938],[20.466123,54.714832],[20.465869,54.714828],[20.465864,54.714934]]]}},{"type":"Feature","properties":{"kind":"building","name":"","osm":"way/102950137"},"geometry":{"type":"Polygon","coordinates":[[[20.466356,54.714517],[20.466385,54.71439],[20.466132,54.71437],[20.466099,54.714516],[20.466154,54.71452],[20.466145,54.714546],[20.46635,54.714569],[20.466367,54.714518],[20.466356,54.714517]]]}},{"type":"Feature","properties":{"kind":"building","name":"","osm":"way/102950138"},"geometry":{"type":"Polygon","coordinates":[[[20.467637,54.715305],[20.467637,54.715287],[20.46764,54.715192],[20.467499,54.715191],[20.467362,54.71519],[20.46736,54.715303],[20.467637,54.715305]]]}},{"type":"Feature","properties":{"kind":"building","name":"","osm":"way/102950140"},"geometry":{"type":"Polygon","coordinates":[[[20.460643,54.714196],[20.460632,54.714299],[20.46095,54.714311],[20.460961,54.714208],[20.460643,54.714196]]]}},{"type":"Feature","properties":{"kind":"building","name":"","osm":"way/102950141"},"geometry":{"type":"Polygon","coordinates":[[[20.467646,54.714772],[20.467452,54.714773],[20.467453,54.714861],[20.467647,54.71486],[20.467646,54.714772]]]}},{"type":"Feature","properties":{"kind":"building","name":"Кирха Святого Адальберта","osm":"way/102950142"},"geometry":{"type":"Polygon","coordinates":[[[20.465414,54.714815],[20.465323,54.714772],[20.46538,54.714731],[20.465343,54.714713],[20.46539,54.71468],[20.465303,54.714638],[20.465133,54.714758],[20.465349,54.71486],[20.465414,54.714815]]]}},{"type":"Feature","properties":{"kind":"building","name":"","osm":"way/102950143"},"geometry":{"type":"Polygon","coordinates":[[[20.463758,54.714887],[20.463733,54.714949],[20.46397,54.714982],[20.463996,54.714919],[20.463758,54.714887]]]}},{"type":"Feature","properties":{"kind":"building","name":"","osm":"way/102950144"},"geometry":{"type":"Polygon","coordinates":[[[20.458703,54.715076],[20.458899,54.715078],[20.458904,54.714942],[20.458708,54.71494],[20.458703,54.715076]]]}},{"type":"Feature","properties":{"kind":"building","name":"Открытие","osm":"way/102950145"},"geometry":{"type":"Polygon","coordinates":[[[20.464458,54.715225],[20.464481,54.715324],[20.464713,54.715305],[20.464676,54.715148],[20.464355,54.715173],[20.464357,54.715226],[20.464458,54.715225]]]}},{"type":"Feature","properties":{"kind":"building","name":"","osm":"way/102950147"},"geometry":{"type":"Polygon","coordinates":[[[20.461835,54.714783],[20.461722,54.714779],[20.461437,54.71477],[20.461333,54.714767],[20.461324,54.714862],[20.461826,54.714878],[20.461835,54.714783]]]}},{"type":"Feature","properties":{"kind":"building","name":"","osm":"way/102950148"},"geometry":{"type":"Polygon","coordinates":[[[20.462599,54.715314],[20.462599,54.715406],[20.462757,54.715406],[20.462757,54.715473],[20.462902,54.715473],[20.462902,54.715406],[20.46292,54.715406],[20.46292,54.715314],[20.462599,54.715314]]]}},{"type":"Feature","properties":{"kind":"building","name":"","osm":"way/102950149"},"geometry":{"type":"Polygon","coordinates":[[[20.468408,54.716206],[20.468511,54.716139],[20.468372,54.716068],[20.468268,54.716135],[20.468408,54.716206]]]}},{"type":"Feature","properties":{"kind":"building","name":"","osm":"way/102950150"},"geometry":{"type":"Polygon","coordinates":[[[20.463103,54.714461],[20.463466,54.714513],[20.463511,54.714408],[20.463148,54.714356],[20.463103,54.714461]]]}},{"type":"Feature","properties":{"kind":"building","name":"","osm":"way/102950153"},"geometry":{"type":"Polygon","coordinates":[[[20.464117,54.715029],[20.463944,54.715001],[20.463874,54.715145],[20.464047,54.715173],[20.464117,54.715029]]]}},{"type":"Feature","properties":{"kind":"building","name":"","osm":"way/102950154"},"geometry":{"type":"Polygon","coordinates":[[[20.463586,54.714538],[20.463718,54.714559],[20.463918,54.71459],[20.464051,54.714612],[20.464114,54.714478],[20.46365,54.714405],[20.463586,54.714538]]]}},{"type":"Feature","properties":{"kind":"building","name":"","osm":"way/102950155"},"geometry":{"type":"Polygon","coordinates":[[[20.4589,54.715267],[20.4589,54.715145],[20.458728,54.715145],[20.458728,54.715267],[20.4589,54.715267]]]}},{"type":"Feature","properties":{"kind":"building","name":"","osm":"way/102950156"},"geometry":{"type":"Polygon","coordinates":[[[20.462065,54.714894],[20.462245,54.714899],[20.462259,54.714748],[20.462079,54.714742],[20.462065,54.714894]]]}},{"type":"Feature","properties":{"kind":"building","name":"","osm":"way/102950157"},"geometry":{"type":"Polygon","coordinates":[[[20.467352,54.715678],[20.467542,54.715767],[20.467673,54.715674],[20.467483,54.715585],[20.467352,54.715678]]]}},{"type":"Feature","properties":{"kind":"building","name":"","osm":"way/102950158"},"geometry":{"type":"Polygon","coordinates":[[[20.461961,54.714284],[20.461952,54.714376],[20.462338,54.714387],[20.462346,54.714295],[20.461961,54.714284]]]}},{"type":"Feature","properties":{"kind":"building","name":"","osm":"way/102950159"},"geometry":{"type":"Polygon","coordinates":[[[20.467091,54.714855],[20.467294,54.714858],[20.467299,54.714742],[20.467096,54.714738],[20.467091,54.714855]]]}},{"type":"Feature","properties":{"kind":"building","name":"","osm":"way/102950160"},"geometry":{"type":"Polygon","coordinates":[[[20.468108,54.71592],[20.468004,54.715994],[20.468174,54.716074],[20.468278,54.716001],[20.468108,54.71592]]]}},{"type":"Feature","properties":{"kind":"building","name":"","osm":"way/102950161"},"geometry":{"type":"Polygon","coordinates":[[[20.462615,54.714303],[20.4626,54.714404],[20.462965,54.714422],[20.46298,54.714321],[20.462615,54.714303]]]}},{"type":"Feature","properties":{"kind":"building","name":"","osm":"way/102950162"},"geometry":{"type":"Polygon","coordinates":[[[20.467639,54.715178],[20.46764,54.715192],[20.467637,54.715287],[20.467906,54.715288],[20.467907,54.715179],[20.467769,54.715178],[20.467639,54.715178]]]}},{"type":"Feature","properties":{"kind":"building","name":"","osm":"way/102950163"},"geometry":{"type":"Polygon","coordinates":[[[20.4611,54.714232],[20.461088,54.714326],[20.461408,54.714339],[20.46142,54.714246],[20.4611,54.714232]]]}},{"type":"Feature","properties":{"kind":"building","name":"","osm":"way/102950164"},"geometry":{"type":"Polygon","coordinates":[[[20.466083,54.714194],[20.46627,54.714215],[20.466299,54.714127],[20.466111,54.714106],[20.466083,54.714194]]]}},{"type":"Feature","properties":{"kind":"building","name":"","osm":"way/102950165"},"geometry":{"type":"Polygon","coordinates":[[[20.466803,54.714753],[20.466802,54.714832],[20.466993,54.714833],[20.466994,54.714754],[20.466803,54.714753]]]}},{"type":"Feature","properties":{"kind":"building","name":"Рыбный магазин","osm":"way/102950166"},"geometry":{"type":"Polygon","coordinates":[[[20.466337,54.714912],[20.466624,54.71492],[20.466634,54.714796],[20.466347,54.714788],[20.466337,54.714912]]]}},{"type":"Feature","properties":{"kind":"building","name":"","osm":"way/102950167"},"geometry":{"type":"Polygon","coordinates":[[[20.461539,54.71435],[20.461792,54.714359],[20.461803,54.714253],[20.461551,54.714243],[20.461539,54.71435]]]}},{"type":"Feature","properties":{"kind":"building","name":"","osm":"way/102951271"},"geometry":{"type":"Polygon","coordinates":[[[20.468644,54.714795],[20.468649,54.714885],[20.468856,54.714881],[20.468851,54.714791],[20.468644,54.714795]]]}},{"type":"Feature","properties":{"kind":"building","name":"","osm":"way/102951272"},"geometry":{"type":"Polygon","coordinates":[[[20.469602,54.714794],[20.4696,54.71488],[20.469798,54.714882],[20.4698,54.714795],[20.469602,54.714794]]]}},{"type":"Feature","properties":{"kind":"building","name":"","osm":"way/102951273"},"geometry":{"type":"Polygon","coordinates":[[[20.470166,54.714782],[20.470164,54.714876],[20.470361,54.714878],[20.470364,54.714784],[20.470166,54.714782]]]}},{"type":"Feature","properties":{"kind":"building","name":"","osm":"way/102951274"},"geometry":{"type":"Polygon","coordinates":[[[20.46849,54.71479],[20.46834,54.714791],[20.468342,54.714869],[20.468492,54.714868],[20.46849,54.71479]]]}},{"type":"Feature","properties":{"kind":"building","name":"","osm":"way/102951275"},"geometry":{"type":"Polygon","coordinates":[[[20.467053,54.717589],[20.467028,54.717566],[20.466911,54.717609],[20.466937,54.717632],[20.466839,54.717668],[20.466943,54.717763],[20.467237,54.717655],[20.467133,54.71756],[20.467053,54.717589]]]}},{"type":"Feature","properties":{"kind":"building","name":"","osm":"way/102951276"},"geometry":{"type":"Polygon","coordinates":[[[20.468674,54.7177],[20.468804,54.717785],[20.469013,54.717678],[20.468883,54.717593],[20.468674,54.7177]]]}},{"type":"Feature","properties":{"kind":"building","name":"","osm":"way/102951277"},"geometry":{"type":"Polygon","coordinates":[[[20.46949,54.715311],[20.469874,54.71532],[20.469882,54.715199],[20.469498,54.715191],[20.46949,54.715311]]]}},{"type":"Feature","properties":{"kind":"building","name":"","osm":"way/102951278"},"geometry":{"type":"Polygon","coordinates":[[[20.466866,54.718151],[20.467042,54.718224],[20.467141,54.718146],[20.466965,54.718072],[20.466866,54.718151]]]}},{"type":"Feature","properties":{"kind":"building","name":"","osm":"way/102951279"},"geometry":{"type":"Polygon","coordinates":[[[20.467795,54.718658],[20.468014,54.718751],[20.468127,54.718658],[20.467905,54.718567],[20.467795,54.718658]]]}},{"type":"Feature","properties":{"kind":"building","name":"","osm":"way/102951280"},"geometry":{"type":"Polygon","coordinates":[[[20.470088,54.71488],[20.470085,54.714805],[20.469918,54.714807],[20.469922,54.714883],[20.470088,54.71488]]]}},{"type":"Feature","properties":{"kind":"building","name":"","osm":"way/102951281"},"geometry":{"type":"Polygon","coordinates":[[[20.470596,54.71795],[20.470895,54.71811],[20.470847,54.718144],[20.470917,54.718181],[20.471117,54.71805],[20.470734,54.717858],[20.470758,54.717843],[20.47067,54.717799],[20.470481,54.717925],[20.470568,54.717969],[20.470596,54.71795]]]}},{"type":"Feature","properties":{"kind":"building","name":"","osm":"way/102951282"},"geometry":{"type":"Polygon","coordinates":[[[20.47025,54.715237],[20.47025,54.715315],[20.470438,54.715315],[20.470438,54.715237],[20.47025,54.715237]]]}},{"type":"Feature","properties":{"kind":"building","name":"","osm":"way/102951283"},"geometry":{"type":"Polygon","coordinates":[[[20.468437,54.717469],[20.468685,54.717363],[20.468553,54.71726],[20.468305,54.717365],[20.468437,54.717469]]]}},{"type":"Feature","properties":{"kind":"building","name":"","osm":"way/102951284"},"geometry":{"type":"Polygon","coordinates":[[[20.467593,54.717769],[20.467706,54.717844],[20.46795,54.717721],[20.467837,54.717646],[20.467593,54.717769]]]}},{"type":"Feature","properties":{"kind":"building","name":"","osm":"way/102951285"},"geometry":{"type":"Polygon","coordinates":[[[20.469448,54.71488],[20.469452,54.714797],[20.469291,54.714794],[20.469287,54.714878],[20.469448,54.71488]]]}},{"type":"Feature","properties":{"kind":"building","name":"","osm":"way/102951286"},"geometry":{"type":"Polygon","coordinates":[[[20.467247,54.717235],[20.467329,54.717308],[20.467481,54.717251],[20.467634,54.717195],[20.467786,54.717138],[20.467704,54.717064],[20.467247,54.717235]]]}},{"type":"Feature","properties":{"kind":"building","name":"","osm":"way/102951287"},"geometry":{"type":"Polygon","coordinates":[[[20.468859,54.717117],[20.469028,54.7172],[20.469211,54.717077],[20.469045,54.716994],[20.468986,54.717034],[20.469011,54.717046],[20.468943,54.717091],[20.468917,54.717078],[20.468859,54.717117]]]}},{"type":"Feature","properties":{"kind":"building","name":"Библиотека им. Гайдара","osm":"way/102951288"},"geometry":{"type":"Polygon","coordinates":[[[20.469187,54.715939],[20.469237,54.715986],[20.4692,54.715999],[20.46923,54.716027],[20.46927,54.716014],[20.469279,54.716022],[20.469129,54.716074],[20.469032,54.715978],[20.468878,54.716032],[20.468903,54.716055],[20.468821,54.716084],[20.468924,54.716183],[20.469029,54.716146],[20.469069,54.716185],[20.469194,54.716142],[20.469172,54.716121],[20.46933,54.716067],[20.469357,54.716093],[20.469476,54.716052],[20.469449,54.716026],[20.469495,54.71601],[20.469444,54.71596],[20.469481,54.715947],[20.469437,54.715905],[20.469481,54.715889],[20.469437,54.715847],[20.469347,54.715878],[20.46925,54.715786],[20.469008,54.71587],[20.469108,54.715966],[20.469187,54.715939]]]}},{"type":"Feature","properties":{"kind":"building","name":"","osm":"way/102951289"},"geometry":{"type":"Polygon","coordinates":[[[20.470503,54.714883],[20.470676,54.71488],[20.470672,54.714803],[20.470499,54.714806],[20.470503,54.714883]]]}},{"type":"Feature","properties":{"kind":"building","name":"","osm":"way/102951290"},"geometry":{"type":"Polygon","coordinates":[[[20.468954,54.71478],[20.468952,54.714879],[20.469145,54.71488],[20.469147,54.714782],[20.468954,54.71478]]]}},{"type":"Feature","properties":{"kind":"building","name":"","osm":"way/102951291"},"geometry":{"type":"Polygon","coordinates":[[[20.468347,54.717895],[20.468106,54.718014],[20.468222,54.718092],[20.468463,54.717973],[20.468347,54.717895]]]}},{"type":"Feature","properties":{"kind":"building","name":"","osm":"way/102951292"},"geometry":{"type":"Polygon","coordinates":[[[20.46868,54.717796],[20.46859,54.717731],[20.468432,54.717804],[20.468521,54.717869],[20.46868,54.717796]]]}},{"type":"Feature","properties":{"kind":"building","name":"","osm":"way/103139948"},"geometry":{"type":"Polygon","coordinates":[[[20.472811,54.716309],[20.472678,54.716224],[20.472511,54.71631],[20.472644,54.716395],[20.472811,54.716309]]]}},{"type":"Feature","properties":{"kind":"building","name":"","osm":"way/103139952"},"geometry":{"type":"Polygon","coordinates":[[[20.473652,54.716139],[20.473649,54.716231],[20.473862,54.716234],[20.473865,54.716141],[20.473652,54.716139]]]}},{"type":"Feature","properties":{"kind":"building","name":"","osm":"way/103139954"},"geometry":{"type":"Polygon","coordinates":[[[20.47362,54.715795],[20.473617,54.715898],[20.473869,54.715901],[20.473872,54.715797],[20.47362,54.715795]]]}},{"type":"Feature","properties":{"kind":"building","name":"Дом Художника","osm":"way/103139958"},"geometry":{"type":"Polygon","coordinates":[[[20.474697,54.719086],[20.474249,54.718865],[20.474128,54.718946],[20.474396,54.719078],[20.474368,54.719097],[20.474548,54.719186],[20.474697,54.719086]]]}},{"type":"Feature","properties":{"kind":"building","name":"","osm":"way/103139960"},"geometry":{"type":"Polygon","coordinates":[[[20.473959,54.716847],[20.473608,54.71684],[20.473601,54.716953],[20.473952,54.71696],[20.473959,54.716847]]]}},{"type":"Feature","properties":{"kind":"building","name":"","osm":"way/103139961"},"geometry":{"type":"Polygon","coordinates":[[[20.474204,54.717509],[20.474215,54.71732],[20.474076,54.717318],[20.474069,54.717424],[20.473938,54.717421],[20.473933,54.717505],[20.474204,54.717509]]]}},{"type":"Feature","properties":{"kind":"building","name":"","osm":"way/103139965"},"geometry":{"type":"Polygon","coordinates":[[[20.473995,54.716737],[20.473998,54.71666],[20.473563,54.716655],[20.47356,54.716732],[20.473995,54.716737]]]}},{"type":"Feature","properties":{"kind":"building","name":"","osm":"way/103139967"},"geometry":{"type":"Polygon","coordinates":[[[20.473605,54.716448],[20.473605,54.716524],[20.47379,54.716524],[20.47379,54.716448],[20.473605,54.716448]]]}},{"type":"Feature","properties":{"kind":"building","name":"","osm":"way/103139975"},"geometry":{"type":"Polygon","coordinates":[[[20.473607,54.716304],[20.473604,54.716384],[20.473796,54.716387],[20.473799,54.716306],[20.473607,54.716304]]]}},{"type":"Feature","properties":{"kind":"building","name":"","osm":"way/103139977"},"geometry":{"type":"Polygon","coordinates":[[[20.473659,54.715966],[20.473624,54.715966],[20.473618,54.716055],[20.473797,54.716059],[20.473803,54.71597],[20.473775,54.715969],[20.473777,54.715938],[20.473661,54.715936],[20.473659,54.715966]]]}},{"type":"Feature","properties":{"kind":"building","name":"","osm":"way/103139989"},"geometry":{"type":"Polygon","coordinates":[[[20.473774,54.717021],[20.47355,54.717019],[20.473548,54.717115],[20.473771,54.717117],[20.473774,54.717021]]]}},{"type":"Feature","properties":{"kind":"building","name":"","osm":"way/103139991"},"geometry":{"type":"Polygon","coordinates":[[[20.473678,54.717228],[20.473539,54.717226],[20.473532,54.71738],[20.473712,54.717383],[20.473713,54.717359],[20.473768,54.71736],[20.473777,54.717209],[20.473679,54.717207],[20.473678,54.717228]]]}},{"type":"Feature","properties":{"kind":"building","name":"","osm":"way/103139993"},"geometry":{"type":"Polygon","coordinates":[[[20.473548,54.717545],[20.473544,54.717629],[20.473802,54.717633],[20.473806,54.717549],[20.473548,54.717545]]]}},{"type":"Feature","properties":{"kind":"building","name":"Кирха памяти королевы Луизы","osm":"way/103139996"},"geometry":{"type":"Polygon","coordinates":[[[20.475796,54.719489],[20.475799,54.719426],[20.475803,54.719354],[20.475721,54.719352],[20.475724,54.719287],[20.475646,54.719285],[20.475643,54.719351],[20.475112,54.719342],[20.475105,54.719477],[20.475228,54.719479],[20.475223,54.719577],[20.475646,54.719584],[20.475647,54.719556],[20.475717,54.719557],[20.475756,54.719558],[20.475757,54.719525],[20.475759,54.719489],[20.475796,54.719489]]]}},{"type":"Feature","properties":{"kind":"road","name":"","osm":"way/103142701","highway":"footway","access":"","foot":""},"geometry":{"type":"LineString","coordinates":[[20.476748,54.718345],[20.4768,54.718038],[20.476789,54.717745],[20.476292,54.717741],[20.476102,54.717734]]}},{"type":"Feature","properties":{"kind":"building","name":"","osm":"way/103142703"},"geometry":{"type":"Polygon","coordinates":[[[20.477853,54.717273],[20.477981,54.717216],[20.478062,54.71721],[20.478011,54.717092],[20.477923,54.717108],[20.477768,54.717099],[20.477761,54.717138],[20.477778,54.717197],[20.477809,54.717244],[20.477853,54.717273]]]}},{"type":"Feature","properties":{"kind":"road","name":"","osm":"way/103142707","highway":"footway","access":"","foot":""},"geometry":{"type":"LineString","coordinates":[[20.476673,54.718363],[20.476349,54.718066],[20.476274,54.718018],[20.476094,54.718014]]}},{"type":"Feature","properties":{"kind":"road","name":"","osm":"way/103142708","highway":"footway","access":"","foot":""},"geometry":{"type":"LineString","coordinates":[[20.47675,54.718471],[20.476772,54.718841],[20.476784,54.719049],[20.476806,54.719323],[20.476797,54.719615],[20.476588,54.71982],[20.476405,54.719908],[20.476281,54.719925],[20.475982,54.719974]]}},{"type":"Feature","properties":{"kind":"road","name":"","osm":"way/103142709","highway":"footway","access":"","foot":""},"geometry":{"type":"LineString","coordinates":[[20.476827,54.718363],[20.476811,54.71836],[20.476748,54.718345],[20.476673,54.718363],[20.47664,54.718408],[20.476673,54.718453],[20.47675,54.718471],[20.476827,54.718453],[20.476859,54.718408],[20.476827,54.718363]]}},{"type":"Feature","properties":{"kind":"road","name":"","osm":"way/103142712","highway":"footway","access":"","foot":""},"geometry":{"type":"LineString","coordinates":[[20.476292,54.717741],[20.476274,54.718018],[20.476256,54.718401],[20.47628,54.718834]]}},{"type":"Feature","properties":{"kind":"road","name":"","osm":"way/103142713","highway":"footway","access":"","foot":""},"geometry":{"type":"LineString","coordinates":[[20.477066,54.719046],[20.477072,54.718845],[20.476772,54.718841],[20.47628,54.718834],[20.476052,54.718834]]}},{"type":"Feature","properties":{"kind":"road","name":"","osm":"way/103142714","highway":"footway","access":"","foot":""},"geometry":{"type":"LineString","coordinates":[[20.476074,54.718396],[20.476256,54.718401],[20.47664,54.718408]]}},{"type":"Feature","properties":{"kind":"building","name":"","osm":"way/103407531"},"geometry":{"type":"Polygon","coordinates":[[[20.456736,54.712494],[20.456736,54.712614],[20.456767,54.712497],[20.456736,54.712494]]]}},{"type":"Feature","properties":{"kind":"building","name":"Вилла Арон","osm":"way/103633498"},"geometry":{"type":"Polygon","coordinates":[[[20.464861,54.718002],[20.464851,54.718129],[20.465047,54.718134],[20.465058,54.718007],[20.464861,54.718002]]]}},{"type":"Feature","properties":{"kind":"building","name":"","osm":"way/103633504"},"geometry":{"type":"Polygon","coordinates":[[[20.468473,54.716735],[20.468255,54.716829],[20.468351,54.716907],[20.468423,54.716888],[20.468729,54.717048],[20.468909,54.716947],[20.468473,54.716735]]]}},{"type":"Feature","properties":{"kind":"building","name":"","osm":"way/103633520"},"geometry":{"type":"Polygon","coordinates":[[[20.472212,54.720684],[20.472408,54.72069],[20.472417,54.72057],[20.472221,54.720565],[20.472212,54.720684]]]}},{"type":"Feature","properties":{"kind":"building","name":"","osm":"way/103633522"},"geometry":{"type":"Polygon","coordinates":[[[20.462571,54.717883],[20.462568,54.717939],[20.462616,54.71794],[20.462615,54.717977],[20.462842,54.71798],[20.462843,54.717942],[20.462891,54.717942],[20.462893,54.717887],[20.462571,54.717883]]]}},{"type":"Feature","properties":{"kind":"building","name":"","osm":"way/103633530"},"geometry":{"type":"Polygon","coordinates":[[[20.46999,54.71685],[20.469835,54.716958],[20.469958,54.717017],[20.470113,54.716909],[20.46999,54.71685]]]}},{"type":"Feature","properties":{"kind":"building","name":"вилла Маковски","osm":"way/103633532"},"geometry":{"type":"Polygon","coordinates":[[[20.470907,54.720187],[20.470947,54.72017],[20.470891,54.720128],[20.470847,54.720147],[20.470807,54.72012],[20.470688,54.720178],[20.470737,54.720211],[20.470711,54.720222],[20.470748,54.72025],[20.470776,54.720237],[20.470848,54.720286],[20.470967,54.720227],[20.470907,54.720187]]]}},{"type":"Feature","properties":{"kind":"building","name":"","osm":"way/103633541"},"geometry":{"type":"Polygon","coordinates":[[[20.471524,54.720934],[20.471599,54.721048],[20.471787,54.721006],[20.471712,54.720893],[20.471524,54.720934]]]}},{"type":"Feature","properties":{"kind":"building","name":"","osm":"way/103633566"},"geometry":{"type":"Polygon","coordinates":[[[20.471145,54.720703],[20.471245,54.720781],[20.471383,54.720721],[20.471283,54.720644],[20.471145,54.720703]]]}},{"type":"Feature","properties":{"kind":"building","name":"","osm":"way/103633571"},"geometry":{"type":"Polygon","coordinates":[[[20.471815,54.720719],[20.471626,54.720714],[20.471617,54.720817],[20.471807,54.720822],[20.471815,54.720719]]]}},{"type":"Feature","properties":{"kind":"building","name":"","osm":"way/103633576"},"geometry":{"type":"Polygon","coordinates":[[[20.470325,54.720046],[20.470454,54.720146],[20.470632,54.720068],[20.470502,54.719969],[20.470325,54.720046]]]}},{"type":"Feature","properties":{"kind":"building","name":"","osm":"way/103633581"},"geometry":{"type":"Polygon","coordinates":[[[20.471648,54.720652],[20.471813,54.720651],[20.471811,54.720539],[20.471646,54.72054],[20.471648,54.720652]]]}},{"type":"Feature","properties":{"kind":"building","name":"","osm":"way/103633583"},"geometry":{"type":"Polygon","coordinates":[[[20.461924,54.718632],[20.462162,54.718632],[20.462162,54.718526],[20.461924,54.718526],[20.461924,54.718632]]]}},{"type":"Feature","properties":{"kind":"building","name":"","osm":"way/103633589"},"geometry":{"type":"Polygon","coordinates":[[[20.462546,54.718843],[20.462541,54.719203],[20.462723,54.719204],[20.462724,54.719131],[20.462727,54.718985],[20.462728,54.718912],[20.462775,54.718912],[20.462777,54.718845],[20.462546,54.718843]]]}},{"type":"Feature","properties":{"kind":"building","name":"","osm":"way/103633595"},"geometry":{"type":"Polygon","coordinates":[[[20.464717,54.718017],[20.464496,54.718012],[20.464488,54.718131],[20.464709,54.718136],[20.464717,54.718017]]]}},{"type":"Feature","properties":{"kind":"building","name":"","osm":"way/103633597"},"geometry":{"type":"Polygon","coordinates":[[[20.472834,54.720784],[20.472793,54.720725],[20.472349,54.720828],[20.472349,54.720818],[20.472208,54.720817],[20.472206,54.720938],[20.472238,54.720951],[20.472261,54.720946],[20.472558,54.720878],[20.472778,54.720826],[20.472761,54.720801],[20.472834,54.720784]]]}},{"type":"Feature","properties":{"kind":"building","name":"","osm":"way/103633602"},"geometry":{"type":"Polygon","coordinates":[[[20.468191,54.717047],[20.468055,54.716919],[20.467807,54.717008],[20.467944,54.717135],[20.468191,54.717047]]]}},{"type":"Feature","properties":{"kind":"building","name":"","osm":"way/103633613"},"geometry":{"type":"Polygon","coordinates":[[[20.461855,54.717238],[20.462081,54.717235],[20.462074,54.717081],[20.461883,54.717084],[20.461782,54.717085],[20.461787,54.717191],[20.461853,54.717191],[20.461855,54.717238]]]}},{"type":"Feature","properties":{"kind":"building","name":"","osm":"way/103633617"},"geometry":{"type":"Polygon","coordinates":[[[20.467199,54.716131],[20.467026,54.716251],[20.467204,54.716335],[20.467377,54.716214],[20.467199,54.716131]]]}},{"type":"Feature","properties":{"kind":"building","name":"","osm":"way/105449480"},"geometry":{"type":"Polygon","coordinates":[[[20.465385,54.719331],[20.465368,54.719518],[20.465568,54.719525],[20.465585,54.719337],[20.465385,54.719331]]]}},{"type":"Feature","properties":{"kind":"building","name":"","osm":"way/105449482"},"geometry":{"type":"Polygon","coordinates":[[[20.462122,54.718722],[20.461857,54.718716],[20.461852,54.718792],[20.462117,54.718798],[20.462122,54.718722]]]}},{"type":"Feature","properties":{"kind":"building","name":"","osm":"way/105449483"},"geometry":{"type":"Polygon","coordinates":[[[20.464289,54.718903],[20.464087,54.718901],[20.464085,54.718984],[20.464287,54.718986],[20.464289,54.718903]]]}},{"type":"Feature","properties":{"kind":"building","name":"","osm":"way/105449485"},"geometry":{"type":"Polygon","coordinates":[[[20.462531,54.718222],[20.462527,54.718321],[20.462707,54.718323],[20.462711,54.718224],[20.462531,54.718222]]]}},{"type":"Feature","properties":{"kind":"building","name":"","osm":"way/105449486"},"geometry":{"type":"Polygon","coordinates":[[[20.465469,54.719073],[20.465469,54.719161],[20.465654,54.719161],[20.465654,54.719073],[20.465469,54.719073]]]}},{"type":"Feature","properties":{"kind":"building","name":"Кутузовский","osm":"way/105449488"},"geometry":{"type":"Polygon","coordinates":[[[20.465033,54.718271],[20.464858,54.718269],[20.464855,54.718365],[20.465029,54.718367],[20.465033,54.718271]]]}},{"type":"Feature","properties":{"kind":"building","name":"","osm":"way/105449489"},"geometry":{"type":"Polygon","coordinates":[[[20.462171,54.718863],[20.462,54.718865],[20.462003,54.718946],[20.462174,54.718944],[20.462171,54.718863]]]}},{"type":"Feature","properties":{"kind":"building","name":"","osm":"way/105449491"},"geometry":{"type":"Polygon","coordinates":[[[20.463103,54.718845],[20.462907,54.718843],[20.462905,54.718951],[20.4631,54.718953],[20.463103,54.718845]]]}},{"type":"Feature","properties":{"kind":"building","name":"","osm":"way/105449493"},"geometry":{"type":"Polygon","coordinates":[[[20.464729,54.718905],[20.464551,54.718901],[20.464545,54.718998],[20.464723,54.719002],[20.464729,54.718905]]]}},{"type":"Feature","properties":{"kind":"building","name":"","osm":"way/105449494"},"geometry":{"type":"Polygon","coordinates":[[[20.465047,54.719022],[20.464827,54.71902],[20.464824,54.719123],[20.465044,54.719125],[20.465047,54.719022]]]}},{"type":"Feature","properties":{"kind":"building","name":"","osm":"way/105449495"},"geometry":{"type":"Polygon","coordinates":[[[20.464775,54.71851],[20.464768,54.718668],[20.465024,54.718671],[20.465031,54.718514],[20.464775,54.71851]]]}},{"type":"Feature","properties":{"kind":"building","name":"","osm":"way/105449497"},"geometry":{"type":"Polygon","coordinates":[[[20.463378,54.718622],[20.463379,54.718649],[20.463539,54.718648],[20.463536,54.71852],[20.463288,54.718522],[20.46329,54.718623],[20.463378,54.718622]]]}},{"type":"Feature","properties":{"kind":"building","name":"","osm":"way/105449499"},"geometry":{"type":"Polygon","coordinates":[[[20.465643,54.718406],[20.46564,54.718533],[20.465874,54.718535],[20.465877,54.718408],[20.465643,54.718406]]]}},{"type":"Feature","properties":{"kind":"building","name":"","osm":"way/105449500"},"geometry":{"type":"Polygon","coordinates":[[[20.463926,54.718901],[20.463619,54.718888],[20.463602,54.719019],[20.463909,54.719032],[20.463926,54.718901]]]}},{"type":"Feature","properties":{"kind":"building","name":"","osm":"way/105449502"},"geometry":{"type":"Polygon","coordinates":[[[20.463483,54.71901],[20.463494,54.718873],[20.463302,54.718868],[20.463291,54.719005],[20.463483,54.71901]]]}},{"type":"Feature","properties":{"kind":"building","name":"","osm":"way/105449503"},"geometry":{"type":"Polygon","coordinates":[[[20.462534,54.718541],[20.462534,54.718617],[20.462716,54.718617],[20.462716,54.718541],[20.462534,54.718541]]]}},{"type":"Feature","properties":{"kind":"building","name":"","osm":"way/105577085"},"geometry":{"type":"Polygon","coordinates":[[[20.461517,54.713391],[20.461686,54.713405],[20.461711,54.713305],[20.461542,54.713291],[20.461517,54.713391]]]}},{"type":"Feature","properties":{"kind":"building","name":"","osm":"way/105577086"},"geometry":{"type":"Polygon","coordinates":[[[20.459995,54.712992],[20.459872,54.713093],[20.46,54.713145],[20.460123,54.713045],[20.459995,54.712992]]]}},{"type":"Feature","properties":{"kind":"building","name":"","osm":"way/105577090"},"geometry":{"type":"Polygon","coordinates":[[[20.46002,54.712393],[20.460127,54.712483],[20.460407,54.712372],[20.460301,54.712282],[20.46002,54.712393]]]}},{"type":"Feature","properties":{"kind":"building","name":"","osm":"way/105577092"},"geometry":{"type":"Polygon","coordinates":[[[20.456825,54.713042],[20.456736,54.713035],[20.456736,54.713153],[20.4568,54.713157],[20.456825,54.713042]]]}},{"type":"Feature","properties":{"kind":"building","name":"","osm":"way/105577093"},"geometry":{"type":"Polygon","coordinates":[[[20.46037,54.712839],[20.460166,54.71282],[20.460135,54.712929],[20.460339,54.712948],[20.46037,54.712839]]]}},{"type":"Feature","properties":{"kind":"building","name":"","osm":"way/105577094"},"geometry":{"type":"Polygon","coordinates":[[[20.456736,54.713309],[20.456736,54.71333],[20.456741,54.713309],[20.456736,54.713309]]]}},{"type":"Feature","properties":{"kind":"building","name":"","osm":"way/105577095"},"geometry":{"type":"Polygon","coordinates":[[[20.457018,54.713406],[20.456967,54.713596],[20.457166,54.713613],[20.457217,54.713424],[20.457018,54.713406]]]}},{"type":"Feature","properties":{"kind":"building","name":"","osm":"way/105577096"},"geometry":{"type":"Polygon","coordinates":[[[20.461776,54.713162],[20.46181,54.713045],[20.461574,54.713022],[20.461541,54.71314],[20.461776,54.713162]]]}},{"type":"Feature","properties":{"kind":"building","name":"","osm":"way/105577097"},"geometry":{"type":"Polygon","coordinates":[[[20.460107,54.711955],[20.460027,54.711981],[20.459999,54.711945],[20.459148,54.712325],[20.45929,54.712432],[20.460201,54.712031],[20.460107,54.711955]]]}},{"type":"Feature","properties":{"kind":"building","name":"","osm":"way/105577100"},"geometry":{"type":"Polygon","coordinates":[[[20.461498,54.713627],[20.461461,54.713756],[20.461542,54.713764],[20.461555,54.713717],[20.461719,54.713733],[20.461743,54.713651],[20.461498,54.713627]]]}},{"type":"Feature","properties":{"kind":"building","name":"","osm":"way/105577101"},"geometry":{"type":"Polygon","coordinates":[[[20.461844,54.71378],[20.462029,54.713792],[20.462053,54.713663],[20.461868,54.713651],[20.461844,54.71378]]]}},{"type":"Feature","properties":{"kind":"building","name":"","osm":"way/105577104"},"geometry":{"type":"Polygon","coordinates":[[[20.46105,54.712947],[20.460967,54.713173],[20.461146,54.713195],[20.461229,54.712969],[20.46105,54.712947]]]}},{"type":"Feature","properties":{"kind":"building","name":"","osm":"way/105577105"},"geometry":{"type":"Polygon","coordinates":[[[20.45848,54.712228],[20.458457,54.712227],[20.45845,54.712288],[20.458441,54.712343],[20.458467,54.712345],[20.45846,54.712394],[20.458596,54.7124],[20.458591,54.712441],[20.458686,54.712445],[20.458781,54.71245],[20.458796,54.712339],[20.458628,54.712331],[20.458648,54.712189],[20.458486,54.712182],[20.45848,54.712228]]]}},{"type":"Feature","properties":{"kind":"building","name":"","osm":"way/105577106"},"geometry":{"type":"Polygon","coordinates":[[[20.457277,54.713005],[20.457058,54.712988],[20.457022,54.713135],[20.457242,54.713153],[20.457277,54.713005]]]}},{"type":"Feature","properties":{"kind":"building","name":"","osm":"way/105577107"},"geometry":{"type":"Polygon","coordinates":[[[20.460851,54.712935],[20.46066,54.712909],[20.460621,54.713007],[20.460812,54.713033],[20.460851,54.712935]]]}},{"type":"Feature","properties":{"kind":"building","name":"","osm":"way/105577108"},"geometry":{"type":"Polygon","coordinates":[[[20.460874,54.712644],[20.460986,54.712754],[20.461361,54.712625],[20.461248,54.712516],[20.460874,54.712644]]]}},{"type":"Feature","properties":{"kind":"building","name":"","osm":"way/105577109"},"geometry":{"type":"Polygon","coordinates":[[[20.461347,54.712492],[20.461442,54.712593],[20.461771,54.71249],[20.461676,54.712389],[20.461347,54.712492]]]}},{"type":"Feature","properties":{"kind":"building","name":"","osm":"way/105577110"},"geometry":{"type":"Polygon","coordinates":[[[20.461155,54.71372],[20.461381,54.713743],[20.461421,54.713615],[20.461195,54.713591],[20.461155,54.71372]]]}},{"type":"Feature","properties":{"kind":"building","name":"","osm":"way/105577111"},"geometry":{"type":"Polygon","coordinates":[[[20.461916,54.713151],[20.462139,54.713172],[20.462162,54.713088],[20.461939,54.713067],[20.461916,54.713151]]]}},{"type":"Feature","properties":{"kind":"building","name":"","osm":"way/105577112"},"geometry":{"type":"Polygon","coordinates":[[[20.458479,54.712051],[20.458611,54.712055],[20.458617,54.711996],[20.458757,54.712],[20.458745,54.712059],[20.458859,54.712066],[20.458913,54.7118],[20.458928,54.711723],[20.458814,54.711715],[20.458803,54.711767],[20.45866,54.711764],[20.45867,54.711692],[20.458548,54.711686],[20.45854,54.711753],[20.458531,54.711831],[20.458789,54.71184],[20.458771,54.711927],[20.458491,54.711919],[20.458485,54.711986],[20.458479,54.712051]]]}},{"type":"Feature","properties":{"kind":"building","name":"","osm":"way/105577114"},"geometry":{"type":"Polygon","coordinates":[[[20.459853,54.713118],[20.459755,54.713205],[20.459892,54.713257],[20.45999,54.713169],[20.459853,54.713118]]]}},{"type":"Feature","properties":{"kind":"building","name":"","osm":"way/105577115"},"geometry":{"type":"Polygon","coordinates":[[[20.460952,54.712158],[20.461018,54.712211],[20.461398,54.712052],[20.461283,54.71196],[20.461145,54.712018],[20.461188,54.712052],[20.461016,54.712124],[20.460891,54.712025],[20.460766,54.712077],[20.460896,54.712181],[20.460952,54.712158]]]}},{"type":"Feature","properties":{"kind":"building","name":"","osm":"way/105629330"},"geometry":{"type":"Polygon","coordinates":[[[20.473686,54.723535],[20.473508,54.723534],[20.473348,54.723533],[20.473345,54.723639],[20.473684,54.723641],[20.473686,54.723535]]]}},{"type":"Feature","properties":{"kind":"building","name":"","osm":"way/105629334"},"geometry":{"type":"Polygon","coordinates":[[[20.472745,54.722756],[20.472553,54.722751],[20.472541,54.722926],[20.472399,54.722922],[20.472394,54.722996],[20.472728,54.723004],[20.472745,54.722756]]]}},{"type":"Feature","properties":{"kind":"building","name":"","osm":"way/105629341"},"geometry":{"type":"Polygon","coordinates":[[[20.471664,54.723317],[20.471815,54.723319],[20.471818,54.723246],[20.471669,54.723244],[20.471674,54.723122],[20.471491,54.72312],[20.471482,54.723336],[20.471663,54.723339],[20.471664,54.723317]]]}},{"type":"Feature","properties":{"kind":"building","name":"","osm":"way/105690627"},"geometry":{"type":"Polygon","coordinates":[[[20.461053,54.718705],[20.461047,54.718861],[20.461233,54.718864],[20.461239,54.718707],[20.461053,54.718705]]]}},{"type":"Feature","properties":{"kind":"building","name":"","osm":"way/105690628"},"geometry":{"type":"Polygon","coordinates":[[[20.463577,54.719521],[20.463572,54.719646],[20.46388,54.71965],[20.463886,54.719525],[20.463577,54.719521]]]}},{"type":"Feature","properties":{"kind":"building","name":"","osm":"way/105690629"},"geometry":{"type":"Polygon","coordinates":[[[20.46116,54.719421],[20.461021,54.719418],[20.461014,54.719563],[20.461153,54.719565],[20.46116,54.719421]]]}},{"type":"Feature","properties":{"kind":"building","name":"","osm":"way/105690630"},"geometry":{"type":"Polygon","coordinates":[[[20.460758,54.719549],[20.460774,54.719409],[20.460589,54.719402],[20.460573,54.719542],[20.460758,54.719549]]]}},{"type":"Feature","properties":{"kind":"building","name":"","osm":"way/105690631"},"geometry":{"type":"Polygon","coordinates":[[[20.461273,54.719575],[20.461429,54.719578],[20.461434,54.719476],[20.461278,54.719473],[20.461273,54.719575]]]}},{"type":"Feature","properties":{"kind":"building","name":"","osm":"way/105690632"},"geometry":{"type":"Polygon","coordinates":[[[20.4628,54.719532],[20.462798,54.719626],[20.463029,54.719628],[20.46303,54.719533],[20.4628,54.719532]]]}},{"type":"Feature","properties":{"kind":"building","name":"","osm":"way/105690633"},"geometry":{"type":"Polygon","coordinates":[[[20.460102,54.71944],[20.460102,54.719524],[20.460299,54.719524],[20.460299,54.71944],[20.460102,54.71944]]]}},{"type":"Feature","properties":{"kind":"building","name":"","osm":"way/105690634"},"geometry":{"type":"Polygon","coordinates":[[[20.461802,54.719594],[20.46181,54.719492],[20.461572,54.719486],[20.461564,54.719587],[20.461802,54.719594]]]}},{"type":"Feature","properties":{"kind":"building","name":"","osm":"way/105690635"},"geometry":{"type":"Polygon","coordinates":[[[20.461975,54.719498],[20.461972,54.719585],[20.462138,54.719586],[20.46214,54.719499],[20.461975,54.719498]]]}},{"type":"Feature","properties":{"kind":"building","name":"","osm":"way/105690636"},"geometry":{"type":"Polygon","coordinates":[[[20.460551,54.718968],[20.460549,54.719068],[20.460736,54.71907],[20.460738,54.71897],[20.460551,54.718968]]]}},{"type":"Feature","properties":{"kind":"building","name":"","osm":"way/105690637"},"geometry":{"type":"Polygon","coordinates":[[[20.462924,54.71987],[20.462701,54.719866],[20.462694,54.719974],[20.462917,54.719978],[20.462924,54.71987]]]}},{"type":"Feature","properties":{"kind":"building","name":"","osm":"way/105950555"},"geometry":{"type":"Polygon","coordinates":[[[20.46927,54.727131],[20.469411,54.726884],[20.469337,54.726869],[20.469431,54.726665],[20.469299,54.726645],[20.469258,54.726735],[20.469194,54.726875],[20.469156,54.726958],[20.469214,54.726967],[20.469175,54.727036],[20.469124,54.727124],[20.46912,54.727131],[20.46927,54.727131]]]}},{"type":"Feature","properties":{"kind":"building","name":"","osm":"way/105950559"},"geometry":{"type":"Polygon","coordinates":[[[20.469609,54.726857],[20.469819,54.726906],[20.470029,54.726955],[20.470239,54.727005],[20.470449,54.727054],[20.470659,54.727103],[20.470731,54.727],[20.469681,54.726754],[20.469609,54.726857]]]}},{"type":"Feature","properties":{"kind":"road","name":"проспект Победы","osm":"way/106485849","highway":"primary","access":"","foot":""},"geometry":{"type":"LineString","coordinates":[[20.45904,54.714393],[20.458048,54.714326]]}},{"type":"Feature","properties":{"kind":"road","name":"проспект Мира","osm":"way/106637990","highway":"primary","access":"","foot":"no"},"geometry":{"type":"LineString","coordinates":[[20.47638,54.720304],[20.476522,54.720309],[20.476647,54.720309],[20.47681,54.720299],[20.477022,54.720279]]}},{"type":"Feature","properties":{"kind":"road","name":"улица Карла Маркса","osm":"way/107160273","highway":"secondary","access":"","foot":"no"},"geometry":{"type":"LineString","coordinates":[[20.474508,54.726397],[20.474628,54.72643],[20.47619,54.726813]]}},{"type":"Feature","properties":{"kind":"road","name":"улица Карла Маркса","osm":"way/107161306","highway":"secondary","access":"","foot":"no"},"geometry":{"type":"LineString","coordinates":[[20.464366,54.724177],[20.464545,54.724218],[20.464766,54.724267]]}},{"type":"Feature","properties":{"kind":"road","name":"улица Каштановая Аллея","osm":"way/107161312","highway":"tertiary","access":"","foot":""},"geometry":{"type":"LineString","coordinates":[[20.464317,54.724646],[20.464307,54.724741],[20.464306,54.724769],[20.464303,54.724827],[20.464276,54.725361]]}},{"type":"Feature","properties":{"kind":"building","name":"","osm":"way/107366826"},"geometry":{"type":"Polygon","coordinates":[[[20.474943,54.722622],[20.475209,54.722624],[20.475211,54.722543],[20.475159,54.722543],[20.475164,54.72233],[20.475255,54.722331],[20.475257,54.722262],[20.474952,54.722259],[20.47495,54.72235],[20.474945,54.722531],[20.474943,54.722622]]]}},{"type":"Feature","properties":{"kind":"road","name":"улица Кутузова","osm":"way/107444046","highway":"primary","access":"","foot":""},"geometry":{"type":"LineString","coordinates":[[20.459043,54.71445],[20.45904,54.714422],[20.459039,54.714401],[20.45904,54.714393]]}},{"type":"Feature","properties":{"kind":"road","name":"улица Кутузова","osm":"way/107444048","highway":"primary","access":"","foot":""},"geometry":{"type":"LineString","coordinates":[[20.462725,54.716491],[20.463059,54.716672]]}},{"type":"Feature","properties":{"kind":"road","name":"проспект Мира","osm":"way/107444054","highway":"primary","access":"","foot":"no"},"geometry":{"type":"LineString","coordinates":[[20.471981,54.721172],[20.471571,54.721266],[20.471442,54.721295]]}},{"type":"Feature","properties":{"kind":"road","name":"проспект Победы","osm":"way/107444060","highway":"primary","access":"","foot":""},"geometry":{"type":"LineString","coordinates":[[20.459896,54.714406],[20.459836,54.714447],[20.459149,54.714404]]}},{"type":"Feature","properties":{"kind":"road","name":"улица Энгельса","osm":"way/107444063","highway":"tertiary","access":"","foot":""},"geometry":{"type":"LineString","coordinates":[[20.459064,54.715923],[20.459083,54.716589],[20.459241,54.71765],[20.459593,54.719634],[20.459672,54.720223],[20.459798,54.721115],[20.460413,54.72219]]}},{"type":"Feature","properties":{"kind":"road","name":"улица Энгельса","osm":"way/107444064","highway":"tertiary","access":"","foot":""},"geometry":{"type":"LineString","coordinates":[[20.459065,54.714866],[20.459053,54.714693]]}},{"type":"Feature","properties":{"kind":"building","name":"Консульство республики Польша","osm":"way/107581953"},"geometry":{"type":"Polygon","coordinates":[[[20.46397,54.721373],[20.464375,54.721392],[20.464344,54.72161],[20.463939,54.721591],[20.46397,54.721373]]]}},{"type":"Feature","properties":{"kind":"road","name":"","osm":"way/108074717","highway":"secondary","access":"","foot":"no"},"geometry":{"type":"LineString","coordinates":[[20.457921,54.72258],[20.457729,54.722524],[20.457578,54.722474]]}},{"type":"Feature","properties":{"kind":"road","name":"Закавказская улица","osm":"way/108311752","highway":"residential","access":"","foot":""},"geometry":{"type":"LineString","coordinates":[[20.462384,54.714545],[20.46238,54.714582],[20.462381,54.714607],[20.46237,54.714651]]}},{"type":"Feature","properties":{"kind":"road","name":"улица Карла Маркса","osm":"way/108574530","highway":"secondary","access":"","foot":"no"},"geometry":{"type":"LineString","coordinates":[[20.469562,54.725293],[20.469719,54.725331],[20.47035,54.725468],[20.470392,54.725478]]}},{"type":"Feature","properties":{"kind":"road","name":"улица Евгения Колесникова","osm":"way/109061807","highway":"residential","access":"","foot":""},"geometry":{"type":"LineString","coordinates":[[20.461316,54.712909],[20.461187,54.713271],[20.461113,54.71348],[20.46114,54.713511],[20.461194,54.71353],[20.464143,54.713833],[20.464359,54.713205]]}},{"type":"Feature","properties":{"kind":"building","name":"","osm":"way/110009954"},"geometry":{"type":"Polygon","coordinates":[[[20.463107,54.717897],[20.463101,54.717995],[20.463312,54.717999],[20.463319,54.717901],[20.463107,54.717897]]]}},{"type":"Feature","properties":{"kind":"building","name":"","osm":"way/110009956"},"geometry":{"type":"Polygon","coordinates":[[[20.463932,54.718316],[20.463926,54.718416],[20.464261,54.718423],[20.464267,54.718323],[20.463932,54.718316]]]}},{"type":"Feature","properties":{"kind":"building","name":"","osm":"way/110009957"},"geometry":{"type":"Polygon","coordinates":[[[20.470089,54.719148],[20.470205,54.719195],[20.470306,54.719113],[20.47019,54.719065],[20.470089,54.719148]]]}},{"type":"Feature","properties":{"kind":"building","name":"","osm":"way/110009958"},"geometry":{"type":"Polygon","coordinates":[[[20.471435,54.719287],[20.471119,54.719282],[20.471115,54.719349],[20.471113,54.719415],[20.471429,54.71942],[20.471432,54.719352],[20.471435,54.719287]]]}},{"type":"Feature","properties":{"kind":"building","name":"","osm":"way/110009959"},"geometry":{"type":"Polygon","coordinates":[[[20.463596,54.71788],[20.46345,54.717876],[20.463439,54.718012],[20.463585,54.718015],[20.463596,54.71788]]]}},{"type":"Feature","properties":{"kind":"building","name":"","osm":"way/110009960"},"geometry":{"type":"Polygon","coordinates":[[[20.463294,54.718414],[20.463306,54.718278],[20.46308,54.718272],[20.463068,54.718407],[20.463294,54.718414]]]}},{"type":"Feature","properties":{"kind":"building","name":"","osm":"way/110009961"},"geometry":{"type":"Polygon","coordinates":[[[20.466055,54.717698],[20.465928,54.717822],[20.466179,54.717908],[20.466306,54.717783],[20.466055,54.717698]]]}},{"type":"Feature","properties":{"kind":"building","name":"","osm":"way/110009962"},"geometry":{"type":"Polygon","coordinates":[[[20.471353,54.719667],[20.471127,54.719665],[20.471125,54.719795],[20.471351,54.719796],[20.471353,54.719667]]]}},{"type":"Feature","properties":{"kind":"building","name":"","osm":"way/110009963"},"geometry":{"type":"Polygon","coordinates":[[[20.464247,54.718592],[20.464242,54.718676],[20.464431,54.71868],[20.464436,54.718595],[20.464247,54.718592]]]}},{"type":"Feature","properties":{"kind":"building","name":"","osm":"way/110009964"},"geometry":{"type":"Polygon","coordinates":[[[20.471904,54.718788],[20.471627,54.718784],[20.471622,54.718894],[20.471899,54.718898],[20.471904,54.718788]]]}},{"type":"Feature","properties":{"kind":"building","name":"","osm":"way/110009965"},"geometry":{"type":"Polygon","coordinates":[[[20.471714,54.718975],[20.471712,54.719126],[20.471911,54.719127],[20.471914,54.718976],[20.471714,54.718975]]]}},{"type":"Feature","properties":{"kind":"building","name":"","osm":"way/110009966"},"geometry":{"type":"Polygon","coordinates":[[[20.462989,54.718518],[20.462791,54.718515],[20.462787,54.718603],[20.462985,54.718606],[20.462989,54.718518]]]}},{"type":"Feature","properties":{"kind":"building","name":"","osm":"way/110009967"},"geometry":{"type":"Polygon","coordinates":[[[20.470336,54.719435],[20.47034,54.71931],[20.470113,54.719308],[20.47011,54.719433],[20.470336,54.719435]]]}},{"type":"Feature","properties":{"kind":"building","name":"","osm":"way/110009968"},"geometry":{"type":"Polygon","coordinates":[[[20.469425,54.718823],[20.469029,54.718837],[20.469045,54.718994],[20.469441,54.71898],[20.469425,54.718823]]]}},{"type":"Feature","properties":{"kind":"building","name":"","osm":"way/110009969"},"geometry":{"type":"Polygon","coordinates":[[[20.468664,54.71821],[20.468536,54.718277],[20.468734,54.718404],[20.468862,54.718337],[20.468664,54.71821]]]}},{"type":"Feature","properties":{"kind":"building","name":"","osm":"way/110009970"},"geometry":{"type":"Polygon","coordinates":[[[20.471658,54.719382],[20.471658,54.719464],[20.471852,54.719464],[20.471852,54.719382],[20.471658,54.719382]]]}},{"type":"Feature","properties":{"kind":"building","name":"","osm":"way/110009971"},"geometry":{"type":"Polygon","coordinates":[[[20.464433,54.717899],[20.464159,54.717892],[20.464152,54.717998],[20.464425,54.718004],[20.464433,54.717899]]]}},{"type":"Feature","properties":{"kind":"building","name":"","osm":"way/110009972"},"geometry":{"type":"Polygon","coordinates":[[[20.470955,54.71943],[20.470956,54.719265],[20.470775,54.719265],[20.470774,54.719429],[20.470955,54.71943]]]}},{"type":"Feature","properties":{"kind":"building","name":"","osm":"way/110009973"},"geometry":{"type":"Polygon","coordinates":[[[20.46777,54.71908],[20.467665,54.719167],[20.467955,54.719284],[20.46806,54.719197],[20.46777,54.71908]]]}},{"type":"Feature","properties":{"kind":"building","name":"","osm":"way/110009975"},"geometry":{"type":"Polygon","coordinates":[[[20.471061,54.71866],[20.470866,54.718566],[20.470833,54.718589],[20.470298,54.71896],[20.470488,54.719052],[20.470573,54.718993],[20.470785,54.718849],[20.470843,54.718809],[20.470963,54.718728],[20.471061,54.71866]]]}},{"type":"Feature","properties":{"kind":"building","name":"","osm":"way/110009976"},"geometry":{"type":"Polygon","coordinates":[[[20.468512,54.718454],[20.468373,54.718361],[20.468107,54.718493],[20.468246,54.718587],[20.468512,54.718454]]]}},{"type":"Feature","properties":{"kind":"building","name":"","osm":"way/110009977"},"geometry":{"type":"Polygon","coordinates":[[[20.466041,54.719132],[20.465861,54.71922],[20.465973,54.719296],[20.466153,54.719209],[20.466041,54.719132]]]}},{"type":"Feature","properties":{"kind":"building","name":"","osm":"way/110009978"},"geometry":{"type":"Polygon","coordinates":[[[20.463806,54.718075],[20.463983,54.718079],[20.463991,54.717947],[20.463815,54.717943],[20.463806,54.718075]]]}},{"type":"Feature","properties":{"kind":"building","name":"","osm":"way/110009979"},"geometry":{"type":"Polygon","coordinates":[[[20.467858,54.71805],[20.467692,54.718126],[20.467892,54.718269],[20.468058,54.718193],[20.467858,54.71805]]]}},{"type":"Feature","properties":{"kind":"building","name":"","osm":"way/110009980"},"geometry":{"type":"Polygon","coordinates":[[[20.464689,54.718357],[20.464696,54.718232],[20.464502,54.718228],[20.464495,54.718353],[20.464689,54.718357]]]}},{"type":"Feature","properties":{"kind":"building","name":"","osm":"way/110009981"},"geometry":{"type":"Polygon","coordinates":[[[20.469096,54.717628],[20.469231,54.717559],[20.469124,54.717489],[20.468989,54.717559],[20.469096,54.717628]]]}},{"type":"Feature","properties":{"kind":"building","name":"","osm":"way/111092740"},"geometry":{"type":"Polygon","coordinates":[[[20.472427,54.718097],[20.472308,54.718176],[20.472493,54.718269],[20.472612,54.718189],[20.472427,54.718097]]]}},{"type":"Feature","properties":{"kind":"building","name":"","osm":"way/111092742"},"geometry":{"type":"Polygon","coordinates":[[[20.473033,54.717413],[20.473105,54.717316],[20.472926,54.717272],[20.472854,54.717369],[20.473033,54.717413]]]}},{"type":"Feature","properties":{"kind":"building","name":"","osm":"way/111092747"},"geometry":{"type":"Polygon","coordinates":[[[20.472052,54.71808],[20.472191,54.718147],[20.472282,54.718084],[20.472143,54.718017],[20.472052,54.71808]]]}},{"type":"Feature","properties":{"kind":"building","name":"","osm":"way/111092748"},"geometry":{"type":"Polygon","coordinates":[[[20.471728,54.717483],[20.47167,54.717523],[20.471795,54.717584],[20.471854,54.717544],[20.471728,54.717483]]]}},{"type":"Feature","properties":{"kind":"road","name":"","osm":"way/111092749","highway":"service","access":"","foot":""},"geometry":{"type":"LineString","coordinates":[[20.471944,54.714911],[20.47194,54.714781],[20.471764,54.714703],[20.471366,54.714708],[20.471293,54.714656],[20.47126,54.714031],[20.471903,54.71403],[20.4729,54.714027],[20.472968,54.714027],[20.473188,54.714025],[20.473472,54.714022]]}},{"type":"Feature","properties":{"kind":"building","name":"Spar","osm":"way/111092751"},"geometry":{"type":"Polygon","coordinates":[[[20.473439,54.718325],[20.473519,54.718328],[20.473555,54.717864],[20.473474,54.717862],[20.473454,54.718121],[20.473439,54.718325]]]}},{"type":"Feature","properties":{"kind":"road","name":"","osm":"way/111092754","highway":"service","access":"","foot":""},"geometry":{"type":"LineString","coordinates":[[20.476174,54.716892],[20.476353,54.716905],[20.476423,54.716888],[20.476574,54.716853]]}},{"type":"Feature","properties":{"kind":"road","name":"","osm":"way/111092755","highway":"footway","access":"","foot":""},"geometry":{"type":"LineString","coordinates":[[20.477265,54.718057],[20.476811,54.71836]]}},{"type":"Feature","properties":{"kind":"road","name":"","osm":"way/111092756","highway":"footway","access":"","foot":""},"geometry":{"type":"LineString","coordinates":[[20.4768,54.718038],[20.477265,54.718057],[20.477386,54.718059],[20.477482,54.718026]]}},{"type":"Feature","properties":{"kind":"road","name":"","osm":"way/111092758","highway":"service","access":"","foot":""},"geometry":{"type":"LineString","coordinates":[[20.471875,54.715123],[20.471886,54.715076],[20.471893,54.715054],[20.471933,54.714942],[20.471944,54.714911]]}},{"type":"Feature","properties":{"kind":"building","name":"","osm":"way/111092759"},"geometry":{"type":"Polygon","coordinates":[[[20.472786,54.717731],[20.472676,54.717729],[20.472673,54.717802],[20.472783,54.717803],[20.472786,54.717731]]]}},{"type":"Feature","properties":{"kind":"building","name":"","osm":"way/111092760"},"geometry":{"type":"Polygon","coordinates":[[[20.471888,54.719205],[20.471702,54.719204],[20.471701,54.71928],[20.471887,54.719281],[20.471888,54.719205]]]}},{"type":"Feature","properties":{"kind":"building","name":"вилла Штайнкопф","osm":"way/111092762"},"geometry":{"type":"Polygon","coordinates":[[[20.472929,54.716566],[20.472809,54.716642],[20.47303,54.716758],[20.473219,54.716637],[20.473159,54.716606],[20.473089,54.71665],[20.472929,54.716566]]]}},{"type":"Feature","properties":{"kind":"building","name":"","osm":"way/111092765"},"geometry":{"type":"Polygon","coordinates":[[[20.472681,54.717542],[20.472547,54.717478],[20.472415,54.71757],[20.472549,54.717634],[20.472681,54.717542]]]}},{"type":"Feature","properties":{"kind":"building","name":"","osm":"way/111092766"},"geometry":{"type":"Polygon","coordinates":[[[20.472209,54.717744],[20.47223,54.717754],[20.472196,54.717779],[20.472253,54.717805],[20.472287,54.717781],[20.47234,54.717806],[20.472427,54.717744],[20.472297,54.717682],[20.472209,54.717744]]]}},{"type":"Feature","properties":{"kind":"road","name":"","osm":"way/111092767","highway":"footway","access":"","foot":""},"geometry":{"type":"LineString","coordinates":[[20.475975,54.720134],[20.47598,54.720034],[20.475982,54.719974],[20.476001,54.719651],[20.476015,54.719426],[20.476052,54.718834],[20.476074,54.718396],[20.476094,54.718014],[20.476102,54.717734],[20.476111,54.717598],[20.476137,54.717342],[20.476166,54.716958],[20.476174,54.716892]]}},{"type":"Feature","properties":{"kind":"road","name":"","osm":"way/111092768","highway":"footway","access":"","foot":""},"geometry":{"type":"LineString","coordinates":[[20.478242,54.717514],[20.478232,54.717396],[20.478181,54.717312],[20.478146,54.717239],[20.478132,54.717129],[20.478071,54.717062],[20.47795,54.717024],[20.47794,54.717004]]}},{"type":"Feature","properties":{"kind":"building","name":"","osm":"way/111092769"},"geometry":{"type":"Polygon","coordinates":[[[20.472066,54.717831],[20.471945,54.717905],[20.472054,54.717964],[20.472175,54.71789],[20.472066,54.717831]]]}},{"type":"Feature","properties":{"kind":"road","name":"","osm":"way/111092770","highway":"steps","access":"","foot":""},"geometry":{"type":"LineString","coordinates":[[20.477482,54.718026],[20.477692,54.717918],[20.47805,54.717731]]}},{"type":"Feature","properties":{"kind":"building","name":"","osm":"way/111092771"},"geometry":{"type":"Polygon","coordinates":[[[20.473094,54.718083],[20.472803,54.718082],[20.472801,54.718203],[20.473092,54.718204],[20.473094,54.718083]]]}},{"type":"Feature","properties":{"kind":"building","name":"","osm":"way/111092772"},"geometry":{"type":"Polygon","coordinates":[[[20.472898,54.718904],[20.472664,54.718903],[20.472663,54.718973],[20.472897,54.718973],[20.472898,54.718904]]]}},{"type":"Feature","properties":{"kind":"building","name":"вилла Либек","osm":"way/111092774"},"geometry":{"type":"Polygon","coordinates":[[[20.472842,54.717543],[20.472837,54.717673],[20.472906,54.717674],[20.472905,54.717693],[20.472999,54.717694],[20.473,54.717676],[20.473113,54.717677],[20.473119,54.717547],[20.472842,54.717543]]]}},{"type":"Feature","properties":{"kind":"building","name":"","osm":"way/111092775"},"geometry":{"type":"Polygon","coordinates":[[[20.473207,54.716348],[20.472974,54.716344],[20.472969,54.716462],[20.473201,54.716466],[20.473207,54.716348]]]}},{"type":"Feature","properties":{"kind":"building","name":"","osm":"way/113001636"},"geometry":{"type":"Polygon","coordinates":[[[20.459076,54.723163],[20.459027,54.723057],[20.458518,54.723136],[20.458567,54.723241],[20.458672,54.723225],[20.458966,54.72318],[20.459076,54.723163]]]}},{"type":"Feature","properties":{"kind":"building","name":"","osm":"way/113001637"},"geometry":{"type":"Polygon","coordinates":[[[20.457862,54.723451],[20.457713,54.723461],[20.457765,54.723731],[20.457914,54.723721],[20.457862,54.723451]]]}},{"type":"Feature","properties":{"kind":"building","name":"","osm":"way/114570195"},"geometry":{"type":"Polygon","coordinates":[[[20.474498,54.719791],[20.474484,54.719814],[20.474483,54.719839],[20.474496,54.719862],[20.47452,54.719882],[20.474554,54.719897],[20.474599,54.719905],[20.474646,54.719904],[20.47469,54.719894],[20.474725,54.719876],[20.474746,54.719852],[20.474753,54.719825],[20.474743,54.719798],[20.474718,54.719775],[20.474681,54.719758],[20.474641,54.719751],[20.474598,54.71975],[20.474558,54.719757],[20.474523,54.719771],[20.474498,54.719791]]]}},{"type":"Feature","properties":{"kind":"building","name":"","osm":"way/115321284"},"geometry":{"type":"Polygon","coordinates":[[[20.458349,54.713564],[20.45834,54.713667],[20.458496,54.713671],[20.458505,54.713569],[20.458349,54.713564]]]}},{"type":"Feature","properties":{"kind":"building","name":"","osm":"way/115321286"},"geometry":{"type":"Polygon","coordinates":[[[20.458673,54.713274],[20.458336,54.713269],[20.458332,54.713368],[20.458483,54.71337],[20.458479,54.713462],[20.458477,54.713491],[20.458662,54.713494],[20.458673,54.713274]]]}},{"type":"Feature","properties":{"kind":"building","name":"","osm":"way/116185872"},"geometry":{"type":"Polygon","coordinates":[[[20.464584,54.727131],[20.46494,54.727131],[20.464646,54.727053],[20.464584,54.727131]]]}},{"type":"Feature","properties":{"kind":"building","name":"","osm":"way/117266551"},"geometry":{"type":"Polygon","coordinates":[[[20.472322,54.719011],[20.472313,54.719158],[20.472486,54.719162],[20.472495,54.719014],[20.472322,54.719011]]]}},{"type":"Feature","properties":{"kind":"road","name":"","osm":"way/117328955","highway":"footway","access":"","foot":""},"geometry":{"type":"LineString","coordinates":[[20.46919,54.719556],[20.469311,54.71948]]}},{"type":"Feature","properties":{"kind":"building","name":"","osm":"way/117328956"},"geometry":{"type":"Polygon","coordinates":[[[20.471958,54.721669],[20.47196,54.721618],[20.47191,54.721618],[20.471911,54.721598],[20.471616,54.721594],[20.47161,54.72176],[20.471905,54.721764],[20.471906,54.721747],[20.471952,54.721747],[20.471954,54.721698],[20.471908,54.721697],[20.471909,54.721668],[20.471958,54.721669]]]}},{"type":"Feature","properties":{"kind":"road","name":"","osm":"way/122439280","highway":"footway","access":"","foot":""},"geometry":{"type":"LineString","coordinates":[[20.47511,54.717316],[20.476137,54.717342]]}},{"type":"Feature","properties":{"kind":"road","name":"","osm":"way/122439283","highway":"footway","access":"","foot":""},"geometry":{"type":"LineString","coordinates":[[20.475171,54.716744],[20.47511,54.717316],[20.475109,54.717356],[20.475035,54.718532],[20.475993,54.718594],[20.475976,54.718783],[20.475978,54.718834]]}},{"type":"Feature","properties":{"kind":"road","name":"","osm":"way/122439286","highway":"footway","access":"","foot":""},"geometry":{"type":"LineString","coordinates":[[20.476252,54.715793],[20.47523,54.715807]]}},{"type":"Feature","properties":{"kind":"road","name":"","osm":"way/122439290","highway":"footway","access":"","foot":""},"geometry":{"type":"LineString","coordinates":[[20.476349,54.718066],[20.476789,54.717745],[20.47685,54.717652],[20.476876,54.717494],[20.476845,54.7173],[20.476818,54.717133],[20.476728,54.71703]]}},{"type":"Feature","properties":{"kind":"road","name":"","osm":"way/122439291","highway":"footway","access":"","foot":""},"geometry":{"type":"LineString","coordinates":[[20.475223,54.715601],[20.475229,54.715651],[20.475231,54.715677],[20.47523,54.715807],[20.475209,54.716412]]}},{"type":"Feature","properties":{"kind":"building","name":"","osm":"way/122439294"},"geometry":{"type":"Polygon","coordinates":[[[20.475673,54.716139],[20.475681,54.715965],[20.475632,54.715965],[20.475638,54.715837],[20.475941,54.715842],[20.475935,54.71596],[20.475877,54.715959],[20.475869,54.716142],[20.475673,54.716139]]]}},{"type":"Feature","properties":{"kind":"road","name":"","osm":"way/122439296","highway":"footway","access":"","foot":""},"geometry":{"type":"LineString","coordinates":[[20.475366,54.716603],[20.476183,54.7166]]}},{"type":"Feature","properties":{"kind":"road","name":"","osm":"way/122439300","highway":"footway","access":"","foot":""},"geometry":{"type":"LineString","coordinates":[[20.475925,54.72003],[20.475951,54.719427],[20.475978,54.718834],[20.476052,54.718834]]}},{"type":"Feature","properties":{"kind":"road","name":"","osm":"way/122439302","highway":"footway","access":"","foot":""},"geometry":{"type":"LineString","coordinates":[[20.475171,54.716744],[20.4751,54.716722],[20.475059,54.716684],[20.475032,54.716616],[20.475029,54.716549],[20.475056,54.716477],[20.475098,54.716444],[20.475209,54.716412],[20.475313,54.716447],[20.475358,54.716509],[20.475363,54.716551],[20.475366,54.716603],[20.475354,54.716652],[20.475329,54.716704],[20.475272,54.716731],[20.475171,54.716744]]}},{"type":"Feature","properties":{"kind":"building","name":"","osm":"way/132075925"},"geometry":{"type":"Polygon","coordinates":[[[20.465642,54.724669],[20.465623,54.724773],[20.464784,54.724607],[20.464779,54.724717],[20.464574,54.724707],[20.464577,54.724659],[20.464581,54.724594],[20.464584,54.724522],[20.464669,54.724462],[20.464863,54.724503],[20.465058,54.724545],[20.465253,54.724586],[20.465447,54.724628],[20.465642,54.724669]]]}},{"type":"Feature","properties":{"kind":"building","name":"","osm":"way/132075926"},"geometry":{"type":"Polygon","coordinates":[[[20.467408,54.725051],[20.467603,54.725092],[20.467797,54.725133],[20.467992,54.725175],[20.468187,54.725216],[20.468381,54.725257],[20.468684,54.725324],[20.468869,54.725362],[20.469012,54.725391],[20.469123,54.725414],[20.46924,54.725437],[20.469355,54.725464],[20.469299,54.72574],[20.469123,54.725715],[20.469139,54.725633],[20.469155,54.725548],[20.467385,54.72515],[20.467408,54.725051]]]}},{"type":"Feature","properties":{"kind":"building","name":"","osm":"way/132075927"},"geometry":{"type":"Polygon","coordinates":[[[20.471501,54.725271],[20.471341,54.725267],[20.471336,54.725336],[20.471328,54.725458],[20.471321,54.725554],[20.471555,54.725603],[20.471788,54.725651],[20.472022,54.725699],[20.472256,54.725748],[20.47249,54.725796],[20.472502,54.725698],[20.472514,54.72565],[20.472522,54.725621],[20.472525,54.725585],[20.47253,54.72552],[20.472542,54.725385],[20.472551,54.725276],[20.472354,54.725279],[20.472354,54.725617],[20.472373,54.725616],[20.472367,54.725663],[20.471506,54.725479],[20.471501,54.725271]]]}},{"type":"Feature","properties":{"kind":"building","name":"","osm":"way/132075928"},"geometry":{"type":"Polygon","coordinates":[[[20.469841,54.725833],[20.46964,54.725808],[20.469681,54.725704],[20.469711,54.72562],[20.469755,54.725509],[20.469874,54.725535],[20.469988,54.725559],[20.470221,54.725612],[20.470454,54.725663],[20.470687,54.725714],[20.470807,54.725741],[20.47092,54.725765],[20.471039,54.725792],[20.471153,54.725817],[20.471386,54.725868],[20.471619,54.725919],[20.471852,54.725971],[20.472085,54.726022],[20.472319,54.726074],[20.472551,54.726124],[20.472603,54.726136],[20.472784,54.726176],[20.473017,54.726227],[20.47325,54.726278],[20.473483,54.726329],[20.473426,54.726461],[20.469911,54.725669],[20.469841,54.725833]]]}},{"type":"Feature","properties":{"kind":"building","name":"","osm":"way/132075929"},"geometry":{"type":"Polygon","coordinates":[[[20.463217,54.722794],[20.46349,54.722767],[20.46435,54.722683],[20.464357,54.722763],[20.464353,54.722825],[20.464342,54.723002],[20.464344,54.723034],[20.464303,54.723678],[20.464292,54.723831],[20.464283,54.72397],[20.464191,54.724031],[20.464055,54.724002],[20.463828,54.723954],[20.463601,54.723907],[20.463375,54.723859],[20.463184,54.723817],[20.463098,54.723779],[20.462993,54.723734],[20.463152,54.723561],[20.463188,54.723507],[20.463229,54.723414],[20.463246,54.723278],[20.463221,54.723182],[20.463162,54.72299],[20.463376,54.722977],[20.463408,54.723101],[20.463435,54.723279],[20.463425,54.723364],[20.463416,54.723455],[20.463381,54.723529],[20.463326,54.723609],[20.463254,54.723691],[20.464066,54.723877],[20.464082,54.72367],[20.464082,54.723624],[20.464091,54.723496],[20.464101,54.723342],[20.464111,54.723177],[20.464125,54.72303],[20.464129,54.722907],[20.464133,54.722839],[20.463865,54.722861],[20.463468,54.722895],[20.463251,54.722913],[20.463217,54.722794]]]}},{"type":"Feature","properties":{"kind":"building","name":"","osm":"way/132075930"},"geometry":{"type":"Polygon","coordinates":[[[20.462705,54.722952],[20.461861,54.723025],[20.461868,54.723076],[20.461887,54.723108],[20.462602,54.723469],[20.46265,54.723415],[20.462689,54.723357],[20.462698,54.723297],[20.462685,54.723233],[20.46265,54.723045],[20.462842,54.723016],[20.462906,54.723303],[20.462893,54.723377],[20.462864,54.723447],[20.462673,54.723639],[20.462566,54.7236],[20.462459,54.723562],[20.462292,54.723476],[20.462158,54.723407],[20.462039,54.723345],[20.461893,54.72327],[20.461772,54.723207],[20.461734,54.723185],[20.461695,54.723131],[20.461679,54.723083],[20.461654,54.722965],[20.461647,54.722923],[20.461974,54.72289],[20.462348,54.722853],[20.462698,54.722818],[20.462705,54.722952]]]}},{"type":"Feature","properties":{"kind":"building","name":"","osm":"way/132075931"},"geometry":{"type":"Polygon","coordinates":[[[20.460514,54.723082],[20.460492,54.722983],[20.460192,54.723005],[20.460214,54.723104],[20.460514,54.723082]]]}},{"type":"Feature","properties":{"kind":"building","name":"","osm":"way/132075932"},"geometry":{"type":"Polygon","coordinates":[[[20.463997,54.724393],[20.464025,54.72429],[20.463873,54.72426],[20.463727,54.724231],[20.463602,54.724206],[20.463453,54.724176],[20.463331,54.724152],[20.463256,54.724136],[20.463068,54.7241],[20.462944,54.724075],[20.462823,54.724051],[20.462668,54.724006],[20.462488,54.723941],[20.462359,54.723874],[20.462245,54.723815],[20.462109,54.723743],[20.461883,54.723625],[20.461706,54.723534],[20.46155,54.723452],[20.461355,54.723387],[20.461175,54.723337],[20.460971,54.723337],[20.460751,54.723342],[20.460742,54.723262],[20.460733,54.723183],[20.460719,54.723061],[20.460514,54.723082],[20.460611,54.723402],[20.460691,54.723462],[20.460926,54.723447],[20.461075,54.723447],[20.461265,54.723482],[20.461435,54.723572],[20.461789,54.723751],[20.462184,54.723961],[20.462563,54.724116],[20.463092,54.72423],[20.463997,54.724393]]]}},{"type":"Feature","properties":{"kind":"green","name":"парк Дуглас","osm":"way/132218092"},"geometry":{"type":"Polygon","coordinates":[[[20.466829,54.721399],[20.467105,54.721239],[20.467536,54.721103],[20.467365,54.720917],[20.467181,54.720884],[20.466569,54.720715],[20.466595,54.720629],[20.466474,54.720614],[20.465352,54.720475],[20.46524,54.720465],[20.465225,54.720555],[20.465163,54.720808],[20.46489,54.721206],[20.464782,54.721404],[20.464675,54.722351],[20.465008,54.722317],[20.464976,54.722187],[20.465088,54.722118],[20.465274,54.722074],[20.465169,54.721734],[20.465233,54.721728],[20.465121,54.72134],[20.465138,54.721324],[20.465771,54.721251],[20.465924,54.721354],[20.465943,54.721428],[20.466829,54.721399]]]}},{"type":"Feature","properties":{"kind":"building","name":"","osm":"way/132218093"},"geometry":{"type":"Polygon","coordinates":[[[20.465177,54.723266],[20.46519,54.723149],[20.466401,54.723196],[20.466387,54.723313],[20.46623,54.723307],[20.466034,54.723299],[20.465811,54.72329],[20.465587,54.723282],[20.465334,54.723272],[20.465177,54.723266]]]}},{"type":"Feature","properties":{"kind":"building","name":"","osm":"way/132218094"},"geometry":{"type":"Polygon","coordinates":[[[20.464507,54.719952],[20.464903,54.719967],[20.464914,54.719858],[20.464514,54.719848],[20.464507,54.719952]]]}},{"type":"Feature","properties":{"kind":"building","name":"","osm":"way/132218097"},"geometry":{"type":"Polygon","coordinates":[[[20.475662,54.726991],[20.475852,54.72704],[20.475968,54.72689],[20.475778,54.726841],[20.475662,54.726991]]]}},{"type":"Feature","properties":{"kind":"building","name":"","osm":"way/132218098"},"geometry":{"type":"Polygon","coordinates":[[[20.46749,54.72299],[20.467499,54.722797],[20.467067,54.722791],[20.467058,54.722983],[20.46749,54.72299]]]}},{"type":"Feature","properties":{"kind":"building","name":"","osm":"way/132218101"},"geometry":{"type":"Polygon","coordinates":[[[20.475987,54.727131],[20.476467,54.727131],[20.476484,54.727109],[20.476082,54.727006],[20.475987,54.727131]]]}},{"type":"Feature","properties":{"kind":"building","name":"","osm":"way/132218103"},"geometry":{"type":"Polygon","coordinates":[[[20.467667,54.724431],[20.467869,54.72444],[20.467883,54.724276],[20.467905,54.724013],[20.467924,54.723772],[20.467934,54.72367],[20.467737,54.723664],[20.467667,54.724431]]]}},{"type":"Feature","properties":{"kind":"building","name":"","osm":"way/132218104"},"geometry":{"type":"Polygon","coordinates":[[[20.465734,54.722477],[20.46574,54.722514],[20.465752,54.722579],[20.466873,54.722497],[20.466853,54.722388],[20.466654,54.722406],[20.466484,54.722418],[20.466178,54.72244],[20.465868,54.722467],[20.465734,54.722477]]]}},{"type":"Feature","properties":{"kind":"building","name":"","osm":"way/132218107"},"geometry":{"type":"Polygon","coordinates":[[[20.466584,54.723312],[20.466597,54.723207],[20.467483,54.723244],[20.46747,54.723349],[20.467253,54.72334],[20.466791,54.72332],[20.466584,54.723312]]]}},{"type":"Feature","properties":{"kind":"building","name":"","osm":"way/132218108"},"geometry":{"type":"Polygon","coordinates":[[[20.463735,54.720609],[20.464005,54.720613],[20.464013,54.720436],[20.463742,54.720432],[20.463735,54.720609]]]}},{"type":"Feature","properties":{"kind":"building","name":"","osm":"way/132218109"},"geometry":{"type":"Polygon","coordinates":[[[20.476562,54.727131],[20.476853,54.727131],[20.476607,54.72707],[20.476562,54.727131]]]}},{"type":"Feature","properties":{"kind":"building","name":"","osm":"way/132218110"},"geometry":{"type":"Polygon","coordinates":[[[20.465587,54.722592],[20.465608,54.722693],[20.465864,54.722673],[20.465842,54.722573],[20.465752,54.722579],[20.465587,54.722592]]]}},{"type":"Feature","properties":{"kind":"building","name":"","osm":"way/132218111"},"geometry":{"type":"Polygon","coordinates":[[[20.467401,54.723648],[20.467418,54.723534],[20.467807,54.723553],[20.467791,54.723667],[20.467737,54.723664],[20.467401,54.723648]]]}},{"type":"Feature","properties":{"kind":"building","name":"","osm":"way/132218113"},"geometry":{"type":"Polygon","coordinates":[[[20.464947,54.723256],[20.464762,54.723247],[20.464803,54.722693],[20.464858,54.722648],[20.465381,54.722598],[20.4654,54.722721],[20.465,54.722767],[20.464947,54.723256]]]}},{"type":"Feature","properties":{"kind":"building","name":"","osm":"way/132218114"},"geometry":{"type":"Polygon","coordinates":[[[20.467372,54.722443],[20.467781,54.722364],[20.46777,54.722479],[20.467953,54.722485],[20.46797,54.722314],[20.467977,54.722245],[20.467925,54.722227],[20.467332,54.722343],[20.467372,54.722443]]]}},{"type":"Feature","properties":{"kind":"building","name":"","osm":"way/132218115"},"geometry":{"type":"Polygon","coordinates":[[[20.46732,54.721535],[20.467572,54.721478],[20.467488,54.721354],[20.467518,54.721314],[20.467748,54.721262],[20.467656,54.721126],[20.467344,54.721196],[20.467212,54.721375],[20.46732,54.721535]]]}},{"type":"Feature","properties":{"kind":"building","name":"","osm":"way/132313592"},"geometry":{"type":"Polygon","coordinates":[[[20.47054,54.718399],[20.470724,54.718284],[20.470463,54.718144],[20.470279,54.71826],[20.47054,54.718399]]]}},{"type":"Feature","properties":{"kind":"building","name":"","osm":"way/132313593"},"geometry":{"type":"Polygon","coordinates":[[[20.470776,54.721689],[20.470683,54.721548],[20.470393,54.721612],[20.470486,54.721753],[20.470776,54.721689]]]}},{"type":"Feature","properties":{"kind":"building","name":"","osm":"way/132313594"},"geometry":{"type":"Polygon","coordinates":[[[20.47029,54.718619],[20.47046,54.718525],[20.470184,54.718391],[20.470027,54.718488],[20.47029,54.718619]]]}},{"type":"Feature","properties":{"kind":"building","name":"","osm":"way/132313595"},"geometry":{"type":"Polygon","coordinates":[[[20.469815,54.721402],[20.470044,54.721339],[20.469899,54.721205],[20.469665,54.721265],[20.469815,54.721402]]]}},{"type":"Feature","properties":{"kind":"building","name":"","osm":"way/132313596"},"geometry":{"type":"Polygon","coordinates":[[[20.470295,54.721315],[20.470558,54.721272],[20.470461,54.721073],[20.470198,54.721116],[20.470295,54.721315]]]}},{"type":"Feature","properties":{"kind":"building","name":"","osm":"way/132313597"},"geometry":{"type":"Polygon","coordinates":[[[20.469563,54.721097],[20.46971,54.721212],[20.469949,54.721108],[20.469808,54.72099],[20.469563,54.721097]]]}},{"type":"Feature","properties":{"kind":"building","name":"","osm":"way/132313598"},"geometry":{"type":"Polygon","coordinates":[[[20.469051,54.720702],[20.469218,54.720825],[20.469416,54.720739],[20.46924,54.720607],[20.469051,54.720702]]]}},{"type":"Feature","properties":{"kind":"building","name":"","osm":"way/132313599"},"geometry":{"type":"Polygon","coordinates":[[[20.469346,54.720923],[20.469461,54.721007],[20.469611,54.720934],[20.469501,54.720849],[20.469346,54.720923]]]}},{"type":"Feature","properties":{"kind":"building","name":"","osm":"way/132313600"},"geometry":{"type":"Polygon","coordinates":[[[20.466367,54.719398],[20.46615,54.7195],[20.466316,54.719617],[20.466533,54.719515],[20.466367,54.719398]]]}},{"type":"Feature","properties":{"kind":"building","name":"","osm":"way/132313601"},"geometry":{"type":"Polygon","coordinates":[[[20.466771,54.719285],[20.466541,54.719383],[20.4667,54.719507],[20.46693,54.719409],[20.466771,54.719285]]]}},{"type":"Feature","properties":{"kind":"building","name":"","osm":"way/132313602"},"geometry":{"type":"Polygon","coordinates":[[[20.469174,54.722017],[20.469121,54.721946],[20.468961,54.721983],[20.469018,54.722056],[20.469174,54.722017]]]}},{"type":"Feature","properties":{"kind":"building","name":"вилла Хаслингер","osm":"way/132313603"},"geometry":{"type":"Polygon","coordinates":[[[20.466595,54.718649],[20.466427,54.718775],[20.466626,54.718865],[20.466795,54.718739],[20.466595,54.718649]]]}},{"type":"Feature","properties":{"kind":"building","name":"","osm":"way/132313604"},"geometry":{"type":"Polygon","coordinates":[[[20.468187,54.71957],[20.468346,54.719577],[20.468369,54.719393],[20.468211,54.719386],[20.468187,54.71957]]]}},{"type":"Feature","properties":{"kind":"building","name":"","osm":"way/132313605"},"geometry":{"type":"Polygon","coordinates":[[[20.466181,54.71846],[20.466285,54.718371],[20.465897,54.718221],[20.465793,54.718311],[20.466181,54.71846]]]}},{"type":"Feature","properties":{"kind":"building","name":"","osm":"way/132313606"},"geometry":{"type":"Polygon","coordinates":[[[20.466229,54.718536],[20.466367,54.718591],[20.466509,54.718473],[20.466371,54.718418],[20.466229,54.718536]]]}},{"type":"Feature","properties":{"kind":"building","name":"","osm":"way/132313607"},"geometry":{"type":"Polygon","coordinates":[[[20.469247,54.721909],[20.469367,54.721878],[20.469447,54.721857],[20.469512,54.721884],[20.469602,54.721921],[20.469572,54.722061],[20.469383,54.72203],[20.469431,54.721943],[20.469284,54.721979],[20.469247,54.721909]]]}},{"type":"Feature","properties":{"kind":"building","name":"","osm":"way/132313608"},"geometry":{"type":"Polygon","coordinates":[[[20.467027,54.71925],[20.466804,54.719131],[20.46728,54.718824],[20.467691,54.719006],[20.467579,54.719085],[20.467423,54.719003],[20.467027,54.71925]]]}},{"type":"Feature","properties":{"kind":"building","name":"","osm":"way/132313609"},"geometry":{"type":"Polygon","coordinates":[[[20.468532,54.722259],[20.468354,54.722256],[20.468349,54.722115],[20.468529,54.722081],[20.468702,54.722046],[20.468773,54.722151],[20.468532,54.722198],[20.468532,54.722259]]]}},{"type":"Feature","properties":{"kind":"building","name":"","osm":"way/132313610"},"geometry":{"type":"Polygon","coordinates":[[[20.470028,54.721885],[20.470032,54.721696],[20.470283,54.721638],[20.470398,54.721775],[20.470253,54.721762],[20.470244,54.721854],[20.470327,54.721854],[20.470323,54.72193],[20.470019,54.721938],[20.470028,54.721885]]]}},{"type":"Feature","properties":{"kind":"building","name":"","osm":"way/132324898"},"geometry":{"type":"Polygon","coordinates":[[[20.460692,54.724382],[20.460804,54.724292],[20.460531,54.724178],[20.460419,54.724268],[20.460692,54.724382]]]}},{"type":"Feature","properties":{"kind":"building","name":"","osm":"way/133182653"},"geometry":{"type":"Polygon","coordinates":[[[20.463881,54.716834],[20.463953,54.716859],[20.464044,54.716784],[20.463853,54.716704],[20.463762,54.716781],[20.463773,54.716785],[20.463734,54.716819],[20.463846,54.716863],[20.463881,54.716834]]]}},{"type":"Feature","properties":{"kind":"building","name":"","osm":"way/133182654"},"geometry":{"type":"Polygon","coordinates":[[[20.464706,54.71715],[20.464508,54.717058],[20.464389,54.717144],[20.464587,54.717236],[20.464706,54.71715]]]}},{"type":"Feature","properties":{"kind":"building","name":"","osm":"way/133182655"},"geometry":{"type":"Polygon","coordinates":[[[20.465162,54.716081],[20.465152,54.716211],[20.465327,54.716215],[20.465336,54.716086],[20.465162,54.716081]]]}},{"type":"Feature","properties":{"kind":"building","name":"","osm":"way/133182656"},"geometry":{"type":"Polygon","coordinates":[[[20.465229,54.716985],[20.465105,54.716983],[20.465108,54.716929],[20.465007,54.716927],[20.464993,54.717084],[20.465224,54.717089],[20.465229,54.716985]]]}},{"type":"Feature","properties":{"kind":"building","name":"","osm":"way/133182657"},"geometry":{"type":"Polygon","coordinates":[[[20.463472,54.715808],[20.463301,54.715661],[20.463124,54.71573],[20.463295,54.715877],[20.463472,54.715808]]]}},{"type":"Feature","properties":{"kind":"building","name":"","osm":"way/133182658"},"geometry":{"type":"Polygon","coordinates":[[[20.465206,54.715883],[20.465197,54.716003],[20.465364,54.716007],[20.465373,54.715887],[20.465206,54.715883]]]}},{"type":"Feature","properties":{"kind":"building","name":"","osm":"way/133182659"},"geometry":{"type":"Polygon","coordinates":[[[20.465155,54.716285],[20.46515,54.716402],[20.465311,54.716404],[20.465315,54.716287],[20.465155,54.716285]]]}},{"type":"Feature","properties":{"kind":"building","name":"","osm":"way/133182660"},"geometry":{"type":"Polygon","coordinates":[[[20.465295,54.716499],[20.465122,54.716496],[20.465117,54.716618],[20.46529,54.71662],[20.465295,54.716499]]]}},{"type":"Feature","properties":{"kind":"building","name":"","osm":"way/133182661"},"geometry":{"type":"Polygon","coordinates":[[[20.46512,54.716701],[20.46511,54.716803],[20.465277,54.716808],[20.465286,54.716707],[20.46512,54.716701]]]}},{"type":"Feature","properties":{"kind":"building","name":"","osm":"way/133182662"},"geometry":{"type":"Polygon","coordinates":[[[20.463694,54.716003],[20.463342,54.716132],[20.463446,54.716226],[20.463661,54.716147],[20.463767,54.716226],[20.463909,54.716162],[20.463694,54.716003]]]}},{"type":"Feature","properties":{"kind":"building","name":"","osm":"way/133183861"},"geometry":{"type":"Polygon","coordinates":[[[20.460479,54.716889],[20.460353,54.716946],[20.460447,54.717015],[20.460573,54.716958],[20.460479,54.716889]]]}},{"type":"Feature","properties":{"kind":"building","name":"","osm":"way/133183862"},"geometry":{"type":"Polygon","coordinates":[[[20.464107,54.715313],[20.464034,54.715343],[20.463924,54.715385],[20.463877,54.715407],[20.464038,54.715539],[20.464268,54.715446],[20.464107,54.715313]]]}},{"type":"Feature","properties":{"kind":"building","name":"","osm":"way/133183863"},"geometry":{"type":"Polygon","coordinates":[[[20.464287,54.71579],[20.464431,54.715918],[20.464691,54.715821],[20.464547,54.715692],[20.464287,54.71579]]]}},{"type":"Feature","properties":{"kind":"building","name":"","osm":"way/133183865"},"geometry":{"type":"Polygon","coordinates":[[[20.461191,54.716516],[20.461269,54.716656],[20.461451,54.716622],[20.461373,54.716482],[20.461191,54.716516]]]}},{"type":"Feature","properties":{"kind":"building","name":"","osm":"way/133183866"},"geometry":{"type":"Polygon","coordinates":[[[20.460745,54.716792],[20.460567,54.716853],[20.460645,54.716929],[20.460823,54.716868],[20.460745,54.716792]]]}},{"type":"Feature","properties":{"kind":"building","name":"","osm":"way/133183867"},"geometry":{"type":"Polygon","coordinates":[[[20.46087,54.717593],[20.461086,54.717599],[20.461096,54.71747],[20.46088,54.717465],[20.46087,54.717593]]]}},{"type":"Feature","properties":{"kind":"building","name":"","osm":"way/133183868"},"geometry":{"type":"Polygon","coordinates":[[[20.460395,54.717327],[20.460239,54.717386],[20.46032,54.717458],[20.460476,54.717399],[20.460395,54.717327]]]}},{"type":"Feature","properties":{"kind":"building","name":"","osm":"way/133183869"},"geometry":{"type":"Polygon","coordinates":[[[20.458802,54.716756],[20.458824,54.716964],[20.458987,54.716958],[20.458981,54.716902],[20.458971,54.716805],[20.458965,54.71675],[20.458802,54.716756]]]}},{"type":"Feature","properties":{"kind":"building","name":"","osm":"way/133183870"},"geometry":{"type":"Polygon","coordinates":[[[20.458249,54.716879],[20.458263,54.717012],[20.458484,54.717004],[20.458471,54.716872],[20.458249,54.716879]]]}},{"type":"Feature","properties":{"kind":"building","name":"","osm":"way/133183871"},"geometry":{"type":"Polygon","coordinates":[[[20.45854,54.717211],[20.458532,54.7171],[20.458302,54.717105],[20.458311,54.717216],[20.45854,54.717211]]]}},{"type":"Feature","properties":{"kind":"building","name":"","osm":"way/133183872"},"geometry":{"type":"Polygon","coordinates":[[[20.46098,54.717223],[20.460846,54.717122],[20.460645,54.71721],[20.460779,54.717311],[20.46098,54.717223]]]}},{"type":"Feature","properties":{"kind":"building","name":"","osm":"way/133183873"},"geometry":{"type":"Polygon","coordinates":[[[20.463067,54.717545],[20.463061,54.717654],[20.46323,54.717657],[20.463236,54.717548],[20.463067,54.717545]]]}},{"type":"Feature","properties":{"kind":"building","name":"","osm":"way/133183874"},"geometry":{"type":"Polygon","coordinates":[[[20.464077,54.716042],[20.464295,54.715953],[20.464156,54.71584],[20.463938,54.715929],[20.464077,54.716042]]]}},{"type":"Feature","properties":{"kind":"building","name":"","osm":"way/133183875"},"geometry":{"type":"Polygon","coordinates":[[[20.460817,54.716589],[20.460947,54.716534],[20.460832,54.716444],[20.460703,54.716499],[20.460817,54.716589]]]}},{"type":"Feature","properties":{"kind":"building","name":"","osm":"way/133183876"},"geometry":{"type":"Polygon","coordinates":[[[20.458203,54.716577],[20.458217,54.716718],[20.458427,54.716711],[20.458413,54.71657],[20.458203,54.716577]]]}},{"type":"Feature","properties":{"kind":"building","name":"","osm":"way/133183877"},"geometry":{"type":"Polygon","coordinates":[[[20.464666,54.719625],[20.464939,54.719633],[20.464955,54.719441],[20.464681,54.719434],[20.464666,54.719625]]]}},{"type":"Feature","properties":{"kind":"building","name":"","osm":"way/133246305"},"geometry":{"type":"Polygon","coordinates":[[[20.467256,54.722474],[20.467236,54.722365],[20.467145,54.72237],[20.466853,54.722388],[20.466873,54.722497],[20.467256,54.722474]]]}},{"type":"Feature","properties":{"kind":"building","name":"","osm":"way/134194818"},"geometry":{"type":"Polygon","coordinates":[[[20.470996,54.722395],[20.470994,54.722425],[20.471171,54.722429],[20.47118,54.722276],[20.470887,54.72227],[20.470892,54.72219],[20.47073,54.722186],[20.470725,54.722267],[20.470708,54.722267],[20.470701,54.722389],[20.470996,54.722395]]]}},{"type":"Feature","properties":{"kind":"building","name":"","osm":"way/134194819"},"geometry":{"type":"Polygon","coordinates":[[[20.47131,54.721734],[20.471001,54.721732],[20.470999,54.721806],[20.471052,54.721806],[20.471051,54.721881],[20.470983,54.72188],[20.470981,54.721947],[20.4713,54.72195],[20.471301,54.721894],[20.471263,54.721894],[20.471264,54.721848],[20.471265,54.721819],[20.471309,54.721819],[20.47131,54.721734]]]}},{"type":"Feature","properties":{"kind":"building","name":"","osm":"way/134194843"},"geometry":{"type":"Polygon","coordinates":[[[20.47148,54.723547],[20.47148,54.723639],[20.471495,54.723639],[20.471495,54.723752],[20.471525,54.723752],[20.471525,54.723764],[20.47169,54.723764],[20.47169,54.723718],[20.471659,54.723718],[20.471659,54.723671],[20.472496,54.723658],[20.472497,54.723704],[20.472448,54.723704],[20.472448,54.723748],[20.47267,54.723746],[20.472667,54.723643],[20.472666,54.723589],[20.472664,54.723533],[20.472495,54.723534],[20.472495,54.72355],[20.472294,54.723553],[20.471903,54.72356],[20.471659,54.723563],[20.471659,54.723547],[20.47148,54.723547]]]}},{"type":"Feature","properties":{"kind":"building","name":"","osm":"way/134194848"},"geometry":{"type":"Polygon","coordinates":[[[20.476669,54.72124],[20.476522,54.721172],[20.476505,54.721184],[20.476469,54.721168],[20.476405,54.721215],[20.476441,54.721231],[20.476426,54.721242],[20.476574,54.721309],[20.476669,54.72124]]]}},{"type":"Feature","properties":{"kind":"building","name":"","osm":"way/134194851"},"geometry":{"type":"Polygon","coordinates":[[[20.47304,54.723808],[20.473266,54.72381],[20.473276,54.723532],[20.47305,54.72353],[20.473048,54.723591],[20.473043,54.72374],[20.47304,54.723808]]]}},{"type":"Feature","properties":{"kind":"building","name":"","osm":"way/134194852"},"geometry":{"type":"Polygon","coordinates":[[[20.474076,54.72457],[20.474077,54.724518],[20.473996,54.724517],[20.473998,54.724438],[20.474001,54.724278],[20.474003,54.724198],[20.474092,54.724199],[20.474093,54.72414],[20.473794,54.724138],[20.473784,54.724568],[20.474076,54.72457]]]}},{"type":"Feature","properties":{"kind":"building","name":"Чайка","osm":"way/134194859"},"geometry":{"type":"Polygon","coordinates":[[[20.47249,54.723211],[20.472414,54.723211],[20.472412,54.723322],[20.472676,54.723323],[20.472679,54.723103],[20.472492,54.723102],[20.47249,54.723211]]]}},{"type":"Feature","properties":{"kind":"building","name":"","osm":"way/134194863"},"geometry":{"type":"Polygon","coordinates":[[[20.472366,54.725122],[20.47223,54.725119],[20.472224,54.725199],[20.472361,54.725204],[20.472542,54.725207],[20.472551,54.725088],[20.472561,54.724955],[20.472572,54.724823],[20.472582,54.724691],[20.472591,54.724569],[20.472601,54.72443],[20.472611,54.7243],[20.472624,54.724137],[20.472638,54.723953],[20.472647,54.723837],[20.472464,54.723832],[20.472366,54.725122]]]}},{"type":"Feature","properties":{"kind":"building","name":"","osm":"way/135507315"},"geometry":{"type":"Polygon","coordinates":[[[20.459118,54.724422],[20.459118,54.724572],[20.459288,54.724571],[20.459289,54.72469],[20.459074,54.72469],[20.459075,54.72483],[20.458843,54.72483],[20.458842,54.724684],[20.458619,54.724685],[20.458618,54.72457],[20.458903,54.72457],[20.458903,54.724422],[20.459118,54.724422]]]}},{"type":"Feature","properties":{"kind":"green","name":"Парк Фюрстентайх","osm":"way/135507326"},"geometry":{"type":"Polygon","coordinates":[[[20.456736,54.727131],[20.456736,54.723604],[20.457305,54.723352],[20.45745,54.724257],[20.457439,54.724548],[20.457161,54.724607],[20.456736,54.72476],[20.456736,54.727131],[20.456736,54.727131]]]}},{"type":"Feature","properties":{"kind":"building","name":"","osm":"way/135507340"},"geometry":{"type":"Polygon","coordinates":[[[20.464343,54.726947],[20.464554,54.726954],[20.46466,54.725794],[20.46445,54.725788],[20.464442,54.725872],[20.464431,54.725993],[20.464419,54.726119],[20.464408,54.726243],[20.464397,54.726366],[20.464387,54.72647],[20.464377,54.726584],[20.464367,54.726693],[20.464355,54.726819],[20.464343,54.726947]]]}},{"type":"Feature","properties":{"kind":"building","name":"","osm":"way/135507342"},"geometry":{"type":"Polygon","coordinates":[[[20.45909,54.726928],[20.459293,54.726928],[20.459293,54.726815],[20.45909,54.726814],[20.45909,54.726928]]]}},{"type":"Feature","properties":{"kind":"building","name":"","osm":"way/135507344"},"geometry":{"type":"Polygon","coordinates":[[[20.470483,54.726654],[20.470575,54.726677],[20.470711,54.726714],[20.470794,54.726737],[20.470841,54.726672],[20.470858,54.726648],[20.470551,54.726567],[20.470531,54.726593],[20.470483,54.726654]]]}},{"type":"Feature","properties":{"kind":"building","name":"","osm":"way/135507347"},"geometry":{"type":"Polygon","coordinates":[[[20.456736,54.725224],[20.456865,54.725224],[20.456865,54.725118],[20.456736,54.725118],[20.456736,54.725224]]]}},{"type":"Feature","properties":{"kind":"building","name":"","osm":"way/135507357"},"geometry":{"type":"Polygon","coordinates":[[[20.471334,54.726869],[20.471409,54.726887],[20.47158,54.726929],[20.471661,54.726948],[20.471708,54.726882],[20.471724,54.726859],[20.471401,54.726782],[20.471383,54.726804],[20.471334,54.726869]]]}},{"type":"Feature","properties":{"kind":"building","name":"","osm":"way/135507362"},"geometry":{"type":"Polygon","coordinates":[[[20.456841,54.725502],[20.456869,54.725363],[20.456766,54.725356],[20.456737,54.725494],[20.456841,54.725502]]]}},{"type":"Feature","properties":{"kind":"building","name":"","osm":"way/135507363"},"geometry":{"type":"Polygon","coordinates":[[[20.461486,54.72511],[20.461704,54.725183],[20.461795,54.725092],[20.461577,54.725019],[20.461486,54.72511]]]}},{"type":"Feature","properties":{"kind":"building","name":"","osm":"way/135507365"},"geometry":{"type":"Polygon","coordinates":[[[20.47277,54.727131],[20.472549,54.727077],[20.47251,54.727131],[20.47277,54.727131]]]}},{"type":"Feature","properties":{"kind":"building","name":"","osm":"way/135507371"},"geometry":{"type":"Polygon","coordinates":[[[20.462389,54.72506],[20.46254,54.725096],[20.462615,54.724991],[20.462464,54.724955],[20.462389,54.72506]]]}},{"type":"Feature","properties":{"kind":"building","name":"","osm":"way/135507381"},"geometry":{"type":"Polygon","coordinates":[[[20.470841,54.726672],[20.470794,54.726737],[20.470777,54.726761],[20.470915,54.726795],[20.471067,54.726833],[20.471209,54.726866],[20.471316,54.726893],[20.471334,54.726869],[20.471383,54.726804],[20.470841,54.726672]]]}},{"type":"Feature","properties":{"kind":"building","name":"","osm":"way/135507385"},"geometry":{"type":"Polygon","coordinates":[[[20.461978,54.72491],[20.462138,54.724944],[20.462209,54.724833],[20.462049,54.724799],[20.461978,54.72491]]]}},{"type":"Feature","properties":{"kind":"building","name":"","osm":"way/135507398"},"geometry":{"type":"Polygon","coordinates":[[[20.463208,54.725496],[20.463692,54.725556],[20.463731,54.72545],[20.463612,54.725437],[20.463364,54.725407],[20.463247,54.725391],[20.463208,54.725496]]]}},{"type":"Feature","properties":{"kind":"building","name":"","osm":"way/135507401"},"geometry":{"type":"Polygon","coordinates":[[[20.457708,54.725286],[20.457892,54.725286],[20.457892,54.725072],[20.457708,54.725072],[20.457708,54.72512],[20.457708,54.725227],[20.457708,54.725286]]]}},{"type":"Feature","properties":{"kind":"building","name":"","osm":"way/135507402"},"geometry":{"type":"Polygon","coordinates":[[[20.471708,54.726882],[20.471661,54.726948],[20.471645,54.726971],[20.471746,54.726994],[20.471872,54.727024],[20.472021,54.72706],[20.472105,54.72708],[20.472123,54.727056],[20.472168,54.726992],[20.471708,54.726882]]]}},{"type":"Feature","properties":{"kind":"building","name":"ЧОУ \"Альбертина\"","osm":"way/135507411"},"geometry":{"type":"Polygon","coordinates":[[[20.461529,54.724773],[20.461771,54.724854],[20.461862,54.724763],[20.46162,54.724682],[20.461529,54.724773]]]}},{"type":"Feature","properties":{"kind":"building","name":"","osm":"way/135507415"},"geometry":{"type":"Polygon","coordinates":[[[20.457214,54.725729],[20.457214,54.725846],[20.457349,54.725846],[20.457349,54.725729],[20.457214,54.725729]]]}},{"type":"Feature","properties":{"kind":"building","name":"","osm":"way/135507424"},"geometry":{"type":"Polygon","coordinates":[[[20.457239,54.726223],[20.457404,54.726227],[20.457411,54.726113],[20.457246,54.726109],[20.457239,54.726223]]]}},{"type":"Feature","properties":{"kind":"building","name":"","osm":"way/135507427"},"geometry":{"type":"Polygon","coordinates":[[[20.457758,54.724877],[20.457917,54.724877],[20.457917,54.724742],[20.457758,54.724742],[20.457758,54.724877]]]}},{"type":"Feature","properties":{"kind":"building","name":"","osm":"way/135507430"},"geometry":{"type":"Polygon","coordinates":[[[20.457121,54.725391],[20.457391,54.725398],[20.457402,54.725267],[20.457132,54.72526],[20.457121,54.725391]]]}},{"type":"Feature","properties":{"kind":"building","name":"","osm":"way/135507435"},"geometry":{"type":"Polygon","coordinates":[[[20.460774,54.72481],[20.460926,54.724883],[20.461045,54.724802],[20.460894,54.72473],[20.460774,54.72481]]]}},{"type":"Feature","properties":{"kind":"building","name":"","osm":"way/135507438"},"geometry":{"type":"Polygon","coordinates":[[[20.457228,54.726429],[20.457381,54.726429],[20.457381,54.726312],[20.457228,54.726312],[20.457228,54.726429]]]}},{"type":"Feature","properties":{"kind":"building","name":"","osm":"way/135507441"},"geometry":{"type":"Polygon","coordinates":[[[20.46129,54.726633],[20.461615,54.726642],[20.461631,54.726452],[20.461306,54.726442],[20.46129,54.726633]]]}},{"type":"Feature","properties":{"kind":"building","name":"","osm":"way/135507447"},"geometry":{"type":"Polygon","coordinates":[[[20.460769,54.724424],[20.460907,54.724476],[20.461026,54.724369],[20.460888,54.724318],[20.460769,54.724424]]]}},{"type":"Feature","properties":{"kind":"building","name":"","osm":"way/135507448"},"geometry":{"type":"Polygon","coordinates":[[[20.469992,54.726564],[20.470106,54.726593],[20.470219,54.72662],[20.470338,54.726647],[20.470464,54.726678],[20.470483,54.726654],[20.470531,54.726593],[20.470054,54.726478],[20.470001,54.726552],[20.469992,54.726564]]]}},{"type":"Feature","properties":{"kind":"building","name":"","osm":"way/135507452"},"geometry":{"type":"Polygon","coordinates":[[[20.459127,54.72416],[20.459346,54.72416],[20.459346,54.724001],[20.459127,54.724001],[20.459127,54.72416]]]}},{"type":"Feature","properties":{"kind":"building","name":"","osm":"way/135507454"},"geometry":{"type":"Polygon","coordinates":[[[20.457224,54.726031],[20.457413,54.726038],[20.457424,54.725936],[20.457236,54.725929],[20.457224,54.726031]]]}},{"type":"Feature","properties":{"kind":"building","name":"","osm":"way/135507456"},"geometry":{"type":"Polygon","coordinates":[[[20.460503,54.724698],[20.460698,54.724777],[20.460812,54.724684],[20.460617,54.724605],[20.460503,54.724698]]]}},{"type":"Feature","properties":{"kind":"building","name":"","osm":"way/135507462"},"geometry":{"type":"Polygon","coordinates":[[[20.45827,54.725037],[20.458543,54.725039],[20.458547,54.72488],[20.458274,54.724877],[20.45827,54.725037]]]}},{"type":"Feature","properties":{"kind":"building","name":"","osm":"way/135507467"},"geometry":{"type":"Polygon","coordinates":[[[20.46011,54.72448],[20.460347,54.724572],[20.460442,54.72449],[20.460205,54.724398],[20.46011,54.72448]]]}},{"type":"Feature","properties":{"kind":"building","name":"","osm":"way/135507469"},"geometry":{"type":"Polygon","coordinates":[[[20.468578,54.727131],[20.468805,54.727131],[20.468852,54.727056],[20.468928,54.726934],[20.469003,54.726812],[20.469079,54.72669],[20.468878,54.726649],[20.468578,54.727131]]]}},{"type":"Feature","properties":{"kind":"building","name":"","osm":"way/135507473"},"geometry":{"type":"Polygon","coordinates":[[[20.46119,54.724994],[20.46137,54.725073],[20.461463,54.725003],[20.461284,54.724923],[20.46119,54.724994]]]}},{"type":"Feature","properties":{"kind":"building","name":"","osm":"way/135507487"},"geometry":{"type":"Polygon","coordinates":[[[20.457121,54.725185],[20.457377,54.725189],[20.457382,54.725086],[20.457126,54.725082],[20.457121,54.725185]]]}},{"type":"Feature","properties":{"kind":"building","name":"","osm":"way/135507488"},"geometry":{"type":"Polygon","coordinates":[[[20.459981,54.726623],[20.460145,54.726625],[20.460151,54.726505],[20.459987,54.726503],[20.459981,54.726623]]]}},{"type":"Feature","properties":{"kind":"building","name":"Строительный трест","osm":"way/135507492"},"geometry":{"type":"Polygon","coordinates":[[[20.457143,54.724961],[20.457394,54.724966],[20.457402,54.724836],[20.45715,54.724832],[20.457143,54.724961]]]}},{"type":"Feature","properties":{"kind":"building","name":"","osm":"way/135507496"},"geometry":{"type":"Polygon","coordinates":[[[20.458199,54.723373],[20.458481,54.723314],[20.458403,54.72319],[20.458328,54.723206],[20.458157,54.72324],[20.458121,54.723249],[20.458199,54.723373]]]}},{"type":"Feature","properties":{"kind":"building","name":"","osm":"way/135507498"},"geometry":{"type":"Polygon","coordinates":[[[20.457263,54.725647],[20.457463,54.725647],[20.457463,54.725448],[20.457263,54.725448],[20.457263,54.725647]]]}},{"type":"Feature","properties":{"kind":"building","name":"","osm":"way/135507503"},"geometry":{"type":"Polygon","coordinates":[[[20.468209,54.726913],[20.468251,54.726721],[20.46807,54.726708],[20.468028,54.7269],[20.468209,54.726913]]]}},{"type":"Feature","properties":{"kind":"building","name":"","osm":"way/135507505"},"geometry":{"type":"Polygon","coordinates":[[[20.459314,54.723847],[20.459461,54.723848],[20.459466,54.723712],[20.459318,54.72371],[20.459314,54.723847]]]}},{"type":"Feature","properties":{"kind":"building","name":"","osm":"way/135507511"},"geometry":{"type":"Polygon","coordinates":[[[20.461137,54.726248],[20.461701,54.726259],[20.46171,54.726109],[20.461146,54.726098],[20.461137,54.726248]]]}},{"type":"Feature","properties":{"kind":"building","name":"","osm":"way/135507513"},"geometry":{"type":"Polygon","coordinates":[[[20.459312,54.723589],[20.459537,54.72358],[20.45952,54.723444],[20.459295,54.723453],[20.459312,54.723589]]]}},{"type":"Feature","properties":{"kind":"building","name":"","osm":"way/135507514"},"geometry":{"type":"Polygon","coordinates":[[[20.456736,54.722955],[20.456909,54.722961],[20.456929,54.722881],[20.456911,54.722824],[20.456903,54.722794],[20.456837,54.722749],[20.456767,54.722714],[20.456736,54.722705],[20.456736,54.722955]]]}},{"type":"Feature","properties":{"kind":"building","name":"","osm":"way/135507516"},"geometry":{"type":"Polygon","coordinates":[[[20.459805,54.72605],[20.459788,54.726219],[20.459903,54.726224],[20.459924,54.726049],[20.459805,54.72605]]]}},{"type":"Feature","properties":{"kind":"building","name":"","osm":"way/135507521"},"geometry":{"type":"Polygon","coordinates":[[[20.461177,54.724597],[20.461327,54.724662],[20.461447,54.724569],[20.461296,54.724505],[20.461177,54.724597]]]}},{"type":"Feature","properties":{"kind":"building","name":"","osm":"way/135507523"},"geometry":{"type":"Polygon","coordinates":[[[20.467937,54.727131],[20.467942,54.72711],[20.467774,54.727096],[20.467765,54.727131],[20.467937,54.727131]]]}},{"type":"Feature","properties":{"kind":"building","name":"","osm":"way/135507524"},"geometry":{"type":"Polygon","coordinates":[[[20.457774,54.724665],[20.45792,54.724664],[20.457917,54.72453],[20.457772,54.724531],[20.457774,54.724665]]]}},{"type":"Feature","properties":{"kind":"building","name":"","osm":"way/135507525"},"geometry":{"type":"Polygon","coordinates":[[[20.459721,54.727061],[20.459857,54.727062],[20.459859,54.726969],[20.459723,54.726968],[20.459721,54.727023],[20.459721,54.727061]]]}},{"type":"Feature","properties":{"kind":"building","name":"","osm":"way/135507537"},"geometry":{"type":"Polygon","coordinates":[[[20.468404,54.726418],[20.468346,54.72651],[20.46864,54.726572],[20.46895,54.726636],[20.469008,54.726544],[20.468863,54.726513],[20.468704,54.72648],[20.468533,54.726444],[20.468404,54.726418]]]}},{"type":"Feature","properties":{"kind":"building","name":"","osm":"way/135507539"},"geometry":{"type":"Polygon","coordinates":[[[20.457744,54.723362],[20.458006,54.723323],[20.457961,54.723222],[20.4577,54.72326],[20.457744,54.723362]]]}},{"type":"Feature","properties":{"kind":"building","name":"","osm":"way/135507541"},"geometry":{"type":"Polygon","coordinates":[[[20.460293,54.727024],[20.460472,54.727029],[20.460476,54.726978],[20.461303,54.727002],[20.461292,54.727131],[20.461482,54.727131],[20.461503,54.726895],[20.460307,54.72686],[20.460293,54.727024]]]}},{"type":"Feature","properties":{"kind":"building","name":"","osm":"way/135507545"},"geometry":{"type":"Polygon","coordinates":[[[20.468052,54.727115],[20.468095,54.726913],[20.467932,54.726901],[20.467888,54.727103],[20.468052,54.727115]]]}},{"type":"Feature","properties":{"kind":"building","name":"","osm":"way/135507547"},"geometry":{"type":"Polygon","coordinates":[[[20.45777,54.727125],[20.45804,54.727125],[20.45804,54.72683],[20.457771,54.72683],[20.45777,54.727125]]]}},{"type":"Feature","properties":{"kind":"building","name":"","osm":"way/135507564"},"geometry":{"type":"Polygon","coordinates":[[[20.460287,54.72539],[20.461224,54.725392],[20.461225,54.725247],[20.460288,54.725245],[20.460287,54.72539]]]}},{"type":"Feature","properties":{"kind":"building","name":"","osm":"way/135507572"},"geometry":{"type":"Polygon","coordinates":[[[20.460478,54.726637],[20.460763,54.726636],[20.46076,54.726095],[20.460476,54.726095],[20.460478,54.726637]]]}},{"type":"Feature","properties":{"kind":"building","name":"","osm":"way/135507581"},"geometry":{"type":"Polygon","coordinates":[[[20.463719,54.727131],[20.463728,54.727011],[20.463486,54.727005],[20.463479,54.727102],[20.463477,54.727131],[20.463719,54.727131]]]}},{"type":"Feature","properties":{"kind":"building","name":"","osm":"way/135507585"},"geometry":{"type":"Polygon","coordinates":[[[20.45983,54.725932],[20.459995,54.725929],[20.460348,54.725929],[20.460728,54.725928],[20.460942,54.725927],[20.46094,54.7258],[20.459828,54.725804],[20.45983,54.725932]]]}},{"type":"Feature","properties":{"kind":"building","name":"","osm":"way/135507635"},"geometry":{"type":"Polygon","coordinates":[[[20.45973,54.725616],[20.459802,54.725616],[20.459871,54.725616],[20.459873,54.725452],[20.459808,54.725452],[20.459732,54.725452],[20.45973,54.725616]]]}},{"type":"Feature","properties":{"kind":"building","name":"","osm":"way/135507637"},"geometry":{"type":"Polygon","coordinates":[[[20.458731,54.726996],[20.45892,54.726996],[20.45892,54.726836],[20.458731,54.726836],[20.458731,54.726996]]]}},{"type":"Feature","properties":{"kind":"building","name":"","osm":"way/135507650"},"geometry":{"type":"Polygon","coordinates":[[[20.468247,54.726508],[20.468178,54.726706],[20.468358,54.726727],[20.468428,54.726531],[20.468247,54.726508]]]}},{"type":"Feature","properties":{"kind":"building","name":"","osm":"way/135507652"},"geometry":{"type":"Polygon","coordinates":[[[20.458682,54.727131],[20.458906,54.727131],[20.458906,54.727085],[20.458682,54.727085],[20.458682,54.727131]]]}},{"type":"Feature","properties":{"kind":"building","name":"","osm":"way/135507669"},"geometry":{"type":"Polygon","coordinates":[[[20.464029,54.726216],[20.464072,54.725601],[20.463803,54.725595],[20.463796,54.725692],[20.463787,54.725821],[20.463777,54.72598],[20.463766,54.726117],[20.46376,54.72621],[20.464029,54.726216]]]}},{"type":"Feature","properties":{"kind":"building","name":"","osm":"way/135507675"},"geometry":{"type":"Polygon","coordinates":[[[20.459766,54.725056],[20.459889,54.72506],[20.459899,54.724968],[20.459776,54.724963],[20.459766,54.725056]]]}},{"type":"Feature","properties":{"kind":"building","name":"","osm":"way/135507687"},"geometry":{"type":"Polygon","coordinates":[[[20.459412,54.725307],[20.459416,54.725031],[20.459352,54.725031],[20.459284,54.725031],[20.45928,54.725306],[20.459336,54.725306],[20.459412,54.725307]]]}},{"type":"Feature","properties":{"kind":"building","name":"","osm":"way/135507690"},"geometry":{"type":"Polygon","coordinates":[[[20.459789,54.724878],[20.459927,54.724881],[20.459932,54.724792],[20.459793,54.72479],[20.459789,54.724878]]]}},{"type":"Feature","properties":{"kind":"building","name":"","osm":"way/135507695"},"geometry":{"type":"Polygon","coordinates":[[[20.459101,54.727095],[20.459321,54.727095],[20.459321,54.727007],[20.459101,54.727006],[20.459101,54.727095]]]}},{"type":"Feature","properties":{"kind":"building","name":"","osm":"way/135507697"},"geometry":{"type":"Polygon","coordinates":[[[20.462548,54.725758],[20.462537,54.725901],[20.46319,54.725917],[20.463189,54.72599],[20.463344,54.725994],[20.463356,54.725778],[20.462548,54.725758]]]}},{"type":"Feature","properties":{"kind":"building","name":"","osm":"way/135507703"},"geometry":{"type":"Polygon","coordinates":[[[20.45975,54.725315],[20.459815,54.725315],[20.459873,54.725315],[20.459873,54.725154],[20.459805,54.725154],[20.45975,54.725154],[20.45975,54.725315]]]}},{"type":"Feature","properties":{"kind":"building","name":"","osm":"way/135507705"},"geometry":{"type":"Polygon","coordinates":[[[20.468483,54.726224],[20.468579,54.726245],[20.468777,54.726291],[20.468874,54.726313],[20.468933,54.726207],[20.468548,54.72612],[20.468483,54.726224]]]}},{"type":"Feature","properties":{"kind":"building","name":"","osm":"way/135507715"},"geometry":{"type":"Polygon","coordinates":[[[20.467014,54.725805],[20.467384,54.725885],[20.46749,54.725721],[20.467118,54.725644],[20.467014,54.725805]]]}},{"type":"Feature","properties":{"kind":"building","name":"","osm":"way/135507721"},"geometry":{"type":"Polygon","coordinates":[[[20.462783,54.725114],[20.462915,54.725135],[20.462948,54.725066],[20.462814,54.725046],[20.462783,54.725114]]]}},{"type":"Feature","properties":{"kind":"building","name":"","osm":"way/135507726"},"geometry":{"type":"Polygon","coordinates":[[[20.45779,54.725538],[20.457997,54.725538],[20.457997,54.725425],[20.45779,54.725425],[20.45779,54.725538]]]}},{"type":"Feature","properties":{"kind":"building","name":"","osm":"way/135507727"},"geometry":{"type":"Polygon","coordinates":[[[20.472123,54.727056],[20.472235,54.727081],[20.472407,54.727122],[20.472444,54.727131],[20.472505,54.727131],[20.472563,54.727048],[20.472189,54.726961],[20.472168,54.726992],[20.472123,54.727056]]]}},{"type":"Feature","properties":{"kind":"building","name":"","osm":"way/135507732"},"geometry":{"type":"Polygon","coordinates":[[[20.458668,54.72522],[20.458884,54.725222],[20.458887,54.72512],[20.458671,54.725118],[20.458668,54.72522]]]}},{"type":"Feature","properties":{"kind":"building","name":"","osm":"way/135507740"},"geometry":{"type":"Polygon","coordinates":[[[20.458613,54.72555],[20.458879,54.725552],[20.458883,54.725429],[20.458617,54.725427],[20.458613,54.72555]]]}},{"type":"Feature","properties":{"kind":"building","name":"","osm":"way/135507747"},"geometry":{"type":"Polygon","coordinates":[[[20.459766,54.724765],[20.459995,54.724762],[20.459988,54.724582],[20.459759,54.724585],[20.459766,54.724765]]]}},{"type":"Feature","properties":{"kind":"building","name":"Фридрисхофф","osm":"way/135507749"},"geometry":{"type":"Polygon","coordinates":[[[20.459023,54.72663],[20.459385,54.72663],[20.459385,54.726488],[20.459023,54.726487],[20.459023,54.72663]]]}},{"type":"Feature","properties":{"kind":"building","name":"","osm":"way/135507750"},"geometry":{"type":"Polygon","coordinates":[[[20.45925,54.725448],[20.459236,54.725541],[20.459408,54.72555],[20.459423,54.725457],[20.45925,54.725448]]]}},{"type":"Feature","properties":{"kind":"building","name":"","osm":"way/135507751"},"geometry":{"type":"Polygon","coordinates":[[[20.462157,54.72536],[20.463081,54.725478],[20.463123,54.725369],[20.463001,54.725353],[20.462199,54.72525],[20.462157,54.72536]]]}},{"type":"Feature","properties":{"kind":"building","name":"","osm":"way/135507753"},"geometry":{"type":"Polygon","coordinates":[[[20.46402,54.725014],[20.464164,54.725018],[20.464178,54.724841],[20.464034,54.724837],[20.46402,54.725014]]]}},{"type":"Feature","properties":{"kind":"building","name":"","osm":"way/135507757"},"geometry":{"type":"Polygon","coordinates":[[[20.45827,54.725552],[20.458513,54.725552],[20.458513,54.72542],[20.45827,54.72542],[20.45827,54.725552]]]}},{"type":"Feature","properties":{"kind":"building","name":"","osm":"way/135507765"},"geometry":{"type":"Polygon","coordinates":[[[20.468874,54.726313],[20.469045,54.726344],[20.469206,54.726374],[20.469366,54.726084],[20.46914,54.726042],[20.469039,54.726226],[20.468933,54.726207],[20.468874,54.726313]]]}},{"type":"Feature","properties":{"kind":"building","name":"","osm":"way/135507766"},"geometry":{"type":"Polygon","coordinates":[[[20.464161,54.725102],[20.46415,54.725288],[20.463912,54.725284],[20.463918,54.725188],[20.464022,54.72519],[20.464027,54.725099],[20.464161,54.725102]]]}},{"type":"Feature","properties":{"kind":"building","name":"Гимназия № 1 \"Малая гимназия\"","osm":"way/135507773"},"geometry":{"type":"Polygon","coordinates":[[[20.466375,54.725492],[20.466326,54.725567],[20.466531,54.725612],[20.466582,54.725534],[20.466728,54.725564],[20.466609,54.725746],[20.466118,54.725638],[20.466233,54.725464],[20.466375,54.725492]]]}},{"type":"Feature","properties":{"kind":"building","name":"","osm":"way/135507775"},"geometry":{"type":"Polygon","coordinates":[[[20.461798,54.725652],[20.461799,54.725459],[20.461381,54.725458],[20.461376,54.725614],[20.461375,54.725654],[20.461798,54.725652]]]}},{"type":"Feature","properties":{"kind":"green","name":"","osm":"way/135510681"},"geometry":{"type":"Polygon","coordinates":[[[20.456736,54.72322],[20.457072,54.723132],[20.457169,54.722675],[20.45729,54.722578],[20.457299,54.723073],[20.457281,54.723209],[20.456736,54.723415],[20.456736,54.721644],[20.456749,54.721647],[20.456794,54.722019],[20.457018,54.722476],[20.456958,54.722607],[20.456736,54.72261],[20.456736,54.72322]]]}},{"type":"Feature","properties":{"kind":"green","name":"","osm":"way/135510683"},"geometry":{"type":"Polygon","coordinates":[[[20.459279,54.722693],[20.459776,54.722754],[20.460028,54.722775],[20.459975,54.722648],[20.459841,54.722658],[20.459744,54.722456],[20.460248,54.722404],[20.460329,54.722605],[20.460155,54.722631],[20.460197,54.722766],[20.460425,54.722761],[20.460563,54.722752],[20.460648,54.722737],[20.460703,54.722673],[20.460667,54.722636],[20.460649,54.722595],[20.460586,54.722589],[20.460554,54.722551],[20.460484,54.722458],[20.460412,54.722357],[20.460302,54.722224],[20.459733,54.722328],[20.459487,54.722365],[20.459342,54.722193],[20.459232,54.722202],[20.459141,54.722069],[20.45906,54.721936],[20.458972,54.72195],[20.459004,54.72204],[20.458897,54.722164],[20.458608,54.722259],[20.458271,54.722252],[20.458068,54.722149],[20.457929,54.721955],[20.45797,54.721829],[20.458183,54.721694],[20.458479,54.72172],[20.458709,54.721753],[20.458769,54.72172],[20.458768,54.721491],[20.458596,54.721493],[20.458589,54.721436],[20.458564,54.721115],[20.458631,54.721104],[20.458605,54.720902],[20.45858,54.720811],[20.458757,54.7208],[20.458761,54.72074],[20.458708,54.720422],[20.457626,54.720395],[20.457556,54.721198],[20.457497,54.721937],[20.457507,54.722187],[20.457652,54.722321],[20.457829,54.722438],[20.458102,54.72249],[20.458639,54.722583],[20.459279,54.722693]]]}},{"type":"Feature","properties":{"kind":"building","name":"Церковь Воскресения","osm":"way/135510685"},"geometry":{"type":"Polygon","coordinates":[[[20.458924,54.722016],[20.458665,54.722019],[20.458616,54.7221],[20.458506,54.722137],[20.458322,54.722136],[20.458326,54.722018],[20.458428,54.722019],[20.458465,54.721966],[20.458428,54.721896],[20.458322,54.721886],[20.458356,54.72176],[20.458547,54.721778],[20.458628,54.721827],[20.458669,54.721892],[20.45892,54.721889],[20.458924,54.722016]]]}},{"type":"Feature","properties":{"kind":"building","name":"","osm":"way/135510694"},"geometry":{"type":"Polygon","coordinates":[[[20.457681,54.715637],[20.457685,54.715514],[20.457566,54.715513],[20.457562,54.715636],[20.457681,54.715637]]]}},{"type":"Feature","properties":{"kind":"building","name":"","osm":"way/135510699"},"geometry":{"type":"Polygon","coordinates":[[[20.459229,54.720392],[20.459409,54.720388],[20.459401,54.720266],[20.459221,54.72027],[20.459229,54.720392]]]}},{"type":"Feature","properties":{"kind":"building","name":"","osm":"way/135510705"},"geometry":{"type":"Polygon","coordinates":[[[20.459054,54.720601],[20.459291,54.720588],[20.459273,54.720475],[20.459036,54.720487],[20.459054,54.720601]]]}},{"type":"Feature","properties":{"kind":"building","name":"","osm":"way/135510711"},"geometry":{"type":"Polygon","coordinates":[[[20.459172,54.719812],[20.459425,54.7198],[20.459409,54.71969],[20.459156,54.719702],[20.459172,54.719812]]]}},{"type":"Feature","properties":{"kind":"building","name":"","osm":"way/135510716"},"geometry":{"type":"Polygon","coordinates":[[[20.456736,54.716465],[20.45675,54.716465],[20.45674,54.716378],[20.456736,54.716379],[20.456736,54.716465]]]}},{"type":"Feature","properties":{"kind":"building","name":"","osm":"way/135510732"},"geometry":{"type":"Polygon","coordinates":[[[20.458735,54.719173],[20.458934,54.719173],[20.458934,54.719034],[20.458735,54.719034],[20.458735,54.719173]]]}},{"type":"Feature","properties":{"kind":"building","name":"","osm":"way/135510742"},"geometry":{"type":"Polygon","coordinates":[[[20.458842,54.719499],[20.458997,54.719491],[20.458986,54.719416],[20.458831,54.719423],[20.458842,54.719499]]]}},{"type":"Feature","properties":{"kind":"building","name":"","osm":"way/135510751"},"geometry":{"type":"Polygon","coordinates":[[[20.458763,54.71485],[20.458885,54.714853],[20.458893,54.714749],[20.458771,54.714746],[20.458763,54.71485]]]}},{"type":"Feature","properties":{"kind":"building","name":"","osm":"way/135510755"},"geometry":{"type":"Polygon","coordinates":[[[20.458242,54.719197],[20.458377,54.71919],[20.458353,54.719043],[20.458218,54.71905],[20.458242,54.719197]]]}},{"type":"Feature","properties":{"kind":"building","name":"","osm":"way/135510773"},"geometry":{"type":"Polygon","coordinates":[[[20.459409,54.720764],[20.459586,54.720758],[20.45957,54.720595],[20.459393,54.720601],[20.459409,54.720764]]]}},{"type":"Feature","properties":{"kind":"building","name":"","osm":"way/135510780"},"geometry":{"type":"Polygon","coordinates":[[[20.458991,54.718176],[20.459145,54.718176],[20.459145,54.718128],[20.459142,54.718045],[20.459142,54.718004],[20.458988,54.718005],[20.458991,54.718176]]]}},{"type":"Feature","properties":{"kind":"building","name":"","osm":"way/135510784"},"geometry":{"type":"Polygon","coordinates":[[[20.45864,54.718728],[20.458792,54.718723],[20.45878,54.718596],[20.458627,54.7186],[20.45864,54.718728]]]}},{"type":"Feature","properties":{"kind":"building","name":"","osm":"way/135510790"},"geometry":{"type":"Polygon","coordinates":[[[20.459097,54.718851],[20.459223,54.718846],[20.459219,54.718809],[20.45921,54.718724],[20.4592,54.718637],[20.459195,54.718596],[20.459069,54.7186],[20.459097,54.718851]]]}},{"type":"Feature","properties":{"kind":"building","name":"","osm":"way/135510809"},"geometry":{"type":"Polygon","coordinates":[[[20.459155,54.719157],[20.459356,54.719152],[20.459344,54.718986],[20.459143,54.71899],[20.459155,54.719157]]]}},{"type":"Feature","properties":{"kind":"building","name":"","osm":"way/135510838"},"geometry":{"type":"Polygon","coordinates":[[[20.460038,54.721106],[20.460185,54.721084],[20.460166,54.721041],[20.46025,54.721028],[20.460215,54.720948],[20.460176,54.720953],[20.460127,54.72084],[20.460226,54.720826],[20.460171,54.7207],[20.45997,54.720729],[20.460003,54.720805],[20.459974,54.720809],[20.459999,54.720868],[20.460017,54.720909],[20.459991,54.720913],[20.460017,54.720973],[20.460031,54.721006],[20.459997,54.721011],[20.460038,54.721106]]]}},{"type":"Feature","properties":{"kind":"building","name":"","osm":"way/135510843"},"geometry":{"type":"Polygon","coordinates":[[[20.459029,54.720928],[20.459049,54.721034],[20.459241,54.721022],[20.459221,54.720915],[20.459029,54.720928]]]}},{"type":"Feature","properties":{"kind":"building","name":"","osm":"way/135510849"},"geometry":{"type":"Polygon","coordinates":[[[20.459041,54.721083],[20.459055,54.721157],[20.459251,54.721145],[20.459238,54.721071],[20.459041,54.721083]]]}},{"type":"Feature","properties":{"kind":"building","name":"","osm":"way/135510854"},"geometry":{"type":"Polygon","coordinates":[[[20.459924,54.720556],[20.4601,54.720548],[20.460075,54.720372],[20.459899,54.72038],[20.459924,54.720556]]]}},{"type":"Feature","properties":{"kind":"building","name":"","osm":"way/135510859"},"geometry":{"type":"Polygon","coordinates":[[[20.459105,54.717775],[20.458959,54.717776],[20.458965,54.717934],[20.459111,54.717933],[20.45911,54.717892],[20.459107,54.717813],[20.459105,54.717775]]]}},{"type":"Feature","properties":{"kind":"building","name":"","osm":"way/135510861"},"geometry":{"type":"Polygon","coordinates":[[[20.457522,54.716011],[20.457681,54.716011],[20.457681,54.715936],[20.457522,54.715936],[20.457522,54.716011]]]}},{"type":"Feature","properties":{"kind":"building","name":"","osm":"way/135510866"},"geometry":{"type":"Polygon","coordinates":[[[20.457144,54.71689],[20.457307,54.716886],[20.457301,54.716811],[20.457138,54.716815],[20.457144,54.71689]]]}},{"type":"Feature","properties":{"kind":"building","name":"","osm":"way/135510873"},"geometry":{"type":"Polygon","coordinates":[[[20.457132,54.716659],[20.457279,54.716655],[20.457271,54.716556],[20.457124,54.71656],[20.457132,54.716659]]]}},{"type":"Feature","properties":{"kind":"building","name":"","osm":"way/135510879"},"geometry":{"type":"Polygon","coordinates":[[[20.456911,54.720499],[20.457055,54.720509],[20.457077,54.720404],[20.456933,54.720394],[20.456911,54.720499]]]}},{"type":"Feature","properties":{"kind":"building","name":"","osm":"way/135510881"},"geometry":{"type":"Polygon","coordinates":[[[20.459757,54.721675],[20.45992,54.721644],[20.459875,54.721566],[20.459712,54.721598],[20.459757,54.721675]]]}},{"type":"Feature","properties":{"kind":"building","name":"","osm":"way/135510886"},"geometry":{"type":"Polygon","coordinates":[[[20.45728,54.719861],[20.457407,54.719867],[20.457424,54.719744],[20.457297,54.719738],[20.45728,54.719861]]]}},{"type":"Feature","properties":{"kind":"building","name":"","osm":"way/135510891"},"geometry":{"type":"Polygon","coordinates":[[[20.459515,54.721222],[20.459578,54.721336],[20.459757,54.721303],[20.459695,54.721189],[20.459515,54.721222]]]}},{"type":"Feature","properties":{"kind":"building","name":"","osm":"way/135510896"},"geometry":{"type":"Polygon","coordinates":[[[20.459139,54.721242],[20.459185,54.721348],[20.459299,54.721331],[20.459254,54.721226],[20.459139,54.721242]]]}},{"type":"Feature","properties":{"kind":"building","name":"","osm":"way/135510905"},"geometry":{"type":"Polygon","coordinates":[[[20.457844,54.72002],[20.458011,54.720024],[20.458016,54.71996],[20.457849,54.719957],[20.457844,54.72002]]]}},{"type":"Feature","properties":{"kind":"building","name":"","osm":"way/135510912"},"geometry":{"type":"Polygon","coordinates":[[[20.457538,54.716417],[20.457725,54.716419],[20.457729,54.716283],[20.457542,54.716282],[20.457538,54.716417]]]}},{"type":"Feature","properties":{"kind":"building","name":"","osm":"way/135510915"},"geometry":{"type":"Polygon","coordinates":[[[20.457052,54.721337],[20.45732,54.721349],[20.457335,54.721229],[20.457068,54.721218],[20.457052,54.721337]]]}},{"type":"Feature","properties":{"kind":"building","name":"","osm":"way/135510916"},"geometry":{"type":"Polygon","coordinates":[[[20.456905,54.718036],[20.457078,54.718029],[20.457062,54.717882],[20.456889,54.717888],[20.456905,54.718036]]]}},{"type":"Feature","properties":{"kind":"building","name":"","osm":"way/135510920"},"geometry":{"type":"Polygon","coordinates":[[[20.458496,54.717809],[20.458687,54.717793],[20.45867,54.717726],[20.458479,54.717742],[20.458496,54.717809]]]}},{"type":"Feature","properties":{"kind":"building","name":"","osm":"way/135510924"},"geometry":{"type":"Polygon","coordinates":[[[20.457148,54.71893],[20.457303,54.718929],[20.4573,54.718786],[20.457144,54.718787],[20.457148,54.71893]]]}},{"type":"Feature","properties":{"kind":"building","name":"","osm":"way/135510927"},"geometry":{"type":"Polygon","coordinates":[[[20.457141,54.720763],[20.457319,54.720766],[20.457324,54.720664],[20.457146,54.720661],[20.457141,54.720763]]]}},{"type":"Feature","properties":{"kind":"building","name":"","osm":"way/135510966"},"geometry":{"type":"Polygon","coordinates":[[[20.460235,54.721361],[20.460427,54.721336],[20.46039,54.721242],[20.460198,54.721267],[20.460235,54.721361]]]}},{"type":"Feature","properties":{"kind":"building","name":"","osm":"way/135510980"},"geometry":{"type":"Polygon","coordinates":[[[20.456977,54.71831],[20.457124,54.718302],[20.457107,54.718198],[20.45696,54.718206],[20.456977,54.71831]]]}},{"type":"Feature","properties":{"kind":"building","name":"","osm":"way/135510998"},"geometry":{"type":"Polygon","coordinates":[[[20.457534,54.715836],[20.457685,54.715832],[20.457677,54.71573],[20.457526,54.715733],[20.457534,54.715836]]]}},{"type":"Feature","properties":{"kind":"building","name":"","osm":"way/135511022"},"geometry":{"type":"Polygon","coordinates":[[[20.457856,54.719535],[20.458063,54.719531],[20.458058,54.719452],[20.457851,54.719456],[20.457856,54.719535]]]}},{"type":"Feature","properties":{"kind":"building","name":"","osm":"way/135511065"},"geometry":{"type":"Polygon","coordinates":[[[20.460664,54.722158],[20.460874,54.722104],[20.460739,54.721928],[20.460529,54.721982],[20.460664,54.722158]]]}},{"type":"Feature","properties":{"kind":"building","name":"","osm":"way/135511077"},"geometry":{"type":"Polygon","coordinates":[[[20.461019,54.72235],[20.461235,54.722302],[20.461162,54.722191],[20.460946,54.722239],[20.461019,54.72235]]]}},{"type":"Feature","properties":{"kind":"building","name":"","osm":"way/135511094"},"geometry":{"type":"Polygon","coordinates":[[[20.460402,54.721765],[20.460607,54.72175],[20.460587,54.721657],[20.460382,54.721671],[20.460402,54.721765]]]}},{"type":"Feature","properties":{"kind":"building","name":"","osm":"way/135511105"},"geometry":{"type":"Polygon","coordinates":[[[20.458093,54.715147],[20.458089,54.715187],[20.458086,54.715214],[20.458081,54.715254],[20.458304,54.715262],[20.458316,54.715154],[20.458093,54.715147]]]}},{"type":"Feature","properties":{"kind":"building","name":"","osm":"way/135511111"},"geometry":{"type":"Polygon","coordinates":[[[20.458023,54.718966],[20.458254,54.71895],[20.458236,54.718863],[20.458005,54.718878],[20.458023,54.718966]]]}},{"type":"Feature","properties":{"kind":"building","name":"","osm":"way/135511112"},"geometry":{"type":"Polygon","coordinates":[[[20.458043,54.715936],[20.458159,54.715934],[20.458155,54.715819],[20.458039,54.71582],[20.458043,54.715936]]]}},{"type":"Feature","properties":{"kind":"building","name":"","osm":"way/135511119"},"geometry":{"type":"Polygon","coordinates":[[[20.457068,54.71938],[20.457247,54.719372],[20.45724,54.719313],[20.457061,54.719321],[20.457068,54.71938]]]}},{"type":"Feature","properties":{"kind":"building","name":"","osm":"way/135511121"},"geometry":{"type":"Polygon","coordinates":[[[20.458118,54.715585],[20.458113,54.715677],[20.458312,54.715681],[20.458317,54.715589],[20.458118,54.715585]]]}},{"type":"Feature","properties":{"kind":"building","name":"","osm":"way/135511125"},"geometry":{"type":"Polygon","coordinates":[[[20.457239,54.719149],[20.457446,54.719137],[20.457431,54.719048],[20.457224,54.71906],[20.457239,54.719149]]]}},{"type":"Feature","properties":{"kind":"building","name":"","osm":"way/135511129"},"geometry":{"type":"Polygon","coordinates":[[[20.457084,54.716206],[20.457208,54.716206],[20.457208,54.716003],[20.457084,54.716003],[20.457084,54.716058],[20.457084,54.716109],[20.457084,54.716145],[20.457084,54.716183],[20.457084,54.716206]]]}},{"type":"Feature","properties":{"kind":"building","name":"","osm":"way/135511134"},"geometry":{"type":"Polygon","coordinates":[[[20.457844,54.719336],[20.457994,54.71934],[20.458002,54.719237],[20.457852,54.719233],[20.457844,54.719336]]]}},{"type":"Feature","properties":{"kind":"building","name":"","osm":"way/135511150"},"geometry":{"type":"Polygon","coordinates":[[[20.459939,54.722221],[20.460189,54.72217],[20.460094,54.722],[20.459427,54.722131],[20.459559,54.722312],[20.459751,54.722278],[20.459702,54.722199],[20.4599,54.722158],[20.459939,54.722221]]]}},{"type":"Feature","properties":{"kind":"building","name":"","osm":"way/135511158"},"geometry":{"type":"Polygon","coordinates":[[[20.459363,54.719452],[20.45936,54.719408],[20.459349,54.719264],[20.459347,54.719237],[20.45923,54.71924],[20.459246,54.719454],[20.459363,54.719452]]]}},{"type":"Feature","properties":{"kind":"building","name":"","osm":"way/135511167"},"geometry":{"type":"Polygon","coordinates":[[[20.45788,54.718815],[20.457836,54.718636],[20.457753,54.718643],[20.457714,54.718646],[20.457758,54.718825],[20.457802,54.718821],[20.45788,54.718815]]]}},{"type":"Feature","properties":{"kind":"building","name":"","osm":"way/135511173"},"geometry":{"type":"Polygon","coordinates":[[[20.457836,54.719113],[20.457943,54.719105],[20.457923,54.719018],[20.457816,54.719026],[20.457836,54.719113]]]}},{"type":"Feature","properties":{"kind":"building","name":"","osm":"way/135511183"},"geometry":{"type":"Polygon","coordinates":[[[20.456736,54.716659],[20.456738,54.716659],[20.456736,54.716636],[20.456736,54.716659]]]}},{"type":"Feature","properties":{"kind":"building","name":"","osm":"way/135511184"},"geometry":{"type":"Polygon","coordinates":[[[20.459834,54.720166],[20.459869,54.720319],[20.460142,54.720299],[20.460108,54.720145],[20.459834,54.720166]]]}},{"type":"Feature","properties":{"kind":"building","name":"","osm":"way/135511233"},"geometry":{"type":"Polygon","coordinates":[[[20.459438,54.720866],[20.45945,54.720935],[20.459662,54.720923],[20.45965,54.720854],[20.459438,54.720866]]]}},{"type":"Feature","properties":{"kind":"building","name":"","osm":"way/135511238"},"geometry":{"type":"Polygon","coordinates":[[[20.45861,54.718525],[20.458821,54.718512],[20.458797,54.718387],[20.458587,54.7184],[20.45861,54.718525]]]}},{"type":"Feature","properties":{"kind":"building","name":"","osm":"way/135511269"},"geometry":{"type":"Polygon","coordinates":[[[20.457073,54.721082],[20.457231,54.721085],[20.457235,54.720985],[20.457078,54.720983],[20.457073,54.721082]]]}},{"type":"Feature","properties":{"kind":"building","name":"","osm":"way/135511293"},"geometry":{"type":"Polygon","coordinates":[[[20.458498,54.718322],[20.45864,54.718319],[20.458616,54.717997],[20.458475,54.718],[20.458498,54.718322]]]}},{"type":"Feature","properties":{"kind":"building","name":"","osm":"way/135511295"},"geometry":{"type":"Polygon","coordinates":[[[20.457259,54.716449],[20.457263,54.716341],[20.457128,54.716339],[20.457124,54.716447],[20.457259,54.716449]]]}},{"type":"Feature","properties":{"kind":"building","name":"","osm":"way/135511307"},"geometry":{"type":"Polygon","coordinates":[[[20.459295,54.721749],[20.459508,54.721705],[20.45943,54.721579],[20.459217,54.721622],[20.459295,54.721749]]]}},{"type":"Feature","properties":{"kind":"building","name":"","osm":"way/135511316"},"geometry":{"type":"Polygon","coordinates":[[[20.459691,54.721549],[20.459896,54.721517],[20.459839,54.721394],[20.459634,54.721426],[20.459691,54.721549]]]}},{"type":"Feature","properties":{"kind":"building","name":"","osm":"way/135511331"},"geometry":{"type":"Polygon","coordinates":[[[20.459413,54.720997],[20.459427,54.721124],[20.459652,54.721116],[20.459638,54.720989],[20.459413,54.720997]]]}},{"type":"Feature","properties":{"kind":"building","name":"","osm":"way/135511341"},"geometry":{"type":"Polygon","coordinates":[[[20.458317,54.719877],[20.458545,54.719875],[20.458541,54.719759],[20.458313,54.719762],[20.458317,54.719877]]]}},{"type":"Feature","properties":{"kind":"building","name":"","osm":"way/135511345"},"geometry":{"type":"Polygon","coordinates":[[[20.457617,54.716631],[20.45778,54.71663],[20.457777,54.716507],[20.457613,54.716508],[20.457617,54.716631]]]}},{"type":"Feature","properties":{"kind":"building","name":"","osm":"way/135511350"},"geometry":{"type":"Polygon","coordinates":[[[20.457136,54.720251],[20.457404,54.720268],[20.457428,54.720141],[20.45716,54.720124],[20.457136,54.720251]]]}},{"type":"Feature","properties":{"kind":"building","name":"","osm":"way/135511353"},"geometry":{"type":"Polygon","coordinates":[[[20.457633,54.716834],[20.4578,54.716834],[20.4578,54.716735],[20.457633,54.716735],[20.457633,54.716834]]]}},{"type":"Feature","properties":{"kind":"building","name":"","osm":"way/135511359"},"geometry":{"type":"Polygon","coordinates":[[[20.457506,54.716222],[20.457701,54.716226],[20.457705,54.71615],[20.457511,54.716146],[20.457506,54.716222]]]}},{"type":"Feature","properties":{"kind":"building","name":"","osm":"way/135511362"},"geometry":{"type":"Polygon","coordinates":[[[20.4603,54.721602],[20.460529,54.721571],[20.460488,54.721469],[20.460259,54.7215],[20.4603,54.721602]]]}},{"type":"Feature","properties":{"kind":"building","name":"","osm":"way/135511372"},"geometry":{"type":"Polygon","coordinates":[[[20.45963,54.721916],[20.45956,54.721773],[20.459311,54.721814],[20.45938,54.721957],[20.45963,54.721916]]]}},{"type":"Feature","properties":{"kind":"building","name":"","osm":"way/135511378"},"geometry":{"type":"Polygon","coordinates":[[[20.459961,54.721843],[20.459924,54.72172],[20.459737,54.721739],[20.459774,54.721862],[20.459961,54.721843]]]}},{"type":"Feature","properties":{"kind":"building","name":"","osm":"way/135511385"},"geometry":{"type":"Polygon","coordinates":[[[20.459172,54.721545],[20.459389,54.721516],[20.459354,54.721429],[20.459138,54.721458],[20.459172,54.721545]]]}},{"type":"Feature","properties":{"kind":"building","name":"","osm":"way/135511398"},"geometry":{"type":"Polygon","coordinates":[[[20.45825,54.719547],[20.45848,54.719535],[20.458466,54.719445],[20.458236,54.719456],[20.45825,54.719547]]]}},{"type":"Feature","properties":{"kind":"building","name":"","osm":"way/135511403"},"geometry":{"type":"Polygon","coordinates":[[[20.457836,54.719873],[20.458007,54.719865],[20.457995,54.719779],[20.457824,54.719787],[20.457836,54.719873]]]}},{"type":"Feature","properties":{"kind":"building","name":"","osm":"way/135511409"},"geometry":{"type":"Polygon","coordinates":[[[20.457315,54.719603],[20.457462,54.719595],[20.457452,54.719532],[20.457305,54.71954],[20.457315,54.719603]]]}},{"type":"Feature","properties":{"kind":"building","name":"","osm":"way/135511413"},"geometry":{"type":"Polygon","coordinates":[[[20.457601,54.717109],[20.457796,54.717105],[20.457788,54.716962],[20.457593,54.716966],[20.457601,54.717109]]]}},{"type":"Feature","properties":{"kind":"building","name":"","osm":"way/135511419"},"geometry":{"type":"Polygon","coordinates":[[[20.458385,54.720235],[20.458639,54.720238],[20.458643,54.720115],[20.458389,54.720112],[20.458385,54.720235]]]}},{"type":"Feature","properties":{"kind":"building","name":"","osm":"way/135511421"},"geometry":{"type":"Polygon","coordinates":[[[20.456802,54.717534],[20.456945,54.717526],[20.456931,54.717443],[20.456788,54.717451],[20.456802,54.717534]]]}},{"type":"Feature","properties":{"kind":"building","name":"","osm":"way/135511426"},"geometry":{"type":"Polygon","coordinates":[[[20.460488,54.721876],[20.46066,54.721851],[20.460629,54.721779],[20.460457,54.721804],[20.460488,54.721876]]]}},{"type":"Feature","properties":{"kind":"building","name":"","osm":"way/135511430"},"geometry":{"type":"Polygon","coordinates":[[[20.456736,54.717897],[20.456742,54.717896],[20.456736,54.717878],[20.456736,54.717897]]]}},{"type":"Feature","properties":{"kind":"building","name":"","osm":"way/135511440"},"geometry":{"type":"Polygon","coordinates":[[[20.459303,54.720192],[20.459504,54.720181],[20.459459,54.719915],[20.459258,54.719926],[20.459269,54.719993],[20.459294,54.720143],[20.459303,54.720192]]]}},{"type":"Feature","properties":{"kind":"building","name":"","osm":"way/135511450"},"geometry":{"type":"Polygon","coordinates":[[[20.457371,54.719479],[20.457498,54.719478],[20.457494,54.71937],[20.457367,54.719372],[20.457371,54.719479]]]}},{"type":"Feature","properties":{"kind":"building","name":"","osm":"way/135511453"},"geometry":{"type":"Polygon","coordinates":[[[20.456736,54.716853],[20.456739,54.71682],[20.456736,54.71682],[20.456736,54.716853]]]}},{"type":"Feature","properties":{"kind":"building","name":"","osm":"way/147394761"},"geometry":{"type":"Polygon","coordinates":[[[20.471643,54.720241],[20.471643,54.720323],[20.471836,54.720323],[20.471836,54.720241],[20.471643,54.720241]]]}},{"type":"Feature","properties":{"kind":"building","name":"","osm":"way/147394762"},"geometry":{"type":"Polygon","coordinates":[[[20.471635,54.719823],[20.471635,54.719933],[20.471875,54.719935],[20.471866,54.719827],[20.471635,54.719823]]]}},{"type":"Feature","properties":{"kind":"building","name":"","osm":"way/147394763"},"geometry":{"type":"Polygon","coordinates":[[[20.472259,54.719966],[20.47225,54.720157],[20.472446,54.720161],[20.472456,54.719969],[20.472259,54.719966]]]}},{"type":"Feature","properties":{"kind":"building","name":"","osm":"way/147394764"},"geometry":{"type":"Polygon","coordinates":[[[20.471637,54.719674],[20.471635,54.719737],[20.471877,54.719737],[20.471874,54.719673],[20.471637,54.719674]]]}},{"type":"Feature","properties":{"kind":"building","name":"","osm":"way/147394765"},"geometry":{"type":"Polygon","coordinates":[[[20.47242,54.719764],[20.47241,54.719941],[20.472605,54.719945],[20.472614,54.719767],[20.47242,54.719764]]]}},{"type":"Feature","properties":{"kind":"building","name":"","osm":"way/147394766"},"geometry":{"type":"Polygon","coordinates":[[[20.471674,54.720039],[20.471674,54.720121],[20.471867,54.720121],[20.471867,54.720039],[20.471674,54.720039]]]}},{"type":"Feature","properties":{"kind":"building","name":"","osm":"way/147394767"},"geometry":{"type":"Polygon","coordinates":[[[20.472297,54.719541],[20.472287,54.719727],[20.472483,54.71973],[20.472492,54.719544],[20.472297,54.719541]]]}},{"type":"Feature","properties":{"kind":"building","name":"","osm":"way/147518073"},"geometry":{"type":"Polygon","coordinates":[[[20.466714,54.719744],[20.466826,54.719747],[20.466836,54.719604],[20.466724,54.719601],[20.466714,54.719744]]]}},{"type":"Feature","properties":{"kind":"building","name":"","osm":"way/148744737"},"geometry":{"type":"Polygon","coordinates":[[[20.465956,54.725974],[20.466005,54.725895],[20.466155,54.725928],[20.466355,54.725967],[20.46645,54.725985],[20.466373,54.726078],[20.465956,54.725974]]]}},{"type":"Feature","properties":{"kind":"building","name":"","osm":"way/148744738"},"geometry":{"type":"Polygon","coordinates":[[[20.464744,54.725715],[20.465956,54.725974],[20.466005,54.725895],[20.465848,54.725864],[20.465598,54.72581],[20.465336,54.725753],[20.46509,54.7257],[20.464877,54.725654],[20.464795,54.725636],[20.464744,54.725715]]]}},{"type":"Feature","properties":{"kind":"building","name":"Марципановый домик","osm":"way/149095709"},"geometry":{"type":"Polygon","coordinates":[[[20.476184,54.720154],[20.476264,54.720154],[20.476264,54.720089],[20.476184,54.720089],[20.476184,54.720154]]]}},{"type":"Feature","properties":{"kind":"building","name":"","osm":"way/149118475"},"geometry":{"type":"Polygon","coordinates":[[[20.456736,54.712064],[20.456753,54.712066],[20.456842,54.712071],[20.456868,54.711936],[20.456811,54.711932],[20.456736,54.711927],[20.456736,54.712064]]]}},{"type":"Feature","properties":{"kind":"building","name":"","osm":"way/149118485"},"geometry":{"type":"Polygon","coordinates":[[[20.456736,54.712178],[20.456736,54.712256],[20.456864,54.712267],[20.456927,54.712272],[20.456946,54.712196],[20.456736,54.712178]]]}},{"type":"Feature","properties":{"kind":"road","name":"улица Ермака","osm":"way/149550317","highway":"residential","access":"","foot":""},"geometry":{"type":"LineString","coordinates":[[20.47638,54.720304],[20.476416,54.720332],[20.476449,54.720364],[20.47646,54.720382],[20.476475,54.7204],[20.476484,54.720426]]}},{"type":"Feature","properties":{"kind":"building","name":"","osm":"way/150447666"},"geometry":{"type":"Polygon","coordinates":[[[20.468548,54.72612],[20.467676,54.725923],[20.467604,54.726024],[20.467701,54.726047],[20.467912,54.726094],[20.468174,54.726154],[20.468346,54.726193],[20.468483,54.726224],[20.468548,54.72612]]]}},{"type":"Feature","properties":{"kind":"building","name":"","osm":"way/150736126"},"geometry":{"type":"Polygon","coordinates":[[[20.474744,54.726941],[20.474931,54.726945],[20.47494,54.726752],[20.474764,54.726709],[20.474744,54.726941]]]}},{"type":"Feature","properties":{"kind":"building","name":"","osm":"way/150736134"},"geometry":{"type":"Polygon","coordinates":[[[20.474717,54.726696],[20.475049,54.726776],[20.475129,54.726666],[20.474797,54.726585],[20.474717,54.726696]]]}},{"type":"Feature","properties":{"kind":"building","name":"","osm":"way/150736135"},"geometry":{"type":"Polygon","coordinates":[[[20.475049,54.726776],[20.475534,54.726903],[20.475603,54.726815],[20.475119,54.726688],[20.475049,54.726776]]]}},{"type":"Feature","properties":{"kind":"road","name":"улица Чернышевского","osm":"way/150955283","highway":"residential","access":"","foot":""},"geometry":{"type":"LineString","coordinates":[[20.466946,54.725997],[20.467024,54.725895],[20.467049,54.725858]]}},{"type":"Feature","properties":{"kind":"road","name":"улица Чернышевского","osm":"way/150955284","highway":"residential","access":"","foot":""},"geometry":{"type":"LineString","coordinates":[[20.466992,54.725846],[20.467049,54.725858],[20.467353,54.725921]]}},{"type":"Feature","properties":{"kind":"road","name":"улица Чернышевского","osm":"way/151227261","highway":"residential","access":"","foot":""},"geometry":{"type":"LineString","coordinates":[[20.468762,54.726414],[20.468704,54.72648]]}},{"type":"Feature","properties":{"kind":"road","name":"улица Чернышевского","osm":"way/151227262","highway":"residential","access":"","foot":""},"geometry":{"type":"LineString","coordinates":[[20.46864,54.726572],[20.468704,54.72648]]}},{"type":"Feature","properties":{"kind":"road","name":"","osm":"way/154086716","highway":"service","access":"","foot":""},"geometry":{"type":"LineString","coordinates":[[20.47458,54.72455],[20.474681,54.724552],[20.475048,54.724556],[20.47547,54.724561]]}},{"type":"Feature","properties":{"kind":"building","name":"","osm":"way/154086717"},"geometry":{"type":"Polygon","coordinates":[[[20.474774,54.724199],[20.474771,54.724271],[20.474766,54.724432],[20.474763,54.724506],[20.475014,54.724509],[20.475024,54.724202],[20.474774,54.724199]]]}},{"type":"Feature","properties":{"kind":"building","name":"","osm":"way/154086718"},"geometry":{"type":"Polygon","coordinates":[[[20.474741,54.725118],[20.474969,54.725121],[20.474986,54.724591],[20.474758,54.724589],[20.474755,54.724666],[20.47475,54.724789],[20.474747,54.724916],[20.474743,54.725052],[20.474741,54.725118]]]}},{"type":"Feature","properties":{"kind":"road","name":"улица Дмитрия Донского","osm":"way/155154872","highway":"primary","access":"","foot":""},"geometry":{"type":"LineString","coordinates":[[20.473402,54.715567],[20.473148,54.71554],[20.472902,54.715467],[20.4727,54.715396],[20.472349,54.715266]]}},{"type":"Feature","properties":{"kind":"road","name":"улица Каштановая Аллея","osm":"way/155154877","highway":"residential","access":"","foot":""},"geometry":{"type":"LineString","coordinates":[[20.466107,54.713322],[20.466235,54.712913],[20.466256,54.712773],[20.466326,54.712593],[20.466497,54.712344]]}},{"type":"Feature","properties":{"kind":"road","name":"улица Кутузова","osm":"way/155154881","highway":"primary","access":"","foot":""},"geometry":{"type":"LineString","coordinates":[[20.468803,54.719245],[20.469311,54.71948],[20.469609,54.7197]]}},{"type":"Feature","properties":{"kind":"road","name":"улица Кутузова","osm":"way/155154882","highway":"primary","access":"","foot":""},"geometry":{"type":"LineString","coordinates":[[20.467291,54.718724],[20.467204,54.718686],[20.465444,54.717897]]}},{"type":"Feature","properties":{"kind":"road","name":"улица Огарёва","osm":"way/155154885","highway":"residential","access":"","foot":""},"geometry":{"type":"LineString","coordinates":[[20.470432,54.717154],[20.470611,54.717064],[20.470928,54.716905]]}},{"type":"Feature","properties":{"kind":"road","name":"улица Огарёва","osm":"way/155154888","highway":"residential","access":"","foot":""},"geometry":{"type":"LineString","coordinates":[[20.467449,54.718637],[20.467527,54.718601],[20.467943,54.718393],[20.468662,54.718035]]}},{"type":"Feature","properties":{"kind":"building","name":"","osm":"way/155243535"},"geometry":{"type":"Polygon","coordinates":[[[20.473475,54.724666],[20.473594,54.724668],[20.473598,54.724531],[20.473478,54.72453],[20.473475,54.724666]]]}},{"type":"Feature","properties":{"kind":"road","name":"","osm":"way/155243536","highway":"service","access":"","foot":""},"geometry":{"type":"LineString","coordinates":[[20.471182,54.725215],[20.47276,54.725258]]}},{"type":"Feature","properties":{"kind":"building","name":"","osm":"way/162007165"},"geometry":{"type":"Polygon","coordinates":[[[20.473479,54.722774],[20.473666,54.722774],[20.473666,54.72281],[20.473846,54.72281],[20.473846,54.722633],[20.473505,54.722633],[20.473505,54.722683],[20.473479,54.722683],[20.473479,54.722774]]]}},{"type":"Feature","properties":{"kind":"building","name":"","osm":"way/166137652"},"geometry":{"type":"Polygon","coordinates":[[[20.470646,54.715677],[20.47053,54.715569],[20.470269,54.715663],[20.47012,54.715526],[20.469947,54.715589],[20.470098,54.715727],[20.470153,54.715707],[20.47021,54.71576],[20.470278,54.715735],[20.470336,54.715789],[20.470646,54.715677]]]}},{"type":"Feature","properties":{"kind":"building","name":"","osm":"way/166137653"},"geometry":{"type":"Polygon","coordinates":[[[20.469993,54.716217],[20.470066,54.716281],[20.470185,54.716387],[20.470268,54.716356],[20.470238,54.71633],[20.470342,54.716291],[20.470389,54.716333],[20.47049,54.716295],[20.470381,54.716199],[20.470288,54.716116],[20.470211,54.716145],[20.47023,54.716162],[20.470124,54.716201],[20.470097,54.716177],[20.469993,54.716217]]]}},{"type":"Feature","properties":{"kind":"building","name":"","osm":"way/166137654"},"geometry":{"type":"Polygon","coordinates":[[[20.471329,54.715306],[20.471545,54.715307],[20.471547,54.715209],[20.471331,54.715207],[20.471329,54.715306]]]}},{"type":"Feature","properties":{"kind":"road","name":"","osm":"way/166651649","highway":"service","access":"","foot":""},"geometry":{"type":"LineString","coordinates":[[20.471992,54.715334],[20.472011,54.715412],[20.472079,54.71549],[20.47295,54.715893]]}},{"type":"Feature","properties":{"kind":"road","name":"","osm":"way/170974226","highway":"footway","access":"","foot":""},"geometry":{"type":"LineString","coordinates":[[20.47132,54.716391],[20.471557,54.716539]]}},{"type":"Feature","properties":{"kind":"road","name":"","osm":"way/170974234","highway":"footway","access":"","foot":""},"geometry":{"type":"LineString","coordinates":[[20.471654,54.716225],[20.471905,54.716386]]}},{"type":"Feature","properties":{"kind":"building","name":"","osm":"way/170974255"},"geometry":{"type":"Polygon","coordinates":[[[20.469538,54.717345],[20.469325,54.717459],[20.469428,54.717522],[20.46964,54.717407],[20.469538,54.717345]]]}},{"type":"Feature","properties":{"kind":"building","name":"","osm":"way/170974267"},"geometry":{"type":"Polygon","coordinates":[[[20.469351,54.717339],[20.469494,54.717259],[20.469347,54.717171],[20.469203,54.717251],[20.469351,54.717339]]]}},{"type":"Feature","properties":{"kind":"road","name":"","osm":"way/175185487","highway":"footway","access":"","foot":""},"geometry":{"type":"LineString","coordinates":[[20.477602,54.717217],[20.477654,54.717324]]}},{"type":"Feature","properties":{"kind":"road","name":"","osm":"way/175185488","highway":"footway","access":"","foot":""},"geometry":{"type":"LineString","coordinates":[[20.477602,54.717217],[20.477563,54.717116],[20.477729,54.717107],[20.477818,54.717037],[20.47795,54.717024]]}},{"type":"Feature","properties":{"kind":"road","name":"","osm":"way/175185489","highway":"unclassified","access":"","foot":""},"geometry":{"type":"LineString","coordinates":[[20.470359,54.712948],[20.469472,54.712942]]}},{"type":"Feature","properties":{"kind":"road","name":"","osm":"way/175185490","highway":"service","access":"","foot":""},"geometry":{"type":"LineString","coordinates":[[20.464811,54.713221],[20.46502,54.712675]]}},{"type":"Feature","properties":{"kind":"road","name":"Коломенская улица","osm":"way/175185491","highway":"residential","access":"","foot":""},"geometry":{"type":"LineString","coordinates":[[20.466107,54.713322],[20.466314,54.713341]]}},{"type":"Feature","properties":{"kind":"road","name":"","osm":"way/175185492","highway":"unclassified","access":"","foot":""},"geometry":{"type":"LineString","coordinates":[[20.464143,54.713833],[20.464093,54.714167]]}},{"type":"Feature","properties":{"kind":"road","name":"","osm":"way/175185493","highway":"service","access":"","foot":""},"geometry":{"type":"LineString","coordinates":[[20.466235,54.712913],[20.468897,54.713187],[20.468777,54.713578]]}},{"type":"Feature","properties":{"kind":"road","name":"","osm":"way/175185494","highway":"service","access":"","foot":""},"geometry":{"type":"LineString","coordinates":[[20.460144,54.713214],[20.460344,54.71302],[20.46048,54.712806]]}},{"type":"Feature","properties":{"kind":"road","name":"","osm":"way/175185495","highway":"footway","access":"","foot":""},"geometry":{"type":"LineString","coordinates":[[20.477386,54.717393],[20.477315,54.717257],[20.477263,54.71713]]}},{"type":"Feature","properties":{"kind":"road","name":"","osm":"way/175185496","highway":"footway","access":"","foot":""},"geometry":{"type":"LineString","coordinates":[[20.477137,54.717442],[20.477082,54.717283],[20.477057,54.717232],[20.477011,54.717137]]}},{"type":"Feature","properties":{"kind":"road","name":"","osm":"way/175185498","highway":"steps","access":"","foot":""},"geometry":{"type":"LineString","coordinates":[[20.476845,54.7173],[20.477082,54.717283],[20.477315,54.717257],[20.477602,54.717217]]}},{"type":"Feature","properties":{"kind":"road","name":"","osm":"way/175185499","highway":"steps","access":"","foot":""},"geometry":{"type":"LineString","coordinates":[[20.477654,54.717324],[20.477386,54.717393],[20.477137,54.717442],[20.476876,54.717494]]}},{"type":"Feature","properties":{"kind":"road","name":"","osm":"way/175185500","highway":"footway","access":"","foot":""},"geometry":{"type":"LineString","coordinates":[[20.476784,54.719049],[20.477066,54.719046],[20.477073,54.719141]]}},{"type":"Feature","properties":{"kind":"road","name":"","osm":"way/175185501","highway":"footway","access":"","foot":""},"geometry":{"type":"LineString","coordinates":[[20.476588,54.71982],[20.476494,54.719743],[20.476278,54.719677],[20.476001,54.719651]]}},{"type":"Feature","properties":{"kind":"building","name":"","osm":"way/175185505"},"geometry":{"type":"Polygon","coordinates":[[[20.463967,54.713011],[20.46416,54.713023],[20.464175,54.712941],[20.463982,54.712929],[20.463967,54.713011]]]}},{"type":"Feature","properties":{"kind":"building","name":"","osm":"way/175185506"},"geometry":{"type":"Polygon","coordinates":[[[20.463515,54.713349],[20.463748,54.713367],[20.463767,54.713285],[20.463534,54.713268],[20.463515,54.713349]]]}},{"type":"Feature","properties":{"kind":"building","name":"","osm":"way/175185507"},"geometry":{"type":"Polygon","coordinates":[[[20.463926,54.713669],[20.464119,54.713676],[20.46413,54.713572],[20.463937,54.713565],[20.463926,54.713669]]]}},{"type":"Feature","properties":{"kind":"building","name":"","osm":"way/175185508"},"geometry":{"type":"Polygon","coordinates":[[[20.464508,54.713334],[20.464479,54.713447],[20.464677,54.713464],[20.464706,54.713352],[20.464508,54.713334]]]}},{"type":"Feature","properties":{"kind":"building","name":"","osm":"way/175185509"},"geometry":{"type":"Polygon","coordinates":[[[20.472212,54.71313],[20.472212,54.713237],[20.472455,54.713237],[20.472455,54.71313],[20.472212,54.71313]]]}},{"type":"Feature","properties":{"kind":"building","name":"","osm":"way/175185510"},"geometry":{"type":"Polygon","coordinates":[[[20.472811,54.712784],[20.472807,54.71269],[20.472669,54.712691],[20.472673,54.712786],[20.472811,54.712784]]]}},{"type":"Feature","properties":{"kind":"building","name":"","osm":"way/175185511"},"geometry":{"type":"Polygon","coordinates":[[[20.4623,54.71228],[20.462327,54.712365],[20.462525,54.712344],[20.462497,54.712259],[20.4623,54.71228]]]}},{"type":"Feature","properties":{"kind":"building","name":"","osm":"way/175185512"},"geometry":{"type":"Polygon","coordinates":[[[20.470442,54.713417],[20.470595,54.713439],[20.470646,54.713322],[20.470492,54.713299],[20.470442,54.713417]]]}},{"type":"Feature","properties":{"kind":"building","name":"","osm":"way/175185513"},"geometry":{"type":"Polygon","coordinates":[[[20.473297,54.712918],[20.473434,54.712914],[20.473427,54.712828],[20.473289,54.712832],[20.473297,54.712918]]]}},{"type":"Feature","properties":{"kind":"building","name":"","osm":"way/175185515"},"geometry":{"type":"Polygon","coordinates":[[[20.467133,54.712966],[20.46736,54.712996],[20.467414,54.712858],[20.467188,54.712828],[20.467133,54.712966]]]}},{"type":"Feature","properties":{"kind":"building","name":"Императорский охотничий замок Роминтен","osm":"way/175185516"},"geometry":{"type":"Polygon","coordinates":[[[20.477127,54.719095],[20.477297,54.719095],[20.477481,54.719095],[20.47748,54.718986],[20.47737,54.718986],[20.47737,54.718932],[20.477488,54.718931],[20.477488,54.718836],[20.477131,54.718836],[20.477131,54.718932],[20.477229,54.718932],[20.477229,54.718986],[20.477126,54.718986],[20.477127,54.719095]]]}},{"type":"Feature","properties":{"kind":"building","name":"","osm":"way/175185517"},"geometry":{"type":"Polygon","coordinates":[[[20.472132,54.713],[20.472309,54.712991],[20.472294,54.712896],[20.472118,54.712905],[20.472132,54.713]]]}},{"type":"Feature","properties":{"kind":"building","name":"","osm":"way/175185518"},"geometry":{"type":"Polygon","coordinates":[[[20.463397,54.712168],[20.46341,54.712255],[20.46362,54.712245],[20.463606,54.712157],[20.463397,54.712168]]]}},{"type":"Feature","properties":{"kind":"building","name":"","osm":"way/175185519"},"geometry":{"type":"Polygon","coordinates":[[[20.463534,54.712976],[20.463705,54.712987],[20.46372,54.712905],[20.463549,54.712894],[20.463534,54.712976]]]}},{"type":"Feature","properties":{"kind":"building","name":"","osm":"way/175185520"},"geometry":{"type":"Polygon","coordinates":[[[20.462377,54.712832],[20.462573,54.712842],[20.462588,54.712747],[20.462391,54.712737],[20.462377,54.712832]]]}},{"type":"Feature","properties":{"kind":"building","name":"","osm":"way/175185521"},"geometry":{"type":"Polygon","coordinates":[[[20.462037,54.712765],[20.462222,54.712727],[20.462137,54.712587],[20.461951,54.712625],[20.462037,54.712765]]]}},{"type":"Feature","properties":{"kind":"building","name":"","osm":"way/175185522"},"geometry":{"type":"Polygon","coordinates":[[[20.468011,54.713046],[20.468183,54.713055],[20.468194,54.712986],[20.468022,54.712977],[20.468011,54.713046]]]}},{"type":"Feature","properties":{"kind":"building","name":"","osm":"way/175185523"},"geometry":{"type":"Polygon","coordinates":[[[20.464351,54.713895],[20.464564,54.713921],[20.4646,54.713823],[20.464387,54.713797],[20.464351,54.713895]]]}},{"type":"Feature","properties":{"kind":"building","name":"","osm":"way/175185524"},"geometry":{"type":"Polygon","coordinates":[[[20.463336,54.713925],[20.463323,54.714038],[20.463543,54.714046],[20.463556,54.713934],[20.463336,54.713925]]]}},{"type":"Feature","properties":{"kind":"building","name":"Банк России","osm":"way/175185525"},"geometry":{"type":"Polygon","coordinates":[[[20.477356,54.721813],[20.477792,54.721821],[20.477799,54.72169],[20.477363,54.721682],[20.477356,54.721813]]]}},{"type":"Feature","properties":{"kind":"building","name":"","osm":"way/175185526"},"geometry":{"type":"Polygon","coordinates":[[[20.462526,54.713906],[20.462742,54.713914],[20.462761,54.713743],[20.462544,54.713735],[20.462526,54.713906]]]}},{"type":"Feature","properties":{"kind":"building","name":"","osm":"way/175185527"},"geometry":{"type":"Polygon","coordinates":[[[20.46029,54.713278],[20.460427,54.713329],[20.460542,54.713226],[20.460406,54.713175],[20.46029,54.713278]]]}},{"type":"Feature","properties":{"kind":"building","name":"","osm":"way/175185528"},"geometry":{"type":"Polygon","coordinates":[[[20.469223,54.712885],[20.469205,54.712744],[20.468988,54.712753],[20.469006,54.712894],[20.469223,54.712885]]]}},{"type":"Feature","properties":{"kind":"building","name":"","osm":"way/175185529"},"geometry":{"type":"Polygon","coordinates":[[[20.464445,54.713557],[20.464427,54.713662],[20.464625,54.713672],[20.464642,54.713567],[20.464445,54.713557]]]}},{"type":"Feature","properties":{"kind":"building","name":"","osm":"way/175185530"},"geometry":{"type":"Polygon","coordinates":[[[20.472803,54.713188],[20.473141,54.713176],[20.473128,54.713066],[20.472791,54.713079],[20.472803,54.713188]]]}},{"type":"Feature","properties":{"kind":"building","name":"","osm":"way/175185531"},"geometry":{"type":"Polygon","coordinates":[[[20.473788,54.712854],[20.473791,54.712694],[20.473606,54.712694],[20.473603,54.712854],[20.473788,54.712854]]]}},{"type":"Feature","properties":{"kind":"building","name":"","osm":"way/175185532"},"geometry":{"type":"Polygon","coordinates":[[[20.470564,54.715321],[20.470736,54.715321],[20.470736,54.71523],[20.470564,54.71523],[20.470564,54.715321]]]}},{"type":"Feature","properties":{"kind":"building","name":"","osm":"way/175185533"},"geometry":{"type":"Polygon","coordinates":[[[20.473126,54.712845],[20.473126,54.712759],[20.472974,54.712759],[20.472974,54.712845],[20.473126,54.712845]]]}},{"type":"Feature","properties":{"kind":"building","name":"","osm":"way/175185534"},"geometry":{"type":"Polygon","coordinates":[[[20.461641,54.712733],[20.46169,54.712838],[20.461858,54.712813],[20.461809,54.712707],[20.461641,54.712733]]]}},{"type":"Feature","properties":{"kind":"building","name":"","osm":"way/175185535"},"geometry":{"type":"Polygon","coordinates":[[[20.468356,54.713071],[20.468541,54.713071],[20.468541,54.712996],[20.468356,54.712996],[20.468356,54.713071]]]}},{"type":"Feature","properties":{"kind":"building","name":"","osm":"way/175185536"},"geometry":{"type":"Polygon","coordinates":[[[20.463164,54.71261],[20.463119,54.712498],[20.462881,54.71253],[20.462926,54.712642],[20.463164,54.71261]]]}},{"type":"Feature","properties":{"kind":"building","name":"","osm":"way/175185537"},"geometry":{"type":"Polygon","coordinates":[[[20.467591,54.713004],[20.467803,54.713022],[20.467831,54.712911],[20.46762,54.712893],[20.467591,54.713004]]]}},{"type":"Feature","properties":{"kind":"building","name":"","osm":"way/175185538"},"geometry":{"type":"Polygon","coordinates":[[[20.463905,54.71269],[20.464135,54.712715],[20.464162,54.712636],[20.463931,54.71261],[20.463905,54.71269]]]}},{"type":"Feature","properties":{"kind":"building","name":"","osm":"way/175185540"},"geometry":{"type":"Polygon","coordinates":[[[20.467779,54.713272],[20.467747,54.713356],[20.467929,54.713379],[20.467961,54.713295],[20.467779,54.713272]]]}},{"type":"Feature","properties":{"kind":"building","name":"","osm":"way/175185541"},"geometry":{"type":"Polygon","coordinates":[[[20.462854,54.713996],[20.463128,54.714009],[20.463151,54.713843],[20.462877,54.71383],[20.462854,54.713996]]]}},{"type":"Feature","properties":{"kind":"building","name":"","osm":"way/175185542"},"geometry":{"type":"Polygon","coordinates":[[[20.462141,54.713815],[20.462369,54.713828],[20.462384,54.713738],[20.462157,54.713725],[20.462141,54.713815]]]}},{"type":"Feature","properties":{"kind":"building","name":"","osm":"way/175185543"},"geometry":{"type":"Polygon","coordinates":[[[20.462093,54.71347],[20.462316,54.713486],[20.462334,54.7134],[20.462111,54.713384],[20.462093,54.71347]]]}},{"type":"Feature","properties":{"kind":"building","name":"","osm":"way/175185544"},"geometry":{"type":"Polygon","coordinates":[[[20.462821,54.712899],[20.463067,54.712922],[20.4631,54.712806],[20.462854,54.712782],[20.462821,54.712899]]]}},{"type":"Feature","properties":{"kind":"building","name":"","osm":"way/175185545"},"geometry":{"type":"Polygon","coordinates":[[[20.465273,54.714359],[20.46525,54.714506],[20.465496,54.714519],[20.46552,54.714372],[20.465273,54.714359]]]}},{"type":"Feature","properties":{"kind":"building","name":"","osm":"way/175185546"},"geometry":{"type":"Polygon","coordinates":[[[20.463627,54.714124],[20.463985,54.714162],[20.464017,54.714066],[20.463658,54.714027],[20.463627,54.714124]]]}},{"type":"Feature","properties":{"kind":"building","name":"","osm":"way/175185549"},"geometry":{"type":"Polygon","coordinates":[[[20.465505,54.713406],[20.465489,54.713486],[20.465657,54.713497],[20.465673,54.713416],[20.465505,54.713406]]]}},{"type":"Feature","properties":{"kind":"building","name":"","osm":"way/175185550"},"geometry":{"type":"Polygon","coordinates":[[[20.471316,54.71292],[20.471331,54.712828],[20.471193,54.712821],[20.471178,54.712913],[20.471316,54.71292]]]}},{"type":"Feature","properties":{"kind":"building","name":"","osm":"way/175185551"},"geometry":{"type":"Polygon","coordinates":[[[20.468214,54.713325],[20.468194,54.713405],[20.468437,54.713426],[20.468457,54.713346],[20.468214,54.713325]]]}},{"type":"Feature","properties":{"kind":"building","name":"","osm":"way/175185552"},"geometry":{"type":"Polygon","coordinates":[[[20.464192,54.712533],[20.46436,54.712537],[20.464367,54.712433],[20.4642,54.712429],[20.464192,54.712533]]]}},{"type":"Feature","properties":{"kind":"building","name":"","osm":"way/175185553"},"geometry":{"type":"Polygon","coordinates":[[[20.468907,54.713478],[20.469083,54.713492],[20.469105,54.713406],[20.468929,54.713392],[20.468907,54.713478]]]}},{"type":"Feature","properties":{"kind":"building","name":"","osm":"way/175185554"},"geometry":{"type":"Polygon","coordinates":[[[20.46943,54.713165],[20.469695,54.713159],[20.469684,54.713008],[20.469419,54.713014],[20.46943,54.713165]]]}},{"type":"Feature","properties":{"kind":"building","name":"","osm":"way/175185555"},"geometry":{"type":"Polygon","coordinates":[[[20.466233,54.713706],[20.466445,54.713728],[20.466486,54.713595],[20.466274,54.713573],[20.466233,54.713706]]]}},{"type":"Feature","properties":{"kind":"building","name":"","osm":"way/175185556"},"geometry":{"type":"Polygon","coordinates":[[[20.460107,54.713408],[20.460256,54.713485],[20.460381,54.713405],[20.460232,54.713327],[20.460107,54.713408]]]}},{"type":"Feature","properties":{"kind":"building","name":"","osm":"way/175185557"},"geometry":{"type":"Polygon","coordinates":[[[20.46691,54.714112],[20.4669,54.714029],[20.466744,54.714036],[20.466755,54.714119],[20.46691,54.714112]]]}},{"type":"Feature","properties":{"kind":"building","name":"","osm":"way/175185558"},"geometry":{"type":"Polygon","coordinates":[[[20.462343,54.712584],[20.462379,54.712682],[20.462591,54.712656],[20.462556,54.712558],[20.462501,54.712565],[20.462374,54.71258],[20.462343,54.712584]]]}},{"type":"Feature","properties":{"kind":"building","name":"","osm":"way/175185559"},"geometry":{"type":"Polygon","coordinates":[[[20.470525,54.713205],[20.470745,54.713225],[20.470771,54.713128],[20.470551,54.713109],[20.470525,54.713205]]]}},{"type":"Feature","properties":{"kind":"building","name":"","osm":"way/175185560"},"geometry":{"type":"Polygon","coordinates":[[[20.463381,54.712685],[20.463545,54.71267],[20.463519,54.712577],[20.463355,54.712593],[20.463381,54.712685]]]}},{"type":"Feature","properties":{"kind":"building","name":"","osm":"way/175185561"},"geometry":{"type":"Polygon","coordinates":[[[20.466539,54.712885],[20.466789,54.712914],[20.466837,54.712776],[20.466587,54.712747],[20.466539,54.712885]]]}},{"type":"Feature","properties":{"kind":"building","name":"","osm":"way/175185562"},"geometry":{"type":"Polygon","coordinates":[[[20.464539,54.712843],[20.464754,54.712864],[20.464781,54.712776],[20.464565,54.712755],[20.464539,54.712843]]]}},{"type":"Feature","properties":{"kind":"building","name":"","osm":"way/175185563"},"geometry":{"type":"Polygon","coordinates":[[[20.4776,54.719351],[20.47776,54.719354],[20.477766,54.71924],[20.477606,54.719237],[20.4776,54.719351]]]}},{"type":"Feature","properties":{"kind":"building","name":"","osm":"way/175185564"},"geometry":{"type":"Polygon","coordinates":[[[20.462645,54.713533],[20.462858,54.713538],[20.462866,54.713432],[20.462653,54.713427],[20.462645,54.713533]]]}},{"type":"Feature","properties":{"kind":"building","name":"","osm":"way/175185565"},"geometry":{"type":"Polygon","coordinates":[[[20.462205,54.713246],[20.4624,54.713255],[20.462418,54.713117],[20.462224,54.713108],[20.462205,54.713246]]]}},{"type":"Feature","properties":{"kind":"building","name":"","osm":"way/175185566"},"geometry":{"type":"Polygon","coordinates":[[[20.470424,54.714697],[20.470629,54.714688],[20.470614,54.714574],[20.470409,54.714583],[20.470424,54.714697]]]}},{"type":"Feature","properties":{"kind":"building","name":"","osm":"way/175185567"},"geometry":{"type":"Polygon","coordinates":[[[20.465837,54.713173],[20.465908,54.71286],[20.465679,54.712843],[20.465608,54.713155],[20.465837,54.713173]]]}},{"type":"Feature","properties":{"kind":"building","name":"","osm":"way/175185568"},"geometry":{"type":"Polygon","coordinates":[[[20.460353,54.713528],[20.460366,54.713643],[20.460657,54.713632],[20.460645,54.713518],[20.460353,54.713528]]]}},{"type":"Feature","properties":{"kind":"building","name":"","osm":"way/175185569"},"geometry":{"type":"Polygon","coordinates":[[[20.463123,54.713559],[20.463335,54.713566],[20.463343,54.71349],[20.463131,54.713483],[20.463123,54.713559]]]}},{"type":"Feature","properties":{"kind":"building","name":"","osm":"way/175185570"},"geometry":{"type":"Polygon","coordinates":[[[20.471744,54.713019],[20.471973,54.712995],[20.471951,54.712925],[20.471722,54.71295],[20.471744,54.713019]]]}},{"type":"Feature","properties":{"kind":"building","name":"","osm":"way/175185571"},"geometry":{"type":"Polygon","coordinates":[[[20.469437,54.713543],[20.469671,54.71356],[20.469693,54.713461],[20.469459,54.713444],[20.469437,54.713543]]]}},{"type":"Feature","properties":{"kind":"building","name":"","osm":"way/175185572"},"geometry":{"type":"Polygon","coordinates":[[[20.464129,54.712205],[20.464325,54.712212],[20.46434,54.712083],[20.464144,54.712075],[20.464129,54.712205]]]}},{"type":"Feature","properties":{"kind":"building","name":"","osm":"way/175185573"},"geometry":{"type":"Polygon","coordinates":[[[20.469905,54.712872],[20.470133,54.712872],[20.470133,54.712746],[20.469905,54.712746],[20.469905,54.712872]]]}},{"type":"Feature","properties":{"kind":"building","name":"","osm":"way/175185574"},"geometry":{"type":"Polygon","coordinates":[[[20.466479,54.71324],[20.466531,54.713065],[20.466377,54.713049],[20.466325,54.713224],[20.466479,54.71324]]]}},{"type":"Feature","properties":{"kind":"building","name":"","osm":"way/175185575"},"geometry":{"type":"Polygon","coordinates":[[[20.469869,54.713396],[20.470057,54.713396],[20.470057,54.713266],[20.469869,54.713266],[20.469869,54.713396]]]}},{"type":"Feature","properties":{"kind":"building","name":"","osm":"way/175185576"},"geometry":{"type":"Polygon","coordinates":[[[20.46611,54.714],[20.466356,54.714016],[20.466382,54.713885],[20.466136,54.713869],[20.46611,54.714]]]}},{"type":"Feature","properties":{"kind":"building","name":"","osm":"way/175185577"},"geometry":{"type":"Polygon","coordinates":[[[20.466962,54.714293],[20.467166,54.714303],[20.467181,54.714199],[20.466977,54.714189],[20.466962,54.714293]]]}},{"type":"Feature","properties":{"kind":"building","name":"","osm":"way/175185578"},"geometry":{"type":"Polygon","coordinates":[[[20.464591,54.713053],[20.46475,54.713069],[20.464777,54.712984],[20.464617,54.712967],[20.464591,54.713053]]]}},{"type":"Feature","properties":{"kind":"building","name":"","osm":"way/175185579"},"geometry":{"type":"Polygon","coordinates":[[[20.470913,54.71296],[20.470837,54.712849],[20.470635,54.712895],[20.470711,54.713006],[20.470913,54.71296]]]}},{"type":"Feature","properties":{"kind":"building","name":"","osm":"way/175185580"},"geometry":{"type":"Polygon","coordinates":[[[20.471526,54.713136],[20.471529,54.713214],[20.471693,54.713211],[20.47169,54.713134],[20.471526,54.713136]]]}},{"type":"Feature","properties":{"kind":"building","name":"","osm":"way/175185581"},"geometry":{"type":"Polygon","coordinates":[[[20.465629,54.712688],[20.465995,54.712729],[20.466035,54.71261],[20.465669,54.712569],[20.465629,54.712688]]]}},{"type":"Feature","properties":{"kind":"building","name":"","osm":"way/175185582"},"geometry":{"type":"Polygon","coordinates":[[[20.46894,54.713314],[20.469147,54.713322],[20.469161,54.71319],[20.468954,54.713182],[20.46894,54.713314]]]}},{"type":"Feature","properties":{"kind":"building","name":"","osm":"way/175185583"},"geometry":{"type":"Polygon","coordinates":[[[20.46514,54.71225],[20.465352,54.712257],[20.465363,54.712147],[20.465152,54.71214],[20.46514,54.71225]]]}},{"type":"Feature","properties":{"kind":"building","name":"","osm":"way/175185584"},"geometry":{"type":"Polygon","coordinates":[[[20.461794,54.713354],[20.461775,54.713424],[20.461992,54.713443],[20.462011,54.713373],[20.461794,54.713354]]]}},{"type":"Feature","properties":{"kind":"building","name":"","osm":"way/175185585"},"geometry":{"type":"Polygon","coordinates":[[[20.474266,54.712872],[20.47426,54.712773],[20.474109,54.712776],[20.474114,54.712875],[20.474266,54.712872]]]}},{"type":"Feature","properties":{"kind":"building","name":"","osm":"way/175185586"},"geometry":{"type":"Polygon","coordinates":[[[20.46073,54.713431],[20.460957,54.713459],[20.461006,54.713325],[20.460779,54.713298],[20.46073,54.713431]]]}},{"type":"Feature","properties":{"kind":"building","name":"","osm":"way/175185587"},"geometry":{"type":"Polygon","coordinates":[[[20.463948,54.71328],[20.463934,54.713383],[20.464129,54.713392],[20.464142,54.713289],[20.463948,54.71328]]]}},{"type":"Feature","properties":{"kind":"building","name":"","osm":"way/175185588"},"geometry":{"type":"Polygon","coordinates":[[[20.465348,54.713567],[20.465328,54.713679],[20.465549,54.713691],[20.465568,54.71358],[20.465348,54.713567]]]}},{"type":"Feature","properties":{"kind":"building","name":"","osm":"way/175185589"},"geometry":{"type":"Polygon","coordinates":[[[20.464967,54.713384],[20.464945,54.713499],[20.465143,54.713511],[20.465165,54.713397],[20.464967,54.713384]]]}},{"type":"Feature","properties":{"kind":"building","name":"","osm":"way/175185591"},"geometry":{"type":"Polygon","coordinates":[[[20.462996,54.713317],[20.463206,54.713339],[20.463236,54.713244],[20.463026,54.713222],[20.462996,54.713317]]]}},{"type":"Feature","properties":{"kind":"building","name":"","osm":"way/175185592"},"geometry":{"type":"Polygon","coordinates":[[[20.463493,54.713619],[20.463719,54.713641],[20.463753,54.713527],[20.463526,54.713505],[20.463493,54.713619]]]}},{"type":"Feature","properties":{"kind":"building","name":"","osm":"way/175185593"},"geometry":{"type":"Polygon","coordinates":[[[20.471933,54.712797],[20.472056,54.71279],[20.472034,54.712648],[20.471911,54.712654],[20.471933,54.712797]]]}},{"type":"Feature","properties":{"kind":"building","name":"","osm":"way/175185594"},"geometry":{"type":"Polygon","coordinates":[[[20.471875,54.713105],[20.471875,54.713216],[20.472023,54.713216],[20.472023,54.713105],[20.471875,54.713105]]]}},{"type":"Feature","properties":{"kind":"building","name":"","osm":"way/175185595"},"geometry":{"type":"Polygon","coordinates":[[[20.464588,54.712323],[20.464793,54.71233],[20.464804,54.712209],[20.464599,54.712203],[20.464588,54.712323]]]}},{"type":"Feature","properties":{"kind":"building","name":"","osm":"way/175185596"},"geometry":{"type":"Polygon","coordinates":[[[20.469448,54.712857],[20.469704,54.712863],[20.469711,54.712747],[20.469455,54.712742],[20.469448,54.712857]]]}},{"type":"Feature","properties":{"kind":"building","name":"","osm":"way/175185597"},"geometry":{"type":"Polygon","coordinates":[[[20.465557,54.714294],[20.465598,54.714152],[20.465419,54.714134],[20.465378,54.714277],[20.465557,54.714294]]]}},{"type":"Feature","properties":{"kind":"building","name":"","osm":"way/175185598"},"geometry":{"type":"Polygon","coordinates":[[[20.462729,54.712205],[20.462743,54.712296],[20.462948,54.712285],[20.462934,54.712194],[20.462729,54.712205]]]}},{"type":"Feature","properties":{"kind":"building","name":"","osm":"way/175185599"},"geometry":{"type":"Polygon","coordinates":[[[20.472702,54.713084],[20.472698,54.712947],[20.472513,54.712949],[20.472517,54.713085],[20.472702,54.713084]]]}},{"type":"Feature","properties":{"kind":"building","name":"","osm":"way/175185600"},"geometry":{"type":"Polygon","coordinates":[[[20.463205,54.712933],[20.46342,54.71295],[20.463446,54.712838],[20.463231,54.712821],[20.463205,54.712933]]]}},{"type":"Feature","properties":{"kind":"building","name":"","osm":"way/175185601"},"geometry":{"type":"Polygon","coordinates":[[[20.469887,54.713012],[20.469875,54.713159],[20.470118,54.713165],[20.47013,54.713019],[20.469887,54.713012]]]}},{"type":"Feature","properties":{"kind":"building","name":"","osm":"way/175185602"},"geometry":{"type":"Polygon","coordinates":[[[20.461781,54.712345],[20.461829,54.712428],[20.462094,54.712376],[20.462046,54.712293],[20.461781,54.712345]]]}},{"type":"Feature","properties":{"kind":"building","name":"","osm":"way/175185603"},"geometry":{"type":"Polygon","coordinates":[[[20.46729,54.7141],[20.467295,54.714],[20.46714,54.713997],[20.467135,54.714098],[20.46729,54.7141]]]}},{"type":"Feature","properties":{"kind":"building","name":"","osm":"way/175185604"},"geometry":{"type":"Polygon","coordinates":[[[20.4675,54.71426],[20.467705,54.714263],[20.46771,54.714148],[20.467505,54.714145],[20.4675,54.71426]]]}},{"type":"Feature","properties":{"kind":"building","name":"","osm":"way/175185605"},"geometry":{"type":"Polygon","coordinates":[[[20.463769,54.713968],[20.463977,54.713984],[20.463996,54.7139],[20.463788,54.713884],[20.463769,54.713968]]]}},{"type":"Feature","properties":{"kind":"building","name":"","osm":"way/175185606"},"geometry":{"type":"Polygon","coordinates":[[[20.47149,54.71295],[20.471628,54.712942],[20.471614,54.712854],[20.471476,54.712862],[20.47149,54.71295]]]}},{"type":"Feature","properties":{"kind":"building","name":"","osm":"way/175185608"},"geometry":{"type":"Polygon","coordinates":[[[20.464595,54.71247],[20.464589,54.712579],[20.464817,54.712584],[20.464823,54.712474],[20.464595,54.71247]]]}},{"type":"Feature","properties":{"kind":"building","name":"","osm":"way/175185611"},"geometry":{"type":"Polygon","coordinates":[[[20.461539,54.712053],[20.461429,54.711837],[20.462123,54.71172],[20.462237,54.711944],[20.4621,54.711968],[20.462032,54.711835],[20.461671,54.711896],[20.461734,54.71202],[20.461539,54.712053]]]}},{"type":"Feature","properties":{"kind":"building","name":"","osm":"way/176115518"},"geometry":{"type":"Polygon","coordinates":[[[20.456767,54.713818],[20.456751,54.713901],[20.456919,54.713912],[20.456936,54.713829],[20.456767,54.713818]]]}},{"type":"Feature","properties":{"kind":"road","name":"","osm":"way/181988857","highway":"service","access":"","foot":""},"geometry":{"type":"LineString","coordinates":[[20.469633,54.726606],[20.469621,54.726633],[20.469338,54.727301]]}},{"type":"Feature","properties":{"kind":"road","name":"","osm":"way/181988860","highway":"service","access":"","foot":""},"geometry":{"type":"LineString","coordinates":[[20.464101,54.727433],[20.464029,54.727429],[20.463292,54.727392],[20.463304,54.727054]]}},{"type":"Feature","properties":{"kind":"road","name":"","osm":"way/181988861","highway":"service","access":"","foot":""},"geometry":{"type":"LineString","coordinates":[[20.463884,54.72539],[20.46368,54.725637],[20.463634,54.72612]]}},{"type":"Feature","properties":{"kind":"building","name":"","osm":"way/182429375"},"geometry":{"type":"Polygon","coordinates":[[[20.471637,54.720399],[20.471637,54.720482],[20.471831,54.720482],[20.471831,54.720399],[20.471637,54.720399]]]}},{"type":"Feature","properties":{"kind":"road","name":"","osm":"way/185424571","highway":"service","access":"","foot":""},"geometry":{"type":"LineString","coordinates":[[20.473989,54.71951],[20.473924,54.71951],[20.473557,54.7195],[20.472927,54.719202]]}},{"type":"Feature","properties":{"kind":"green","name":"","osm":"way/189651492"},"geometry":{"type":"Polygon","coordinates":[[[20.469916,54.725157],[20.469675,54.725239],[20.469703,54.725023],[20.469786,54.725062],[20.469916,54.725157]]]}},{"type":"Feature","properties":{"kind":"green","name":"","osm":"way/189651493"},"geometry":{"type":"Polygon","coordinates":[[[20.47,54.725342],[20.470037,54.725246],[20.470183,54.725344],[20.470183,54.725379],[20.47,54.725342]]]}},{"type":"Feature","properties":{"kind":"green","name":"","osm":"way/189651494"},"geometry":{"type":"Polygon","coordinates":[[[20.469938,54.725176],[20.469698,54.725267],[20.469953,54.72533],[20.469995,54.725217],[20.469938,54.725176]]]}},{"type":"Feature","properties":{"kind":"green","name":"","osm":"way/189651495"},"geometry":{"type":"Polygon","coordinates":[[[20.46999,54.725161],[20.470177,54.725289],[20.470226,54.725178],[20.470073,54.725123],[20.46999,54.725161]]]}},{"type":"Feature","properties":{"kind":"green","name":"","osm":"way/189651496"},"geometry":{"type":"Polygon","coordinates":[[[20.469954,54.725139],[20.469828,54.725041],[20.469753,54.725001],[20.469885,54.725003],[20.470099,54.724987],[20.470155,54.725074],[20.470027,54.725111],[20.469954,54.725139]]]}},{"type":"Feature","properties":{"kind":"building","name":"","osm":"way/197325897"},"geometry":{"type":"Polygon","coordinates":[[[20.464958,54.71548],[20.464903,54.715538],[20.464802,54.715506],[20.464682,54.715634],[20.464865,54.715691],[20.464927,54.715625],[20.4651,54.715679],[20.465032,54.715752],[20.465241,54.715817],[20.465359,54.715691],[20.4653,54.715673],[20.465362,54.715606],[20.464958,54.71548]]]}},{"type":"Feature","properties":{"kind":"building","name":"","osm":"way/197325898"},"geometry":{"type":"Polygon","coordinates":[[[20.462505,54.719627],[20.462666,54.719627],[20.462666,54.719534],[20.462505,54.719534],[20.462505,54.719627]]]}},{"type":"Feature","properties":{"kind":"building","name":"","osm":"way/197325899"},"geometry":{"type":"Polygon","coordinates":[[[20.45979,54.719754],[20.459806,54.719847],[20.460143,54.719827],[20.460127,54.719734],[20.45979,54.719754]]]}},{"type":"Feature","properties":{"kind":"building","name":"","osm":"way/197325900"},"geometry":{"type":"Polygon","coordinates":[[[20.467053,54.719819],[20.467211,54.719859],[20.467342,54.719686],[20.467184,54.719646],[20.467053,54.719819]]]}},{"type":"Feature","properties":{"kind":"building","name":"","osm":"way/197325901"},"geometry":{"type":"Polygon","coordinates":[[[20.46828,54.722432],[20.468513,54.722435],[20.468517,54.722349],[20.468283,54.722346],[20.46828,54.722432]]]}},{"type":"Feature","properties":{"kind":"building","name":"вилла Шмидта-младшего","osm":"way/197325902"},"geometry":{"type":"Polygon","coordinates":[[[20.468247,54.719872],[20.46837,54.719933],[20.468534,54.719823],[20.468411,54.719762],[20.468247,54.719872]]]}},{"type":"Feature","properties":{"kind":"building","name":"","osm":"way/197325903"},"geometry":{"type":"Polygon","coordinates":[[[20.46169,54.720112],[20.461669,54.720227],[20.462001,54.720247],[20.462022,54.720131],[20.46169,54.720112]]]}},{"type":"Feature","properties":{"kind":"building","name":"","osm":"way/197325904"},"geometry":{"type":"Polygon","coordinates":[[[20.463471,54.721515],[20.463455,54.721629],[20.46373,54.721642],[20.463746,54.721528],[20.463471,54.721515]]]}},{"type":"Feature","properties":{"kind":"building","name":"","osm":"way/197325905"},"geometry":{"type":"Polygon","coordinates":[[[20.464077,54.719278],[20.46408,54.719368],[20.464325,54.719366],[20.464322,54.719276],[20.464077,54.719278]]]}},{"type":"Feature","properties":{"kind":"building","name":"","osm":"way/197325907"},"geometry":{"type":"Polygon","coordinates":[[[20.461418,54.719899],[20.461602,54.719904],[20.461612,54.7198],[20.461428,54.719794],[20.461418,54.719899]]]}},{"type":"Feature","properties":{"kind":"building","name":"","osm":"way/197325908"},"geometry":{"type":"Polygon","coordinates":[[[20.464023,54.719556],[20.464008,54.71966],[20.464247,54.719671],[20.464262,54.719568],[20.464023,54.719556]]]}},{"type":"Feature","properties":{"kind":"building","name":"","osm":"way/197325909"},"geometry":{"type":"Polygon","coordinates":[[[20.463515,54.721242],[20.463752,54.721253],[20.463774,54.721098],[20.463537,54.721087],[20.463515,54.721242]]]}},{"type":"Feature","properties":{"kind":"building","name":"Федеральная налоговая служба","osm":"way/197325910"},"geometry":{"type":"Polygon","coordinates":[[[20.460682,54.714668],[20.460671,54.71481],[20.461068,54.71482],[20.461079,54.714678],[20.460978,54.714676],[20.460682,54.714668]]]}},{"type":"Feature","properties":{"kind":"building","name":"","osm":"way/197325911"},"geometry":{"type":"Polygon","coordinates":[[[20.467553,54.719956],[20.467805,54.72001],[20.467867,54.719913],[20.467615,54.719859],[20.467553,54.719956]]]}},{"type":"Feature","properties":{"kind":"building","name":"","osm":"way/197325912"},"geometry":{"type":"Polygon","coordinates":[[[20.467685,54.723075],[20.467829,54.723076],[20.467831,54.722985],[20.467686,54.722984],[20.467685,54.723075]]]}},{"type":"Feature","properties":{"kind":"building","name":"","osm":"way/197325913"},"geometry":{"type":"Polygon","coordinates":[[[20.463159,54.719542],[20.463159,54.719649],[20.463373,54.719649],[20.463373,54.719542],[20.463159,54.719542]]]}},{"type":"Feature","properties":{"kind":"building","name":"","osm":"way/197325914"},"geometry":{"type":"Polygon","coordinates":[[[20.460392,54.719889],[20.460484,54.719893],[20.460499,54.719786],[20.460407,54.719782],[20.460392,54.719889]]]}},{"type":"Feature","properties":{"kind":"building","name":"","osm":"way/197325915"},"geometry":{"type":"Polygon","coordinates":[[[20.46358,54.719173],[20.463573,54.719253],[20.463821,54.719261],[20.463829,54.719182],[20.46358,54.719173]]]}},{"type":"Feature","properties":{"kind":"building","name":"","osm":"way/197325916"},"geometry":{"type":"Polygon","coordinates":[[[20.46413,54.721791],[20.464117,54.721881],[20.464356,54.721892],[20.464369,54.721803],[20.46413,54.721791]]]}},{"type":"Feature","properties":{"kind":"building","name":"","osm":"way/197325917"},"geometry":{"type":"Polygon","coordinates":[[[20.462568,54.715038],[20.462859,54.71505],[20.462878,54.714904],[20.462587,54.714892],[20.462568,54.715038]]]}},{"type":"Feature","properties":{"kind":"building","name":"","osm":"way/197325918"},"geometry":{"type":"Polygon","coordinates":[[[20.463705,54.718702],[20.463994,54.718709],[20.464002,54.718576],[20.463715,54.718569],[20.463705,54.718702]]]}},{"type":"Feature","properties":{"kind":"building","name":"","osm":"way/197325919"},"geometry":{"type":"Polygon","coordinates":[[[20.460816,54.719849],[20.4608,54.719991],[20.461156,54.720006],[20.461173,54.719864],[20.460816,54.719849]]]}},{"type":"Feature","properties":{"kind":"building","name":"","osm":"way/197325920"},"geometry":{"type":"Polygon","coordinates":[[[20.469314,54.722487],[20.469181,54.722487],[20.469181,54.722543],[20.468993,54.722542],[20.468991,54.722641],[20.469195,54.722642],[20.469195,54.722609],[20.469394,54.722611],[20.469394,54.722588],[20.469532,54.722589],[20.469535,54.722395],[20.469316,54.722393],[20.469314,54.722487]]]}},{"type":"Feature","properties":{"kind":"building","name":"","osm":"way/197325921"},"geometry":{"type":"Polygon","coordinates":[[[20.462427,54.720106],[20.462421,54.72021],[20.462729,54.720216],[20.462734,54.720112],[20.462427,54.720106]]]}},{"type":"Feature","properties":{"kind":"building","name":"","osm":"way/197325923"},"geometry":{"type":"Polygon","coordinates":[[[20.464717,54.719329],[20.464921,54.719338],[20.464937,54.719216],[20.464732,54.719208],[20.464717,54.719329]]]}},{"type":"Feature","properties":{"kind":"building","name":"","osm":"way/197325924"},"geometry":{"type":"Polygon","coordinates":[[[20.464384,54.71968],[20.464558,54.719688],[20.464572,54.719578],[20.464398,54.71957],[20.464384,54.71968]]]}},{"type":"Feature","properties":{"kind":"building","name":"","osm":"way/197325925"},"geometry":{"type":"Polygon","coordinates":[[[20.46824,54.722698],[20.468239,54.722794],[20.468512,54.722795],[20.468511,54.722886],[20.468744,54.722887],[20.468747,54.7227],[20.46824,54.722698]]]}},{"type":"Feature","properties":{"kind":"building","name":"","osm":"way/198444390"},"geometry":{"type":"Polygon","coordinates":[[[20.459258,54.716729],[20.459279,54.716826],[20.459492,54.716811],[20.459471,54.716714],[20.459258,54.716729]]]}},{"type":"Feature","properties":{"kind":"building","name":"","osm":"way/198444391"},"geometry":{"type":"Polygon","coordinates":[[[20.459306,54.716892],[20.459315,54.716971],[20.459573,54.716962],[20.459564,54.716883],[20.459306,54.716892]]]}},{"type":"Feature","properties":{"kind":"building","name":"","osm":"way/198444393"},"geometry":{"type":"Polygon","coordinates":[[[20.459345,54.717171],[20.459515,54.717164],[20.459504,54.717072],[20.459334,54.717078],[20.459345,54.717171]]]}},{"type":"Feature","properties":{"kind":"building","name":"","osm":"way/198444395"},"geometry":{"type":"Polygon","coordinates":[[[20.459402,54.717298],[20.459348,54.717367],[20.459508,54.717409],[20.459562,54.71734],[20.459402,54.717298]]]}},{"type":"Feature","properties":{"kind":"building","name":"","osm":"way/198444397"},"geometry":{"type":"Polygon","coordinates":[[[20.46029,54.716631],[20.460401,54.716724],[20.460534,54.716671],[20.460424,54.716578],[20.46029,54.716631]]]}},{"type":"Feature","properties":{"kind":"building","name":"","osm":"way/198444399"},"geometry":{"type":"Polygon","coordinates":[[[20.460612,54.71625],[20.460469,54.716311],[20.460659,54.71646],[20.460802,54.7164],[20.460612,54.71625]]]}},{"type":"Feature","properties":{"kind":"building","name":"","osm":"way/198444400"},"geometry":{"type":"Polygon","coordinates":[[[20.458771,54.717426],[20.458771,54.717509],[20.458984,54.717509],[20.458984,54.717426],[20.458771,54.717426]]]}},{"type":"Feature","properties":{"kind":"building","name":"","osm":"way/198444401"},"geometry":{"type":"Polygon","coordinates":[[[20.460372,54.717492],[20.460372,54.71759],[20.460562,54.71759],[20.460562,54.717492],[20.460372,54.717492]]]}},{"type":"Feature","properties":{"kind":"building","name":"","osm":"way/198444402"},"geometry":{"type":"Polygon","coordinates":[[[20.460174,54.71754],[20.460117,54.717452],[20.459964,54.717485],[20.460021,54.717573],[20.460174,54.71754]]]}},{"type":"Feature","properties":{"kind":"building","name":"","osm":"way/198444404"},"geometry":{"type":"Polygon","coordinates":[[[20.460289,54.717085],[20.46019,54.717004],[20.460038,54.717065],[20.460137,54.717147],[20.460289,54.717085]]]}},{"type":"Feature","properties":{"kind":"building","name":"","osm":"way/198444406"},"geometry":{"type":"Polygon","coordinates":[[[20.461357,54.716402],[20.461388,54.716189],[20.461194,54.71618],[20.461164,54.716393],[20.461357,54.716402]]]}},{"type":"Feature","properties":{"kind":"building","name":"","osm":"way/198444408"},"geometry":{"type":"Polygon","coordinates":[[[20.459239,54.716639],[20.459417,54.716629],[20.459375,54.716379],[20.459197,54.716389],[20.459239,54.716639]]]}},{"type":"Feature","properties":{"kind":"building","name":"","osm":"way/198444410"},"geometry":{"type":"Polygon","coordinates":[[[20.461152,54.716063],[20.460992,54.716138],[20.461072,54.716195],[20.461232,54.716121],[20.461152,54.716063]]]}},{"type":"Feature","properties":{"kind":"building","name":"","osm":"way/198444411"},"geometry":{"type":"Polygon","coordinates":[[[20.461509,54.716854],[20.461447,54.716891],[20.461515,54.71693],[20.461578,54.716894],[20.461509,54.716854]]]}},{"type":"Feature","properties":{"kind":"building","name":"","osm":"way/198444413"},"geometry":{"type":"Polygon","coordinates":[[[20.459741,54.717199],[20.459832,54.717278],[20.460041,54.717196],[20.45995,54.717118],[20.459741,54.717199]]]}},{"type":"Feature","properties":{"kind":"road","name":"","osm":"way/198446751","highway":"service","access":"","foot":""},"geometry":{"type":"LineString","coordinates":[[20.456951,54.717039],[20.456643,54.717062],[20.456128,54.717039],[20.455476,54.717001]]}},{"type":"Feature","properties":{"kind":"building","name":"","osm":"way/198446752"},"geometry":{"type":"Polygon","coordinates":[[[20.460549,54.718235],[20.460748,54.718237],[20.460754,54.718077],[20.460555,54.718075],[20.460549,54.718235]]]}},{"type":"Feature","properties":{"kind":"building","name":"","osm":"way/198446754"},"geometry":{"type":"Polygon","coordinates":[[[20.460666,54.718813],[20.460669,54.718666],[20.460483,54.718665],[20.460479,54.718812],[20.460666,54.718813]]]}},{"type":"Feature","properties":{"kind":"building","name":"","osm":"way/198446756"},"geometry":{"type":"Polygon","coordinates":[[[20.457961,54.718532],[20.457988,54.718636],[20.458243,54.718614],[20.458215,54.71851],[20.457961,54.718532]]]}},{"type":"Feature","properties":{"kind":"building","name":"","osm":"way/198446758"},"geometry":{"type":"Polygon","coordinates":[[[20.460704,54.718596],[20.460706,54.718503],[20.460522,54.718502],[20.460519,54.718594],[20.460704,54.718596]]]}},{"type":"Feature","properties":{"kind":"building","name":"","osm":"way/198446759"},"geometry":{"type":"Polygon","coordinates":[[[20.460505,54.719206],[20.460503,54.719297],[20.460724,54.719299],[20.460726,54.719208],[20.460505,54.719206]]]}},{"type":"Feature","properties":{"kind":"building","name":"","osm":"way/198446761"},"geometry":{"type":"Polygon","coordinates":[[[20.459642,54.718919],[20.459658,54.719011],[20.459946,54.718994],[20.459929,54.718902],[20.459642,54.718919]]]}},{"type":"Feature","properties":{"kind":"building","name":"","osm":"way/198446762"},"geometry":{"type":"Polygon","coordinates":[[[20.461241,54.719315],[20.461244,54.719171],[20.460998,54.719169],[20.460994,54.719313],[20.461241,54.719315]]]}},{"type":"Feature","properties":{"kind":"building","name":"","osm":"way/198446764"},"geometry":{"type":"Polygon","coordinates":[[[20.459813,54.718813],[20.45981,54.718682],[20.45962,54.718684],[20.459623,54.718815],[20.459813,54.718813]]]}},{"type":"Feature","properties":{"kind":"building","name":"","osm":"way/198446765"},"geometry":{"type":"Polygon","coordinates":[[[20.461036,54.718983],[20.461033,54.719102],[20.461305,54.719104],[20.461307,54.718985],[20.461036,54.718983]]]}},{"type":"Feature","properties":{"kind":"building","name":"","osm":"way/198446766"},"geometry":{"type":"Polygon","coordinates":[[[20.459802,54.718625],[20.459786,54.718474],[20.459559,54.718483],[20.459576,54.718633],[20.459802,54.718625]]]}},{"type":"Feature","properties":{"kind":"building","name":"","osm":"way/198446767"},"geometry":{"type":"Polygon","coordinates":[[[20.461031,54.718184],[20.461029,54.718269],[20.461184,54.71827],[20.461186,54.718185],[20.461031,54.718184]]]}},{"type":"Feature","properties":{"kind":"building","name":"","osm":"way/198446768"},"geometry":{"type":"Polygon","coordinates":[[[20.461009,54.717982],[20.461007,54.718055],[20.461134,54.718056],[20.461136,54.717983],[20.461009,54.717982]]]}},{"type":"Feature","properties":{"kind":"building","name":"","osm":"way/198446769"},"geometry":{"type":"Polygon","coordinates":[[[20.45967,54.719107],[20.459673,54.719247],[20.459854,54.719246],[20.45995,54.719245],[20.459946,54.719105],[20.459848,54.719105],[20.45967,54.719107]]]}},{"type":"Feature","properties":{"kind":"building","name":"","osm":"way/198446770"},"geometry":{"type":"Polygon","coordinates":[[[20.461009,54.717899],[20.461294,54.717901],[20.461295,54.717844],[20.46101,54.717841],[20.461009,54.717899]]]}},{"type":"Feature","properties":{"kind":"building","name":"","osm":"way/198446771"},"geometry":{"type":"Polygon","coordinates":[[[20.460699,54.718423],[20.460701,54.718305],[20.460516,54.718303],[20.460513,54.718422],[20.460699,54.718423]]]}},{"type":"Feature","properties":{"kind":"building","name":"","osm":"way/201719787"},"geometry":{"type":"Polygon","coordinates":[[[20.459463,54.7179],[20.45947,54.718007],[20.4597,54.718002],[20.459693,54.717895],[20.459463,54.7179]]]}},{"type":"Feature","properties":{"kind":"building","name":"","osm":"way/201719788"},"geometry":{"type":"Polygon","coordinates":[[[20.458076,54.714927],[20.458072,54.71502],[20.458229,54.715023],[20.458234,54.71493],[20.458076,54.714927]]]}},{"type":"Feature","properties":{"kind":"building","name":"","osm":"way/201719789"},"geometry":{"type":"Polygon","coordinates":[[[20.460071,54.720037],[20.46009,54.72012],[20.460277,54.720106],[20.460259,54.720024],[20.460071,54.720037]]]}},{"type":"Feature","properties":{"kind":"building","name":"","osm":"way/201719790"},"geometry":{"type":"Polygon","coordinates":[[[20.458898,54.7183],[20.458912,54.718376],[20.459107,54.718364],[20.459094,54.718289],[20.458898,54.7183]]]}},{"type":"Feature","properties":{"kind":"building","name":"","osm":"way/201719791"},"geometry":{"type":"Polygon","coordinates":[[[20.456945,54.719173],[20.456976,54.719303],[20.457271,54.71928],[20.457239,54.719149],[20.456945,54.719173]]]}},{"type":"Feature","properties":{"kind":"building","name":"","osm":"way/201719792"},"geometry":{"type":"Polygon","coordinates":[[[20.45777,54.720133],[20.457763,54.72023],[20.457907,54.720233],[20.457913,54.720137],[20.45777,54.720133]]]}},{"type":"Feature","properties":{"kind":"building","name":"","osm":"way/201719793"},"geometry":{"type":"Polygon","coordinates":[[[20.458064,54.715343],[20.458055,54.715528],[20.458443,54.715534],[20.458452,54.715349],[20.458064,54.715343]]]}},{"type":"Feature","properties":{"kind":"building","name":"","osm":"way/201719794"},"geometry":{"type":"Polygon","coordinates":[[[20.457024,54.715508],[20.457032,54.715611],[20.45721,54.715606],[20.457202,54.715503],[20.457024,54.715508]]]}},{"type":"Feature","properties":{"kind":"road","name":"","osm":"way/201719796","highway":"service","access":"","foot":""},"geometry":{"type":"LineString","coordinates":[[20.456812,54.715432],[20.456773,54.715447]]}},{"type":"Feature","properties":{"kind":"road","name":"","osm":"way/201719797","highway":"service","access":"","foot":""},"geometry":{"type":"LineString","coordinates":[[20.459065,54.715356],[20.4585,54.715351]]}},{"type":"Feature","properties":{"kind":"road","name":"","osm":"way/201719798","highway":"living_street","access":"","foot":""},"geometry":{"type":"LineString","coordinates":[[20.459672,54.720223],[20.45916,54.720233],[20.459104,54.719925]]}},{"type":"Feature","properties":{"kind":"road","name":"","osm":"way/201719799","highway":"service","access":"","foot":""},"geometry":{"type":"LineString","coordinates":[[20.457624,54.714814],[20.457659,54.714647],[20.456903,54.714593]]}},{"type":"Feature","properties":{"kind":"road","name":"","osm":"way/201719800","highway":"service","access":"","foot":""},"geometry":{"type":"LineString","coordinates":[[20.456769,54.714607],[20.456517,54.714569],[20.456242,54.714557],[20.456126,54.715252]]}},{"type":"Feature","properties":{"kind":"road","name":"","osm":"way/201719802","highway":"service","access":"","foot":""},"geometry":{"type":"LineString","coordinates":[[20.456903,54.714593],[20.456769,54.714607]]}},{"type":"Feature","properties":{"kind":"road","name":"","osm":"way/201719803","highway":"footway","access":"","foot":""},"geometry":{"type":"LineString","coordinates":[[20.456773,54.715447],[20.456581,54.715495],[20.456204,54.715491],[20.456152,54.715465],[20.4557,54.715454],[20.455455,54.715323],[20.455222,54.715297]]}},{"type":"Feature","properties":{"kind":"building","name":"","osm":"way/201719804"},"geometry":{"type":"Polygon","coordinates":[[[20.458728,54.7193],[20.458906,54.719294],[20.458899,54.719228],[20.458721,54.719234],[20.458728,54.7193]]]}},{"type":"Feature","properties":{"kind":"building","name":"","osm":"way/201719805"},"geometry":{"type":"Polygon","coordinates":[[[20.456932,54.717763],[20.456892,54.717647],[20.456744,54.717664],[20.456784,54.71778],[20.456932,54.717763]]]}},{"type":"Feature","properties":{"kind":"building","name":"","osm":"way/201719806"},"geometry":{"type":"Polygon","coordinates":[[[20.458682,54.718885],[20.458675,54.718834],[20.458575,54.718838],[20.458582,54.71889],[20.458682,54.718885]]]}},{"type":"Feature","properties":{"kind":"road","name":"улица Яблоневая Аллея","osm":"way/201719809","highway":"residential","access":"","foot":""},"geometry":{"type":"LineString","coordinates":[[20.458195,54.717597],[20.458604,54.719628],[20.458726,54.720395]]}},{"type":"Feature","properties":{"kind":"building","name":"","osm":"way/201749708"},"geometry":{"type":"Polygon","coordinates":[[[20.457349,54.714128],[20.457488,54.71414],[20.457512,54.714049],[20.457373,54.714037],[20.457349,54.714128]]]}},{"type":"Feature","properties":{"kind":"building","name":"","osm":"way/202628119"},"geometry":{"type":"Polygon","coordinates":[[[20.473495,54.723344],[20.473688,54.723344],[20.473688,54.723263],[20.473495,54.723263],[20.473495,54.723344]]]}},{"type":"Feature","properties":{"kind":"road","name":"","osm":"way/202628121","highway":"service","access":"","foot":""},"geometry":{"type":"LineString","coordinates":[[20.464344,54.723034],[20.464477,54.723036]]}},{"type":"Feature","properties":{"kind":"road","name":"","osm":"way/202628122","highway":"service","access":"","foot":""},"geometry":{"type":"LineString","coordinates":[[20.464415,54.723683],[20.464303,54.723678]]}},{"type":"Feature","properties":{"kind":"road","name":"","osm":"way/202628124","highway":"service","access":"","foot":""},"geometry":{"type":"LineString","coordinates":[[20.464027,54.723028],[20.464035,54.722891],[20.463441,54.722926]]}},{"type":"Feature","properties":{"kind":"road","name":"","osm":"way/202628126","highway":"service","access":"","foot":""},"geometry":{"type":"LineString","coordinates":[[20.464125,54.72303],[20.464344,54.723034]]}},{"type":"Feature","properties":{"kind":"road","name":"","osm":"way/202628127","highway":"service","access":"","foot":""},"geometry":{"type":"LineString","coordinates":[[20.463985,54.723667],[20.463947,54.723775],[20.46337,54.723647],[20.463486,54.723461],[20.463513,54.723277],[20.463441,54.722926]]}},{"type":"Feature","properties":{"kind":"road","name":"","osm":"way/202628129","highway":"service","access":"","foot":""},"geometry":{"type":"LineString","coordinates":[[20.464303,54.723678],[20.464082,54.72367]]}},{"type":"Feature","properties":{"kind":"road","name":"","osm":"way/202628130","highway":"service","access":"","foot":""},"geometry":{"type":"LineString","coordinates":[[20.464082,54.72367],[20.463985,54.723667]]}},{"type":"Feature","properties":{"kind":"building","name":"","osm":"way/202628132"},"geometry":{"type":"Polygon","coordinates":[[[20.461798,54.722476],[20.461787,54.722381],[20.461859,54.722378],[20.461932,54.722365],[20.462056,54.722267],[20.462146,54.722305],[20.46215,54.722322],[20.46238,54.722306],[20.462391,54.722357],[20.462699,54.722335],[20.46272,54.72243],[20.462138,54.722472],[20.462132,54.722445],[20.462071,54.72245],[20.462059,54.722397],[20.461995,54.722426],[20.46186,54.722431],[20.461865,54.722473],[20.461798,54.722476]]]}},{"type":"Feature","properties":{"kind":"road","name":"","osm":"way/206055957","highway":"service","access":"","foot":""},"geometry":{"type":"LineString","coordinates":[[20.458032,54.714528],[20.458763,54.714562]]}},{"type":"Feature","properties":{"kind":"road","name":"улица Яблоневая Аллея","osm":"way/206055959","highway":"residential","access":"","foot":""},"geometry":{"type":"LineString","coordinates":[[20.457854,54.715052],[20.45779,54.715493],[20.457817,54.715954],[20.457859,54.716174],[20.458195,54.717597]]}},{"type":"Feature","properties":{"kind":"road","name":"","osm":"way/206228639","highway":"service","access":"","foot":""},"geometry":{"type":"LineString","coordinates":[[20.458226,54.712104],[20.45882,54.712141],[20.458927,54.712145],[20.45897,54.711971],[20.459004,54.711833]]}},{"type":"Feature","properties":{"kind":"road","name":"улица Яблоневая Аллея","osm":"way/206228646","highway":"residential","access":"","foot":""},"geometry":{"type":"LineString","coordinates":[[20.458032,54.714528],[20.457854,54.715052]]}},{"type":"Feature","properties":{"kind":"building","name":"","osm":"way/206238606"},"geometry":{"type":"Polygon","coordinates":[[[20.456977,54.713213],[20.456942,54.713331],[20.457109,54.713347],[20.457145,54.713229],[20.456977,54.713213]]]}},{"type":"Feature","properties":{"kind":"road","name":"","osm":"way/206238609","highway":"service","access":"","foot":""},"geometry":{"type":"LineString","coordinates":[[20.457003,54.712634],[20.457474,54.712693],[20.457442,54.712985],[20.45809,54.713023]]}},{"type":"Feature","properties":{"kind":"road","name":"Бородинская улица","osm":"way/209302332","highway":"residential","access":"","foot":""},"geometry":{"type":"LineString","coordinates":[[20.468694,54.716531],[20.468729,54.716518],[20.469167,54.716359]]}},{"type":"Feature","properties":{"kind":"building","name":"","osm":"way/209746489"},"geometry":{"type":"Polygon","coordinates":[[[20.468962,54.715205],[20.468962,54.71525],[20.469065,54.71525],[20.469065,54.715205],[20.468962,54.715205]]]}},{"type":"Feature","properties":{"kind":"building","name":"","osm":"way/209746490"},"geometry":{"type":"Polygon","coordinates":[[[20.468337,54.715366],[20.468544,54.715363],[20.468541,54.715288],[20.468334,54.715291],[20.468337,54.715366]]]}},{"type":"Feature","properties":{"kind":"building","name":"","osm":"way/209746492"},"geometry":{"type":"Polygon","coordinates":[[[20.470169,54.714012],[20.4704,54.713981],[20.47031,54.713756],[20.470079,54.713787],[20.470169,54.714012]]]}},{"type":"Feature","properties":{"kind":"building","name":"","osm":"way/209746493"},"geometry":{"type":"Polygon","coordinates":[[[20.468933,54.715574],[20.469098,54.715547],[20.46906,54.715469],[20.468895,54.715496],[20.468933,54.715574]]]}},{"type":"Feature","properties":{"kind":"building","name":"","osm":"way/211084934"},"geometry":{"type":"Polygon","coordinates":[[[20.465612,54.716819],[20.465606,54.716886],[20.465857,54.716895],[20.465863,54.716828],[20.465612,54.716819]]]}},{"type":"Feature","properties":{"kind":"building","name":"","osm":"way/211084935"},"geometry":{"type":"Polygon","coordinates":[[[20.464814,54.717353],[20.465029,54.71745],[20.465097,54.71745],[20.465172,54.717415],[20.465186,54.717239],[20.465079,54.717248],[20.465072,54.717339],[20.464975,54.717349],[20.464903,54.717312],[20.464814,54.717353]]]}},{"type":"Feature","properties":{"kind":"building","name":"вилла Винтер","osm":"way/211084936"},"geometry":{"type":"Polygon","coordinates":[[[20.465902,54.717014],[20.465798,54.717011],[20.465794,54.717082],[20.465829,54.717082],[20.465858,54.717101],[20.465856,54.717118],[20.465844,54.717132],[20.46581,54.71714],[20.465787,54.71714],[20.46578,54.717202],[20.466077,54.717213],[20.466084,54.717146],[20.46603,54.717144],[20.466048,54.716977],[20.466036,54.716949],[20.466134,54.716867],[20.466281,54.716925],[20.466252,54.716975],[20.466273,54.717],[20.46624,54.717151],[20.466184,54.717154],[20.466176,54.717307],[20.46614,54.717309],[20.466081,54.71733],[20.466069,54.717345],[20.465677,54.717329],[20.465678,54.717301],[20.465544,54.717294],[20.46555,54.717244],[20.465581,54.717245],[20.465597,54.717005],[20.465707,54.717008],[20.465708,54.716983],[20.465904,54.716987],[20.465902,54.717014]]]}},{"type":"Feature","properties":{"kind":"road","name":"","osm":"way/211084937","highway":"service","access":"","foot":""},"geometry":{"type":"LineString","coordinates":[[20.465426,54.716703],[20.465595,54.716705],[20.465792,54.716709],[20.466117,54.716709],[20.466284,54.716731]]}},{"type":"Feature","properties":{"kind":"building","name":"","osm":"way/211084938"},"geometry":{"type":"Polygon","coordinates":[[[20.466737,54.716819],[20.466655,54.716729],[20.466494,54.716777],[20.466577,54.716868],[20.466737,54.716819]]]}},{"type":"Feature","properties":{"kind":"building","name":"","osm":"way/211084939"},"geometry":{"type":"Polygon","coordinates":[[[20.463794,54.716439],[20.463931,54.716502],[20.464051,54.716416],[20.463914,54.716352],[20.463794,54.716439]]]}},{"type":"Feature","properties":{"kind":"building","name":"","osm":"way/212639785"},"geometry":{"type":"Polygon","coordinates":[[[20.459819,54.72332],[20.459805,54.723393],[20.459964,54.723403],[20.459978,54.72333],[20.459819,54.72332]]]}},{"type":"Feature","properties":{"kind":"building","name":"","osm":"way/212639786"},"geometry":{"type":"Polygon","coordinates":[[[20.459922,54.726302],[20.459922,54.726432],[20.460117,54.726432],[20.460117,54.726302],[20.459922,54.726302]]]}},{"type":"Feature","properties":{"kind":"road","name":"","osm":"way/212639788","highway":"service","access":"","foot":""},"geometry":{"type":"LineString","coordinates":[[20.460304,54.725982],[20.460316,54.726706]]}},{"type":"Feature","properties":{"kind":"road","name":"","osm":"way/212639790","highway":"service","access":"","foot":""},"geometry":{"type":"LineString","coordinates":[[20.459532,54.725973],[20.460304,54.725982],[20.460895,54.725988]]}},{"type":"Feature","properties":{"kind":"road","name":"","osm":"way/212639791","highway":"service","access":"","foot":""},"geometry":{"type":"LineString","coordinates":[[20.461877,54.725423],[20.461675,54.72542],[20.461399,54.725417],[20.461184,54.725485],[20.460316,54.725463]]}},{"type":"Feature","properties":{"kind":"building","name":"","osm":"way/212639802"},"geometry":{"type":"Polygon","coordinates":[[[20.458742,54.725016],[20.458954,54.725008],[20.458942,54.724892],[20.45873,54.7249],[20.458742,54.725016]]]}},{"type":"Feature","properties":{"kind":"road","name":"","osm":"way/213472220","highway":"service","access":"","foot":""},"geometry":{"type":"LineString","coordinates":[[20.473365,54.724657],[20.473282,54.724655]]}},{"type":"Feature","properties":{"kind":"road","name":"","osm":"way/213472221","highway":"service","access":"no","foot":"yes"},"geometry":{"type":"LineString","coordinates":[[20.473059,54.724649],[20.472778,54.724641]]}},{"type":"Feature","properties":{"kind":"road","name":"","osm":"way/213472222","highway":"service","access":"","foot":""},"geometry":{"type":"LineString","coordinates":[[20.473027,54.721215],[20.473968,54.721217]]}},{"type":"Feature","properties":{"kind":"road","name":"","osm":"way/213472223","highway":"service","access":"no","foot":"yes"},"geometry":{"type":"LineString","coordinates":[[20.473282,54.724655],[20.473059,54.724649]]}},{"type":"Feature","properties":{"kind":"road","name":"","osm":"way/213472224","highway":"service","access":"","foot":""},"geometry":{"type":"LineString","coordinates":[[20.471259,54.723801],[20.471889,54.723801],[20.472843,54.723793]]}},{"type":"Feature","properties":{"kind":"road","name":"","osm":"way/213472226","highway":"service","access":"","foot":""},"geometry":{"type":"LineString","coordinates":[[20.474547,54.725225],[20.473957,54.725219],[20.473333,54.725214],[20.473302,54.725738]]}},{"type":"Feature","properties":{"kind":"road","name":"","osm":"way/213472227","highway":"service","access":"","foot":""},"geometry":{"type":"LineString","coordinates":[[20.473333,54.725214],[20.473376,54.724681],[20.473365,54.724657],[20.473341,54.724606],[20.473365,54.723905]]}},{"type":"Feature","properties":{"kind":"building","name":"","osm":"way/215028487"},"geometry":{"type":"Polygon","coordinates":[[[20.466725,54.720602],[20.466924,54.720653],[20.467059,54.720478],[20.46686,54.720427],[20.466725,54.720602]]]}},{"type":"Feature","properties":{"kind":"road","name":"","osm":"way/215028489","highway":"footway","access":"","foot":""},"geometry":{"type":"LineString","coordinates":[[20.46968,54.723411],[20.469702,54.723027]]}},{"type":"Feature","properties":{"kind":"road","name":"","osm":"way/215028490","highway":"footway","access":"","foot":""},"geometry":{"type":"LineString","coordinates":[[20.469565,54.723485],[20.468899,54.723481]]}},{"type":"Feature","properties":{"kind":"road","name":"","osm":"way/215028491","highway":"service","access":"","foot":""},"geometry":{"type":"LineString","coordinates":[[20.464964,54.720843],[20.463531,54.720811]]}},{"type":"Feature","properties":{"kind":"road","name":"","osm":"way/215028492","highway":"service","access":"","foot":""},"geometry":{"type":"LineString","coordinates":[[20.467866,54.720165],[20.467846,54.720196],[20.467667,54.720425],[20.467502,54.720458]]}},{"type":"Feature","properties":{"kind":"road","name":"","osm":"way/215028493","highway":"service","access":"","foot":""},"geometry":{"type":"LineString","coordinates":[[20.468691,54.72062],[20.468206,54.720823],[20.467938,54.720841],[20.467788,54.720745]]}},{"type":"Feature","properties":{"kind":"building","name":"","osm":"way/215028495"},"geometry":{"type":"Polygon","coordinates":[[[20.46821,54.72122],[20.4684,54.721141],[20.468258,54.721026],[20.468068,54.721105],[20.46821,54.72122]]]}},{"type":"Feature","properties":{"kind":"building","name":"","osm":"way/215028496"},"geometry":{"type":"Polygon","coordinates":[[[20.464506,54.72009],[20.464498,54.720211],[20.464893,54.72022],[20.464901,54.720098],[20.464506,54.72009]]]}},{"type":"Feature","properties":{"kind":"building","name":"","osm":"way/215028497"},"geometry":{"type":"Polygon","coordinates":[[[20.463886,54.721029],[20.46407,54.721035],[20.464081,54.720909],[20.463898,54.720903],[20.463886,54.721029]]]}},{"type":"Feature","properties":{"kind":"water","name":"","osm":"way/215028499"},"geometry":{"type":"Polygon","coordinates":[[[20.467429,54.720701],[20.467455,54.720604],[20.467462,54.720549],[20.467561,54.720526],[20.467692,54.720511],[20.467762,54.720538],[20.467831,54.720591],[20.467857,54.720652],[20.467776,54.720695],[20.467663,54.72072],[20.467572,54.720724],[20.467488,54.720709],[20.467429,54.720701]]]}},{"type":"Feature","properties":{"kind":"road","name":"","osm":"way/217117014","highway":"service","access":"","foot":""},"geometry":{"type":"LineString","coordinates":[[20.473957,54.725219],[20.473936,54.725781]]}},{"type":"Feature","properties":{"kind":"road","name":"","osm":"way/222459664","highway":"footway","access":"","foot":""},"geometry":{"type":"LineString","coordinates":[[20.474009,54.726641],[20.474455,54.7265],[20.474407,54.726925],[20.474405,54.726948],[20.474401,54.72698],[20.474393,54.727046]]}},{"type":"Feature","properties":{"kind":"road","name":"","osm":"way/222459665","highway":"path","access":"","foot":""},"geometry":{"type":"LineString","coordinates":[[20.47472,54.723323],[20.474716,54.723412],[20.474716,54.723436],[20.474711,54.723579]]}},{"type":"Feature","properties":{"kind":"road","name":"","osm":"way/222459668","highway":"footway","access":"","foot":""},"geometry":{"type":"LineString","coordinates":[[20.473666,54.726334],[20.473649,54.726366],[20.474009,54.726641],[20.474276,54.726843],[20.474345,54.726899],[20.474407,54.726925]]}},{"type":"Feature","properties":{"kind":"road","name":"","osm":"way/222459670","highway":"footway","access":"","foot":""},"geometry":{"type":"LineString","coordinates":[[20.4606,54.722957],[20.460779,54.723008],[20.462153,54.723725],[20.462488,54.723886],[20.462655,54.723957],[20.462864,54.724013],[20.464351,54.724322],[20.464483,54.724342],[20.465445,54.724563],[20.465895,54.72466],[20.469445,54.725421],[20.469546,54.725442],[20.469688,54.725473],[20.469771,54.72549],[20.471274,54.725815],[20.472627,54.726107],[20.473599,54.726322],[20.473666,54.726334],[20.474455,54.7265],[20.474497,54.726513],[20.474623,54.726531],[20.478441,54.727482],[20.478608,54.727556]]}},{"type":"Feature","properties":{"kind":"road","name":"","osm":"way/222459846","highway":"footway","access":"","foot":""},"geometry":{"type":"LineString","coordinates":[[20.474631,54.726371],[20.476456,54.726839],[20.478519,54.727342],[20.478611,54.727361],[20.478744,54.72532],[20.478803,54.725235],[20.478858,54.724537],[20.478877,54.724148],[20.478922,54.722804],[20.479015,54.721609],[20.479081,54.72083],[20.479111,54.720584]]}},{"type":"Feature","properties":{"kind":"road","name":"","osm":"way/227458466","highway":"service","access":"","foot":""},"geometry":{"type":"LineString","coordinates":[[20.465066,54.723352],[20.465004,54.723985]]}},{"type":"Feature","properties":{"kind":"road","name":"","osm":"way/229966802","highway":"service","access":"","foot":""},"geometry":{"type":"LineString","coordinates":[[20.468062,54.722893],[20.467546,54.722887]]}},{"type":"Feature","properties":{"kind":"road","name":"","osm":"way/229966803","highway":"service","access":"","foot":""},"geometry":{"type":"LineString","coordinates":[[20.467976,54.724511],[20.468459,54.724529],[20.468449,54.724751]]}},{"type":"Feature","properties":{"kind":"road","name":"","osm":"way/229966804","highway":"service","access":"","foot":""},"geometry":{"type":"LineString","coordinates":[[20.467279,54.722223],[20.467305,54.722295],[20.467321,54.722445],[20.467319,54.722492],[20.467684,54.722424]]}},{"type":"Feature","properties":{"kind":"road","name":"","osm":"way/229966805","highway":"service","access":"","foot":""},"geometry":{"type":"LineString","coordinates":[[20.468459,54.724529],[20.468563,54.724525],[20.468594,54.723986]]}},{"type":"Feature","properties":{"kind":"building","name":"","osm":"way/232100073"},"geometry":{"type":"Polygon","coordinates":[[[20.477159,54.725017],[20.47719,54.724845],[20.476956,54.724831],[20.476924,54.725003],[20.477159,54.725017]]]}},{"type":"Feature","properties":{"kind":"road","name":"","osm":"way/232100074","highway":"service","access":"","foot":""},"geometry":{"type":"LineString","coordinates":[[20.476622,54.725124],[20.475476,54.725076]]}},{"type":"Feature","properties":{"kind":"road","name":"","osm":"way/232100075","highway":"footway","access":"","foot":""},"geometry":{"type":"LineString","coordinates":[[20.477228,54.725544],[20.477238,54.725628],[20.477238,54.725681]]}},{"type":"Feature","properties":{"kind":"road","name":"","osm":"way/232100076","highway":"service","access":"","foot":""},"geometry":{"type":"LineString","coordinates":[[20.476904,54.722872],[20.47748,54.722908],[20.477371,54.723431]]}},{"type":"Feature","properties":{"kind":"road","name":"","osm":"way/232100077","highway":"service","access":"","foot":""},"geometry":{"type":"LineString","coordinates":[[20.476481,54.726658],[20.476719,54.72666],[20.476921,54.726664],[20.477013,54.726608],[20.477065,54.726129],[20.477067,54.726093],[20.476526,54.726009]]}},{"type":"Feature","properties":{"kind":"building","name":"","osm":"way/232100078"},"geometry":{"type":"Polygon","coordinates":[[[20.477155,54.725137],[20.477057,54.725133],[20.477053,54.725172],[20.477045,54.72525],[20.477093,54.725252],[20.477078,54.725395],[20.477137,54.725397],[20.477135,54.725414],[20.47713,54.725454],[20.476957,54.725448],[20.476953,54.725482],[20.476883,54.725482],[20.476844,54.725472],[20.476826,54.725442],[20.476829,54.725414],[20.476847,54.725241],[20.476854,54.725183],[20.476866,54.725065],[20.477161,54.725076],[20.477155,54.725137]]]}},{"type":"Feature","properties":{"kind":"road","name":"улица Чернышевского","osm":"way/233828113","highway":"tertiary","access":"","foot":""},"geometry":{"type":"LineString","coordinates":[[20.462146,54.725141],[20.462522,54.725204],[20.462926,54.725262],[20.463756,54.725374]]}},{"type":"Feature","properties":{"kind":"road","name":"улица Чернышевского","osm":"way/234094107","highway":"tertiary","access":"","foot":""},"geometry":{"type":"LineString","coordinates":[[20.468186,54.726278],[20.468762,54.726414],[20.468946,54.72645]]}},{"type":"Feature","properties":{"kind":"road","name":"","osm":"way/234529454","highway":"service","access":"","foot":""},"geometry":{"type":"LineString","coordinates":[[20.461852,54.7257],[20.461984,54.725711],[20.46208,54.725719],[20.462259,54.725764],[20.46247,54.725956]]}},{"type":"Feature","properties":{"kind":"building","name":"","osm":"way/234529460"},"geometry":{"type":"Polygon","coordinates":[[[20.459708,54.726785],[20.45985,54.726787],[20.459859,54.726597],[20.459717,54.726595],[20.459708,54.726785]]]}},{"type":"Feature","properties":{"kind":"building","name":"","osm":"way/234765822"},"geometry":{"type":"Polygon","coordinates":[[[20.477755,54.724289],[20.477749,54.724391],[20.478057,54.724397],[20.478063,54.724295],[20.477985,54.724293],[20.477983,54.724334],[20.477839,54.724331],[20.477842,54.72429],[20.477755,54.724289]]]}},{"type":"Feature","properties":{"kind":"road","name":"","osm":"way/234765823","highway":"service","access":"","foot":""},"geometry":{"type":"LineString","coordinates":[[20.477697,54.724488],[20.477953,54.724507],[20.478489,54.724523],[20.478858,54.724537],[20.478899,54.724539]]}},{"type":"Feature","properties":{"kind":"building","name":"","osm":"way/234765825"},"geometry":{"type":"Polygon","coordinates":[[[20.477988,54.723842],[20.477986,54.723905],[20.478371,54.723909],[20.478374,54.723846],[20.477988,54.723842]]]}},{"type":"Feature","properties":{"kind":"building","name":"","osm":"way/234862751"},"geometry":{"type":"Polygon","coordinates":[[[20.470688,54.716746],[20.470806,54.716827],[20.471237,54.716629],[20.471,54.716456],[20.470834,54.716532],[20.470958,54.716622],[20.470688,54.716746]]]}},{"type":"Feature","properties":{"kind":"road","name":"","osm":"way/234862752","highway":"service","access":"","foot":""},"geometry":{"type":"LineString","coordinates":[[20.470065,54.716743],[20.470611,54.717064]]}},{"type":"Feature","properties":{"kind":"road","name":"","osm":"way/234862753","highway":"service","access":"","foot":""},"geometry":{"type":"LineString","coordinates":[[20.469084,54.717265],[20.469385,54.717036],[20.469401,54.717026],[20.469424,54.71701],[20.469501,54.716956]]}},{"type":"Feature","properties":{"kind":"road","name":"","osm":"way/234862755","highway":"service","access":"no","foot":""},"geometry":{"type":"LineString","coordinates":[[20.478231,54.716921],[20.478237,54.716811],[20.477988,54.716808],[20.477982,54.716917],[20.478231,54.716921]]}},{"type":"Feature","properties":{"kind":"building","name":"","osm":"way/234862756"},"geometry":{"type":"Polygon","coordinates":[[[20.476196,54.717522],[20.476191,54.717651],[20.476284,54.717652],[20.476289,54.717523],[20.476196,54.717522]]]}},{"type":"Feature","properties":{"kind":"road","name":"улица Каштановая Аллея","osm":"way/237477882","highway":"tertiary","access":"","foot":""},"geometry":{"type":"LineString","coordinates":[[20.465083,54.720396],[20.465022,54.720683],[20.464964,54.720843],[20.464703,54.721175],[20.464635,54.721324],[20.464612,54.721613]]}},{"type":"Feature","properties":{"kind":"building","name":"","osm":"way/239298307"},"geometry":{"type":"Polygon","coordinates":[[[20.456736,54.726144],[20.456736,54.726254],[20.456782,54.726254],[20.456787,54.726144],[20.456736,54.726144]]]}},{"type":"Feature","properties":{"kind":"building","name":"","osm":"way/239298309"},"geometry":{"type":"Polygon","coordinates":[[[20.458601,54.724183],[20.458747,54.724184],[20.458756,54.723903],[20.45861,54.723901],[20.458601,54.724183]]]}},{"type":"Feature","properties":{"kind":"road","name":"Спортивная улица","osm":"way/239298310","highway":"residential","access":"","foot":""},"geometry":{"type":"LineString","coordinates":[[20.457409,54.7232],[20.457431,54.723283],[20.457434,54.723295],[20.457488,54.723541],[20.457518,54.723786],[20.457556,54.724179],[20.457577,54.724607],[20.457566,54.724985],[20.457549,54.725619],[20.457438,54.727175],[20.457435,54.727216],[20.457422,54.727399],[20.457476,54.727764],[20.457491,54.727952],[20.457494,54.727974],[20.457518,54.728174],[20.457618,54.729152],[20.457533,54.730147]]}},{"type":"Feature","properties":{"kind":"road","name":"","osm":"way/239298315","highway":"service","access":"","foot":""},"geometry":{"type":"LineString","coordinates":[[20.457438,54.727175],[20.457734,54.72721],[20.458432,54.727207],[20.458426,54.726876]]}},{"type":"Feature","properties":{"kind":"road","name":"","osm":"way/239298316","highway":"service","access":"","foot":""},"geometry":{"type":"LineString","coordinates":[[20.457566,54.724985],[20.458141,54.724992],[20.458141,54.725067],[20.458346,54.725077]]}},{"type":"Feature","properties":{"kind":"road","name":"","osm":"way/239298317","highway":"service","access":"","foot":""},"geometry":{"type":"LineString","coordinates":[[20.457518,54.723786],[20.457919,54.723767],[20.458225,54.723794],[20.458463,54.72385],[20.458522,54.724043]]}},{"type":"Feature","properties":{"kind":"building","name":"","osm":"way/247157031"},"geometry":{"type":"Polygon","coordinates":[[[20.46439,54.716901],[20.464466,54.716846],[20.464657,54.716935],[20.464581,54.716989],[20.46439,54.716901]]]}},{"type":"Feature","properties":{"kind":"building","name":"","osm":"way/260047976"},"geometry":{"type":"Polygon","coordinates":[[[20.463161,54.724711],[20.463063,54.724862],[20.462178,54.72466],[20.462273,54.724515],[20.463161,54.724711]]]}},{"type":"Feature","properties":{"kind":"road","name":"","osm":"way/264798450","highway":"footway","access":"","foot":""},"geometry":{"type":"LineString","coordinates":[[20.460841,54.71538],[20.461792,54.715924],[20.461874,54.715969],[20.462063,54.716067],[20.462157,54.716062],[20.462371,54.716172],[20.462618,54.716298],[20.462853,54.71642],[20.462852,54.716482],[20.463134,54.716614],[20.463382,54.716733],[20.465241,54.717594],[20.46534,54.717607],[20.465435,54.717614],[20.465525,54.717653],[20.465559,54.717689],[20.465624,54.71776],[20.46601,54.717935],[20.467425,54.718551],[20.467527,54.718601],[20.46881,54.719193],[20.468866,54.719171],[20.468938,54.719144],[20.469092,54.719099],[20.469203,54.719093],[20.469326,54.719093],[20.469607,54.71913],[20.469764,54.719165],[20.470134,54.718922],[20.470504,54.718678],[20.47079,54.71849],[20.471189,54.718225],[20.471418,54.718074]]}},{"type":"Feature","properties":{"kind":"road","name":"","osm":"way/264798451","highway":"footway","access":"","foot":""},"geometry":{"type":"LineString","coordinates":[[20.460995,54.714575],[20.460983,54.714622]]}},{"type":"Feature","properties":{"kind":"road","name":"","osm":"way/264798452","highway":"footway","access":"destination","foot":""},"geometry":{"type":"LineString","coordinates":[[20.460971,54.715308],[20.460898,54.715347]]}},{"type":"Feature","properties":{"kind":"road","name":"","osm":"way/264798453","highway":"footway","access":"destination","foot":""},"geometry":{"type":"LineString","coordinates":[[20.460983,54.714622],[20.460981,54.714653],[20.460978,54.714676]]}},{"type":"Feature","properties":{"kind":"road","name":"","osm":"way/264798454","highway":"footway","access":"","foot":""},"geometry":{"type":"LineString","coordinates":[[20.459737,54.71451],[20.459884,54.714519],[20.460995,54.714575],[20.46237,54.714651]]}},{"type":"Feature","properties":{"kind":"road","name":"","osm":"way/264798455","highway":"footway","access":"","foot":""},"geometry":{"type":"LineString","coordinates":[[20.459386,54.71479],[20.459419,54.714757],[20.45959,54.714675],[20.459634,54.71465],[20.459671,54.71463],[20.459884,54.714519]]}},{"type":"Feature","properties":{"kind":"road","name":"","osm":"way/264798456","highway":"footway","access":"","foot":""},"geometry":{"type":"LineString","coordinates":[[20.460898,54.715347],[20.460841,54.71538],[20.459634,54.71465],[20.459566,54.714614]]}},{"type":"Feature","properties":{"kind":"road","name":"","osm":"way/264798457","highway":"footway","access":"destination","foot":""},"geometry":{"type":"LineString","coordinates":[[20.460981,54.714653],[20.461119,54.714672],[20.461147,54.714699],[20.461074,54.715063],[20.461049,54.715078],[20.46099,54.715046],[20.460761,54.71518],[20.460971,54.715308],[20.461017,54.715281]]}},{"type":"Feature","properties":{"kind":"road","name":"","osm":"way/283779866","highway":"service","access":"","foot":""},"geometry":{"type":"LineString","coordinates":[[20.469499,54.725829],[20.469583,54.725844],[20.470715,54.726049],[20.470885,54.72603],[20.471131,54.726015],[20.471425,54.726062],[20.473496,54.726523],[20.473599,54.726322],[20.473645,54.726248]]}},{"type":"Feature","properties":{"kind":"road","name":"улица Каштановая Аллея","osm":"way/291100497","highway":"tertiary","access":"","foot":""},"geometry":{"type":"LineString","coordinates":[[20.465352,54.717858],[20.465315,54.717999],[20.465305,54.718039],[20.465277,54.718257],[20.465237,54.718819],[20.465163,54.719818]]}},{"type":"Feature","properties":{"kind":"road","name":"","osm":"way/294221797","highway":"footway","access":"","foot":""},"geometry":{"type":"LineString","coordinates":[[20.471274,54.725815],[20.471321,54.725741],[20.471353,54.725689],[20.471374,54.725646]]}},{"type":"Feature","properties":{"kind":"road","name":"","osm":"way/294221798","highway":"footway","access":"","foot":""},"geometry":{"type":"LineString","coordinates":[[20.460779,54.723008],[20.460902,54.722975],[20.461021,54.722948],[20.461187,54.722933]]}},{"type":"Feature","properties":{"kind":"road","name":"","osm":"way/294221799","highway":"footway","access":"","foot":""},"geometry":{"type":"LineString","coordinates":[[20.464483,54.724342],[20.464521,54.724268],[20.464545,54.724218],[20.464578,54.724186]]}},{"type":"Feature","properties":{"kind":"road","name":"","osm":"way/294221801","highway":"footway","access":"","foot":""},"geometry":{"type":"LineString","coordinates":[[20.469732,54.725293],[20.47115,54.725598],[20.471374,54.725646]]}},{"type":"Feature","properties":{"kind":"road","name":"","osm":"way/294221802","highway":"path","access":"","foot":"designated"},"geometry":{"type":"LineString","coordinates":[[20.474623,54.726531],[20.474604,54.726585],[20.474561,54.726983],[20.474557,54.727015],[20.47455,54.72708]]}},{"type":"Feature","properties":{"kind":"road","name":"","osm":"way/294221804","highway":"footway","access":"","foot":""},"geometry":{"type":"LineString","coordinates":[[20.465993,54.724493],[20.465971,54.724531],[20.465942,54.72458],[20.465895,54.72466]]}},{"type":"Feature","properties":{"kind":"road","name":"","osm":"way/294221805","highway":"footway","access":"","foot":""},"geometry":{"type":"LineString","coordinates":[[20.474631,54.726371],[20.474628,54.72643],[20.474625,54.726482],[20.474623,54.726531]]}},{"type":"Feature","properties":{"kind":"road","name":"","osm":"way/294221809","highway":"footway","access":"","foot":""},"geometry":{"type":"LineString","coordinates":[[20.469608,54.725796],[20.469688,54.725473],[20.469704,54.725399],[20.469719,54.725331],[20.469732,54.725293]]}},{"type":"Feature","properties":{"kind":"road","name":"","osm":"way/294221811","highway":"footway","access":"","foot":""},"geometry":{"type":"LineString","coordinates":[[20.461187,54.722933],[20.461295,54.723032],[20.462351,54.723604],[20.462778,54.723754],[20.463137,54.723875]]}},{"type":"Feature","properties":{"kind":"road","name":"","osm":"way/294221812","highway":"footway","access":"","foot":""},"geometry":{"type":"LineString","coordinates":[[20.469396,54.725754],[20.469445,54.725421],[20.469451,54.725341],[20.469456,54.725269],[20.469473,54.725233],[20.469564,54.725254],[20.469732,54.725293]]}},{"type":"Feature","properties":{"kind":"road","name":"","osm":"way/294221813","highway":"footway","access":"","foot":""},"geometry":{"type":"LineString","coordinates":[[20.471374,54.725646],[20.472706,54.725929],[20.472992,54.725958],[20.473343,54.726002],[20.473603,54.726109],[20.473696,54.726148],[20.474506,54.72634],[20.474631,54.726371]]}},{"type":"Feature","properties":{"kind":"road","name":"","osm":"way/294221814","highway":"footway","access":"","foot":""},"geometry":{"type":"LineString","coordinates":[[20.463137,54.723875],[20.46437,54.724139],[20.464578,54.724186],[20.464874,54.72426],[20.465993,54.724493],[20.467956,54.724899],[20.469473,54.725233]]}},{"type":"Feature","properties":{"kind":"road","name":"улица Карла Маркса","osm":"way/294221818","highway":"secondary","access":"","foot":"no"},"geometry":{"type":"LineString","coordinates":[[20.477449,54.727122],[20.478493,54.727379]]}},{"type":"Feature","properties":{"kind":"road","name":"улица Карла Маркса","osm":"way/294221820","highway":"secondary","access":"","foot":"no"},"geometry":{"type":"LineString","coordinates":[[20.46171,54.72334],[20.462186,54.7236],[20.462442,54.723708]]}},{"type":"Feature","properties":{"kind":"road","name":"","osm":"way/294246976","highway":"footway","access":"","foot":""},"geometry":{"type":"LineString","coordinates":[[20.45748,54.721842],[20.457456,54.722043],[20.457447,54.722123],[20.457475,54.722216],[20.457545,54.722305],[20.457669,54.72239],[20.457835,54.722469],[20.458078,54.722518],[20.458681,54.722625],[20.458957,54.722671],[20.459292,54.722726],[20.459617,54.722761],[20.459902,54.722788],[20.460135,54.722802],[20.460447,54.722788],[20.460651,54.722758],[20.460828,54.722737],[20.461034,54.72272],[20.461713,54.722667],[20.462857,54.722564],[20.46294,54.722557],[20.464552,54.722373],[20.464726,54.722359],[20.464881,54.722344],[20.466595,54.722182],[20.467067,54.722131],[20.467461,54.722059],[20.467832,54.722016],[20.468378,54.72189],[20.469617,54.721605],[20.469761,54.721573],[20.470057,54.7215],[20.470161,54.721448],[20.470717,54.721316],[20.470865,54.721315]]}},{"type":"Feature","properties":{"kind":"road","name":"","osm":"way/294246977","highway":"footway","access":"","foot":""},"geometry":{"type":"LineString","coordinates":[[20.461187,54.722933],[20.461162,54.722895]]}},{"type":"Feature","properties":{"kind":"road","name":"","osm":"way/294246978","highway":"footway","access":"","foot":""},"geometry":{"type":"LineString","coordinates":[[20.45748,54.721842],[20.457319,54.72176],[20.457093,54.721609],[20.456993,54.721506],[20.456947,54.721459],[20.456509,54.721315],[20.456184,54.721225],[20.455919,54.721166],[20.455664,54.721139],[20.455373,54.721134],[20.455036,54.721119],[20.454646,54.721076],[20.452965,54.720829],[20.452885,54.720817],[20.452822,54.720808],[20.450374,54.720773],[20.449897,54.720766],[20.449869,54.720766],[20.449318,54.720767],[20.449187,54.720772]]}},{"type":"Feature","properties":{"kind":"road","name":"","osm":"way/294246979","highway":"footway","access":"","foot":""},"geometry":{"type":"LineString","coordinates":[[20.461034,54.72272],[20.461093,54.722777],[20.461132,54.722839],[20.461162,54.722895]]}},{"type":"Feature","properties":{"kind":"road","name":"","osm":"way/294246980","highway":"footway","access":"","foot":""},"geometry":{"type":"LineString","coordinates":[[20.460651,54.722758],[20.460637,54.722815],[20.460625,54.722881],[20.4606,54.722957]]}},{"type":"Feature","properties":{"kind":"road","name":"","osm":"way/294246981","highway":"footway","access":"","foot":""},"geometry":{"type":"LineString","coordinates":[[20.4606,54.722957],[20.460529,54.722956],[20.459949,54.722974],[20.459822,54.722984]]}},{"type":"Feature","properties":{"kind":"road","name":"","osm":"way/294246982","highway":"footway","access":"","foot":""},"geometry":{"type":"LineString","coordinates":[[20.459462,54.722947],[20.459222,54.722905],[20.459013,54.722868],[20.459001,54.722866],[20.458872,54.722842],[20.458224,54.722726],[20.457879,54.722661],[20.457649,54.722608],[20.457472,54.722565],[20.457395,54.722541],[20.457377,54.722536],[20.457332,54.722519],[20.457281,54.722499],[20.457249,54.72247],[20.457199,54.722373],[20.457183,54.722302],[20.457177,54.72221],[20.457165,54.722133],[20.457161,54.722074],[20.457149,54.721999],[20.457131,54.721938],[20.457111,54.721869],[20.457063,54.721793],[20.456987,54.721713],[20.456887,54.721643],[20.456722,54.721561],[20.456554,54.721498],[20.45642,54.721457],[20.456366,54.72144],[20.45609,54.721356],[20.455902,54.721314],[20.455734,54.721282],[20.455595,54.721271],[20.455213,54.721272],[20.455033,54.721266],[20.454953,54.721258],[20.454766,54.72124],[20.45455,54.721213],[20.453757,54.721101],[20.453145,54.721027],[20.453013,54.721014],[20.452935,54.721006],[20.452929,54.720981],[20.452925,54.720965],[20.45292,54.720949],[20.452898,54.720864],[20.452891,54.720839],[20.452885,54.720817]]}},{"type":"Feature","properties":{"kind":"road","name":"","osm":"way/294246983","highway":"footway","access":"","foot":""},"geometry":{"type":"LineString","coordinates":[[20.458872,54.722842],[20.458886,54.722814],[20.458896,54.722797],[20.458912,54.722768],[20.458934,54.72272],[20.458957,54.722671]]}},{"type":"Feature","properties":{"kind":"road","name":"","osm":"way/294246985","highway":"secondary","access":"","foot":"no"},"geometry":{"type":"LineString","coordinates":[[20.45939,54.722842],[20.459226,54.722817],[20.459141,54.722805]]}},{"type":"Feature","properties":{"kind":"waterline","name":"","osm":"way/294297298"},"geometry":{"type":"LineString","coordinates":[[20.47705,54.72018],[20.47711,54.720052],[20.477235,54.7199],[20.477301,54.719912],[20.47739,54.719952],[20.477484,54.719967],[20.4776,54.719933],[20.477725,54.71987],[20.477805,54.719845],[20.477848,54.719819],[20.477968,54.719729],[20.478203,54.719595],[20.478252,54.719262],[20.47827,54.718644],[20.478308,54.718463],[20.478382,54.718395],[20.47842,54.718278],[20.478436,54.718135],[20.478511,54.718092],[20.478648,54.718034]]}},{"type":"Feature","properties":{"kind":"waterline","name":"","osm":"way/294297300"},"geometry":{"type":"LineString","coordinates":[[20.47701,54.720562],[20.477036,54.720312],[20.47705,54.72018]]}},{"type":"Feature","properties":{"kind":"road","name":"","osm":"way/294297301","highway":"footway","access":"","foot":""},"geometry":{"type":"LineString","coordinates":[[20.475704,54.720462],[20.475633,54.720427],[20.475588,54.720364],[20.475553,54.720316],[20.475507,54.720263],[20.475467,54.720218],[20.475504,54.72019],[20.475584,54.720167],[20.475645,54.720161],[20.475668,54.720146],[20.475734,54.720113],[20.475801,54.720074],[20.475925,54.72003]]}},{"type":"Feature","properties":{"kind":"road","name":"","osm":"way/294297302","highway":"footway","access":"","foot":""},"geometry":{"type":"LineString","coordinates":[[20.471493,54.721154],[20.4717,54.721107],[20.471861,54.72107],[20.471935,54.721053],[20.471994,54.721042],[20.472711,54.720881],[20.473795,54.72063],[20.473821,54.720624],[20.474011,54.720581],[20.474128,54.720551],[20.474193,54.720535],[20.474308,54.7205]]}},{"type":"Feature","properties":{"kind":"road","name":"","osm":"way/294297303","highway":"footway","access":"","foot":""},"geometry":{"type":"LineString","coordinates":[[20.471493,54.721154],[20.471538,54.72121],[20.471571,54.721266],[20.471587,54.721317]]}},{"type":"Feature","properties":{"kind":"road","name":"","osm":"way/294297304","highway":"footway","access":"","foot":""},"geometry":{"type":"LineString","coordinates":[[20.473896,54.720776],[20.473862,54.720728],[20.473823,54.720671],[20.473795,54.72063]]}},{"type":"Feature","properties":{"kind":"road","name":"","osm":"way/294297305","highway":"footway","access":"","foot":""},"geometry":{"type":"LineString","coordinates":[[20.471112,54.721246],[20.471124,54.721289],[20.471165,54.721359],[20.471174,54.721398]]}},{"type":"Feature","properties":{"kind":"road","name":"","osm":"way/294297306","highway":"footway","access":"","foot":""},"geometry":{"type":"LineString","coordinates":[[20.464726,54.722359],[20.464727,54.722434],[20.46472,54.722498],[20.464729,54.722562]]}},{"type":"Feature","properties":{"kind":"road","name":"","osm":"way/294297307","highway":"footway","access":"","foot":""},"geometry":{"type":"LineString","coordinates":[[20.469599,54.721767],[20.469591,54.721727],[20.469597,54.721664],[20.469617,54.721605]]}},{"type":"Feature","properties":{"kind":"road","name":"","osm":"way/294297309","highway":"footway","access":"","foot":""},"geometry":{"type":"LineString","coordinates":[[20.475801,54.720074],[20.475975,54.720134],[20.476021,54.72015],[20.476229,54.720207],[20.476362,54.720235],[20.476567,54.720247],[20.476723,54.720246],[20.476913,54.720231],[20.47746,54.720212],[20.477619,54.7202],[20.477788,54.720189],[20.477969,54.720203],[20.478353,54.720259],[20.478844,54.72033],[20.47892,54.720344],[20.478956,54.720348],[20.479737,54.72043],[20.480848,54.720572],[20.481129,54.720607],[20.481222,54.720619],[20.4816,54.720662],[20.481847,54.720678],[20.482394,54.720681],[20.483208,54.720699],[20.483479,54.720699],[20.483698,54.720684],[20.483859,54.720661],[20.484798,54.720402],[20.484908,54.720372],[20.48503,54.720323],[20.485088,54.7203]]}},{"type":"Feature","properties":{"kind":"road","name":"","osm":"way/294297310","highway":"footway","access":"","foot":""},"geometry":{"type":"LineString","coordinates":[[20.474882,54.720579],[20.474972,54.720566],[20.475152,54.720521],[20.475704,54.720462],[20.476127,54.720484],[20.476459,54.72049],[20.478144,54.72054],[20.4787,54.720546],[20.478761,54.720547],[20.478873,54.720561],[20.479111,54.720584],[20.479147,54.720588],[20.4792,54.720594],[20.479242,54.720599],[20.47939,54.720615],[20.480149,54.720735],[20.480737,54.720802],[20.481124,54.720847],[20.481854,54.720924],[20.481983,54.720928],[20.482139,54.720934],[20.48226,54.720939],[20.482344,54.720939],[20.482424,54.720939],[20.482599,54.720938],[20.483053,54.72097],[20.483384,54.720972],[20.483624,54.720959],[20.483812,54.720932],[20.484134,54.720845],[20.484961,54.720592]]}},{"type":"Feature","properties":{"kind":"road","name":"","osm":"way/294297311","highway":"secondary","access":"","foot":"no"},"geometry":{"type":"LineString","coordinates":[[20.457238,54.72188],[20.457202,54.721807],[20.45716,54.721762],[20.456944,54.721589],[20.456806,54.721489],[20.456453,54.721355],[20.455897,54.721211],[20.455655,54.721181],[20.455289,54.721171],[20.454899,54.721155],[20.454497,54.721105]]}},{"type":"Feature","properties":{"kind":"road","name":"","osm":"way/294297312","highway":"secondary","access":"","foot":"no"},"geometry":{"type":"LineString","coordinates":[[20.458912,54.722768],[20.458174,54.722633]]}},{"type":"Feature","properties":{"kind":"road","name":"проспект Победы","osm":"way/294297314","highway":"primary","access":"","foot":"no"},"geometry":{"type":"LineString","coordinates":[[20.475999,54.720221],[20.476005,54.720301],[20.475998,54.720316],[20.475993,54.720326],[20.475963,54.720354],[20.475883,54.720375],[20.475741,54.720416]]}},{"type":"Feature","properties":{"kind":"road","name":"","osm":"way/295136936","highway":"secondary","access":"","foot":"no"},"geometry":{"type":"LineString","coordinates":[[20.459141,54.722805],[20.459035,54.722788],[20.458912,54.722768]]}},{"type":"Feature","properties":{"kind":"road","name":"улица Лейтенанта Катина","osm":"way/295136938","highway":"tertiary","access":"","foot":"no"},"geometry":{"type":"LineString","coordinates":[[20.45939,54.722842],[20.459338,54.722868],[20.459311,54.722882],[20.459222,54.722905]]}},{"type":"Feature","properties":{"kind":"road","name":"улица Яблоневая Аллея","osm":"way/295136940","highway":"residential","access":"","foot":""},"geometry":{"type":"LineString","coordinates":[[20.458899,54.721107],[20.459059,54.721768],[20.459195,54.722052]]}},{"type":"Feature","properties":{"kind":"road","name":"Коммунальная улица","osm":"way/305682720","highway":"tertiary","access":"","foot":""},"geometry":{"type":"LineString","coordinates":[[20.469235,54.726506],[20.469461,54.725975],[20.469488,54.725897],[20.469494,54.725871],[20.469499,54.725829],[20.469544,54.725459],[20.469546,54.725442],[20.469553,54.725366]]}},{"type":"Feature","properties":{"kind":"road","name":"улица Пушкина","osm":"way/318709818","highway":"tertiary","access":"","foot":""},"geometry":{"type":"LineString","coordinates":[[20.473212,54.718539],[20.473207,54.718619],[20.473194,54.71882],[20.473192,54.718861]]}},{"type":"Feature","properties":{"kind":"road","name":"улица Кутузова","osm":"way/319156669","highway":"tertiary","access":"","foot":""},"geometry":{"type":"LineString","coordinates":[[20.461552,54.716274],[20.461585,54.716201],[20.461638,54.716132],[20.461673,54.716101]]}},{"type":"Feature","properties":{"kind":"road","name":"","osm":"way/323906032","highway":"footway","access":"","foot":""},"geometry":{"type":"LineString","coordinates":[[20.469758,54.719209],[20.4697,54.719245],[20.469391,54.719433],[20.469364,54.71945],[20.469311,54.71948]]}},{"type":"Feature","properties":{"kind":"road","name":"улица Кутузова","osm":"way/326138206","highway":"residential","access":"","foot":""},"geometry":{"type":"LineString","coordinates":[[20.469432,54.719903],[20.469358,54.719904],[20.469287,54.719906],[20.469204,54.719907],[20.469019,54.719887]]}},{"type":"Feature","properties":{"kind":"road","name":"улица Кутузова","osm":"way/326188582","highway":"residential","access":"","foot":""},"geometry":{"type":"LineString","coordinates":[[20.469841,54.719296],[20.469888,54.719369],[20.469918,54.719442],[20.469933,54.719545],[20.469897,54.719643],[20.469843,54.719707]]}},{"type":"Feature","properties":{"kind":"building","name":"","osm":"way/326297061"},"geometry":{"type":"Polygon","coordinates":[[[20.471281,54.718659],[20.471217,54.718633],[20.471294,54.718569],[20.471358,54.718595],[20.471291,54.718651],[20.471281,54.718659]]]}},{"type":"Feature","properties":{"kind":"road","name":"","osm":"way/326302854","highway":"living_street","access":"","foot":""},"geometry":{"type":"LineString","coordinates":[[20.471136,54.718647],[20.470481,54.719093],[20.470187,54.718948],[20.47016,54.718935]]}},{"type":"Feature","properties":{"kind":"green","name":"","osm":"way/327327627"},"geometry":{"type":"Polygon","coordinates":[[[20.465535,54.717878],[20.46558,54.71784],[20.467286,54.718601],[20.467232,54.71864],[20.465535,54.717878]]]}},{"type":"Feature","properties":{"kind":"green","name":"","osm":"way/327327628"},"geometry":{"type":"Polygon","coordinates":[[[20.463033,54.716766],[20.463083,54.716723],[20.465177,54.717658],[20.465153,54.717678],[20.46513,54.717697],[20.463033,54.716766]]]}},{"type":"Feature","properties":{"kind":"building","name":"","osm":"way/330446301"},"geometry":{"type":"Polygon","coordinates":[[[20.468546,54.718944],[20.468425,54.718889],[20.468561,54.718789],[20.468681,54.718845],[20.468546,54.718944]]]}},{"type":"Feature","properties":{"kind":"road","name":"Красная улица","osm":"way/345398869","highway":"tertiary","access":"","foot":"no"},"geometry":{"type":"LineString","coordinates":[[20.474462,54.72706],[20.474472,54.726996],[20.474474,54.726963],[20.474495,54.726555],[20.474497,54.726513],[20.474504,54.726453]]}},{"type":"Feature","properties":{"kind":"road","name":"Офицерская улица","osm":"way/346624974","highway":"tertiary","access":"","foot":"no"},"geometry":{"type":"LineString","coordinates":[[20.47115,54.725598],[20.471144,54.72562],[20.471139,54.72564],[20.471107,54.725697]]}},{"type":"Feature","properties":{"kind":"road","name":"Офицерская улица","osm":"way/346624975","highway":"tertiary","access":"","foot":""},"geometry":{"type":"LineString","coordinates":[[20.471422,54.721638],[20.471288,54.723327],[20.471277,54.723456],[20.471259,54.723801],[20.471182,54.725215],[20.47115,54.725598]]}},{"type":"Feature","properties":{"kind":"road","name":"улица Космонавта Пацаева","osm":"way/346624976","highway":"tertiary","access":"","foot":"no"},"geometry":{"type":"LineString","coordinates":[[20.473603,54.726109],[20.473406,54.72614]]}},{"type":"Feature","properties":{"kind":"road","name":"улица Пугачёва","osm":"way/346624977","highway":"tertiary","access":"","foot":"no"},"geometry":{"type":"LineString","coordinates":[[20.473048,54.720997],[20.473065,54.72092],[20.473062,54.72085]]}},{"type":"Feature","properties":{"kind":"road","name":"улица Пугачёва","osm":"way/346624978","highway":"tertiary","access":"","foot":""},"geometry":{"type":"LineString","coordinates":[[20.472706,54.725929],[20.47276,54.725258],[20.472778,54.724641],[20.472837,54.723867],[20.472843,54.723793],[20.47287,54.723433]]}},{"type":"Feature","properties":{"kind":"road","name":"улица Степана Разина","osm":"way/346624979","highway":"residential","access":"","foot":""},"geometry":{"type":"LineString","coordinates":[[20.47287,54.723433],[20.471277,54.723456],[20.471107,54.723458]]}},{"type":"Feature","properties":{"kind":"road","name":"улица Степана Разина","osm":"way/346624980","highway":"residential","access":"","foot":""},"geometry":{"type":"LineString","coordinates":[[20.468031,54.723489],[20.466835,54.72344]]}},{"type":"Feature","properties":{"kind":"road","name":"","osm":"way/349316144","highway":"service","access":"","foot":""},"geometry":{"type":"LineString","coordinates":[[20.470809,54.718495],[20.470832,54.71851],[20.471136,54.718647],[20.471287,54.718712]]}},{"type":"Feature","properties":{"kind":"building","name":"","osm":"way/360798825"},"geometry":{"type":"Polygon","coordinates":[[[20.473953,54.715913],[20.474291,54.715917],[20.474294,54.715818],[20.473956,54.715815],[20.473953,54.715913]]]}},{"type":"Feature","properties":{"kind":"road","name":"Закавказская улица","osm":"way/360798826","highway":"residential","access":"","foot":""},"geometry":{"type":"LineString","coordinates":[[20.46237,54.714651],[20.462366,54.715862]]}},{"type":"Feature","properties":{"kind":"road","name":"","osm":"way/360798827","highway":"footway","access":"","foot":""},"geometry":{"type":"LineString","coordinates":[[20.457976,54.714146],[20.458322,54.714219],[20.458983,54.714272],[20.461321,54.714409],[20.462396,54.714466],[20.462837,54.7145],[20.463059,54.714529],[20.465484,54.714939],[20.465599,54.714958],[20.465729,54.714966],[20.465881,54.714969]]}},{"type":"Feature","properties":{"kind":"road","name":"","osm":"way/360798831","highway":"footway","access":"","foot":""},"geometry":{"type":"LineString","coordinates":[[20.462371,54.716172],[20.462366,54.715862]]}},{"type":"Feature","properties":{"kind":"road","name":"","osm":"way/360798833","highway":"service","access":"","foot":""},"geometry":{"type":"LineString","coordinates":[[20.457056,54.714332],[20.458053,54.714413]]}},{"type":"Feature","properties":{"kind":"road","name":"","osm":"way/360798834","highway":"footway","access":"","foot":""},"geometry":{"type":"LineString","coordinates":[[20.465571,54.715131],[20.465486,54.715156]]}},{"type":"Feature","properties":{"kind":"road","name":"","osm":"way/360798840","highway":"footway","access":"","foot":""},"geometry":{"type":"LineString","coordinates":[[20.461534,54.716068],[20.461578,54.716045],[20.461734,54.715955],[20.461792,54.715924]]}},{"type":"Feature","properties":{"kind":"road","name":"","osm":"way/360798844","highway":"footway","access":"","foot":""},"geometry":{"type":"LineString","coordinates":[[20.465843,54.715094],[20.465824,54.715108],[20.46578,54.715139]]}},{"type":"Feature","properties":{"kind":"road","name":"","osm":"way/360798845","highway":"footway","access":"","foot":""},"geometry":{"type":"LineString","coordinates":[[20.465486,54.715156],[20.465465,54.715147],[20.465383,54.715146],[20.465301,54.71516],[20.465234,54.715183],[20.465182,54.715216],[20.465161,54.715249],[20.465168,54.715282],[20.464961,54.715385]]}},{"type":"Feature","properties":{"kind":"road","name":"","osm":"way/360798847","highway":"footway","access":"","foot":""},"geometry":{"type":"LineString","coordinates":[[20.465168,54.715282],[20.46522,54.715294],[20.465291,54.715291],[20.46535,54.715279],[20.465412,54.715257],[20.465456,54.715231],[20.465486,54.715203],[20.465493,54.71518],[20.465486,54.715156]]}},{"type":"Feature","properties":{"kind":"road","name":"","osm":"way/360798848","highway":"footway","access":"","foot":""},"geometry":{"type":"LineString","coordinates":[[20.46237,54.714651],[20.462531,54.714661],[20.463108,54.714725],[20.464036,54.714883],[20.464904,54.715025],[20.465479,54.715118],[20.465571,54.715131],[20.465726,54.715178],[20.466124,54.715381],[20.468444,54.716561],[20.468515,54.716598],[20.468613,54.716647],[20.469385,54.717036],[20.470014,54.717362],[20.471418,54.718074],[20.471432,54.718081],[20.471458,54.718093],[20.47204,54.718379],[20.472081,54.718405],[20.472152,54.718449],[20.472967,54.718862],[20.473841,54.719299],[20.47398,54.719394],[20.474072,54.719442],[20.474348,54.719578],[20.474433,54.719613]]}},{"type":"Feature","properties":{"kind":"green","name":"","osm":"way/360798849"},"geometry":{"type":"Polygon","coordinates":[[[20.459581,54.714722],[20.461649,54.715952],[20.461581,54.71599],[20.459514,54.71476],[20.459581,54.714722]]]}},{"type":"Feature","properties":{"kind":"road","name":"улица Кутузова","osm":"way/360798854","highway":"tertiary","access":"","foot":""},"geometry":{"type":"LineString","coordinates":[[20.461984,54.715928],[20.462124,54.715896],[20.462266,54.715871]]}},{"type":"Feature","properties":{"kind":"road","name":"улица Радищева","osm":"way/360798855","highway":"primary","access":"","foot":""},"geometry":{"type":"LineString","coordinates":[[20.45706,54.712419],[20.457968,54.712506],[20.458138,54.712522]]}},{"type":"Feature","properties":{"kind":"road","name":"","osm":"way/361640822","highway":"footway","access":"","foot":""},"geometry":{"type":"LineString","coordinates":[[20.471112,54.721246],[20.470776,54.72089],[20.469516,54.71988],[20.469435,54.719805],[20.469142,54.719588],[20.468819,54.719419],[20.468663,54.719352],[20.467261,54.718748],[20.467181,54.718714],[20.46542,54.71792]]}},{"type":"Feature","properties":{"kind":"road","name":"","osm":"way/361640823","highway":"living_street","access":"","foot":""},"geometry":{"type":"LineString","coordinates":[[20.462314,54.71973],[20.462295,54.719974]]}},{"type":"Feature","properties":{"kind":"road","name":"","osm":"way/361640825","highway":"footway","access":"","foot":""},"geometry":{"type":"LineString","coordinates":[[20.467181,54.718714],[20.467204,54.718686],[20.467344,54.718592],[20.467425,54.718551]]}},{"type":"Feature","properties":{"kind":"road","name":"","osm":"way/361640826","highway":"footway","access":"","foot":""},"geometry":{"type":"LineString","coordinates":[[20.465624,54.71776],[20.465566,54.717808],[20.465444,54.717897],[20.46542,54.71792]]}},{"type":"Feature","properties":{"kind":"green","name":"","osm":"way/361640828"},"geometry":{"type":"Polygon","coordinates":[[[20.461766,54.7161],[20.462877,54.716681],[20.46294,54.71664],[20.46183,54.71606],[20.461766,54.7161]]]}},{"type":"Feature","properties":{"kind":"road","name":"улица Каштановая Аллея","osm":"way/361640830","highway":"tertiary","access":"","foot":"no"},"geometry":{"type":"LineString","coordinates":[[20.46437,54.724139],[20.464366,54.724177]]}},{"type":"Feature","properties":{"kind":"road","name":"улица Каштановая Аллея","osm":"way/361640831","highway":"tertiary","access":"","foot":"no"},"geometry":{"type":"LineString","coordinates":[[20.464552,54.722373],[20.464541,54.722452],[20.464527,54.722519]]}},{"type":"Feature","properties":{"kind":"road","name":"улица Каштановая Аллея","osm":"way/361640832","highway":"residential","access":"","foot":""},"geometry":{"type":"LineString","coordinates":[[20.465599,54.714958],[20.466107,54.713322]]}},{"type":"Feature","properties":{"kind":"road","name":"улица Каштановая Аллея","osm":"way/361640834","highway":"tertiary","access":"","foot":""},"geometry":{"type":"LineString","coordinates":[[20.464449,54.723321],[20.464437,54.723455]]}},{"type":"Feature","properties":{"kind":"road","name":"улица Каштановая Аллея","osm":"way/361640835","highway":"tertiary","access":"","foot":""},"geometry":{"type":"LineString","coordinates":[[20.465571,54.715131],[20.465534,54.715539],[20.465526,54.715618],[20.465482,54.716102],[20.465426,54.716703],[20.46534,54.717607],[20.465327,54.717702]]}},{"type":"Feature","properties":{"kind":"road","name":"улица Огарёва","osm":"way/361640836","highway":"residential","access":"","foot":""},"geometry":{"type":"LineString","coordinates":[[20.468662,54.718035],[20.469241,54.717747],[20.469577,54.71758]]}},{"type":"Feature","properties":{"kind":"road","name":"улица Чапаева","osm":"way/361640837","highway":"tertiary","access":"","foot":""},"geometry":{"type":"LineString","coordinates":[[20.466656,54.719863],[20.467086,54.719959],[20.467866,54.720165],[20.468136,54.720259],[20.468435,54.720433],[20.468691,54.72062],[20.469538,54.721283],[20.469634,54.721381],[20.4697,54.721464],[20.469761,54.721573]]}},{"type":"Feature","properties":{"kind":"road","name":"улица Чапаева","osm":"way/361640838","highway":"tertiary","access":"","foot":"no"},"geometry":{"type":"LineString","coordinates":[[20.469761,54.721573],[20.469782,54.72162],[20.469796,54.721684]]}},{"type":"Feature","properties":{"kind":"road","name":"улица Чапаева","osm":"way/361640839","highway":"tertiary","access":"","foot":""},"geometry":{"type":"LineString","coordinates":[[20.462314,54.71973],[20.460848,54.719673],[20.459593,54.719634]]}},{"type":"Feature","properties":{"kind":"road","name":"улица Энгельса","osm":"way/361640840","highway":"tertiary","access":"","foot":"no"},"geometry":{"type":"LineString","coordinates":[[20.460828,54.722737],[20.460873,54.722795]]}},{"type":"Feature","properties":{"kind":"building","name":"Мама","osm":"way/379770011"},"geometry":{"type":"Polygon","coordinates":[[[20.476897,54.719735],[20.477144,54.719733],[20.477159,54.719625],[20.476857,54.71963],[20.476897,54.719735]]]}},{"type":"Feature","properties":{"kind":"building","name":"вилла Штински","osm":"way/427983739"},"geometry":{"type":"Polygon","coordinates":[[[20.469129,54.716074],[20.469172,54.716121],[20.469194,54.716142],[20.469069,54.716185],[20.469029,54.716146],[20.468924,54.716183],[20.468821,54.716084],[20.468903,54.716055],[20.468878,54.716032],[20.469032,54.715978],[20.469129,54.716074]]]}},{"type":"Feature","properties":{"kind":"building","name":"","osm":"way/428744532"},"geometry":{"type":"Polygon","coordinates":[[[20.469752,54.71393],[20.469762,54.71377],[20.469276,54.71376],[20.469259,54.714034],[20.469461,54.714038],[20.469468,54.713925],[20.469752,54.71393]]]}},{"type":"Feature","properties":{"kind":"building","name":"","osm":"way/428744533"},"geometry":{"type":"Polygon","coordinates":[[[20.46896,54.713714],[20.468749,54.71371],[20.468739,54.713865],[20.468259,54.713855],[20.46827,54.713667],[20.468068,54.713662],[20.468048,54.71399],[20.468942,54.714008],[20.46896,54.713714]]]}},{"type":"Feature","properties":{"kind":"road","name":"","osm":"way/428769367","highway":"footway","access":"","foot":""},"geometry":{"type":"LineString","coordinates":[[20.468819,54.719419],[20.468786,54.719498],[20.468794,54.719567],[20.468826,54.719593],[20.46886,54.71962],[20.468933,54.719661],[20.4689,54.719701],[20.468926,54.719748],[20.468944,54.719753],[20.46899,54.719767],[20.469057,54.719758],[20.469111,54.719745],[20.469183,54.719797],[20.469299,54.719835],[20.46935,54.719839],[20.469415,54.71982],[20.469435,54.719805]]}},{"type":"Feature","properties":{"kind":"road","name":"","osm":"way/428769368","highway":"footway","access":"","foot":""},"geometry":{"type":"LineString","coordinates":[[20.469073,54.719641],[20.469142,54.719588],[20.46919,54.719556]]}},{"type":"Feature","properties":{"kind":"road","name":"","osm":"way/428769371","highway":"footway","access":"","foot":""},"geometry":{"type":"LineString","coordinates":[[20.462618,54.716298],[20.463154,54.716121]]}},{"type":"Feature","properties":{"kind":"road","name":"","osm":"way/428769374","highway":"footway","access":"","foot":""},"geometry":{"type":"LineString","coordinates":[[20.461652,54.71665],[20.461957,54.716549],[20.462256,54.716458]]}},{"type":"Feature","properties":{"kind":"road","name":"","osm":"way/428769375","highway":"footway","access":"","foot":""},"geometry":{"type":"LineString","coordinates":[[20.461756,54.716194],[20.461758,54.716257],[20.461798,54.716351],[20.461854,54.716422],[20.461957,54.716549]]}},{"type":"Feature","properties":{"kind":"road","name":"","osm":"way/428769376","highway":"footway","access":"","foot":""},"geometry":{"type":"LineString","coordinates":[[20.468933,54.719661],[20.468999,54.719637],[20.469073,54.719641],[20.469121,54.719668],[20.469135,54.719702],[20.469111,54.719745]]}},{"type":"Feature","properties":{"kind":"green","name":"","osm":"way/428769377"},"geometry":{"type":"Polygon","coordinates":[[[20.468796,54.719333],[20.468865,54.719286],[20.469287,54.719471],[20.469709,54.719787],[20.46961,54.719828],[20.469249,54.719558],[20.468796,54.719333]]]}},{"type":"Feature","properties":{"kind":"building","name":"","osm":"way/428865729"},"geometry":{"type":"Polygon","coordinates":[[[20.466824,54.717065],[20.466724,54.71697],[20.466893,54.71691],[20.466916,54.716932],[20.466947,54.716921],[20.466985,54.716957],[20.466956,54.716967],[20.466996,54.717005],[20.466824,54.717065]]]}},{"type":"Feature","properties":{"kind":"building","name":"","osm":"way/428868987"},"geometry":{"type":"Polygon","coordinates":[[[20.46127,54.716977],[20.461346,54.716946],[20.461439,54.717022],[20.461363,54.717053],[20.46127,54.716977]]]}},{"type":"Feature","properties":{"kind":"waterline","name":"Парковый","osm":"way/429394322"},"geometry":{"type":"LineString","coordinates":[[20.47762,54.713098],[20.477366,54.712724]]}},{"type":"Feature","properties":{"kind":"road","name":"","osm":"way/429394329","highway":"footway","access":"","foot":""},"geometry":{"type":"LineString","coordinates":[[20.476931,54.71554],[20.476242,54.715582],[20.475442,54.715657],[20.475229,54.715651],[20.47438,54.715675],[20.474339,54.715675],[20.47426,54.715684],[20.473605,54.715649],[20.473528,54.715658],[20.473447,54.715693],[20.473306,54.718117],[20.473274,54.718541],[20.473268,54.718621],[20.473252,54.718842]]}},{"type":"Feature","properties":{"kind":"road","name":"улица Дмитрия Донского","osm":"way/429394334","highway":"primary","access":"","foot":""},"geometry":{"type":"LineString","coordinates":[[20.478077,54.715494],[20.477648,54.715475],[20.477175,54.715474]]}},{"type":"Feature","properties":{"kind":"road","name":"","osm":"way/430292099","highway":"service","access":"","foot":""},"geometry":{"type":"LineString","coordinates":[[20.466432,54.726205],[20.466613,54.725929]]}},{"type":"Feature","properties":{"kind":"road","name":"","osm":"way/443680726","highway":"footway","access":"","foot":""},"geometry":{"type":"LineString","coordinates":[[20.462398,54.722188],[20.462809,54.722141],[20.462924,54.722123],[20.463179,54.722029],[20.463238,54.721801],[20.463227,54.721462],[20.463307,54.721195],[20.463326,54.720896],[20.463318,54.720799],[20.463211,54.720648],[20.463096,54.720579],[20.462935,54.720552],[20.462782,54.72056],[20.462621,54.720591],[20.462505,54.720573],[20.462396,54.720548]]}},{"type":"Feature","properties":{"kind":"road","name":"","osm":"way/443680729","highway":"footway","access":"","foot":""},"geometry":{"type":"LineString","coordinates":[[20.461839,54.720681],[20.461995,54.720608]]}},{"type":"Feature","properties":{"kind":"road","name":"","osm":"way/443680730","highway":"footway","access":"","foot":""},"geometry":{"type":"LineString","coordinates":[[20.462213,54.720522],[20.462396,54.720548]]}},{"type":"Feature","properties":{"kind":"road","name":"","osm":"way/443680732","highway":"footway","access":"","foot":""},"geometry":{"type":"LineString","coordinates":[[20.46176,54.721284],[20.461755,54.721191]]}},{"type":"Feature","properties":{"kind":"road","name":"","osm":"way/443680734","highway":"footway","access":"","foot":""},"geometry":{"type":"LineString","coordinates":[[20.46209,54.722131],[20.461881,54.722034]]}},{"type":"Feature","properties":{"kind":"road","name":"","osm":"way/443680735","highway":"footway","access":"","foot":""},"geometry":{"type":"LineString","coordinates":[[20.461781,54.721637],[20.46176,54.721284]]}},{"type":"Feature","properties":{"kind":"road","name":"","osm":"way/443680737","highway":"service","access":"","foot":""},"geometry":{"type":"LineString","coordinates":[[20.473538,54.720203],[20.47385,54.720209],[20.473915,54.720211]]}},{"type":"Feature","properties":{"kind":"road","name":"","osm":"way/443680739","highway":"footway","access":"","foot":""},"geometry":{"type":"LineString","coordinates":[[20.461815,54.721713],[20.461781,54.721637]]}},{"type":"Feature","properties":{"kind":"road","name":"","osm":"way/443680740","highway":"footway","access":"","foot":""},"geometry":{"type":"LineString","coordinates":[[20.461641,54.72232],[20.461414,54.72223],[20.461301,54.722081],[20.461197,54.721922],[20.461095,54.721758],[20.460896,54.721486],[20.460853,54.72126],[20.460767,54.721091],[20.460663,54.720881],[20.460609,54.720698],[20.460617,54.720512],[20.460663,54.720379],[20.460725,54.720326],[20.460826,54.720298],[20.461057,54.720308],[20.461328,54.720337],[20.461572,54.720349],[20.461768,54.720366],[20.461894,54.720405],[20.46195,54.720472],[20.462044,54.720556],[20.461995,54.720608]]}},{"type":"Feature","properties":{"kind":"road","name":"","osm":"way/443680748","highway":"service","access":"","foot":""},"geometry":{"type":"LineString","coordinates":[[20.473557,54.7195],[20.473538,54.720203],[20.473232,54.720193],[20.473254,54.719555]]}},{"type":"Feature","properties":{"kind":"road","name":"","osm":"way/443680751","highway":"footway","access":"","foot":""},"geometry":{"type":"LineString","coordinates":[[20.461755,54.721191],[20.461702,54.720918],[20.46178,54.720742],[20.461839,54.720681]]}},{"type":"Feature","properties":{"kind":"road","name":"","osm":"way/443680752","highway":"service","access":"","foot":""},"geometry":{"type":"LineString","coordinates":[[20.47095,54.718407],[20.47097,54.718416],[20.471198,54.718527],[20.471261,54.718532],[20.47133,54.718488]]}},{"type":"Feature","properties":{"kind":"road","name":"","osm":"way/443680755","highway":"footway","access":"","foot":""},"geometry":{"type":"LineString","coordinates":[[20.461995,54.720608],[20.462213,54.720522],[20.462307,54.72035],[20.462322,54.720237],[20.462332,54.719972],[20.462341,54.719731]]}},{"type":"Feature","properties":{"kind":"road","name":"","osm":"way/443680757","highway":"footway","access":"","foot":""},"geometry":{"type":"LineString","coordinates":[[20.462307,54.72035],[20.462479,54.720455],[20.462771,54.720501],[20.46316,54.720528],[20.46331,54.720631],[20.463318,54.720799],[20.463531,54.720811]]}},{"type":"Feature","properties":{"kind":"road","name":"","osm":"way/443680760","highway":"footway","access":"","foot":""},"geometry":{"type":"LineString","coordinates":[[20.461713,54.722667],[20.461641,54.72232],[20.461863,54.722273],[20.461885,54.722201],[20.461881,54.722034],[20.461845,54.72182],[20.461815,54.721713]]}},{"type":"Feature","properties":{"kind":"road","name":"","osm":"way/443680762","highway":"footway","access":"","foot":""},"geometry":{"type":"LineString","coordinates":[[20.475801,54.720074],[20.47552,54.719954],[20.475472,54.719928],[20.475008,54.71968],[20.474156,54.719273],[20.473252,54.718842],[20.473194,54.71882],[20.473149,54.718806],[20.473031,54.718736],[20.471607,54.718004],[20.471578,54.717989],[20.471538,54.717969],[20.470235,54.71729],[20.470198,54.717271],[20.468828,54.716569],[20.468729,54.716518],[20.468658,54.716482],[20.466256,54.715293],[20.465843,54.715094]]}},{"type":"Feature","properties":{"kind":"building","name":"","osm":"way/443680765"},"geometry":{"type":"Polygon","coordinates":[[[20.458834,54.720244],[20.4588,54.719993],[20.458948,54.719986],[20.458982,54.720237],[20.458834,54.720244]]]}},{"type":"Feature","properties":{"kind":"road","name":"","osm":"way/443869272","highway":"path","access":"","foot":""},"geometry":{"type":"LineString","coordinates":[[20.462332,54.719972],[20.462295,54.719974],[20.462135,54.719999],[20.46188,54.720014],[20.461618,54.720062]]}},{"type":"Feature","properties":{"kind":"building","name":"","osm":"way/445688293"},"geometry":{"type":"Polygon","coordinates":[[[20.465791,54.723008],[20.466202,54.723029],[20.466226,54.722875],[20.465816,54.722853],[20.465791,54.723008]]]}},{"type":"Feature","properties":{"kind":"road","name":"","osm":"way/445688294","highway":"service","access":"","foot":""},"geometry":{"type":"LineString","coordinates":[[20.466445,54.723421],[20.466497,54.723133],[20.46658,54.722856]]}},{"type":"Feature","properties":{"kind":"road","name":"","osm":"way/448744384","highway":"footway","access":"","foot":""},"geometry":{"type":"LineString","coordinates":[[20.477451,54.712782],[20.47746,54.712687],[20.477418,54.712364]]}},{"type":"Feature","properties":{"kind":"road","name":"","osm":"way/448744385","highway":"track","access":"","foot":""},"geometry":{"type":"LineString","coordinates":[[20.47983,54.7126],[20.479669,54.712655],[20.47928,54.712766],[20.479197,54.712802],[20.478845,54.712881],[20.478545,54.712991],[20.478196,54.713017],[20.477874,54.713002],[20.477667,54.713017],[20.477472,54.713058],[20.477374,54.713135],[20.477235,54.713239],[20.47701,54.713783],[20.476897,54.714019],[20.476759,54.714209]]}},{"type":"Feature","properties":{"kind":"green","name":"","osm":"way/448886146"},"geometry":{"type":"Polygon","coordinates":[[[20.477126,54.71204],[20.477428,54.711986],[20.479082,54.71176],[20.478989,54.711424],[20.476985,54.711626],[20.47602,54.711723],[20.474495,54.711895],[20.47366,54.711935],[20.472307,54.711951],[20.470835,54.711887],[20.470825,54.712167],[20.472526,54.712166],[20.472588,54.712304],[20.4738,54.712298],[20.474916,54.712294],[20.47494,54.712133],[20.476638,54.712071],[20.477126,54.71204]]]}},{"type":"Feature","properties":{"kind":"green","name":"","osm":"way/448886147"},"geometry":{"type":"Polygon","coordinates":[[[20.476109,54.714065],[20.47609,54.714192],[20.476031,54.714258],[20.475996,54.714771],[20.475932,54.71494],[20.475758,54.715073],[20.475779,54.715175],[20.475773,54.715407],[20.476181,54.715399],[20.476371,54.715404],[20.47645,54.715381],[20.476554,54.71541],[20.477169,54.715404],[20.477584,54.715395],[20.47801,54.715393],[20.478029,54.715338],[20.477789,54.715333],[20.477172,54.715355],[20.476812,54.715286],[20.476743,54.715125],[20.477209,54.714059],[20.477242,54.713666],[20.477408,54.713201],[20.477591,54.713163],[20.477292,54.71307],[20.477227,54.712951],[20.477252,54.712795],[20.477247,54.71247],[20.476153,54.712435],[20.473932,54.712408],[20.472846,54.712381],[20.471895,54.712467],[20.471736,54.712528],[20.472494,54.712541],[20.474189,54.712522],[20.474645,54.712538],[20.474779,54.712607],[20.474772,54.712702],[20.474672,54.712773],[20.474601,54.712922],[20.474681,54.713016],[20.475383,54.713014],[20.476083,54.713139],[20.476118,54.71326],[20.476526,54.713165],[20.476896,54.713109],[20.477266,54.71313],[20.477285,54.713232],[20.477114,54.713659],[20.476918,54.714087],[20.476485,54.714019],[20.476109,54.714065]]]}},{"type":"Feature","properties":{"kind":"road","name":"","osm":"way/449008462","highway":"footway","access":"","foot":""},"geometry":{"type":"LineString","coordinates":[[20.475392,54.720246],[20.475122,54.720167]]}},{"type":"Feature","properties":{"kind":"road","name":"","osm":"way/449008464","highway":"footway","access":"","foot":""},"geometry":{"type":"LineString","coordinates":[[20.474968,54.720343],[20.474912,54.720275]]}},{"type":"Feature","properties":{"kind":"road","name":"","osm":"way/449008466","highway":"footway","access":"","foot":""},"geometry":{"type":"LineString","coordinates":[[20.474631,54.720234],[20.474573,54.720191],[20.474541,54.72014],[20.474538,54.720085],[20.474563,54.720033],[20.474615,54.719988],[20.474667,54.719962],[20.474727,54.719943],[20.474824,54.719931],[20.474923,54.719938],[20.475012,54.719963],[20.475083,54.720003],[20.475127,54.720054],[20.475141,54.720111],[20.475122,54.720167],[20.475073,54.720216],[20.475001,54.720253],[20.474912,54.720275],[20.474812,54.72028],[20.474715,54.720266],[20.474631,54.720234]]}},{"type":"Feature","properties":{"kind":"road","name":"","osm":"way/449008469","highway":"footway","access":"","foot":""},"geometry":{"type":"LineString","coordinates":[[20.474138,54.719989],[20.474615,54.719988]]}},{"type":"Feature","properties":{"kind":"road","name":"переулок Минина и Пожарского","osm":"way/449008471","highway":"residential","access":"","foot":""},"geometry":{"type":"LineString","coordinates":[[20.472005,54.71957],[20.471961,54.719569],[20.469933,54.719545]]}},{"type":"Feature","properties":{"kind":"road","name":"улица Велосипедная Дорога","osm":"way/449130812","highway":"unclassified","access":"","foot":""},"geometry":{"type":"LineString","coordinates":[[20.466497,54.712344],[20.467341,54.712436],[20.468512,54.712593],[20.46889,54.712612],[20.469568,54.712631],[20.470131,54.712626],[20.47142,54.71246]]}},{"type":"Feature","properties":{"kind":"road","name":"улица Велосипедная Дорога","osm":"way/449130813","highway":"unclassified","access":"","foot":""},"geometry":{"type":"LineString","coordinates":[[20.477226,54.712375],[20.477356,54.712373]]}},{"type":"Feature","properties":{"kind":"road","name":"","osm":"way/449130815","highway":"footway","access":"","foot":""},"geometry":{"type":"LineString","coordinates":[[20.477472,54.713058],[20.477451,54.712782]]}},{"type":"Feature","properties":{"kind":"road","name":"","osm":"way/449130816","highway":"path","access":"","foot":""},"geometry":{"type":"LineString","coordinates":[[20.478158,54.712765],[20.477199,54.712893]]}},{"type":"Feature","properties":{"kind":"road","name":"","osm":"way/449130817","highway":"path","access":"","foot":""},"geometry":{"type":"LineString","coordinates":[[20.478204,54.712886],[20.47718,54.713027]]}},{"type":"Feature","properties":{"kind":"road","name":"","osm":"way/449130821","highway":"path","access":"","foot":""},"geometry":{"type":"LineString","coordinates":[[20.477051,54.712952],[20.476928,54.712864],[20.476847,54.712805],[20.476785,54.712766]]}},{"type":"Feature","properties":{"kind":"road","name":"","osm":"way/449130824","highway":"path","access":"","foot":""},"geometry":{"type":"LineString","coordinates":[[20.47718,54.713027],[20.477107,54.713008],[20.477011,54.712986],[20.476984,54.71311],[20.47696,54.713253]]}},{"type":"Feature","properties":{"kind":"road","name":"","osm":"way/449130826","highway":"path","access":"","foot":""},"geometry":{"type":"LineString","coordinates":[[20.477199,54.712893],[20.477051,54.712952],[20.477011,54.712986],[20.476755,54.712999],[20.476669,54.713004],[20.476564,54.71302]]}},{"type":"Feature","properties":{"kind":"building","name":"","osm":"way/449130828"},"geometry":{"type":"Polygon","coordinates":[[[20.476521,54.714357],[20.476541,54.714317],[20.476604,54.714328],[20.476584,54.714367],[20.476521,54.714357]]]}},{"type":"Feature","properties":{"kind":"road","name":"","osm":"way/449139904","highway":"service","access":"private","foot":""},"geometry":{"type":"LineString","coordinates":[[20.475943,54.714001],[20.47527,54.714004],[20.474782,54.714004],[20.474771,54.714509],[20.474728,54.71456],[20.474149,54.714556],[20.474087,54.714497],[20.474087,54.713986],[20.474088,54.713947],[20.474083,54.713885]]}},{"type":"Feature","properties":{"kind":"road","name":"","osm":"way/449139905","highway":"footway","access":"","foot":""},"geometry":{"type":"LineString","coordinates":[[20.476598,54.714308],[20.476695,54.714329]]}},{"type":"Feature","properties":{"kind":"road","name":"","osm":"way/449139906","highway":"steps","access":"","foot":""},"geometry":{"type":"LineString","coordinates":[[20.476061,54.714216],[20.476598,54.714308]]}},{"type":"Feature","properties":{"kind":"road","name":"","osm":"way/449139907","highway":"footway","access":"","foot":""},"geometry":{"type":"LineString","coordinates":[[20.475949,54.714216],[20.476061,54.714216]]}},{"type":"Feature","properties":{"kind":"road","name":"","osm":"way/449139908","highway":"service","access":"private","foot":""},"geometry":{"type":"LineString","coordinates":[[20.475378,54.715588],[20.475401,54.715532],[20.475405,54.7155],[20.475407,54.715073],[20.47541,54.714725]]}},{"type":"Feature","properties":{"kind":"road","name":"","osm":"way/449139909","highway":"service","access":"private","foot":""},"geometry":{"type":"LineString","coordinates":[[20.475407,54.715073],[20.475686,54.715067],[20.475868,54.714953],[20.475954,54.714784],[20.475949,54.714216],[20.475943,54.714001],[20.476002,54.713933],[20.476099,54.713797],[20.476133,54.713426]]}},{"type":"Feature","properties":{"kind":"green","name":"","osm":"way/449611475"},"geometry":{"type":"Polygon","coordinates":[[[20.472341,54.715377],[20.472374,54.715346],[20.472518,54.715403],[20.472751,54.715502],[20.472958,54.715587],[20.472944,54.715623],[20.472743,54.715541],[20.472463,54.715421],[20.472341,54.715377]]]}},{"type":"Feature","properties":{"kind":"road","name":"","osm":"way/449611476","highway":"footway","access":"","foot":""},"geometry":{"type":"LineString","coordinates":[[20.47717,54.715534],[20.476931,54.71554]]}},{"type":"Feature","properties":{"kind":"road","name":"","osm":"way/449611477","highway":"footway","access":"","foot":""},"geometry":{"type":"LineString","coordinates":[[20.480855,54.715233],[20.479841,54.715387],[20.478724,54.7156],[20.478434,54.715609],[20.477816,54.715553],[20.477378,54.715517],[20.47717,54.715534]]}},{"type":"Feature","properties":{"kind":"road","name":"","osm":"way/449612728","highway":"path","access":"","foot":""},"geometry":{"type":"LineString","coordinates":[[20.476281,54.719925],[20.476436,54.719987],[20.476764,54.719907],[20.476984,54.719868],[20.477262,54.71986],[20.477598,54.719789],[20.477719,54.719766],[20.47785,54.719718],[20.477889,54.71957],[20.477882,54.719426],[20.477905,54.719189],[20.477907,54.718947],[20.477926,54.718727],[20.477922,54.718483],[20.477912,54.718181],[20.478185,54.717897],[20.478175,54.717643]]}},{"type":"Feature","properties":{"kind":"green","name":"","osm":"way/449772338"},"geometry":{"type":"Polygon","coordinates":[[[20.462149,54.72029],[20.46269,54.720309],[20.46269,54.720358],[20.463441,54.720396],[20.463329,54.722044],[20.463361,54.72214],[20.462847,54.722204],[20.4628,54.722171],[20.462576,54.72218],[20.46233,54.722208],[20.46227,54.722234],[20.462215,54.722269],[20.462118,54.722258],[20.46209,54.722242],[20.462036,54.72224],[20.461868,54.722297],[20.461673,54.72237],[20.461529,54.722335],[20.461309,54.722219],[20.460824,54.721474],[20.460636,54.720959],[20.460545,54.720616],[20.460587,54.720362],[20.460657,54.720241],[20.460979,54.72021],[20.461245,54.720228],[20.462149,54.72029]]]}},{"type":"Feature","properties":{"kind":"road","name":"","osm":"way/449772341","highway":"footway","access":"","foot":""},"geometry":{"type":"LineString","coordinates":[[20.46007,54.722626],[20.460307,54.722595],[20.460239,54.722424]]}},{"type":"Feature","properties":{"kind":"road","name":"","osm":"way/449772342","highway":"footway","access":"","foot":""},"geometry":{"type":"LineString","coordinates":[[20.460135,54.722802],[20.46007,54.722626],[20.459859,54.72264],[20.459796,54.722472],[20.460239,54.722424],[20.460411,54.722296]]}},{"type":"Feature","properties":{"kind":"green","name":"","osm":"way/450189465"},"geometry":{"type":"Polygon","coordinates":[[[20.473358,54.718055],[20.473433,54.718057],[20.473452,54.717788],[20.473377,54.717786],[20.473358,54.718055]]]}},{"type":"Feature","properties":{"kind":"green","name":"","osm":"way/450189466"},"geometry":{"type":"Polygon","coordinates":[[[20.473335,54.71847],[20.47341,54.718472],[20.473429,54.718203],[20.473354,54.718201],[20.473335,54.71847]]]}},{"type":"Feature","properties":{"kind":"road","name":"","osm":"way/450189467","highway":"footway","access":"","foot":""},"geometry":{"type":"LineString","coordinates":[[20.473306,54.718117],[20.473386,54.718121]]}},{"type":"Feature","properties":{"kind":"road","name":"","osm":"way/450189468","highway":"steps","access":"","foot":""},"geometry":{"type":"LineString","coordinates":[[20.473386,54.718121],[20.473454,54.718121]]}},{"type":"Feature","properties":{"kind":"road","name":"","osm":"way/450499057","highway":"footway","access":"","foot":""},"geometry":{"type":"LineString","coordinates":[[20.477073,54.719141],[20.477539,54.719139]]}},{"type":"Feature","properties":{"kind":"road","name":"","osm":"way/450499058","highway":"footway","access":"","foot":""},"geometry":{"type":"LineString","coordinates":[[20.477072,54.718845],[20.477077,54.71879],[20.47754,54.718787]]}},{"type":"Feature","properties":{"kind":"road","name":"","osm":"way/450499059","highway":"footway","access":"","foot":""},"geometry":{"type":"LineString","coordinates":[[20.476797,54.719615],[20.477254,54.719593],[20.477431,54.719562],[20.47751,54.71951],[20.477538,54.719435],[20.477539,54.719139],[20.47754,54.718787],[20.477541,54.718414],[20.477487,54.71824],[20.477386,54.718059]]}},{"type":"Feature","properties":{"kind":"road","name":"","osm":"way/450501589","highway":"path","access":"","foot":""},"geometry":{"type":"LineString","coordinates":[[20.47785,54.719718],[20.477884,54.719732]]}},{"type":"Feature","properties":{"kind":"road","name":"","osm":"way/450501590","highway":"path","access":"","foot":""},"geometry":{"type":"LineString","coordinates":[[20.47797,54.7198],[20.478013,54.719816],[20.478135,54.719853],[20.478213,54.719891],[20.478299,54.719944],[20.478366,54.719984],[20.478436,54.720043],[20.478513,54.720099],[20.478648,54.720131],[20.478921,54.720132]]}},{"type":"Feature","properties":{"kind":"road","name":"","osm":"way/450501591","highway":"path","access":"","foot":""},"geometry":{"type":"LineString","coordinates":[[20.477884,54.719732],[20.47797,54.7198]]}},{"type":"Feature","properties":{"kind":"green","name":"","osm":"way/450503925"},"geometry":{"type":"Polygon","coordinates":[[[20.476046,54.721082],[20.476406,54.721101],[20.47686,54.72108],[20.476876,54.721044],[20.477249,54.721043],[20.477267,54.720854],[20.478107,54.720863],[20.478103,54.720705],[20.478108,54.720565],[20.476833,54.720531],[20.476494,54.720522],[20.476427,54.720572],[20.476374,54.720611],[20.476229,54.720727],[20.476075,54.720849],[20.476054,54.720941],[20.476046,54.721082]]]}},{"type":"Feature","properties":{"kind":"road","name":"","osm":"way/451041662","highway":"footway","access":"","foot":""},"geometry":{"type":"LineString","coordinates":[[20.47364,54.715498],[20.47411,54.715581],[20.474276,54.715589],[20.474582,54.715576],[20.474913,54.715559],[20.475401,54.715532],[20.475451,54.715532],[20.475991,54.715489],[20.476233,54.715461],[20.476506,54.715443],[20.476903,54.715432]]}},{"type":"Feature","properties":{"kind":"road","name":"","osm":"way/451041663","highway":"path","access":"","foot":""},"geometry":{"type":"LineString","coordinates":[[20.480855,54.715233],[20.480752,54.715327],[20.480417,54.715398],[20.480106,54.715594],[20.479784,54.715674],[20.479633,54.715711],[20.47929,54.715745],[20.478799,54.715773],[20.478687,54.715756],[20.478437,54.715744],[20.478174,54.71575],[20.477938,54.715733],[20.477772,54.71573],[20.477724,54.715826],[20.477735,54.715953],[20.477724,54.71608],[20.477678,54.716149]]}},{"type":"Feature","properties":{"kind":"road","name":"","osm":"way/451041664","highway":"footway","access":"","foot":""},"geometry":{"type":"LineString","coordinates":[[20.46578,54.715139],[20.465771,54.715146],[20.465736,54.715171],[20.465726,54.715178]]}},{"type":"Feature","properties":{"kind":"road","name":"","osm":"way/451041665","highway":"footway","access":"","foot":""},"geometry":{"type":"LineString","coordinates":[[20.477152,54.715424],[20.478171,54.715432]]}},{"type":"Feature","properties":{"kind":"road","name":"","osm":"way/451041666","highway":"footway","access":"","foot":""},"geometry":{"type":"LineString","coordinates":[[20.476903,54.715432],[20.477152,54.715424]]}},{"type":"Feature","properties":{"kind":"road","name":"","osm":"way/451041667","highway":"steps","access":"","foot":""},"geometry":{"type":"LineString","coordinates":[[20.477378,54.715517],[20.477382,54.715597]]}},{"type":"Feature","properties":{"kind":"road","name":"","osm":"way/451041668","highway":"footway","access":"","foot":""},"geometry":{"type":"LineString","coordinates":[[20.465877,54.715062],[20.465843,54.715094]]}},{"type":"Feature","properties":{"kind":"road","name":"","osm":"way/451041669","highway":"footway","access":"","foot":""},"geometry":{"type":"LineString","coordinates":[[20.47364,54.715498],[20.473458,54.715479],[20.473157,54.715456],[20.473073,54.715444],[20.472975,54.715421],[20.472856,54.71538],[20.472687,54.715309],[20.472496,54.71523],[20.472271,54.715156],[20.472011,54.715079],[20.471893,54.715054],[20.471225,54.715007],[20.470902,54.714984],[20.467768,54.714971],[20.465881,54.714969]]}},{"type":"Feature","properties":{"kind":"road","name":"","osm":"way/451041670","highway":"footway","access":"","foot":""},"geometry":{"type":"LineString","coordinates":[[20.473605,54.715649],[20.4736,54.715593],[20.47364,54.715498]]}},{"type":"Feature","properties":{"kind":"road","name":"","osm":"way/451041671","highway":"footway","access":"","foot":""},"geometry":{"type":"LineString","coordinates":[[20.475451,54.715532],[20.475441,54.715584],[20.475442,54.715657]]}},{"type":"Feature","properties":{"kind":"road","name":"","osm":"way/451041672","highway":"footway","access":"","foot":""},"geometry":{"type":"LineString","coordinates":[[20.465881,54.714969],[20.465878,54.715026],[20.465877,54.715062]]}},{"type":"Feature","properties":{"kind":"road","name":"","osm":"way/451041673","highway":"path","access":"","foot":""},"geometry":{"type":"LineString","coordinates":[[20.477772,54.71573],[20.477651,54.715666],[20.47752,54.715641],[20.477483,54.715629]]}},{"type":"Feature","properties":{"kind":"road","name":"","osm":"way/451056170","highway":"footway","access":"","foot":""},"geometry":{"type":"LineString","coordinates":[[20.477654,54.717324],[20.477791,54.71733],[20.477936,54.717322],[20.478017,54.717295],[20.478146,54.717239]]}},{"type":"Feature","properties":{"kind":"road","name":"","osm":"way/451259279","highway":"path","access":"","foot":""},"geometry":{"type":"LineString","coordinates":[[20.477803,54.71969],[20.47785,54.719718]]}},{"type":"Feature","properties":{"kind":"road","name":"","osm":"way/451259282","highway":"steps","access":"","foot":""},"geometry":{"type":"LineString","coordinates":[[20.477561,54.719546],[20.477803,54.71969]]}},{"type":"Feature","properties":{"kind":"road","name":"","osm":"way/451259283","highway":"path","access":"","foot":""},"geometry":{"type":"LineString","coordinates":[[20.47751,54.71951],[20.477561,54.719546]]}},{"type":"Feature","properties":{"kind":"road","name":"","osm":"way/451262822","highway":"path","access":"","foot":""},"geometry":{"type":"LineString","coordinates":[[20.477724,54.71608],[20.477902,54.71606],[20.478015,54.716022]]}},{"type":"Feature","properties":{"kind":"waterline","name":"Парковый","osm":"way/451475695"},"geometry":{"type":"LineString","coordinates":[[20.477366,54.712724],[20.477357,54.712467],[20.47735,54.712408],[20.477357,54.712354],[20.477328,54.712262],[20.477068,54.711619]]}},{"type":"Feature","properties":{"kind":"road","name":"","osm":"way/451475699","highway":"footway","access":"","foot":""},"geometry":{"type":"LineString","coordinates":[[20.477418,54.712364],[20.477185,54.711598]]}},{"type":"Feature","properties":{"kind":"road","name":"улица Велосипедная Дорога","osm":"way/452554721","highway":"residential","access":"","foot":""},"geometry":{"type":"LineString","coordinates":[[20.465677,54.712096],[20.466099,54.712198],[20.466497,54.712344]]}},{"type":"Feature","properties":{"kind":"road","name":"","osm":"way/458911905","highway":"footway","access":"","foot":""},"geometry":{"type":"LineString","coordinates":[[20.46209,54.722131],[20.46221,54.722129],[20.462216,54.722164],[20.462377,54.722159],[20.462398,54.722188]]}},{"type":"Feature","properties":{"kind":"road","name":"","osm":"way/458911906","highway":"footway","access":"","foot":""},"geometry":{"type":"LineString","coordinates":[[20.461863,54.722273],[20.46209,54.722131]]}},{"type":"Feature","properties":{"kind":"rail","name":"","osm":"way/464709373"},"geometry":{"type":"LineString","coordinates":[[20.477471,54.720313],[20.47764,54.720306],[20.477768,54.720306],[20.477864,54.720313],[20.478282,54.720364],[20.478611,54.720408],[20.478902,54.720446],[20.479167,54.720478],[20.479255,54.720489],[20.480004,54.720579],[20.481094,54.720708],[20.481383,54.720746],[20.481841,54.720774],[20.482276,54.720782],[20.482962,54.72081],[20.48335,54.720815],[20.483599,54.720799],[20.483744,54.720782],[20.484111,54.720678],[20.484436,54.720586],[20.484849,54.720458],[20.485018,54.720406],[20.485151,54.72036],[20.485207,54.720328]]}},{"type":"Feature","properties":{"kind":"rail","name":"","osm":"way/464709374"},"geometry":{"type":"LineString","coordinates":[[20.48521,54.720353],[20.485148,54.720386],[20.485024,54.720424],[20.484864,54.720474],[20.484431,54.720611],[20.483804,54.720787],[20.483681,54.720808],[20.483519,54.720821],[20.483351,54.720831],[20.482981,54.720827],[20.482273,54.720805],[20.482006,54.720799],[20.481823,54.720794],[20.481448,54.720768],[20.480006,54.7206],[20.47925,54.720507],[20.479163,54.720496],[20.478898,54.720464],[20.478599,54.720424],[20.477893,54.720328],[20.477766,54.72032],[20.47769,54.72032],[20.477621,54.720321],[20.477493,54.720326],[20.477354,54.720333],[20.477194,54.720344],[20.47701,54.720358]]}},{"type":"Feature","properties":{"kind":"road","name":"","osm":"way/479076530","highway":"residential","access":"","foot":""},"geometry":{"type":"LineString","coordinates":[[20.464303,54.724827],[20.463474,54.724658],[20.463406,54.724687],[20.463321,54.724718],[20.463108,54.724857]]}},{"type":"Feature","properties":{"kind":"road","name":"","osm":"way/479076531","highway":"residential","access":"","foot":""},"geometry":{"type":"LineString","coordinates":[[20.463321,54.724718],[20.462325,54.724478]]}},{"type":"Feature","properties":{"kind":"green","name":"Парк Ратсхоф","osm":"way/480311493"},"geometry":{"type":"Polygon","coordinates":[[[20.457204,54.721295],[20.456736,54.721106],[20.456736,54.71964],[20.456767,54.719706],[20.457188,54.719717],[20.457204,54.721295]]]}},{"type":"Feature","properties":{"kind":"road","name":"","osm":"way/481192941","highway":"service","access":"no","foot":"yes"},"geometry":{"type":"LineString","coordinates":[[20.473365,54.723905],[20.473208,54.723876],[20.472837,54.723867]]}},{"type":"Feature","properties":{"kind":"building","name":"","osm":"way/490874987"},"geometry":{"type":"Polygon","coordinates":[[[20.467444,54.721952],[20.467385,54.721849],[20.467062,54.721911],[20.46712,54.722013],[20.467444,54.721952]]]}},{"type":"Feature","properties":{"kind":"road","name":"","osm":"way/494080834","highway":"footway","access":"","foot":""},"geometry":{"type":"LineString","coordinates":[[20.474727,54.719943],[20.474875,54.719839]]}},{"type":"Feature","properties":{"kind":"road","name":"","osm":"way/494080839","highway":"footway","access":"","foot":""},"geometry":{"type":"LineString","coordinates":[[20.475584,54.720167],[20.474875,54.719839],[20.474595,54.719691],[20.474433,54.719613],[20.474337,54.719609],[20.47424,54.719636],[20.474176,54.71969],[20.474143,54.719834],[20.474138,54.719989],[20.47412,54.720064],[20.474117,54.720144],[20.474079,54.720186],[20.474055,54.720213]]}},{"type":"Feature","properties":{"kind":"green","name":"","osm":"way/497213449"},"geometry":{"type":"Polygon","coordinates":[[[20.469694,54.719892],[20.469782,54.719862],[20.47067,54.720582],[20.471314,54.721136],[20.471262,54.721152],[20.471189,54.72117],[20.471007,54.720996],[20.470537,54.720619],[20.469992,54.720146],[20.469694,54.719892]]]}},{"type":"Feature","properties":{"kind":"road","name":"","osm":"way/497213450","highway":"footway","access":"","foot":""},"geometry":{"type":"LineString","coordinates":[[20.46881,54.719193],[20.468853,54.719209],[20.469364,54.71945],[20.469554,54.71959],[20.46979,54.719757],[20.470185,54.720069],[20.471118,54.720823],[20.471398,54.721086],[20.471493,54.721154]]}},{"type":"Feature","properties":{"kind":"road","name":"","osm":"way/497213451","highway":"footway","access":"","foot":""},"geometry":{"type":"LineString","coordinates":[[20.469822,54.719187],[20.469758,54.719209]]}},{"type":"Feature","properties":{"kind":"road","name":"","osm":"way/497213452","highway":"footway","access":"","foot":""},"geometry":{"type":"LineString","coordinates":[[20.471994,54.721042],[20.472152,54.718449]]}},{"type":"Feature","properties":{"kind":"road","name":"","osm":"way/497213453","highway":"footway","access":"","foot":""},"geometry":{"type":"LineString","coordinates":[[20.471458,54.718093],[20.471218,54.718252],[20.47097,54.718416],[20.470832,54.71851],[20.470187,54.718948],[20.469822,54.719187],[20.469904,54.719256],[20.470005,54.71935],[20.470033,54.71941],[20.470056,54.719515],[20.470404,54.719521],[20.470672,54.719524],[20.471032,54.71953],[20.471963,54.719546],[20.471961,54.719569],[20.471861,54.72107]]}},{"type":"Feature","properties":{"kind":"road","name":"","osm":"way/497216120","highway":"footway","access":"","foot":""},"geometry":{"type":"LineString","coordinates":[[20.471538,54.717969],[20.473285,54.716783],[20.473347,54.715798],[20.473336,54.715731],[20.473197,54.71581],[20.471869,54.716478],[20.470235,54.71729]]}},{"type":"Feature","properties":{"kind":"road","name":"","osm":"way/497216122","highway":"footway","access":"","foot":""},"geometry":{"type":"LineString","coordinates":[[20.473149,54.718806],[20.473234,54.717488],[20.473283,54.716857],[20.471607,54.718004]]}},{"type":"Feature","properties":{"kind":"road","name":"","osm":"way/497216124","highway":"footway","access":"","foot":""},"geometry":{"type":"LineString","coordinates":[[20.471963,54.719546],[20.47204,54.718379]]}},{"type":"Feature","properties":{"kind":"road","name":"","osm":"way/515653392","highway":"path","access":"","foot":""},"geometry":{"type":"LineString","coordinates":[[20.457249,54.72247],[20.457189,54.722379],[20.457103,54.722293],[20.457007,54.722185],[20.456881,54.722033],[20.456827,54.721947],[20.456672,54.721737],[20.456511,54.721576],[20.45642,54.721457]]}},{"type":"Feature","properties":{"kind":"building","name":"","osm":"way/517166237"},"geometry":{"type":"Polygon","coordinates":[[[20.470284,54.726219],[20.470238,54.726286],[20.470005,54.726231],[20.470016,54.726206],[20.469646,54.726145],[20.469679,54.726084],[20.469996,54.726145],[20.47018,54.726192],[20.470284,54.726219]]]}},{"type":"Feature","properties":{"kind":"building","name":"","osm":"way/555392259"},"geometry":{"type":"Polygon","coordinates":[[[20.467744,54.713639],[20.467279,54.713636],[20.467275,54.713818],[20.467536,54.71382],[20.467532,54.713999],[20.467736,54.714],[20.467744,54.713639]]]}},{"type":"Feature","properties":{"kind":"building","name":"","osm":"way/555392263"},"geometry":{"type":"Polygon","coordinates":[[[20.467521,54.71315],[20.466735,54.713071],[20.466673,54.713276],[20.466932,54.713302],[20.466954,54.713226],[20.467249,54.713255],[20.467226,54.713332],[20.467459,54.713355],[20.467521,54.71315]]]}},{"type":"Feature","properties":{"kind":"road","name":"","osm":"way/555504916","highway":"footway","access":"","foot":""},"geometry":{"type":"LineString","coordinates":[[20.45748,54.721842],[20.458098,54.722293]]}},{"type":"Feature","properties":{"kind":"road","name":"","osm":"way/556026857","highway":"footway","access":"","foot":""},"geometry":{"type":"LineString","coordinates":[[20.458153,54.722098],[20.458098,54.722293],[20.458078,54.722518]]}},{"type":"Feature","properties":{"kind":"building","name":"","osm":"way/568797955"},"geometry":{"type":"Polygon","coordinates":[[[20.469953,54.716637],[20.470016,54.716688],[20.470191,54.716616],[20.470127,54.716565],[20.469953,54.716637]]]}},{"type":"Feature","properties":{"kind":"building","name":"","osm":"way/568797956"},"geometry":{"type":"Polygon","coordinates":[[[20.470702,54.716434],[20.470362,54.716586],[20.470432,54.716638],[20.470772,54.716486],[20.470752,54.716471],[20.470702,54.716434]]]}},{"type":"Feature","properties":{"kind":"building","name":"","osm":"way/568797957"},"geometry":{"type":"Polygon","coordinates":[[[20.470957,54.716301],[20.471024,54.71635],[20.470752,54.716471],[20.470702,54.716434],[20.470686,54.716422],[20.470713,54.71641],[20.470957,54.716301]]]}},{"type":"Feature","properties":{"kind":"road","name":"","osm":"way/568797959","highway":"service","access":"","foot":""},"geometry":{"type":"LineString","coordinates":[[20.469167,54.716359],[20.469273,54.716407],[20.469471,54.716496],[20.469713,54.716412],[20.469603,54.716287],[20.469546,54.716222]]}},{"type":"Feature","properties":{"kind":"building","name":"","osm":"way/568797960"},"geometry":{"type":"Polygon","coordinates":[[[20.469817,54.716453],[20.469734,54.716483],[20.469634,54.716518],[20.469763,54.716639],[20.469946,54.716575],[20.469817,54.716453]]]}},{"type":"Feature","properties":{"kind":"building","name":"","osm":"way/568797961"},"geometry":{"type":"Polygon","coordinates":[[[20.472292,54.716672],[20.472352,54.716646],[20.472432,54.716708],[20.472371,54.716734],[20.472292,54.716672]]]}},{"type":"Feature","properties":{"kind":"building","name":"","osm":"way/568797962"},"geometry":{"type":"Polygon","coordinates":[[[20.472757,54.71648],[20.472886,54.716505],[20.472905,54.716471],[20.47294,54.716478],[20.472967,54.716432],[20.472932,54.716425],[20.472927,54.716434],[20.472798,54.716409],[20.472757,54.71648]]]}},{"type":"Feature","properties":{"kind":"building","name":"","osm":"way/568797963"},"geometry":{"type":"Polygon","coordinates":[[[20.472389,54.717691],[20.47231,54.717656],[20.472385,54.717599],[20.472465,54.717634],[20.472389,54.717691]]]}},{"type":"Feature","properties":{"kind":"building","name":"","osm":"way/568797966"},"geometry":{"type":"Polygon","coordinates":[[[20.472392,54.718088],[20.47234,54.718063],[20.472414,54.718012],[20.472466,54.718037],[20.472392,54.718088]]]}},{"type":"Feature","properties":{"kind":"building","name":"","osm":"way/568797967"},"geometry":{"type":"Polygon","coordinates":[[[20.477258,54.719238],[20.47733,54.719238],[20.47733,54.719178],[20.477258,54.719178],[20.477258,54.719238]]]}},{"type":"Feature","properties":{"kind":"building","name":"","osm":"way/568797968"},"geometry":{"type":"Polygon","coordinates":[[[20.474711,54.718729],[20.474929,54.718757],[20.474881,54.71888],[20.474663,54.718851],[20.474675,54.71882],[20.474711,54.718729]]]}},{"type":"Feature","properties":{"kind":"building","name":"","osm":"way/568797969"},"geometry":{"type":"Polygon","coordinates":[[[20.47415,54.718627],[20.474104,54.718746],[20.474324,54.718774],[20.474316,54.718796],[20.474433,54.718811],[20.474441,54.718789],[20.474675,54.71882],[20.474711,54.718729],[20.474722,54.718701],[20.47415,54.718627]]]}},{"type":"Feature","properties":{"kind":"building","name":"","osm":"way/568797976"},"geometry":{"type":"Polygon","coordinates":[[[20.473214,54.721351],[20.473222,54.721222],[20.473433,54.721226],[20.473426,54.721355],[20.473214,54.721351]]]}},{"type":"Feature","properties":{"kind":"building","name":"","osm":"way/568797978"},"geometry":{"type":"Polygon","coordinates":[[[20.473128,54.719452],[20.473036,54.719448],[20.473045,54.719384],[20.473138,54.719388],[20.473128,54.719452]]]}},{"type":"Feature","properties":{"kind":"road","name":"","osm":"way/572373323","highway":"footway","access":"","foot":""},"geometry":{"type":"LineString","coordinates":[[20.468658,54.716482],[20.470298,54.715873]]}},{"type":"Feature","properties":{"kind":"road","name":"","osm":"way/572373324","highway":"footway","access":"","foot":""},"geometry":{"type":"LineString","coordinates":[[20.465525,54.717653],[20.465566,54.717629],[20.468444,54.716561]]}},{"type":"Feature","properties":{"kind":"road","name":"","osm":"way/572373326","highway":"footway","access":"","foot":""},"geometry":{"type":"LineString","coordinates":[[20.465624,54.71776],[20.465845,54.717652],[20.468613,54.716647],[20.468645,54.716635],[20.468678,54.716623],[20.468774,54.716588],[20.468794,54.716581],[20.468828,54.716569],[20.469273,54.716407],[20.469603,54.716287],[20.472011,54.715412]]}},{"type":"Feature","properties":{"kind":"building","name":"","osm":"way/701032914"},"geometry":{"type":"Polygon","coordinates":[[[20.459224,54.723416],[20.459494,54.723411],[20.459478,54.723063],[20.459208,54.723067],[20.459224,54.723416]]]}},{"type":"Feature","properties":{"kind":"building","name":"","osm":"way/701032915"},"geometry":{"type":"Polygon","coordinates":[[[20.463189,54.722335],[20.463534,54.722309],[20.463551,54.722389],[20.463914,54.722362],[20.463895,54.722279],[20.464272,54.722251],[20.46423,54.722066],[20.463964,54.722086],[20.46398,54.722157],[20.463856,54.722167],[20.463869,54.722224],[20.463568,54.722247],[20.463564,54.722228],[20.463471,54.722235],[20.463466,54.722209],[20.463268,54.722224],[20.463263,54.722202],[20.463161,54.72221],[20.463189,54.722335]]]}},{"type":"Feature","properties":{"kind":"building","name":"","osm":"way/701032916"},"geometry":{"type":"Polygon","coordinates":[[[20.466856,54.722041],[20.466854,54.722036],[20.466899,54.72203],[20.466704,54.721498],[20.46666,54.721504],[20.466659,54.7215],[20.466627,54.721496],[20.466594,54.721497],[20.466566,54.721504],[20.466542,54.721514],[20.466544,54.721518],[20.466499,54.721524],[20.466694,54.722055],[20.466739,54.72205],[20.466741,54.722055],[20.46677,54.722059],[20.466799,54.722058],[20.46683,54.722052],[20.466856,54.722041]]]}},{"type":"Feature","properties":{"kind":"building","name":"","osm":"way/732345870"},"geometry":{"type":"Polygon","coordinates":[[[20.463876,54.721908],[20.463884,54.721792],[20.464042,54.721795],[20.464034,54.721911],[20.463876,54.721908]]]}},{"type":"Feature","properties":{"kind":"building","name":"","osm":"way/732345871"},"geometry":{"type":"Polygon","coordinates":[[[20.466309,54.721332],[20.466509,54.720771],[20.466772,54.720802],[20.466572,54.721363],[20.466309,54.721332]]]}},{"type":"Feature","properties":{"kind":"building","name":"","osm":"way/732345873"},"geometry":{"type":"Polygon","coordinates":[[[20.463511,54.721938],[20.463505,54.722147],[20.463794,54.72215],[20.463803,54.721939],[20.463511,54.721938]]]}},{"type":"Feature","properties":{"kind":"building","name":"","osm":"way/737299275"},"geometry":{"type":"Polygon","coordinates":[[[20.46237,54.726216],[20.462063,54.726208],[20.462059,54.726266],[20.462042,54.726265],[20.462039,54.726302],[20.462056,54.726302],[20.46205,54.726372],[20.462034,54.726372],[20.462029,54.726432],[20.462045,54.726432],[20.462042,54.726465],[20.462026,54.726464],[20.462014,54.726613],[20.46203,54.726613],[20.462027,54.726649],[20.462011,54.726648],[20.461999,54.726798],[20.462035,54.726799],[20.462033,54.726826],[20.4622,54.72683],[20.462205,54.726776],[20.462232,54.726777],[20.462235,54.726738],[20.462253,54.726738],[20.462255,54.726717],[20.46226,54.726656],[20.462242,54.726655],[20.462247,54.726597],[20.462265,54.726598],[20.46227,54.726535],[20.462275,54.726472],[20.462257,54.726471],[20.462262,54.726416],[20.462282,54.726416],[20.462287,54.72635],[20.462289,54.726331],[20.46236,54.726333],[20.46237,54.726216]]]}},{"type":"Feature","properties":{"kind":"building","name":"","osm":"way/737299276"},"geometry":{"type":"Polygon","coordinates":[[[20.462938,54.7267],[20.462943,54.72664],[20.462922,54.726639],[20.462925,54.726601],[20.462907,54.726601],[20.46291,54.726566],[20.462914,54.726516],[20.462932,54.726517],[20.462937,54.726457],[20.462923,54.726457],[20.462928,54.726402],[20.46293,54.726375],[20.462944,54.726376],[20.462947,54.72634],[20.462968,54.72634],[20.462973,54.726281],[20.463155,54.726286],[20.463152,54.726317],[20.463176,54.726318],[20.463164,54.726468],[20.463152,54.726467],[20.463148,54.726522],[20.463159,54.726522],[20.463147,54.726673],[20.463119,54.726672],[20.463116,54.726705],[20.462938,54.7267]]]}},{"type":"Feature","properties":{"kind":"building","name":"ЖК «Дом на Пушкина»","osm":"way/737551772"},"geometry":{"type":"Polygon","coordinates":[[[20.473345,54.718745],[20.473349,54.71876],[20.473358,54.718775],[20.473371,54.718787],[20.473384,54.718796],[20.473605,54.718906],[20.473707,54.718957],[20.473947,54.718797],[20.473758,54.718702],[20.473678,54.718756],[20.473662,54.718748],[20.473725,54.718706],[20.473698,54.718693],[20.473706,54.718618],[20.473673,54.718617],[20.473677,54.718573],[20.473363,54.718562],[20.47336,54.718589],[20.473357,54.718624],[20.473352,54.718673],[20.473345,54.718745]]]}},{"type":"Feature","properties":{"kind":"building","name":"","osm":"way/737898244"},"geometry":{"type":"Polygon","coordinates":[[[20.46201,54.715448],[20.462009,54.715592],[20.462217,54.715592],[20.462217,54.715449],[20.46201,54.715448]]]}},{"type":"Feature","properties":{"kind":"building","name":"","osm":"way/737898245"},"geometry":{"type":"Polygon","coordinates":[[[20.462581,54.715783],[20.462582,54.715838],[20.462921,54.715906],[20.463019,54.715836],[20.462779,54.715781],[20.462581,54.715783]]]}},{"type":"Feature","properties":{"kind":"building","name":"","osm":"way/737898246"},"geometry":{"type":"Polygon","coordinates":[[[20.465462,54.714066],[20.465507,54.713925],[20.465747,54.713951],[20.465702,54.714091],[20.465462,54.714066]]]}},{"type":"Feature","properties":{"kind":"building","name":"","osm":"way/737898247"},"geometry":{"type":"Polygon","coordinates":[[[20.458094,54.716507],[20.458052,54.716133],[20.458319,54.716123],[20.45836,54.716497],[20.458094,54.716507]]]}},{"type":"Feature","properties":{"kind":"building","name":"Храм Великомученницы Екатерины","osm":"way/737898249"},"geometry":{"type":"Polygon","coordinates":[[[20.457682,54.722815],[20.457844,54.722816],[20.457844,54.722849],[20.457972,54.722849],[20.457972,54.722816],[20.458257,54.722817],[20.45833,54.72287],[20.458322,54.722927],[20.458231,54.722974],[20.457993,54.722974],[20.457993,54.722934],[20.457858,54.722934],[20.457858,54.722971],[20.457681,54.722971],[20.457682,54.722815]]]}},{"type":"Feature","properties":{"kind":"building","name":"","osm":"way/737898251"},"geometry":{"type":"Polygon","coordinates":[[[20.460907,54.724476],[20.461048,54.724527],[20.461158,54.724421],[20.461026,54.724369],[20.460907,54.724476]]]}},{"type":"Feature","properties":{"kind":"building","name":"","osm":"way/737898252"},"geometry":{"type":"Polygon","coordinates":[[[20.461327,54.724662],[20.461474,54.724723],[20.461588,54.724629],[20.461447,54.724569],[20.461327,54.724662]]]}},{"type":"Feature","properties":{"kind":"building","name":"","osm":"way/737898253"},"geometry":{"type":"Polygon","coordinates":[[[20.462138,54.724944],[20.462295,54.724978],[20.462366,54.724866],[20.462209,54.724833],[20.462138,54.724944]]]}},{"type":"Feature","properties":{"kind":"building","name":"","osm":"way/737898254"},"geometry":{"type":"Polygon","coordinates":[[[20.462915,54.725135],[20.463056,54.725157],[20.463088,54.725088],[20.462948,54.725066],[20.462915,54.725135]]]}},{"type":"Feature","properties":{"kind":"building","name":"","osm":"way/737898255"},"geometry":{"type":"Polygon","coordinates":[[[20.463215,54.725206],[20.463237,54.725108],[20.463373,54.725118],[20.463352,54.725216],[20.463215,54.725206]]]}},{"type":"Feature","properties":{"kind":"building","name":"","osm":"way/737898256"},"geometry":{"type":"Polygon","coordinates":[[[20.46345,54.725221],[20.463476,54.725117],[20.46374,54.725139],[20.463714,54.725243],[20.46345,54.725221]]]}},{"type":"Feature","properties":{"kind":"building","name":"","osm":"way/737898257"},"geometry":{"type":"Polygon","coordinates":[[[20.460926,54.724883],[20.461081,54.724955],[20.461193,54.724873],[20.461045,54.724802],[20.460926,54.724883]]]}},{"type":"Feature","properties":{"kind":"building","name":"","osm":"way/737898258"},"geometry":{"type":"Polygon","coordinates":[[[20.461376,54.725614],[20.461112,54.725617],[20.461107,54.725912],[20.461357,54.725915],[20.461375,54.725654],[20.461376,54.725614]]]}},{"type":"Feature","properties":{"kind":"building","name":"","osm":"way/737898259"},"geometry":{"type":"Polygon","coordinates":[[[20.459723,54.726968],[20.459722,54.726882],[20.45986,54.726882],[20.459859,54.726969],[20.459723,54.726968]]]}},{"type":"Feature","properties":{"kind":"building","name":"","osm":"way/737911214"},"geometry":{"type":"Polygon","coordinates":[[[20.468961,54.721983],[20.468806,54.722022],[20.468858,54.722095],[20.469018,54.722056],[20.468961,54.721983]]]}},{"type":"Feature","properties":{"kind":"building","name":"","osm":"way/739481993"},"geometry":{"type":"Polygon","coordinates":[[[20.463953,54.716859],[20.464095,54.716917],[20.464202,54.716829],[20.464184,54.716822],[20.464219,54.716792],[20.464125,54.716754],[20.464074,54.716796],[20.464044,54.716784],[20.463953,54.716859]]]}},{"type":"Feature","properties":{"kind":"building","name":"","osm":"way/739481994"},"geometry":{"type":"Polygon","coordinates":[[[20.475999,54.725604],[20.475773,54.72564],[20.475706,54.725487],[20.475937,54.725453],[20.475999,54.725604]]]}},{"type":"Feature","properties":{"kind":"building","name":"","osm":"way/739481995"},"geometry":{"type":"Polygon","coordinates":[[[20.475706,54.725487],[20.475472,54.72552],[20.475547,54.725676],[20.475773,54.72564],[20.475706,54.725487]]]}},{"type":"Feature","properties":{"kind":"building","name":"","osm":"way/739481996"},"geometry":{"type":"Polygon","coordinates":[[[20.475472,54.72552],[20.475246,54.725555],[20.475316,54.725711],[20.475547,54.725676],[20.475472,54.72552]]]}},{"type":"Feature","properties":{"kind":"building","name":"","osm":"way/739481997"},"geometry":{"type":"Polygon","coordinates":[[[20.475558,54.726499],[20.475923,54.726592],[20.47596,54.726501],[20.475565,54.726399],[20.475558,54.726499]]]}},{"type":"Feature","properties":{"kind":"building","name":"","osm":"way/791664960"},"geometry":{"type":"Polygon","coordinates":[[[20.475779,54.727131],[20.475789,54.727114],[20.475865,54.727131],[20.475779,54.727131]]]}},{"type":"Feature","properties":{"kind":"building","name":"","osm":"way/793737553"},"geometry":{"type":"Polygon","coordinates":[[[20.462986,54.726214],[20.46299,54.726162],[20.46311,54.726165],[20.463106,54.726217],[20.462986,54.726214]]]}},{"type":"Feature","properties":{"kind":"road","name":"","osm":"way/796489799","highway":"footway","access":"","foot":""},"geometry":{"type":"LineString","coordinates":[[20.462809,54.722141],[20.46294,54.722557]]}},{"type":"Feature","properties":{"kind":"road","name":"","osm":"way/796489800","highway":"footway","access":"","foot":""},"geometry":{"type":"LineString","coordinates":[[20.462216,54.722164],[20.462203,54.722189]]}},{"type":"Feature","properties":{"kind":"road","name":"","osm":"way/796489801","highway":"footway","access":"","foot":""},"geometry":{"type":"LineString","coordinates":[[20.462129,54.722247],[20.462118,54.722236],[20.462114,54.722224],[20.462117,54.722212],[20.462127,54.722201],[20.462142,54.722192],[20.462161,54.722187],[20.462182,54.722186],[20.462203,54.722189],[20.462221,54.722195],[20.462234,54.722205],[20.462241,54.722216],[20.462242,54.722228],[20.462235,54.72224],[20.462223,54.722249],[20.462206,54.722256],[20.462186,54.72226],[20.462165,54.722259],[20.462145,54.722255],[20.462129,54.722247]]}},{"type":"Feature","properties":{"kind":"road","name":"","osm":"way/813886760","highway":"footway","access":"","foot":""},"geometry":{"type":"LineString","coordinates":[[20.468197,54.728312],[20.468216,54.728285],[20.468274,54.728198],[20.468581,54.727749],[20.468782,54.727439],[20.468797,54.727411],[20.46926,54.726546],[20.469275,54.726517],[20.469507,54.725986],[20.469549,54.725911],[20.469562,54.725885],[20.469583,54.725844],[20.469608,54.725796]]}},{"type":"Feature","properties":{"kind":"road","name":"","osm":"way/813886761","highway":"footway","access":"","foot":""},"geometry":{"type":"LineString","coordinates":[[20.469396,54.725754],[20.469402,54.72581]]}},{"type":"Feature","properties":{"kind":"road","name":"","osm":"way/813886783","highway":"footway","access":"","foot":""},"geometry":{"type":"LineString","coordinates":[[20.469409,54.725877],[20.46941,54.725882],[20.469407,54.725963],[20.469381,54.726088],[20.469199,54.726499],[20.468671,54.727411],[20.468119,54.728256],[20.468097,54.728282],[20.467154,54.729288],[20.466372,54.730019]]}},{"type":"Feature","properties":{"kind":"road","name":"","osm":"way/813886784","highway":"footway","access":"","foot":""},"geometry":{"type":"LineString","coordinates":[[20.469402,54.72581],[20.469409,54.725877]]}},{"type":"Feature","properties":{"kind":"road","name":"Коммунальная улица","osm":"way/814165774","highway":"tertiary","access":"","foot":""},"geometry":{"type":"LineString","coordinates":[[20.468173,54.728272],[20.468716,54.727424],[20.469235,54.726506]]}},{"type":"Feature","properties":{"kind":"road","name":"","osm":"way/814581112","highway":"footway","access":"","foot":""},"geometry":{"type":"LineString","coordinates":[[20.468797,54.727411],[20.47262,54.728331],[20.472744,54.727393],[20.472096,54.727235],[20.471982,54.727207],[20.469621,54.726633],[20.46926,54.726546]]}},{"type":"Feature","properties":{"kind":"road","name":"","osm":"way/832609503","highway":"service","access":"","foot":""},"geometry":{"type":"LineString","coordinates":[[20.466595,54.71504],[20.466602,54.715092],[20.46735,54.715446]]}},{"type":"Feature","properties":{"kind":"road","name":"улица Дмитрия Донского","osm":"way/832609504","highway":"primary","access":"","foot":""},"geometry":{"type":"LineString","coordinates":[[20.466595,54.71504],[20.46633,54.715042]]}},{"type":"Feature","properties":{"kind":"road","name":"улица Дмитрия Донского","osm":"way/832609505","highway":"primary","access":"","foot":""},"geometry":{"type":"LineString","coordinates":[[20.46633,54.715042],[20.465878,54.715026]]}},{"type":"Feature","properties":{"kind":"road","name":"","osm":"way/832609506","highway":"residential","access":"","foot":""},"geometry":{"type":"LineString","coordinates":[[20.464961,54.715385],[20.464907,54.715237],[20.464901,54.715087],[20.464904,54.715025],[20.464913,54.714984],[20.464924,54.714956],[20.464943,54.714901]]}},{"type":"Feature","properties":{"kind":"road","name":"улица Дмитрия Донского","osm":"way/832609507","highway":"primary","access":"","foot":""},"geometry":{"type":"LineString","coordinates":[[20.467769,54.715042],[20.466595,54.71504]]}},{"type":"Feature","properties":{"kind":"road","name":"улица Дмитрия Донского","osm":"way/832609509","highway":"primary","access":"","foot":""},"geometry":{"type":"LineString","coordinates":[[20.471875,54.715123],[20.471749,54.715105],[20.471405,54.715071],[20.471088,54.715054]]}},{"type":"Feature","properties":{"kind":"road","name":"улица Дмитрия Донского","osm":"way/832609510","highway":"primary","access":"","foot":""},"geometry":{"type":"LineString","coordinates":[[20.472247,54.715229],[20.472071,54.715169],[20.471875,54.715123]]}},{"type":"Feature","properties":{"kind":"road","name":"Бородинская улица","osm":"way/832609511","highway":"residential","access":"","foot":""},"geometry":{"type":"LineString","coordinates":[[20.471992,54.715334],[20.472247,54.715229]]}},{"type":"Feature","properties":{"kind":"road","name":"","osm":"way/832609512","highway":"service","access":"","foot":""},"geometry":{"type":"LineString","coordinates":[[20.471944,54.714911],[20.472048,54.714898],[20.472831,54.714918],[20.472973,54.714804],[20.472973,54.714649],[20.473168,54.714644],[20.473167,54.714501],[20.473169,54.714424]]}},{"type":"Feature","properties":{"kind":"road","name":"улица Огарёва","osm":"way/832609513","highway":"tertiary","access":"","foot":""},"geometry":{"type":"LineString","coordinates":[[20.473379,54.71565],[20.473387,54.715629],[20.473402,54.715567]]}},{"type":"Feature","properties":{"kind":"building","name":"","osm":"way/836207619"},"geometry":{"type":"Polygon","coordinates":[[[20.458667,54.713899],[20.459045,54.71391],[20.459041,54.71396],[20.459061,54.713961],[20.459053,54.714052],[20.459022,54.714051],[20.459019,54.71409],[20.458941,54.714087],[20.458651,54.714079],[20.458667,54.713899]]]}},{"type":"Feature","properties":{"kind":"building","name":"ГРП-22","osm":"way/837968099"},"geometry":{"type":"Polygon","coordinates":[[[20.458787,54.713718],[20.458823,54.713726],[20.458851,54.713682],[20.458816,54.713675],[20.458787,54.713718]]]}},{"type":"Feature","properties":{"kind":"building","name":"","osm":"way/837972961"},"geometry":{"type":"Polygon","coordinates":[[[20.468677,54.714152],[20.468879,54.714152],[20.468879,54.714184],[20.468908,54.714184],[20.468909,54.714298],[20.46888,54.714298],[20.468881,54.714331],[20.468836,54.714331],[20.468836,54.714351],[20.468836,54.714392],[20.469132,54.714391],[20.469428,54.71439],[20.469427,54.714349],[20.469427,54.714329],[20.469379,54.71433],[20.469379,54.714297],[20.469351,54.714297],[20.46935,54.714183],[20.469378,54.714183],[20.469377,54.71415],[20.46958,54.71415],[20.46958,54.714182],[20.469607,54.714182],[20.469607,54.714296],[20.469581,54.714296],[20.469581,54.714329],[20.469533,54.714329],[20.469533,54.714349],[20.469533,54.71439],[20.469834,54.714389],[20.470135,54.714388],[20.470135,54.714347],[20.470135,54.714328],[20.470085,54.714328],[20.470085,54.714295],[20.470058,54.714295],[20.470057,54.714181],[20.470084,54.714181],[20.470084,54.714148],[20.470285,54.714148],[20.470285,54.71418],[20.470314,54.71418],[20.470315,54.714294],[20.470286,54.714294],[20.470286,54.714327],[20.470239,54.714327],[20.470239,54.714388],[20.470351,54.714388],[20.470352,54.714492],[20.468617,54.714498],[20.468616,54.714393],[20.468729,54.714392],[20.468728,54.714332],[20.468679,54.714332],[20.468678,54.714298],[20.468652,54.714299],[20.468651,54.714185],[20.468677,54.714185],[20.468677,54.714152]]]}},{"type":"Feature","properties":{"kind":"building","name":"","osm":"way/837976285"},"geometry":{"type":"Polygon","coordinates":[[[20.471394,54.714609],[20.471627,54.714611],[20.471628,54.714575],[20.471873,54.714579],[20.472157,54.714583],[20.472151,54.714669],[20.471903,54.714667],[20.472148,54.71479],[20.472848,54.714802],[20.472853,54.714683],[20.472417,54.714672],[20.47242,54.714583],[20.473023,54.71459],[20.473036,54.714424],[20.473035,54.714384],[20.473037,54.714346],[20.47225,54.714337],[20.472258,54.714262],[20.472725,54.714269],[20.472723,54.714155],[20.472033,54.714152],[20.472029,54.714338],[20.471842,54.714333],[20.471836,54.714486],[20.471627,54.714484],[20.47161,54.714092],[20.471387,54.714095],[20.471392,54.714458],[20.471394,54.714609]]]}},{"type":"Feature","properties":{"kind":"building","name":"","osm":"way/844533538"},"geometry":{"type":"Polygon","coordinates":[[[20.472047,54.716173],[20.472117,54.716136],[20.472151,54.716156],[20.472185,54.716138],[20.472323,54.716064],[20.472177,54.715973],[20.472209,54.715956],[20.472133,54.715908],[20.472058,54.715862],[20.471933,54.715929],[20.471864,54.715886],[20.471715,54.715966],[20.472047,54.716173]]]}},{"type":"Feature","properties":{"kind":"building","name":"ГРП-2","osm":"way/881416315"},"geometry":{"type":"Polygon","coordinates":[[[20.474979,54.719197],[20.475025,54.719161],[20.475068,54.719179],[20.475023,54.719215],[20.474979,54.719197]]]}},{"type":"Feature","properties":{"kind":"building","name":"","osm":"way/904717773"},"geometry":{"type":"Polygon","coordinates":[[[20.475299,54.718852],[20.475411,54.718854],[20.47541,54.718882],[20.475462,54.718883],[20.47546,54.718921],[20.475496,54.718922],[20.475494,54.71897],[20.475295,54.718968],[20.475299,54.718852]]]}},{"type":"Feature","properties":{"kind":"building","name":"","osm":"way/904717932"},"geometry":{"type":"Polygon","coordinates":[[[20.4731,54.720234],[20.473098,54.720266],[20.473189,54.720267],[20.473186,54.720379],[20.473082,54.720378],[20.473079,54.72044],[20.473135,54.720482],[20.473138,54.720509],[20.472922,54.720562],[20.472886,54.720503],[20.472901,54.72023],[20.4731,54.720234]]]}},{"type":"Feature","properties":{"kind":"building","name":"","osm":"way/910814423"},"geometry":{"type":"Polygon","coordinates":[[[20.460343,54.711963],[20.460203,54.711861],[20.460072,54.711917],[20.460214,54.712022],[20.460343,54.711963]]]}},{"type":"Feature","properties":{"kind":"road","name":"Лесопарковая улица","osm":"way/912914279","highway":"tertiary","access":"","foot":""},"geometry":{"type":"LineString","coordinates":[[20.45695,54.714324],[20.456961,54.714266],[20.456962,54.714247],[20.45697,54.71419]]}},{"type":"Feature","properties":{"kind":"road","name":"улица Яблоневая Аллея","osm":"way/912914280","highway":"residential","access":"","foot":""},"geometry":{"type":"LineString","coordinates":[[20.458053,54.714413],[20.458032,54.714528]]}},{"type":"Feature","properties":{"kind":"road","name":"улица Кутузова","osm":"way/912914281","highway":"primary","access":"","foot":""},"geometry":{"type":"LineString","coordinates":[[20.459358,54.714712],[20.459255,54.714629],[20.459095,54.714524],[20.459043,54.71445]]}},{"type":"Feature","properties":{"kind":"road","name":"Лесопарковая улица","osm":"way/912914282","highway":"tertiary","access":"","foot":""},"geometry":{"type":"LineString","coordinates":[[20.456903,54.714593],[20.45695,54.714324]]}},{"type":"Feature","properties":{"kind":"road","name":"","osm":"way/912914283","highway":"service","access":"","foot":""},"geometry":{"type":"LineString","coordinates":[[20.456769,54.714607],[20.456706,54.714653],[20.456602,54.715304],[20.456812,54.715432]]}},{"type":"Feature","properties":{"kind":"road","name":"улица Велосипедная Дорога","osm":"way/923037929","highway":"path","access":"","foot":""},"geometry":{"type":"LineString","coordinates":[[20.463637,54.711907],[20.464091,54.711897],[20.464474,54.711968],[20.465574,54.712027],[20.465677,54.712096]]}},{"type":"Feature","properties":{"kind":"road","name":"улица Кутузова","osm":"way/945916909","highway":"primary","access":"","foot":""},"geometry":{"type":"LineString","coordinates":[[20.465414,54.717741],[20.465566,54.717808],[20.467344,54.718592]]}},{"type":"Feature","properties":{"kind":"road","name":"улица Кутузова","osm":"way/945916910","highway":"primary","access":"","foot":""},"geometry":{"type":"LineString","coordinates":[[20.465327,54.717702],[20.465414,54.717741]]}},{"type":"Feature","properties":{"kind":"road","name":"улица Кутузова","osm":"way/945916912","highway":"primary","access":"","foot":""},"geometry":{"type":"LineString","coordinates":[[20.461673,54.716101],[20.461578,54.716045],[20.460466,54.715396],[20.459419,54.714757]]}},{"type":"Feature","properties":{"kind":"road","name":"","osm":"way/974949918","highway":"secondary","access":"","foot":"no"},"geometry":{"type":"LineString","coordinates":[[20.457374,54.722369],[20.457317,54.722255],[20.457267,54.72197]]}},{"type":"Feature","properties":{"kind":"road","name":"проспект Мира","osm":"way/980844351","highway":"primary","access":"","foot":"no"},"geometry":{"type":"LineString","coordinates":[[20.477476,54.720244],[20.477722,54.720242],[20.477993,54.720262],[20.478656,54.720354],[20.478911,54.720397],[20.479174,54.720446]]}},{"type":"Feature","properties":{"kind":"road","name":"проспект Мира","osm":"way/980844354","highway":"primary","access":"","foot":"no"},"geometry":{"type":"LineString","coordinates":[[20.475999,54.720221],[20.476176,54.720268],[20.47638,54.720304]]}},{"type":"Feature","properties":{"kind":"road","name":"улица Кутузова","osm":"way/980844358","highway":"primary","access":"","foot":""},"geometry":{"type":"LineString","coordinates":[[20.471416,54.72123],[20.471442,54.721295]]}},{"type":"Feature","properties":{"kind":"road","name":"улица Кутузова","osm":"way/980844359","highway":"primary","access":"","foot":""},"geometry":{"type":"LineString","coordinates":[[20.471397,54.721177],[20.471416,54.72123]]}},{"type":"Feature","properties":{"kind":"road","name":"улица Кутузова","osm":"way/980844360","highway":"primary","access":"","foot":""},"geometry":{"type":"LineString","coordinates":[[20.471268,54.721336],[20.471227,54.721273]]}},{"type":"Feature","properties":{"kind":"road","name":"проспект Мира","osm":"way/980844365","highway":"primary","access":"","foot":"no"},"geometry":{"type":"LineString","coordinates":[[20.471442,54.721295],[20.471268,54.721336]]}},{"type":"Feature","properties":{"kind":"road","name":"","osm":"way/980844374","highway":"secondary","access":"","foot":"no"},"geometry":{"type":"LineString","coordinates":[[20.457267,54.72197],[20.457238,54.72188]]}},{"type":"Feature","properties":{"kind":"road","name":"проспект Мира","osm":"way/980844480","highway":"secondary","access":"","foot":"no"},"geometry":{"type":"LineString","coordinates":[[20.461132,54.722839],[20.46092,54.722859]]}},{"type":"Feature","properties":{"kind":"road","name":"проспект Мира","osm":"way/980844482","highway":"secondary","access":"","foot":"no"},"geometry":{"type":"LineString","coordinates":[[20.464527,54.722519],[20.462927,54.72267]]}},{"type":"Feature","properties":{"kind":"road","name":"проспект Мира","osm":"way/980844485","highway":"secondary","access":"","foot":"no"},"geometry":{"type":"LineString","coordinates":[[20.470637,54.721476],[20.470244,54.721573],[20.469796,54.721684]]}},{"type":"Feature","properties":{"kind":"road","name":"проспект Мира","osm":"way/980844486","highway":"secondary","access":"","foot":"no"},"geometry":{"type":"LineString","coordinates":[[20.471268,54.721336],[20.471165,54.721359]]}},{"type":"Feature","properties":{"kind":"road","name":"проспект Мира","osm":"way/980844487","highway":"primary","access":"","foot":"no"},"geometry":{"type":"LineString","coordinates":[[20.474907,54.720503],[20.474769,54.72053],[20.474492,54.720585],[20.474088,54.720672]]}},{"type":"Feature","properties":{"kind":"road","name":"проспект Мира","osm":"way/980844488","highway":"primary","access":"","foot":"no"},"geometry":{"type":"LineString","coordinates":[[20.476696,54.720432],[20.476484,54.720426]]}},{"type":"Feature","properties":{"kind":"road","name":"проспект Мира","osm":"way/980844489","highway":"primary","access":"","foot":"no"},"geometry":{"type":"LineString","coordinates":[[20.479156,54.720527],[20.478892,54.720501],[20.47796,54.720464],[20.476696,54.720432]]}},{"type":"Feature","properties":{"kind":"road","name":"улица Кутузова","osm":"way/980866432","highway":"primary","access":"","foot":""},"geometry":{"type":"LineString","coordinates":[[20.469609,54.7197],[20.46973,54.719792]]}},{"type":"Feature","properties":{"kind":"road","name":"улица Кутузова","osm":"way/980866433","highway":"primary","access":"","foot":""},"geometry":{"type":"LineString","coordinates":[[20.46973,54.719792],[20.47133,54.721107],[20.471397,54.721177]]}},{"type":"Feature","properties":{"kind":"road","name":"улица Кутузова","osm":"way/980866434","highway":"primary","access":"","foot":""},"geometry":{"type":"LineString","coordinates":[[20.468576,54.719143],[20.468803,54.719245]]}},{"type":"Feature","properties":{"kind":"road","name":"улица Кутузова","osm":"way/980866435","highway":"primary","access":"","foot":""},"geometry":{"type":"LineString","coordinates":[[20.467449,54.718637],[20.468576,54.719143]]}},{"type":"Feature","properties":{"kind":"road","name":"улица Кутузова","osm":"way/980866519","highway":"primary","access":"","foot":""},"geometry":{"type":"LineString","coordinates":[[20.467344,54.718592],[20.467449,54.718637]]}},{"type":"Feature","properties":{"kind":"road","name":"улица Кутузова","osm":"way/980866520","highway":"primary","access":"","foot":""},"geometry":{"type":"LineString","coordinates":[[20.465072,54.717587],[20.465327,54.717702]]}},{"type":"Feature","properties":{"kind":"road","name":"улица Кутузова","osm":"way/980866521","highway":"primary","access":"","foot":""},"geometry":{"type":"LineString","coordinates":[[20.463059,54.716672],[20.465072,54.717587]]}},{"type":"Feature","properties":{"kind":"road","name":"улица Кутузова","osm":"way/980866522","highway":"primary","access":"","foot":""},"geometry":{"type":"LineString","coordinates":[[20.461817,54.716],[20.462067,54.716136]]}},{"type":"Feature","properties":{"kind":"road","name":"улица Кутузова","osm":"way/980866523","highway":"primary","access":"","foot":""},"geometry":{"type":"LineString","coordinates":[[20.461734,54.715955],[20.461817,54.716]]}},{"type":"Feature","properties":{"kind":"road","name":"улица Кутузова","osm":"way/980866524","highway":"primary","access":"","foot":""},"geometry":{"type":"LineString","coordinates":[[20.459527,54.714638],[20.45959,54.714675],[20.461734,54.715955]]}},{"type":"Feature","properties":{"kind":"road","name":"улица Кутузова","osm":"way/980866526","highway":"primary","access":"","foot":""},"geometry":{"type":"LineString","coordinates":[[20.459419,54.714757],[20.459358,54.714712]]}},{"type":"Feature","properties":{"kind":"road","name":"улица Кутузова","osm":"way/980866527","highway":"primary","access":"","foot":""},"geometry":{"type":"LineString","coordinates":[[20.46224,54.7164],[20.461673,54.716101]]}},{"type":"Feature","properties":{"kind":"road","name":"улица Кутузова","osm":"way/980866528","highway":"primary","access":"","foot":""},"geometry":{"type":"LineString","coordinates":[[20.462925,54.716762],[20.462465,54.716519]]}},{"type":"Feature","properties":{"kind":"road","name":"улица Кутузова","osm":"way/980866532","highway":"tertiary","access":"","foot":""},"geometry":{"type":"LineString","coordinates":[[20.463059,54.716672],[20.462925,54.716762]]}},{"type":"Feature","properties":{"kind":"road","name":"улица Кутузова","osm":"way/980866572","highway":"tertiary","access":"","foot":""},"geometry":{"type":"LineString","coordinates":[[20.463234,54.716491],[20.463134,54.716614]]}},{"type":"Feature","properties":{"kind":"road","name":"улица Кутузова","osm":"way/980866573","highway":"tertiary","access":"","foot":""},"geometry":{"type":"LineString","coordinates":[[20.463134,54.716614],[20.463059,54.716672]]}},{"type":"Feature","properties":{"kind":"road","name":"улица Кутузова","osm":"way/980866574","highway":"tertiary","access":"","foot":""},"geometry":{"type":"LineString","coordinates":[[20.462929,54.715977],[20.463109,54.716079]]}},{"type":"Feature","properties":{"kind":"road","name":"улица Кутузова","osm":"way/980866575","highway":"tertiary","access":"","foot":""},"geometry":{"type":"LineString","coordinates":[[20.462266,54.715871],[20.462366,54.715862]]}},{"type":"Feature","properties":{"kind":"road","name":"улица Кутузова","osm":"way/980866576","highway":"tertiary","access":"","foot":""},"geometry":{"type":"LineString","coordinates":[[20.462366,54.715862],[20.462673,54.715899],[20.462929,54.715977]]}},{"type":"Feature","properties":{"kind":"road","name":"улица Кутузова","osm":"way/980866577","highway":"tertiary","access":"","foot":""},"geometry":{"type":"LineString","coordinates":[[20.461817,54.716],[20.461874,54.715969]]}},{"type":"Feature","properties":{"kind":"road","name":"улица Кутузова","osm":"way/980866578","highway":"tertiary","access":"","foot":""},"geometry":{"type":"LineString","coordinates":[[20.461673,54.716101],[20.461817,54.716]]}},{"type":"Feature","properties":{"kind":"road","name":"улица Кутузова","osm":"way/980866580","highway":"tertiary","access":"","foot":""},"geometry":{"type":"LineString","coordinates":[[20.461576,54.716538],[20.461543,54.716426],[20.461552,54.716274]]}},{"type":"Feature","properties":{"kind":"road","name":"улица Кутузова","osm":"way/980866584","highway":"tertiary","access":"","foot":""},"geometry":{"type":"LineString","coordinates":[[20.461718,54.716697],[20.461652,54.71665]]}},{"type":"Feature","properties":{"kind":"road","name":"улица Кутузова","osm":"way/980866586","highway":"tertiary","access":"","foot":""},"geometry":{"type":"LineString","coordinates":[[20.462507,54.716866],[20.462317,54.716883]]}},{"type":"Feature","properties":{"kind":"road","name":"улица Кутузова","osm":"way/980866587","highway":"tertiary","access":"","foot":""},"geometry":{"type":"LineString","coordinates":[[20.462925,54.716762],[20.462864,54.716782],[20.462689,54.716844],[20.462507,54.716866]]}},{"type":"Feature","properties":{"kind":"road","name":"улица Кутузова","osm":"way/980866588","highway":"tertiary","access":"","foot":""},"geometry":{"type":"LineString","coordinates":[[20.463109,54.716079],[20.463154,54.716121],[20.463221,54.716216],[20.463248,54.716357],[20.463234,54.716491]]}},{"type":"Feature","properties":{"kind":"road","name":"улица Кутузова","osm":"way/980866589","highway":"primary","access":"","foot":""},"geometry":{"type":"LineString","coordinates":[[20.46311,54.716845],[20.462925,54.716762]]}},{"type":"Feature","properties":{"kind":"road","name":"улица Кутузова","osm":"way/980866600","highway":"primary","access":"","foot":""},"geometry":{"type":"LineString","coordinates":[[20.465352,54.717858],[20.464981,54.71769],[20.464903,54.717654],[20.46311,54.716845]]}},{"type":"Feature","properties":{"kind":"road","name":"улица Кутузова","osm":"way/980866601","highway":"primary","access":"","foot":""},"geometry":{"type":"LineString","coordinates":[[20.465444,54.717897],[20.465352,54.717858]]}},{"type":"Feature","properties":{"kind":"road","name":"улица Кутузова","osm":"way/980866602","highway":"primary","access":"","foot":""},"geometry":{"type":"LineString","coordinates":[[20.467524,54.718824],[20.467291,54.718724]]}},{"type":"Feature","properties":{"kind":"road","name":"улица Кутузова","osm":"way/980866603","highway":"residential","access":"","foot":""},"geometry":{"type":"LineString","coordinates":[[20.469843,54.719707],[20.46979,54.719757],[20.46973,54.719792]]}},{"type":"Feature","properties":{"kind":"road","name":"улица Кутузова","osm":"way/980866604","highway":"residential","access":"","foot":""},"geometry":{"type":"LineString","coordinates":[[20.469758,54.719209],[20.469841,54.719296]]}},{"type":"Feature","properties":{"kind":"road","name":"улица Кутузова","osm":"way/980866605","highway":"residential","access":"","foot":""},"geometry":{"type":"LineString","coordinates":[[20.469522,54.719134],[20.469644,54.719165],[20.469758,54.719209]]}},{"type":"Feature","properties":{"kind":"road","name":"улица Кутузова","osm":"way/980866606","highway":"residential","access":"","foot":""},"geometry":{"type":"LineString","coordinates":[[20.468853,54.719209],[20.468876,54.719198],[20.46901,54.719151],[20.469128,54.719124],[20.469254,54.719114],[20.469381,54.719114],[20.469522,54.719134]]}},{"type":"Feature","properties":{"kind":"road","name":"улица Кутузова","osm":"way/980866607","highway":"residential","access":"","foot":""},"geometry":{"type":"LineString","coordinates":[[20.468702,54.719326],[20.468803,54.719245]]}},{"type":"Feature","properties":{"kind":"road","name":"улица Кутузова","osm":"way/980866608","highway":"residential","access":"","foot":""},"geometry":{"type":"LineString","coordinates":[[20.468803,54.719245],[20.468853,54.719209]]}},{"type":"Feature","properties":{"kind":"road","name":"улица Кутузова","osm":"way/980866609","highway":"primary","access":"","foot":""},"geometry":{"type":"LineString","coordinates":[[20.468857,54.719399],[20.468702,54.719326]]}},{"type":"Feature","properties":{"kind":"road","name":"улица Кутузова","osm":"way/980866612","highway":"primary","access":"","foot":""},"geometry":{"type":"LineString","coordinates":[[20.468702,54.719326],[20.467804,54.718943]]}},{"type":"Feature","properties":{"kind":"road","name":"улица Кутузова","osm":"way/980866613","highway":"residential","access":"","foot":""},"geometry":{"type":"LineString","coordinates":[[20.468609,54.719434],[20.468663,54.719352],[20.468702,54.719326]]}},{"type":"Feature","properties":{"kind":"road","name":"улица Кутузова","osm":"way/980866615","highway":"residential","access":"","foot":""},"geometry":{"type":"LineString","coordinates":[[20.46958,54.719862],[20.469516,54.71988],[20.469432,54.719903]]}},{"type":"Feature","properties":{"kind":"road","name":"улица Кутузова","osm":"way/980866617","highway":"residential","access":"","foot":""},"geometry":{"type":"LineString","coordinates":[[20.469019,54.719887],[20.468831,54.719819]]}},{"type":"Feature","properties":{"kind":"road","name":"улица Кутузова","osm":"way/980866618","highway":"residential","access":"","foot":""},"geometry":{"type":"LineString","coordinates":[[20.468831,54.719819],[20.468734,54.719749],[20.46863,54.719638],[20.46862,54.71961],[20.468587,54.719517],[20.468609,54.719434]]}},{"type":"Feature","properties":{"kind":"road","name":"улица Кутузова","osm":"way/980866619","highway":"residential","access":"","foot":""},"geometry":{"type":"LineString","coordinates":[[20.46973,54.719792],[20.46958,54.719862]]}},{"type":"Feature","properties":{"kind":"road","name":"улица Кутузова","osm":"way/980866620","highway":"primary","access":"","foot":""},"geometry":{"type":"LineString","coordinates":[[20.469698,54.719957],[20.46958,54.719862]]}},{"type":"Feature","properties":{"kind":"road","name":"улица Кутузова","osm":"way/980866621","highway":"primary","access":"","foot":""},"geometry":{"type":"LineString","coordinates":[[20.471227,54.721273],[20.471196,54.721226],[20.471148,54.721169],[20.470984,54.72103],[20.469698,54.719957]]}},{"type":"Feature","properties":{"kind":"road","name":"проспект Победы","osm":"way/980973618","highway":"primary","access":"","foot":""},"geometry":{"type":"LineString","coordinates":[[20.45697,54.71419],[20.456593,54.714152]]}},{"type":"Feature","properties":{"kind":"road","name":"проспект Победы","osm":"way/980973619","highway":"primary","access":"","foot":""},"geometry":{"type":"LineString","coordinates":[[20.45718,54.714207],[20.45697,54.71419]]}},{"type":"Feature","properties":{"kind":"road","name":"проспект Победы","osm":"way/980973620","highway":"primary","access":"","foot":""},"geometry":{"type":"LineString","coordinates":[[20.457669,54.714248],[20.45718,54.714207]]}},{"type":"Feature","properties":{"kind":"road","name":"проспект Победы","osm":"way/980973624","highway":"primary","access":"","foot":""},"geometry":{"type":"LineString","coordinates":[[20.462742,54.714563],[20.462384,54.714545]]}},{"type":"Feature","properties":{"kind":"road","name":"проспект Победы","osm":"way/980973625","highway":"primary","access":"","foot":""},"geometry":{"type":"LineString","coordinates":[[20.462384,54.714545],[20.461362,54.714494],[20.459896,54.714406]]}},{"type":"Feature","properties":{"kind":"road","name":"проспект Победы","osm":"way/980973626","highway":"primary","access":"","foot":""},"geometry":{"type":"LineString","coordinates":[[20.465095,54.714926],[20.464943,54.714901]]}},{"type":"Feature","properties":{"kind":"road","name":"проспект Победы","osm":"way/980973631","highway":"secondary","access":"","foot":""},"geometry":{"type":"LineString","coordinates":[[20.473036,54.718784],[20.473192,54.718861]]}},{"type":"Feature","properties":{"kind":"road","name":"проспект Победы","osm":"way/980973675","highway":"secondary","access":"","foot":""},"geometry":{"type":"LineString","coordinates":[[20.472095,54.718321],[20.472473,54.718503],[20.473036,54.718784]]}},{"type":"Feature","properties":{"kind":"road","name":"проспект Победы","osm":"way/980973676","highway":"secondary","access":"","foot":""},"geometry":{"type":"LineString","coordinates":[[20.471961,54.718256],[20.472095,54.718321]]}},{"type":"Feature","properties":{"kind":"road","name":"проспект Победы","osm":"way/980973677","highway":"secondary","access":"","foot":""},"geometry":{"type":"LineString","coordinates":[[20.471509,54.718037],[20.471961,54.718256]]}},{"type":"Feature","properties":{"kind":"road","name":"проспект Победы","osm":"way/980973678","highway":"secondary","access":"","foot":""},"geometry":{"type":"LineString","coordinates":[[20.471286,54.717914],[20.471509,54.718037]]}},{"type":"Feature","properties":{"kind":"road","name":"проспект Победы","osm":"way/980973679","highway":"secondary","access":"","foot":""},"geometry":{"type":"LineString","coordinates":[[20.470151,54.717295],[20.471286,54.717914]]}},{"type":"Feature","properties":{"kind":"road","name":"проспект Победы","osm":"way/980973680","highway":"secondary","access":"","foot":""},"geometry":{"type":"LineString","coordinates":[[20.469988,54.71721],[20.470151,54.717295]]}},{"type":"Feature","properties":{"kind":"road","name":"проспект Победы","osm":"way/980973681","highway":"secondary","access":"","foot":""},"geometry":{"type":"LineString","coordinates":[[20.468694,54.716531],[20.468794,54.716581],[20.469348,54.716877],[20.469501,54.716956],[20.469707,54.717062],[20.469988,54.71721]]}},{"type":"Feature","properties":{"kind":"road","name":"проспект Победы","osm":"way/980973682","highway":"secondary","access":"","foot":""},"geometry":{"type":"LineString","coordinates":[[20.468398,54.716387],[20.468694,54.716531]]}},{"type":"Feature","properties":{"kind":"road","name":"проспект Победы","osm":"way/980973683","highway":"secondary","access":"","foot":""},"geometry":{"type":"LineString","coordinates":[[20.465583,54.715004],[20.465666,54.71503],[20.465716,54.715052],[20.465824,54.715108],[20.465956,54.715176],[20.466085,54.715242],[20.466247,54.715323]]}},{"type":"Feature","properties":{"kind":"road","name":"проспект Победы","osm":"way/980973686","highway":"primary","access":"","foot":""},"geometry":{"type":"LineString","coordinates":[[20.458727,54.714332],[20.458922,54.714346],[20.459047,54.714356]]}},{"type":"Feature","properties":{"kind":"road","name":"проспект Победы","osm":"way/980973687","highway":"primary","access":"","foot":""},"geometry":{"type":"LineString","coordinates":[[20.457976,54.714146],[20.457998,54.714184],[20.458026,54.714212],[20.45807,54.714233]]}},{"type":"Feature","properties":{"kind":"road","name":"Вагоностроительная улица","osm":"way/980973689","highway":"primary","access":"","foot":""},"geometry":{"type":"LineString","coordinates":[[20.457994,54.714057],[20.457976,54.714146]]}},{"type":"Feature","properties":{"kind":"road","name":"Вагоностроительная улица","osm":"way/980973690","highway":"primary","access":"","foot":""},"geometry":{"type":"LineString","coordinates":[[20.457976,54.714146],[20.457942,54.714178],[20.457892,54.714202],[20.45784,54.714222],[20.45778,54.714238],[20.457732,54.714245],[20.457669,54.714248]]}},{"type":"Feature","properties":{"kind":"road","name":"проспект Победы","osm":"way/980973691","highway":"secondary","access":"","foot":""},"geometry":{"type":"LineString","coordinates":[[20.47445,54.719467],[20.474612,54.719541],[20.475443,54.719954],[20.475605,54.720046],[20.475734,54.720113]]}},{"type":"Feature","properties":{"kind":"road","name":"улица Радищева","osm":"way/980973692","highway":"primary","access":"yes","foot":""},"geometry":{"type":"LineString","coordinates":[[20.456488,54.712363],[20.45706,54.712419]]}},{"type":"Feature","properties":{"kind":"road","name":"улица Дмитрия Донского","osm":"way/981148739","highway":"primary","access":"","foot":""},"geometry":{"type":"LineString","coordinates":[[20.472349,54.715266],[20.472247,54.715229]]}},{"type":"Feature","properties":{"kind":"road","name":"улица Дмитрия Донского","osm":"way/981148766","highway":"primary","access":"","foot":"no"},"geometry":{"type":"LineString","coordinates":[[20.465878,54.715026],[20.465732,54.715018],[20.465583,54.715004]]}},{"type":"Feature","properties":{"kind":"road","name":"улица Дмитрия Донского","osm":"way/981148815","highway":"primary","access":"","foot":""},"geometry":{"type":"LineString","coordinates":[[20.468153,54.715043],[20.467769,54.715042]]}},{"type":"Feature","properties":{"kind":"road","name":"улица Дмитрия Донского","osm":"way/981148816","highway":"primary","access":"","foot":""},"geometry":{"type":"LineString","coordinates":[[20.471088,54.715054],[20.470905,54.715053]]}},{"type":"Feature","properties":{"kind":"road","name":"улица Дмитрия Донского","osm":"way/981148817","highway":"primary","access":"","foot":""},"geometry":{"type":"LineString","coordinates":[[20.4736,54.715593],[20.473402,54.715567]]}},{"type":"Feature","properties":{"kind":"road","name":"улица Дмитрия Донского","osm":"way/981148819","highway":"primary","access":"","foot":""},"geometry":{"type":"LineString","coordinates":[[20.476338,54.715495],[20.476232,54.715511]]}},{"type":"Feature","properties":{"kind":"road","name":"улица Дмитрия Донского","osm":"way/981148820","highway":"primary","access":"","foot":""},"geometry":{"type":"LineString","coordinates":[[20.476888,54.715477],[20.476338,54.715495]]}},{"type":"Feature","properties":{"kind":"road","name":"улица Степана Разина","osm":"way/981199065","highway":"residential","access":"","foot":""},"geometry":{"type":"LineString","coordinates":[[20.474599,54.723434],[20.474361,54.723434]]}},{"type":"Feature","properties":{"kind":"road","name":"Красная улица","osm":"way/981199066","highway":"residential","access":"","foot":""},"geometry":{"type":"LineString","coordinates":[[20.474599,54.723434],[20.47458,54.72455]]}},{"type":"Feature","properties":{"kind":"road","name":"Красная улица","osm":"way/981199067","highway":"residential","access":"","foot":""},"geometry":{"type":"LineString","coordinates":[[20.47458,54.72455],[20.474547,54.725225]]}},{"type":"Feature","properties":{"kind":"road","name":"улица Степана Разина","osm":"way/981199068","highway":"residential","access":"","foot":""},"geometry":{"type":"LineString","coordinates":[[20.473942,54.723434],[20.473417,54.723433]]}},{"type":"Feature","properties":{"kind":"road","name":"Красная улица","osm":"way/981199069","highway":"residential","access":"","foot":""},"geometry":{"type":"LineString","coordinates":[[20.474547,54.725225],[20.474526,54.725945]]}},{"type":"Feature","properties":{"kind":"road","name":"улица Степана Разина","osm":"way/981199070","highway":"residential","access":"","foot":""},"geometry":{"type":"LineString","coordinates":[[20.474361,54.723434],[20.473942,54.723434]]}},{"type":"Feature","properties":{"kind":"road","name":"Красная улица","osm":"way/981199071","highway":"residential","access":"","foot":""},"geometry":{"type":"LineString","coordinates":[[20.474526,54.725945],[20.474506,54.72634],[20.474506,54.726351]]}},{"type":"Feature","properties":{"kind":"road","name":"Красная улица","osm":"way/981199072","highway":"tertiary","access":"","foot":""},"geometry":{"type":"LineString","coordinates":[[20.474374,54.727691],[20.474462,54.72706]]}},{"type":"Feature","properties":{"kind":"road","name":"улица Каштановая Аллея","osm":"way/981231948","highway":"tertiary","access":"","foot":""},"geometry":{"type":"LineString","coordinates":[[20.464276,54.725361],[20.464272,54.725438]]}},{"type":"Feature","properties":{"kind":"road","name":"улица Каштановая Аллея","osm":"way/981231956","highway":"tertiary","access":"","foot":""},"geometry":{"type":"LineString","coordinates":[[20.464272,54.725438],[20.464255,54.725842],[20.464197,54.726457],[20.46416,54.726845],[20.46413,54.727163]]}},{"type":"Feature","properties":{"kind":"road","name":"улица Карла Маркса","osm":"way/982712149","highway":"secondary","access":"","foot":"no"},"geometry":{"type":"LineString","coordinates":[[20.46422,54.7242],[20.46298,54.723942],[20.462703,54.723867]]}},{"type":"Feature","properties":{"kind":"road","name":"улица Карла Маркса","osm":"way/982712150","highway":"secondary","access":"","foot":"no"},"geometry":{"type":"LineString","coordinates":[[20.464361,54.724229],[20.46422,54.7242]]}},{"type":"Feature","properties":{"kind":"road","name":"улица Карла Маркса","osm":"way/982712153","highway":"secondary","access":"","foot":"no"},"geometry":{"type":"LineString","coordinates":[[20.464521,54.724268],[20.464361,54.724229]]}},{"type":"Feature","properties":{"kind":"road","name":"улица Карла Маркса","osm":"way/982712154","highway":"secondary","access":"","foot":"no"},"geometry":{"type":"LineString","coordinates":[[20.466176,54.72463],[20.465942,54.72458],[20.465505,54.724484],[20.465153,54.724407]]}},{"type":"Feature","properties":{"kind":"road","name":"улица Карла Маркса","osm":"way/982712155","highway":"secondary","access":"","foot":"no"},"geometry":{"type":"LineString","coordinates":[[20.469195,54.725285],[20.46905,54.725252],[20.468353,54.725098]]}},{"type":"Feature","properties":{"kind":"road","name":"улица Карла Маркса","osm":"way/982712182","highway":"secondary","access":"","foot":"no"},"geometry":{"type":"LineString","coordinates":[[20.469553,54.725366],[20.469451,54.725341],[20.469195,54.725285]]}},{"type":"Feature","properties":{"kind":"road","name":"улица Карла Маркса","osm":"way/982712183","highway":"secondary","access":"","foot":"no"},"geometry":{"type":"LineString","coordinates":[[20.469704,54.725399],[20.469553,54.725366]]}},{"type":"Feature","properties":{"kind":"road","name":"улица Карла Маркса","osm":"way/982712297","highway":"secondary","access":"","foot":"no"},"geometry":{"type":"LineString","coordinates":[[20.472663,54.726036],[20.471321,54.725741],[20.471107,54.725697]]}},{"type":"Feature","properties":{"kind":"road","name":"улица Карла Маркса","osm":"way/982712298","highway":"secondary","access":"","foot":"no"},"geometry":{"type":"LineString","coordinates":[[20.471019,54.725678],[20.470741,54.725618]]}},{"type":"Feature","properties":{"kind":"road","name":"улица Карла Маркса","osm":"way/982712299","highway":"secondary","access":"","foot":"no"},"geometry":{"type":"LineString","coordinates":[[20.473372,54.726191],[20.472663,54.726036]]}},{"type":"Feature","properties":{"kind":"road","name":"улица Пугачёва","osm":"way/982712300","highway":"tertiary","access":"","foot":"no"},"geometry":{"type":"LineString","coordinates":[[20.472663,54.726036],[20.472691,54.725993]]}},{"type":"Feature","properties":{"kind":"road","name":"улица Карла Маркса","osm":"way/982712301","highway":"secondary","access":"","foot":"no"},"geometry":{"type":"LineString","coordinates":[[20.474504,54.726453],[20.473963,54.726323]]}},{"type":"Feature","properties":{"kind":"road","name":"улица Карла Маркса","osm":"way/982712302","highway":"secondary","access":"","foot":"no"},"geometry":{"type":"LineString","coordinates":[[20.47344,54.726206],[20.473372,54.726191]]}},{"type":"Feature","properties":{"kind":"road","name":"улица Карла Маркса","osm":"way/982712303","highway":"secondary","access":"","foot":"no"},"geometry":{"type":"LineString","coordinates":[[20.473645,54.726248],[20.47344,54.726206]]}},{"type":"Feature","properties":{"kind":"road","name":"улица Карла Маркса","osm":"way/982712304","highway":"secondary","access":"","foot":"no"},"geometry":{"type":"LineString","coordinates":[[20.473963,54.726323],[20.473645,54.726248]]}},{"type":"Feature","properties":{"kind":"road","name":"улица Карла Маркса","osm":"way/982712305","highway":"secondary","access":"","foot":"no"},"geometry":{"type":"LineString","coordinates":[[20.476423,54.726927],[20.474625,54.726482],[20.474504,54.726453]]}},{"type":"Feature","properties":{"kind":"road","name":"улица Карла Маркса","osm":"way/982712307","highway":"secondary","access":"","foot":"no"},"geometry":{"type":"LineString","coordinates":[[20.477532,54.727204],[20.476423,54.726927]]}},{"type":"Feature","properties":{"kind":"road","name":"улица Карла Маркса","osm":"way/982712316","highway":"secondary","access":"","foot":"no"},"geometry":{"type":"LineString","coordinates":[[20.461374,54.723237],[20.461061,54.723072],[20.460902,54.722975],[20.460804,54.722872]]}},{"type":"Feature","properties":{"kind":"road","name":"улица Карла Маркса","osm":"way/982712319","highway":"secondary","access":"","foot":"no"},"geometry":{"type":"LineString","coordinates":[[20.462703,54.723867],[20.462479,54.723791],[20.462126,54.723629],[20.461642,54.723378]]}},{"type":"Feature","properties":{"kind":"road","name":"улица Карла Маркса","osm":"way/982712320","highway":"secondary","access":"","foot":"no"},"geometry":{"type":"LineString","coordinates":[[20.46092,54.722859],[20.461021,54.722948],[20.461257,54.723097]]}},{"type":"Feature","properties":{"kind":"road","name":"улица Карла Маркса","osm":"way/982712338","highway":"secondary","access":"","foot":"no"},"geometry":{"type":"LineString","coordinates":[[20.47619,54.726813],[20.476448,54.72688]]}},{"type":"Feature","properties":{"kind":"road","name":"улица Карла Маркса","osm":"way/982712340","highway":"secondary","access":"","foot":"no"},"geometry":{"type":"LineString","coordinates":[[20.476448,54.72688],[20.477449,54.727122]]}},{"type":"Feature","properties":{"kind":"road","name":"Красная улица","osm":"way/982712341","highway":"residential","access":"","foot":""},"geometry":{"type":"LineString","coordinates":[[20.474506,54.726351],[20.474508,54.726397]]}},{"type":"Feature","properties":{"kind":"road","name":"улица Карла Маркса","osm":"way/982712342","highway":"secondary","access":"","foot":"no"},"geometry":{"type":"LineString","coordinates":[[20.474247,54.726337],[20.474508,54.726397]]}},{"type":"Feature","properties":{"kind":"road","name":"улица Карла Маркса","osm":"way/982712344","highway":"secondary","access":"","foot":"no"},"geometry":{"type":"LineString","coordinates":[[20.473674,54.726203],[20.474247,54.726337]]}},{"type":"Feature","properties":{"kind":"road","name":"улица Карла Маркса","osm":"way/982712345","highway":"secondary","access":"","foot":"no"},"geometry":{"type":"LineString","coordinates":[[20.473406,54.72614],[20.473674,54.726203]]}},{"type":"Feature","properties":{"kind":"road","name":"улица Карла Маркса","osm":"way/982712347","highway":"secondary","access":"","foot":"no"},"geometry":{"type":"LineString","coordinates":[[20.472691,54.725993],[20.473406,54.72614]]}},{"type":"Feature","properties":{"kind":"road","name":"улица Карла Маркса","osm":"way/982712348","highway":"secondary","access":"","foot":"no"},"geometry":{"type":"LineString","coordinates":[[20.470741,54.725618],[20.470557,54.725579]]}},{"type":"Feature","properties":{"kind":"road","name":"улица Карла Маркса","osm":"way/982712351","highway":"secondary","access":"","foot":"no"},"geometry":{"type":"LineString","coordinates":[[20.470557,54.725579],[20.470377,54.725541]]}},{"type":"Feature","properties":{"kind":"road","name":"улица Карла Маркса","osm":"way/982712352","highway":"secondary","access":"","foot":"no"},"geometry":{"type":"LineString","coordinates":[[20.471139,54.72564],[20.471353,54.725689],[20.472691,54.725993]]}},{"type":"Feature","properties":{"kind":"road","name":"улица Карла Маркса","osm":"way/982712358","highway":"secondary","access":"","foot":"no"},"geometry":{"type":"LineString","coordinates":[[20.467953,54.724941],[20.469284,54.725232]]}},{"type":"Feature","properties":{"kind":"road","name":"улица Карла Маркса","osm":"way/982712370","highway":"secondary","access":"","foot":"no"},"geometry":{"type":"LineString","coordinates":[[20.467618,54.724871],[20.467953,54.724941]]}},{"type":"Feature","properties":{"kind":"road","name":"улица Карла Маркса","osm":"way/982712371","highway":"secondary","access":"","foot":"no"},"geometry":{"type":"LineString","coordinates":[[20.469284,54.725232],[20.469456,54.725269],[20.469562,54.725293]]}},{"type":"Feature","properties":{"kind":"road","name":"улица Карла Маркса","osm":"way/982712377","highway":"secondary","access":"","foot":"no"},"geometry":{"type":"LineString","coordinates":[[20.462442,54.723708],[20.462742,54.723814],[20.462854,54.723848]]}},{"type":"Feature","properties":{"kind":"road","name":"улица Карла Маркса","osm":"way/982712378","highway":"secondary","access":"","foot":"no"},"geometry":{"type":"LineString","coordinates":[[20.462854,54.723848],[20.463125,54.723921],[20.464366,54.724177]]}},{"type":"Feature","properties":{"kind":"road","name":"улица Энгельса","osm":"way/982712379","highway":"tertiary","access":"","foot":"no"},"geometry":{"type":"LineString","coordinates":[[20.460873,54.722795],[20.46092,54.722859]]}},{"type":"Feature","properties":{"kind":"road","name":"проспект Победы","osm":"way/983808678","highway":"primary","access":"","foot":""},"geometry":{"type":"LineString","coordinates":[[20.465583,54.715004],[20.465324,54.714966],[20.465095,54.714926]]}},{"type":"Feature","properties":{"kind":"road","name":"проспект Победы","osm":"way/983901828","highway":"secondary","access":"","foot":""},"geometry":{"type":"LineString","coordinates":[[20.473192,54.718861],[20.473929,54.719212],[20.474114,54.719301],[20.47445,54.719467]]}},{"type":"Feature","properties":{"kind":"road","name":"проспект Мира","osm":"way/984247337","highway":"secondary","access":"","foot":"no"},"geometry":{"type":"LineString","coordinates":[[20.46092,54.722859],[20.460804,54.722872]]}},{"type":"Feature","properties":{"kind":"road","name":"улица Карла Маркса","osm":"way/984247343","highway":"secondary","access":"","foot":"no"},"geometry":{"type":"LineString","coordinates":[[20.471107,54.725697],[20.471019,54.725678]]}},{"type":"Feature","properties":{"kind":"road","name":"улица Каштановая Аллея","osm":"way/985106861","highway":"tertiary","access":"","foot":""},"geometry":{"type":"LineString","coordinates":[[20.464366,54.724177],[20.464361,54.724229]]}},{"type":"Feature","properties":{"kind":"road","name":"проспект Мира","osm":"way/989559858","highway":"secondary","access":"","foot":"no"},"geometry":{"type":"LineString","coordinates":[[20.471165,54.721359],[20.470637,54.721476]]}},{"type":"Feature","properties":{"kind":"road","name":"Каменная улица","osm":"way/993019137","highway":"tertiary","access":"","foot":""},"geometry":{"type":"LineString","coordinates":[[20.468021,54.723674],[20.468031,54.723489]]}},{"type":"Feature","properties":{"kind":"road","name":"улица Степана Разина","osm":"way/993019138","highway":"residential","access":"","foot":""},"geometry":{"type":"LineString","coordinates":[[20.468223,54.723487],[20.468031,54.723489]]}},{"type":"Feature","properties":{"kind":"road","name":"Каменная улица","osm":"way/993019139","highway":"tertiary","access":"","foot":""},"geometry":{"type":"LineString","coordinates":[[20.468031,54.723489],[20.468062,54.722893],[20.468098,54.722198],[20.468101,54.722136],[20.468099,54.72206],[20.468104,54.722004]]}},{"type":"Feature","properties":{"kind":"road","name":"проспект Мира","osm":"way/993027801","highway":"secondary","access":"","foot":"no"},"geometry":{"type":"LineString","coordinates":[[20.469796,54.721684],[20.469591,54.721727],[20.469029,54.721848],[20.468423,54.72198],[20.468099,54.72206]]}},{"type":"Feature","properties":{"kind":"road","name":"Коммунальная улица","osm":"way/993027802","highway":"residential","access":"","foot":""},"geometry":{"type":"LineString","coordinates":[[20.469643,54.7239],[20.469568,54.725205]]}},{"type":"Feature","properties":{"kind":"road","name":"","osm":"way/998471063","highway":"footway","access":"","foot":""},"geometry":{"type":"LineString","coordinates":[[20.475868,54.719427],[20.475951,54.719427],[20.476015,54.719426]]}},{"type":"Feature","properties":{"kind":"road","name":"","osm":"way/998471064","highway":"steps","access":"","foot":""},"geometry":{"type":"LineString","coordinates":[[20.475799,54.719426],[20.475868,54.719427]]}},{"type":"Feature","properties":{"kind":"road","name":"","osm":"way/998471071","highway":"footway","access":"","foot":""},"geometry":{"type":"LineString","coordinates":[[20.477073,54.719141],[20.476806,54.719323]]}},{"type":"Feature","properties":{"kind":"road","name":"","osm":"way/998839793","highway":"footway","access":"","foot":""},"geometry":{"type":"LineString","coordinates":[[20.470865,54.721315],[20.471112,54.721246],[20.471196,54.721226],[20.471397,54.721177],[20.471493,54.721154]]}},{"type":"Feature","properties":{"kind":"road","name":"улица Чернышевского","osm":"way/1001665184","highway":"tertiary","access":"","foot":""},"geometry":{"type":"LineString","coordinates":[[20.469565,54.726589],[20.469633,54.726606],[20.472004,54.727178],[20.472119,54.727204],[20.472549,54.727307]]}},{"type":"Feature","properties":{"kind":"road","name":"улица Чернышевского","osm":"way/1001665186","highway":"tertiary","access":"","foot":""},"geometry":{"type":"LineString","coordinates":[[20.468946,54.72645],[20.469199,54.726499],[20.469235,54.726506]]}},{"type":"Feature","properties":{"kind":"road","name":"переулок Чернышевского","osm":"way/1001665187","highway":"residential","access":"","foot":""},"geometry":{"type":"LineString","coordinates":[[20.468064,54.726437],[20.466934,54.72791]]}},{"type":"Feature","properties":{"kind":"road","name":"улица Чернышевского","osm":"way/1001665188","highway":"tertiary","access":"","foot":""},"geometry":{"type":"LineString","coordinates":[[20.467999,54.726236],[20.468186,54.726278]]}},{"type":"Feature","properties":{"kind":"road","name":"улица Чернышевского","osm":"way/1001665189","highway":"tertiary","access":"","foot":""},"geometry":{"type":"LineString","coordinates":[[20.464272,54.725438],[20.466613,54.725929],[20.466946,54.725997],[20.467999,54.726236]]}},{"type":"Feature","properties":{"kind":"road","name":"Ростовская улица","osm":"way/1001665190","highway":"residential","access":"","foot":""},"geometry":{"type":"LineString","coordinates":[[20.46193,54.725185],[20.461953,54.725079]]}},{"type":"Feature","properties":{"kind":"road","name":"улица Чернышевского","osm":"way/1001665191","highway":"tertiary","access":"","foot":""},"geometry":{"type":"LineString","coordinates":[[20.461953,54.725079],[20.462146,54.725141]]}},{"type":"Feature","properties":{"kind":"road","name":"улица Чернышевского","osm":"way/1001665192","highway":"tertiary","access":"","foot":""},"geometry":{"type":"LineString","coordinates":[[20.461764,54.725007],[20.461953,54.725079]]}},{"type":"Feature","properties":{"kind":"road","name":"улица Чернышевского","osm":"way/1001665193","highway":"tertiary","access":"","foot":""},"geometry":{"type":"LineString","coordinates":[[20.460153,54.724303],[20.461576,54.724928],[20.461764,54.725007]]}},{"type":"Feature","properties":{"kind":"road","name":"улица Чернышевского","osm":"way/1001665194","highway":"tertiary","access":"","foot":""},"geometry":{"type":"LineString","coordinates":[[20.463756,54.725374],[20.463884,54.72539],[20.464192,54.725428],[20.464272,54.725438]]}},{"type":"Feature","properties":{"kind":"road","name":"улица Чернышевского","osm":"way/1001665199","highway":"tertiary","access":"","foot":""},"geometry":{"type":"LineString","coordinates":[[20.469235,54.726506],[20.469275,54.726517],[20.469565,54.726589]]}},{"type":"Feature","properties":{"kind":"road","name":"","osm":"way/1006197469","highway":"path","access":"","foot":""},"geometry":{"type":"LineString","coordinates":[[20.477483,54.715629],[20.477382,54.715597]]}},{"type":"Feature","properties":{"kind":"road","name":"улица Каштановая Аллея","osm":"way/1009187040","highway":"tertiary","access":"","foot":""},"geometry":{"type":"LineString","coordinates":[[20.464512,54.722622],[20.464508,54.722668]]}},{"type":"Feature","properties":{"kind":"road","name":"улица Каштановая Аллея","osm":"way/1009187041","highway":"tertiary","access":"","foot":""},"geometry":{"type":"LineString","coordinates":[[20.464477,54.723036],[20.464458,54.723237]]}},{"type":"Feature","properties":{"kind":"road","name":"улица Каштановая Аллея","osm":"way/1009187042","highway":"tertiary","access":"","foot":""},"geometry":{"type":"LineString","coordinates":[[20.464415,54.723683],[20.464379,54.724049]]}},{"type":"Feature","properties":{"kind":"road","name":"переулок Энгельса","osm":"way/1009187043","highway":"residential","access":"","foot":""},"geometry":{"type":"LineString","coordinates":[[20.462778,54.723754],[20.462987,54.723517],[20.463035,54.72343],[20.463057,54.723332],[20.463058,54.723231],[20.463023,54.723085]]}},{"type":"Feature","properties":{"kind":"road","name":"","osm":"way/1010729433","highway":"tertiary_link","access":"","foot":""},"geometry":{"type":"LineString","coordinates":[[20.456806,54.721489],[20.456993,54.721506],[20.457163,54.72149],[20.457282,54.721454],[20.457395,54.721403]]}},{"type":"Feature","properties":{"kind":"road","name":"","osm":"way/1010761121","highway":"service","access":"","foot":""},"geometry":{"type":"LineString","coordinates":[[20.469101,54.71362],[20.469089,54.714008],[20.469065,54.714083],[20.468975,54.714081],[20.467871,54.714059]]}},{"type":"Feature","properties":{"kind":"road","name":"","osm":"way/1010761122","highway":"service","access":"","foot":""},"geometry":{"type":"LineString","coordinates":[[20.459571,54.712684],[20.460349,54.712452]]}},{"type":"Feature","properties":{"kind":"road","name":"Красная улица","osm":"way/1010761123","highway":"tertiary","access":"","foot":"no"},"geometry":{"type":"LineString","coordinates":[[20.474504,54.726453],[20.474508,54.726397]]}},{"type":"Feature","properties":{"kind":"road","name":"","osm":"way/1010765109","highway":"service","access":"","foot":""},"geometry":{"type":"LineString","coordinates":[[20.464394,54.719794],[20.464337,54.720129],[20.464264,54.720184],[20.464206,54.720194],[20.463569,54.72019]]}},{"type":"Feature","properties":{"kind":"road","name":"","osm":"way/1010765111","highway":"service","access":"","foot":""},"geometry":{"type":"LineString","coordinates":[[20.469731,54.722611],[20.46929,54.722629],[20.469194,54.722658],[20.469003,54.722719],[20.468936,54.72284]]}},{"type":"Feature","properties":{"kind":"road","name":"","osm":"way/1010765112","highway":"service","access":"","foot":""},"geometry":{"type":"LineString","coordinates":[[20.474723,54.721409],[20.474046,54.721404],[20.473984,54.721427],[20.473947,54.721461],[20.473928,54.721741]]}},{"type":"Feature","properties":{"kind":"road","name":"","osm":"way/1019541786","highway":"service","access":"","foot":""},"geometry":{"type":"LineString","coordinates":[[20.464027,54.723028],[20.464125,54.72303]]}},{"type":"Feature","properties":{"kind":"road","name":"","osm":"way/1019541787","highway":"service","access":"","foot":""},"geometry":{"type":"LineString","coordinates":[[20.463985,54.723667],[20.464027,54.723028]]}},{"type":"Feature","properties":{"kind":"road","name":"","osm":"way/1019541788","highway":"service","access":"","foot":""},"geometry":{"type":"LineString","coordinates":[[20.463441,54.722926],[20.462991,54.722953]]}},{"type":"Feature","properties":{"kind":"road","name":"переулок Энгельса","osm":"way/1019541789","highway":"residential","access":"","foot":""},"geometry":{"type":"LineString","coordinates":[[20.462955,54.722796],[20.462946,54.722757],[20.462927,54.72267],[20.462913,54.722608]]}},{"type":"Feature","properties":{"kind":"road","name":"улица Степана Разина","osm":"way/1019541790","highway":"residential","access":"","foot":""},"geometry":{"type":"LineString","coordinates":[[20.465066,54.723352],[20.464449,54.723321]]}},{"type":"Feature","properties":{"kind":"road","name":"проспект Мира","osm":"way/1019541791","highway":"secondary","access":"","foot":"no"},"geometry":{"type":"LineString","coordinates":[[20.466774,54.722293],[20.466636,54.722308],[20.46472,54.722498],[20.464527,54.722519]]}},{"type":"Feature","properties":{"kind":"road","name":"проспект Мира","osm":"way/1019541792","highway":"secondary","access":"","foot":"no"},"geometry":{"type":"LineString","coordinates":[[20.468099,54.72206],[20.467901,54.722108],[20.467591,54.722166]]}},{"type":"Feature","properties":{"kind":"road","name":"Коммунальная улица","osm":"way/1019541794","highway":"residential","access":"","foot":""},"geometry":{"type":"LineString","coordinates":[[20.470416,54.723467],[20.469643,54.7239],[20.468899,54.723481]]}},{"type":"Feature","properties":{"kind":"road","name":"проспект Мира","osm":"way/1019541795","highway":"primary","access":"","foot":"no"},"geometry":{"type":"LineString","coordinates":[[20.473065,54.72092],[20.471981,54.721172]]}},{"type":"Feature","properties":{"kind":"road","name":"улица Степана Разина","osm":"way/1019541796","highway":"residential","access":"","foot":""},"geometry":{"type":"LineString","coordinates":[[20.466445,54.723421],[20.466195,54.723408]]}},{"type":"Feature","properties":{"kind":"road","name":"Коммунальная улица","osm":"way/1019541798","highway":"tertiary","access":"","foot":""},"geometry":{"type":"LineString","coordinates":[[20.469553,54.725366],[20.469554,54.725353],[20.469558,54.72532],[20.469562,54.725293]]}},{"type":"Feature","properties":{"kind":"road","name":"улица Пугачёва","osm":"way/1019541799","highway":"tertiary","access":"","foot":"no"},"geometry":{"type":"LineString","coordinates":[[20.472691,54.725993],[20.472705,54.725952],[20.472706,54.725929]]}},{"type":"Feature","properties":{"kind":"road","name":"улица Космонавта Пацаева","osm":"way/1019541800","highway":"tertiary","access":"","foot":"no"},"geometry":{"type":"LineString","coordinates":[[20.473406,54.72614],[20.473372,54.726191]]}},{"type":"Feature","properties":{"kind":"road","name":"","osm":"way/1019541801","highway":"service","access":"","foot":""},"geometry":{"type":"LineString","coordinates":[[20.473645,54.726248],[20.473674,54.726203]]}},{"type":"Feature","properties":{"kind":"road","name":"улица Шиллера","osm":"way/1019541802","highway":"residential","access":"","foot":""},"geometry":{"type":"LineString","coordinates":[[20.476448,54.72688],[20.476423,54.726927]]}},{"type":"Feature","properties":{"kind":"building","name":"","osm":"way/1032889416"},"geometry":{"type":"Polygon","coordinates":[[[20.463137,54.727131],[20.463139,54.727109],[20.463117,54.727109],[20.463122,54.727048],[20.463103,54.727047],[20.463105,54.727021],[20.463126,54.727021],[20.463128,54.726995],[20.463148,54.726995],[20.463154,54.726929],[20.463134,54.726928],[20.463138,54.726874],[20.463117,54.726873],[20.46312,54.726841],[20.462885,54.726835],[20.462875,54.726951],[20.46286,54.727131],[20.463137,54.727131]]]}},{"type":"Feature","properties":{"kind":"building","name":"","osm":"way/1032889418"},"geometry":{"type":"Polygon","coordinates":[[[20.462646,54.72617],[20.462748,54.726172],[20.462754,54.726091],[20.462653,54.726089],[20.462646,54.72617]]]}},{"type":"Feature","properties":{"kind":"building","name":"","osm":"way/1032889419"},"geometry":{"type":"Polygon","coordinates":[[[20.462348,54.725551],[20.462533,54.725576],[20.462496,54.725668],[20.462311,54.725643],[20.462348,54.725551]]]}},{"type":"Feature","properties":{"kind":"road","name":"","osm":"way/1053097702","highway":"path","access":"","foot":""},"geometry":{"type":"LineString","coordinates":[[20.47701,54.713783],[20.477625,54.713901],[20.477551,54.714421],[20.477655,54.714919],[20.477504,54.715077],[20.476943,54.715142],[20.47689,54.715385]]}},{"type":"Feature","properties":{"kind":"road","name":"","osm":"way/1053097703","highway":"path","access":"","foot":""},"geometry":{"type":"LineString","coordinates":[[20.47689,54.715385],[20.477011,54.71558]]}},{"type":"Feature","properties":{"kind":"road","name":"","osm":"way/1053097704","highway":"path","access":"","foot":""},"geometry":{"type":"LineString","coordinates":[[20.477011,54.71558],[20.476884,54.715974],[20.476824,54.716155]]}},{"type":"Feature","properties":{"kind":"road","name":"улица Дмитрия Донского","osm":"way/1064493735","highway":"primary","access":"","foot":""},"geometry":{"type":"LineString","coordinates":[[20.475378,54.715588],[20.475223,54.715601],[20.474722,54.715635],[20.47433,54.71564],[20.4736,54.715593]]}},{"type":"Feature","properties":{"kind":"road","name":"проспект Победы","osm":"way/1064493736","highway":"secondary","access":"","foot":""},"geometry":{"type":"LineString","coordinates":[[20.466247,54.715323],[20.466861,54.715626],[20.467436,54.715911],[20.468398,54.716387]]}},{"type":"Feature","properties":{"kind":"road","name":"","osm":"way/1064493737","highway":"residential","access":"","foot":""},"geometry":{"type":"LineString","coordinates":[[20.466247,54.715323],[20.466221,54.715335]]}},{"type":"Feature","properties":{"kind":"road","name":"улица Огарёва","osm":"way/1071121731","highway":"residential","access":"","foot":""},"geometry":{"type":"LineString","coordinates":[[20.470928,54.716905],[20.472308,54.716214],[20.472588,54.716074],[20.47295,54.715893],[20.473217,54.715755],[20.473379,54.71565]]}},{"type":"Feature","properties":{"kind":"road","name":"","osm":"way/1082047144","highway":"footway","access":"","foot":""},"geometry":{"type":"LineString","coordinates":[[20.477545,54.717116],[20.477263,54.71713],[20.477141,54.717137],[20.477148,54.717176],[20.477057,54.717232]]}},{"type":"Feature","properties":{"kind":"road","name":"","osm":"way/1082047151","highway":"path","access":"","foot":""},"geometry":{"type":"LineString","coordinates":[[20.478513,54.720099],[20.478116,54.720091],[20.477655,54.720088],[20.47718,54.720038]]}},{"type":"Feature","properties":{"kind":"road","name":"","osm":"way/1096698843","highway":"tertiary","access":"","foot":""},"geometry":{"type":"LineString","coordinates":[[20.457374,54.722561],[20.457383,54.72255],[20.457395,54.722541],[20.457424,54.722523],[20.45743,54.72252],[20.457467,54.722504],[20.457494,54.722491],[20.457578,54.722474]]}},{"type":"Feature","properties":{"kind":"road","name":"","osm":"way/1096698844","highway":"secondary","access":"","foot":"no"},"geometry":{"type":"LineString","coordinates":[[20.457578,54.722474],[20.457374,54.722369]]}},{"type":"Feature","properties":{"kind":"road","name":"Спортивная улица","osm":"way/1096698845","highway":"tertiary","access":"","foot":""},"geometry":{"type":"LineString","coordinates":[[20.457374,54.722561],[20.457377,54.722536],[20.457376,54.722505],[20.457376,54.722471],[20.457374,54.722369]]}},{"type":"Feature","properties":{"kind":"road","name":"","osm":"way/1107655246","highway":"service","access":"","foot":""},"geometry":{"type":"LineString","coordinates":[[20.462365,54.726821],[20.462398,54.72642],[20.462435,54.726421],[20.462645,54.726427],[20.462789,54.726431],[20.462743,54.726985],[20.462713,54.727358],[20.462455,54.727351],[20.462483,54.727011],[20.462486,54.726977]]}},{"type":"Feature","properties":{"kind":"building","name":"","osm":"way/1120550474"},"geometry":{"type":"Polygon","coordinates":[[[20.470927,54.713923],[20.471569,54.713604],[20.471464,54.713557],[20.470724,54.71366],[20.470797,54.713942],[20.470927,54.713923]]]}},{"type":"Feature","properties":{"kind":"road","name":"","osm":"way/1120550475","highway":"service","access":"","foot":""},"geometry":{"type":"LineString","coordinates":[[20.47126,54.714031],[20.471122,54.714027],[20.471024,54.713947],[20.471618,54.713651]]}},{"type":"Feature","properties":{"kind":"road","name":"","osm":"way/1120550476","highway":"service","access":"","foot":""},"geometry":{"type":"LineString","coordinates":[[20.473472,54.714022],[20.473568,54.714022]]}},{"type":"Feature","properties":{"kind":"road","name":"","osm":"way/1120550477","highway":"service","access":"","foot":""},"geometry":{"type":"LineString","coordinates":[[20.473568,54.714022],[20.473817,54.713988],[20.474087,54.713986]]}},{"type":"Feature","properties":{"kind":"building","name":"","osm":"way/1120550478"},"geometry":{"type":"Polygon","coordinates":[[[20.473036,54.714424],[20.473169,54.714424],[20.473342,54.714424],[20.473568,54.714022],[20.473647,54.713881],[20.473844,54.713883],[20.474083,54.713885],[20.47413,54.713885],[20.474132,54.713825],[20.474086,54.713824],[20.473585,54.713821],[20.473273,54.714384],[20.473168,54.714384],[20.473035,54.714384],[20.473036,54.714424]]]}},{"type":"Feature","properties":{"kind":"road","name":"","osm":"way/1120550479","highway":"service","access":"","foot":""},"geometry":{"type":"LineString","coordinates":[[20.473168,54.714384],[20.473176,54.714297],[20.472891,54.714297],[20.4729,54.714027]]}},{"type":"Feature","properties":{"kind":"road","name":"","osm":"way/1120550480","highway":"service","access":"","foot":""},"geometry":{"type":"LineString","coordinates":[[20.473169,54.714424],[20.473168,54.714384]]}},{"type":"Feature","properties":{"kind":"green","name":"","osm":"way/1120550481"},"geometry":{"type":"Polygon","coordinates":[[[20.472417,54.713822],[20.472403,54.713419],[20.472202,54.713423],[20.471464,54.713501],[20.471607,54.713593],[20.471671,54.713655],[20.471256,54.713859],[20.471256,54.713941],[20.471465,54.71398],[20.472074,54.713947],[20.472198,54.713884],[20.472315,54.713871],[20.472417,54.713822]]]}},{"type":"Feature","properties":{"kind":"green","name":"","osm":"way/1120550482"},"geometry":{"type":"Polygon","coordinates":[[[20.47436,54.713407],[20.473645,54.713409],[20.473592,54.713448],[20.473638,54.713565],[20.473624,54.71371],[20.473567,54.713773],[20.473578,54.713804],[20.473741,54.713798],[20.473907,54.713812],[20.474042,54.713802],[20.474063,54.713646],[20.474173,54.713579],[20.474251,54.713532],[20.47436,54.713407]]]}},{"type":"Feature","properties":{"kind":"building","name":"","osm":"way/1120550483"},"geometry":{"type":"Polygon","coordinates":[[[20.473953,54.715022],[20.474,54.714748],[20.474322,54.71475],[20.474324,54.714569],[20.474207,54.714571],[20.4742,54.71471],[20.474006,54.714709],[20.474006,54.714681],[20.474032,54.714681],[20.474038,54.71462],[20.473901,54.714617],[20.473684,54.714612],[20.473684,54.714738],[20.473748,54.71474],[20.473781,54.714741],[20.47374,54.715014],[20.473953,54.715022]]]}},{"type":"Feature","properties":{"kind":"green","name":"","osm":"way/1120550484"},"geometry":{"type":"Polygon","coordinates":[[[20.474903,54.715281],[20.475368,54.715282],[20.475386,54.714677],[20.475149,54.714683],[20.475137,54.714797],[20.47477,54.714795],[20.47477,54.714704],[20.474653,54.714711],[20.474561,54.714809],[20.474459,54.714994],[20.474357,54.714992],[20.474302,54.71496],[20.474376,54.714763],[20.474025,54.714763],[20.473972,54.715037],[20.473732,54.715028],[20.473748,54.71474],[20.473639,54.714729],[20.473475,54.714712],[20.473365,54.7147],[20.473165,54.714725],[20.473057,54.714843],[20.473045,54.714964],[20.472561,54.714957],[20.472185,54.714914],[20.472037,54.714923],[20.471926,54.71503],[20.472561,54.715227],[20.472851,54.715348],[20.473063,54.715428],[20.473359,54.715457],[20.47351,54.715398],[20.473587,54.715213],[20.474114,54.715227],[20.474034,54.715482],[20.474065,54.715519],[20.474194,54.715531],[20.474357,54.715548],[20.474354,54.715494],[20.474373,54.715208],[20.4749,54.715211],[20.474903,54.715281]]]}},{"type":"Feature","properties":{"kind":"green","name":"","osm":"way/1120550488"},"geometry":{"type":"Polygon","coordinates":[[[20.474018,54.714515],[20.474018,54.714406],[20.473845,54.714378],[20.473809,54.714335],[20.473813,54.714288],[20.473898,54.714249],[20.473972,54.714008],[20.473738,54.71402],[20.473586,54.71413],[20.473438,54.714337],[20.473551,54.714425],[20.473523,54.714562],[20.473475,54.714712],[20.473639,54.714729],[20.473659,54.714601],[20.47383,54.714554],[20.474018,54.714515]]]}},{"type":"Feature","properties":{"kind":"green","name":"","osm":"way/1120550489"},"geometry":{"type":"Polygon","coordinates":[[[20.470965,54.713957],[20.471078,54.714061],[20.470979,54.714227],[20.47088,54.714409],[20.470919,54.714575],[20.470827,54.714573],[20.470601,54.713975],[20.470965,54.713957]]]}},{"type":"Feature","properties":{"kind":"green","name":"","osm":"way/1120550490"},"geometry":{"type":"Polygon","coordinates":[[[20.471197,54.714151],[20.471105,54.714225],[20.471078,54.714398],[20.471056,54.71454],[20.471057,54.714587],[20.471059,54.714658],[20.470896,54.714793],[20.47094,54.714959],[20.471173,54.714985],[20.471579,54.714996],[20.47157,54.7149],[20.471546,54.71483],[20.471318,54.714784],[20.471225,54.714766],[20.471268,54.714672],[20.471238,54.714209],[20.471197,54.714151]]]}},{"type":"Feature","properties":{"kind":"green","name":"","osm":"way/1120550491"},"geometry":{"type":"Polygon","coordinates":[[[20.471057,54.714587],[20.470919,54.714575],[20.47088,54.714409],[20.470979,54.714227],[20.471078,54.714061],[20.471197,54.714151],[20.471105,54.714225],[20.471078,54.714398],[20.471057,54.714587]]]}},{"type":"Feature","properties":{"kind":"building","name":"ЖК \"Дом Гламура и Жадности\"","osm":"way/1120553186"},"geometry":{"type":"Polygon","coordinates":[[[20.460137,54.713492],[20.45997,54.713412],[20.459978,54.713406],[20.459805,54.713324],[20.459796,54.71333],[20.459623,54.713247],[20.459639,54.713236],[20.459577,54.713206],[20.459564,54.713215],[20.459524,54.713196],[20.459403,54.713281],[20.459393,54.713276],[20.459228,54.713392],[20.45921,54.713383],[20.459179,54.713405],[20.45916,54.713397],[20.458987,54.713518],[20.459005,54.713526],[20.458991,54.713536],[20.459047,54.713563],[20.45904,54.713567],[20.45913,54.71361],[20.459136,54.713605],[20.45919,54.713631],[20.459202,54.713622],[20.45922,54.713631],[20.459288,54.713583],[20.459296,54.713586],[20.459363,54.713539],[20.45943,54.713492],[20.459425,54.71349],[20.459491,54.713443],[20.459496,54.713446],[20.459527,54.713424],[20.459557,54.713402],[20.459636,54.71344],[20.459616,54.713453],[20.459705,54.713496],[20.459793,54.713538],[20.459813,54.713524],[20.459885,54.713558],[20.459879,54.713596],[20.459878,54.713608],[20.459851,54.713607],[20.459842,54.713675],[20.46011,54.713687],[20.460114,54.713656],[20.460137,54.713657],[20.460154,54.713531],[20.460131,54.71353],[20.460137,54.713492]]]}},{"type":"Feature","properties":{"kind":"green","name":"","osm":"way/1120553188"},"geometry":{"type":"Polygon","coordinates":[[[20.477143,54.720416],[20.477571,54.720413],[20.478139,54.720437],[20.478285,54.720426],[20.478445,54.720431],[20.47845,54.72041],[20.477812,54.720338],[20.477453,54.720342],[20.47707,54.720363],[20.476713,54.720388],[20.47671,54.720415],[20.476879,54.720418],[20.477143,54.720416]]]}},{"type":"Feature","properties":{"kind":"green","name":"","osm":"way/1120758991"},"geometry":{"type":"Polygon","coordinates":[[[20.458113,54.714451],[20.458122,54.714415],[20.458153,54.714383],[20.458485,54.714406],[20.458495,54.714462],[20.458188,54.714454],[20.458167,54.714482],[20.458141,54.714476],[20.458122,54.714468],[20.458113,54.714451]]]}},{"type":"Feature","properties":{"kind":"green","name":"","osm":"way/1120758992"},"geometry":{"type":"Polygon","coordinates":[[[20.458823,54.714553],[20.458825,54.714481],[20.458737,54.71448],[20.458629,54.71448],[20.458622,54.71448],[20.458541,54.714473],[20.458495,54.714462],[20.458485,54.714406],[20.458734,54.714421],[20.458948,54.71443],[20.459001,54.714443],[20.458991,54.714545],[20.458823,54.714553]]]}},{"type":"Feature","properties":{"kind":"building","name":"","osm":"way/1120758993"},"geometry":{"type":"Polygon","coordinates":[[[20.457451,54.714866],[20.457478,54.714713],[20.457363,54.714707],[20.457356,54.714771],[20.457071,54.714756],[20.457069,54.714732],[20.456929,54.714727],[20.456902,54.714881],[20.457062,54.71488],[20.457067,54.714845],[20.457451,54.714866]]]}},{"type":"Feature","properties":{"kind":"green","name":"","osm":"way/1120953765"},"geometry":{"type":"Polygon","coordinates":[[[20.458195,54.713798],[20.458252,54.713841],[20.458284,54.713847],[20.458321,54.713852],[20.458334,54.713868],[20.458324,54.713958],[20.458461,54.714049],[20.45845,54.714176],[20.458495,54.714213],[20.458693,54.71424],[20.458962,54.714258],[20.458978,54.714146],[20.458958,54.714099],[20.458941,54.714087],[20.458651,54.714079],[20.458624,54.713993],[20.458599,54.713893],[20.458654,54.713844],[20.458693,54.713789],[20.458686,54.71369],[20.458541,54.713811],[20.458195,54.713798]]]}},{"type":"Feature","properties":{"kind":"building","name":"","osm":"way/1120953766"},"geometry":{"type":"Polygon","coordinates":[[[20.45735,54.713301],[20.457539,54.713307],[20.457558,54.71312],[20.457373,54.713116],[20.45735,54.713301]]]}},{"type":"Feature","properties":{"kind":"green","name":"","osm":"way/1120953767"},"geometry":{"type":"Polygon","coordinates":[[[20.457679,54.71329],[20.45757,54.713276],[20.457548,54.713318],[20.457378,54.713317],[20.457331,54.713404],[20.457231,54.713442],[20.457172,54.713635],[20.456771,54.713595],[20.456757,54.713794],[20.456958,54.713817],[20.456962,54.713912],[20.457369,54.713986],[20.457618,54.713985],[20.457656,54.713839],[20.457974,54.713849],[20.457998,54.713686],[20.457785,54.713687],[20.457573,54.713672],[20.457558,54.713512],[20.457625,54.713445],[20.457679,54.71329]]]}},{"type":"Feature","properties":{"kind":"rail","name":"","osm":"way/1121189582"},"geometry":{"type":"LineString","coordinates":[[20.475331,54.719976],[20.475668,54.720146],[20.475876,54.72025],[20.475889,54.720256],[20.475943,54.720276],[20.476005,54.720301],[20.476065,54.720316],[20.476179,54.720343],[20.476311,54.720355],[20.476449,54.720364],[20.476539,54.720366],[20.476682,54.720365],[20.477004,54.720342]]}},{"type":"Feature","properties":{"kind":"rail","name":"","osm":"way/1121189583"},"geometry":{"type":"LineString","coordinates":[[20.47701,54.720358],[20.476681,54.720382],[20.476521,54.720384],[20.47646,54.720382],[20.476175,54.720362]]}},{"type":"Feature","properties":{"kind":"building","name":"","osm":"way/1157128544"},"geometry":{"type":"Polygon","coordinates":[[[20.477599,54.7222],[20.477937,54.722206],[20.477936,54.722226],[20.478024,54.722227],[20.478046,54.721825],[20.478012,54.721825],[20.47802,54.721688],[20.477902,54.721686],[20.477887,54.721963],[20.477865,54.721963],[20.477862,54.722009],[20.477881,54.722009],[20.477873,54.722161],[20.477607,54.722156],[20.477599,54.7222]]]}},{"type":"Feature","properties":{"kind":"road","name":"улица Шиллера","osm":"way/1189930318","highway":"residential","access":"","foot":""},"geometry":{"type":"LineString","coordinates":[[20.476481,54.726658],[20.476461,54.726795],[20.476456,54.726839],[20.476453,54.726859],[20.476448,54.72688]]}},{"type":"Feature","properties":{"kind":"road","name":"улица Космонавта Пацаева","osm":"way/1189930319","highway":"tertiary","access":"","foot":""},"geometry":{"type":"LineString","coordinates":[[20.476553,54.725644],[20.476387,54.725669],[20.474766,54.72591],[20.474637,54.725929],[20.474526,54.725945]]}},{"type":"Feature","properties":{"kind":"road","name":"улица Космонавта Пацаева","osm":"way/1189930320","highway":"tertiary","access":"","foot":""},"geometry":{"type":"LineString","coordinates":[[20.474526,54.725945],[20.474402,54.725968],[20.473682,54.726095]]}},{"type":"Feature","properties":{"kind":"road","name":"Красная улица","osm":"way/1229548089","highway":"residential","access":"","foot":""},"geometry":{"type":"LineString","coordinates":[[20.474723,54.721409],[20.474599,54.723434]]}},{"type":"Feature","properties":{"kind":"building","name":"","osm":"way/1244086995"},"geometry":{"type":"Polygon","coordinates":[[[20.46239,54.726943],[20.461955,54.726931],[20.461957,54.726904],[20.46196,54.726876],[20.462394,54.726888],[20.46239,54.726943]]]}},{"type":"Feature","properties":{"kind":"building","name":"","osm":"way/1249418907"},"geometry":{"type":"Polygon","coordinates":[[[20.469299,54.72574],[20.469288,54.725787],[20.469112,54.725758],[20.469123,54.725715],[20.469299,54.72574]]]}},{"type":"Feature","properties":{"kind":"rail","name":"","osm":"way/1252043729"},"geometry":{"type":"LineString","coordinates":[[20.474554,54.719587],[20.475331,54.719976]]}},{"type":"Feature","properties":{"kind":"building","name":"","osm":"way/1263443459"},"geometry":{"type":"Polygon","coordinates":[[[20.459968,54.723062],[20.459862,54.722999],[20.459916,54.722981],[20.460057,54.722983],[20.460059,54.723028],[20.459968,54.723062]]]}},{"type":"Feature","properties":{"kind":"building","name":"","osm":"way/1263443460"},"geometry":{"type":"Polygon","coordinates":[[[20.459684,54.723213],[20.459884,54.723222],[20.459785,54.723139],[20.459728,54.723156],[20.459688,54.723151],[20.459684,54.723213]]]}},{"type":"Feature","properties":{"kind":"road","name":"","osm":"way/1266302905","highway":"service","access":"","foot":""},"geometry":{"type":"LineString","coordinates":[[20.458057,54.713447],[20.458227,54.713459],[20.458461,54.713519],[20.458498,54.713536],[20.458538,54.713556],[20.458669,54.713579],[20.458748,54.71355],[20.458808,54.713536],[20.458853,54.713535]]}},{"type":"Feature","properties":{"kind":"green","name":"","osm":"way/1271664484"},"geometry":{"type":"Polygon","coordinates":[[[20.46881,54.718036],[20.468615,54.718142],[20.468768,54.718222],[20.468925,54.718381],[20.468656,54.718474],[20.468253,54.718649],[20.468541,54.718716],[20.468709,54.718817],[20.46863,54.718923],[20.468481,54.71896],[20.46857,54.71905],[20.468809,54.719158],[20.468928,54.719109],[20.469067,54.719074],[20.4692,54.719062],[20.469334,54.719062],[20.469631,54.719102],[20.469739,54.719123],[20.470427,54.71864],[20.471062,54.718228],[20.47082,54.718196],[20.470801,54.718103],[20.470521,54.718002],[20.470341,54.717905],[20.470239,54.717934],[20.470214,54.717969],[20.470121,54.718053],[20.470005,54.718051],[20.469755,54.717915],[20.46968,54.71781],[20.469624,54.717743],[20.469456,54.717689],[20.46881,54.718036]]]}},{"type":"Feature","properties":{"kind":"road","name":"","osm":"way/1271664485","highway":"service","access":"","foot":""},"geometry":{"type":"LineString","coordinates":[[20.471195,54.718241],[20.471218,54.718252],[20.471229,54.718256],[20.471349,54.718312]]}},{"type":"Feature","properties":{"kind":"building","name":"","osm":"way/1271665734"},"geometry":{"type":"Polygon","coordinates":[[[20.468116,54.71879],[20.468251,54.718669],[20.468495,54.718758],[20.468358,54.718873],[20.468116,54.71879]]]}},{"type":"Feature","properties":{"kind":"building","name":"","osm":"way/1271665737"},"geometry":{"type":"Polygon","coordinates":[[[20.45968,54.719513],[20.45969,54.719362],[20.459957,54.719368],[20.459947,54.719518],[20.45968,54.719513]]]}},{"type":"Feature","properties":{"kind":"building","name":"","osm":"way/1271665740"},"geometry":{"type":"Polygon","coordinates":[[[20.457406,54.715311],[20.457418,54.71519],[20.457677,54.715194],[20.457669,54.715315],[20.457406,54.715311]]]}},{"type":"Feature","properties":{"kind":"road","name":"","osm":"way/1275745139","highway":"service","access":"private","foot":""},"geometry":{"type":"LineString","coordinates":[[20.474086,54.713824],[20.474095,54.713694],[20.474157,54.713643],[20.474336,54.713512],[20.474445,54.71342],[20.474594,54.713393],[20.474771,54.713399],[20.475358,54.713415],[20.475942,54.713422],[20.476133,54.713426]]}},{"type":"Feature","properties":{"kind":"road","name":"","osm":"way/1275745140","highway":"service","access":"private","foot":""},"geometry":{"type":"LineString","coordinates":[[20.474083,54.713885],[20.474086,54.713824]]}},{"type":"Feature","properties":{"kind":"green","name":"","osm":"way/1292673605"},"geometry":{"type":"Polygon","coordinates":[[[20.475884,54.721065],[20.475386,54.721153],[20.474814,54.721166],[20.474786,54.723115],[20.474774,54.723393],[20.475737,54.723396],[20.475607,54.723037],[20.475975,54.72269],[20.476728,54.7225],[20.476926,54.72184],[20.476937,54.721601],[20.47645,54.721401],[20.475952,54.721228],[20.475884,54.721065]]]}},{"type":"Feature","properties":{"kind":"road","name":"","osm":"way/1316047336","highway":"service","access":"","foot":""},"geometry":{"type":"LineString","coordinates":[[20.467083,54.722187],[20.467067,54.722131],[20.466904,54.721687]]}},{"type":"Feature","properties":{"kind":"road","name":"","osm":"way/1316047337","highway":"service","access":"","foot":""},"geometry":{"type":"LineString","coordinates":[[20.466619,54.722246],[20.466595,54.722182],[20.466589,54.722157],[20.466364,54.721544]]}},{"type":"Feature","properties":{"kind":"road","name":"","osm":"way/1316056098","highway":"footway","access":"","foot":""},"geometry":{"type":"LineString","coordinates":[[20.464124,54.726419],[20.464121,54.726455],[20.464089,54.726843],[20.464029,54.727429]]}},{"type":"Feature","properties":{"kind":"road","name":"","osm":"way/1316056099","highway":"footway","access":"","foot":""},"geometry":{"type":"LineString","coordinates":[[20.464124,54.726419],[20.464192,54.725428]]}},{"type":"Feature","properties":{"kind":"road","name":"","osm":"way/1316056100","highway":"footway","access":"","foot":""},"geometry":{"type":"LineString","coordinates":[[20.46352,54.726402],[20.464124,54.726419]]}},{"type":"Feature","properties":{"kind":"road","name":"","osm":"way/1316056101","highway":"footway","access":"","foot":""},"geometry":{"type":"LineString","coordinates":[[20.46353,54.726285],[20.46352,54.726402],[20.463485,54.726826]]}},{"type":"Feature","properties":{"kind":"road","name":"","osm":"way/1316056102","highway":"footway","access":"","foot":""},"geometry":{"type":"LineString","coordinates":[[20.462823,54.726796],[20.463438,54.726813]]}},{"type":"Feature","properties":{"kind":"road","name":"","osm":"way/1316056107","highway":"footway","access":"","foot":""},"geometry":{"type":"LineString","coordinates":[[20.462432,54.72701],[20.462483,54.727011]]}},{"type":"Feature","properties":{"kind":"road","name":"","osm":"way/1316056108","highway":"footway","access":"","foot":""},"geometry":{"type":"LineString","coordinates":[[20.461737,54.726991],[20.461807,54.726993],[20.462432,54.72701],[20.462405,54.727349],[20.462395,54.727469]]}},{"type":"Feature","properties":{"kind":"road","name":"","osm":"way/1316056111","highway":"footway","access":"","foot":""},"geometry":{"type":"LineString","coordinates":[[20.462856,54.726391],[20.462823,54.726796],[20.462777,54.727359],[20.462767,54.72748],[20.462395,54.727469],[20.462047,54.72746],[20.461769,54.727452],[20.461772,54.727417]]}},{"type":"Feature","properties":{"kind":"road","name":"","osm":"way/1316056112","highway":"footway","access":"","foot":""},"geometry":{"type":"LineString","coordinates":[[20.462365,54.726821],[20.462318,54.72682],[20.462354,54.726377],[20.462438,54.72638],[20.462649,54.726385],[20.462856,54.726391],[20.462869,54.726229]]}},{"type":"Feature","properties":{"kind":"road","name":"","osm":"way/1316056113","highway":"footway","access":"","foot":""},"geometry":{"type":"LineString","coordinates":[[20.462662,54.726223],[20.46266,54.726245]]}},{"type":"Feature","properties":{"kind":"road","name":"","osm":"way/1316056114","highway":"footway","access":"","foot":""},"geometry":{"type":"LineString","coordinates":[[20.462451,54.726217],[20.462662,54.726223],[20.462869,54.726229],[20.463533,54.726247],[20.46353,54.726285],[20.463458,54.726283]]}},{"type":"Feature","properties":{"kind":"road","name":"","osm":"way/1316056115","highway":"footway","access":"","foot":""},"geometry":{"type":"LineString","coordinates":[[20.461874,54.72618],[20.462453,54.726196],[20.462451,54.726217],[20.462438,54.72638],[20.462435,54.726421]]}},{"type":"Feature","properties":{"kind":"road","name":"","osm":"way/1316056116","highway":"footway","access":"","foot":""},"geometry":{"type":"LineString","coordinates":[[20.461948,54.726147],[20.461984,54.725711]]}},{"type":"Feature","properties":{"kind":"road","name":"","osm":"way/1316056117","highway":"footway","access":"","foot":""},"geometry":{"type":"LineString","coordinates":[[20.461876,54.726145],[20.461874,54.72618],[20.461815,54.7269],[20.46181,54.726959],[20.461807,54.726993],[20.461791,54.727185],[20.461772,54.727417]]}},{"type":"Feature","properties":{"kind":"road","name":"","osm":"way/1316056120","highway":"service","access":"","foot":""},"geometry":{"type":"LineString","coordinates":[[20.461812,54.726143],[20.461876,54.726145],[20.461948,54.726147],[20.462106,54.726152],[20.462132,54.725833]]}},{"type":"Feature","properties":{"kind":"road","name":"","osm":"way/1316056127","highway":"service","access":"","foot":""},"geometry":{"type":"LineString","coordinates":[[20.464197,54.726457],[20.464121,54.726455],[20.463965,54.726451],[20.463933,54.726838]]}},{"type":"Feature","properties":{"kind":"road","name":"","osm":"way/1316056128","highway":"service","access":"","foot":""},"geometry":{"type":"LineString","coordinates":[[20.46416,54.726845],[20.464089,54.726843],[20.463933,54.726838],[20.463485,54.726826],[20.463473,54.726826],[20.463438,54.726813],[20.463417,54.726784],[20.463458,54.726283]]}},{"type":"Feature","properties":{"kind":"road","name":"","osm":"way/1316056129","highway":"service","access":"","foot":""},"geometry":{"type":"LineString","coordinates":[[20.462645,54.726427],[20.462649,54.726385],[20.46266,54.726245]]}},{"type":"Feature","properties":{"kind":"road","name":"","osm":"way/1316056131","highway":"service","access":"","foot":""},"geometry":{"type":"LineString","coordinates":[[20.462486,54.726977],[20.462485,54.726923],[20.46246,54.726871],[20.462365,54.726821]]}},{"type":"Feature","properties":{"kind":"road","name":"","osm":"way/1316056132","highway":"service","access":"","foot":""},"geometry":{"type":"LineString","coordinates":[[20.46174,54.726957],[20.46181,54.726959],[20.462486,54.726977]]}},{"type":"Feature","properties":{"kind":"road","name":"","osm":"way/1316056133","highway":"service","access":"","foot":""},"geometry":{"type":"LineString","coordinates":[[20.462743,54.726985],[20.462486,54.726977]]}},{"type":"Feature","properties":{"kind":"road","name":"","osm":"way/1316056134","highway":"service","access":"","foot":""},"geometry":{"type":"LineString","coordinates":[[20.461957,54.726904],[20.461815,54.7269],[20.461745,54.726898]]}},{"type":"Feature","properties":{"kind":"road","name":"","osm":"way/1316057132","highway":"footway","access":"","foot":""},"geometry":{"type":"LineString","coordinates":[[20.456722,54.718496],[20.456717,54.718476],[20.456779,54.71847],[20.45677,54.71844]]}},{"type":"Feature","properties":{"kind":"road","name":"","osm":"way/1316057135","highway":"footway","access":"","foot":""},"geometry":{"type":"LineString","coordinates":[[20.457258,54.718665],[20.457318,54.71866],[20.45736,54.718656]]}},{"type":"Feature","properties":{"kind":"road","name":"","osm":"way/1316057136","highway":"footway","access":"","foot":""},"geometry":{"type":"LineString","coordinates":[[20.457266,54.718696],[20.457258,54.718665],[20.457196,54.718445]]}},{"type":"Feature","properties":{"kind":"road","name":"","osm":"way/1316057137","highway":"footway","access":"","foot":""},"geometry":{"type":"LineString","coordinates":[[20.457369,54.718686],[20.45736,54.718656],[20.457306,54.718463]]}},{"type":"Feature","properties":{"kind":"road","name":"","osm":"way/1316057138","highway":"service","access":"","foot":""},"geometry":{"type":"LineString","coordinates":[[20.45677,54.71844],[20.457044,54.718414],[20.457115,54.718427],[20.457196,54.718445],[20.457261,54.71846],[20.457306,54.718463],[20.457334,54.718466]]}},{"type":"Feature","properties":{"kind":"road","name":"","osm":"way/1316057139","highway":"service","access":"","foot":""},"geometry":{"type":"LineString","coordinates":[[20.456812,54.718739],[20.457266,54.718696],[20.457326,54.718691],[20.457369,54.718686],[20.457399,54.718684]]}},{"type":"Feature","properties":{"kind":"road","name":"","osm":"way/1316281943","highway":"footway","access":"","foot":""},"geometry":{"type":"LineString","coordinates":[[20.458853,54.713494],[20.459017,54.713376]]}},{"type":"Feature","properties":{"kind":"road","name":"","osm":"way/1316281944","highway":"footway","access":"","foot":""},"geometry":{"type":"LineString","coordinates":[[20.459752,54.713712],[20.45977,54.71358]]}},{"type":"Feature","properties":{"kind":"road","name":"","osm":"way/1316281945","highway":"footway","access":"","foot":""},"geometry":{"type":"LineString","coordinates":[[20.459241,54.713679],[20.459539,54.71347],[20.45977,54.71358]]}},{"type":"Feature","properties":{"kind":"road","name":"","osm":"way/1316281946","highway":"footway","access":"","foot":""},"geometry":{"type":"LineString","coordinates":[[20.459292,54.713703],[20.459241,54.713679],[20.458853,54.713494]]}},{"type":"Feature","properties":{"kind":"road","name":"","osm":"way/1316281947","highway":"footway","access":"","foot":""},"geometry":{"type":"LineString","coordinates":[[20.458498,54.713536],[20.458634,54.71354],[20.458765,54.713505],[20.458853,54.713494]]}},{"type":"Feature","properties":{"kind":"road","name":"","osm":"way/1316281951","highway":"service","access":"","foot":""},"geometry":{"type":"LineString","coordinates":[[20.459645,54.713707],[20.459662,54.713583]]}},{"type":"Feature","properties":{"kind":"road","name":"","osm":"way/1316281952","highway":"service","access":"","foot":""},"geometry":{"type":"LineString","coordinates":[[20.459307,54.713692],[20.459645,54.713707],[20.459752,54.713712],[20.460126,54.713729]]}},{"type":"Feature","properties":{"kind":"road","name":"","osm":"way/1316281953","highway":"service","access":"","foot":""},"geometry":{"type":"LineString","coordinates":[[20.458853,54.713535],[20.459257,54.713727],[20.459292,54.713703],[20.459307,54.713692],[20.459543,54.713526],[20.459662,54.713583]]}},{"type":"Feature","properties":{"kind":"road","name":"","osm":"way/1316281954","highway":"service","access":"","foot":""},"geometry":{"type":"LineString","coordinates":[[20.458031,54.713757],[20.458494,54.713773],[20.458529,54.713759],[20.458674,54.713619],[20.458669,54.713579]]}},{"type":"Feature","properties":{"kind":"road","name":"","osm":"way/1316288059","highway":"service","access":"","foot":""},"geometry":{"type":"LineString","coordinates":[[20.469065,54.714083],[20.469726,54.714089]]}},{"type":"Feature","properties":{"kind":"road","name":"","osm":"way/1316288060","highway":"footway","access":"","foot":""},"geometry":{"type":"LineString","coordinates":[[20.467968,54.714461],[20.467965,54.714121],[20.468451,54.714119]]}},{"type":"Feature","properties":{"kind":"road","name":"","osm":"way/1316288061","highway":"service","access":"","foot":""},"geometry":{"type":"LineString","coordinates":[[20.467802,54.714462],[20.467968,54.714461],[20.468454,54.71446],[20.468451,54.714119]]}},{"type":"Feature","properties":{"kind":"building","name":"","osm":"way/1316288062"},"geometry":{"type":"Polygon","coordinates":[[[20.468003,54.714404],[20.468409,54.714403],[20.468406,54.714128],[20.468,54.714129],[20.468003,54.714404]]]}},{"type":"Feature","properties":{"kind":"road","name":"","osm":"way/1316288063","highway":"footway","access":"","foot":""},"geometry":{"type":"LineString","coordinates":[[20.470342,54.714122],[20.470535,54.714552]]}},{"type":"Feature","properties":{"kind":"road","name":"","osm":"way/1316288064","highway":"service","access":"","foot":""},"geometry":{"type":"LineString","coordinates":[[20.470717,54.714474],[20.470535,54.714552]]}},{"type":"Feature","properties":{"kind":"road","name":"","osm":"way/1316288071","highway":"service","access":"","foot":""},"geometry":{"type":"LineString","coordinates":[[20.469832,54.714166],[20.469832,54.714124]]}},{"type":"Feature","properties":{"kind":"road","name":"","osm":"way/1316288072","highway":"service","access":"","foot":""},"geometry":{"type":"LineString","coordinates":[[20.46913,54.714168],[20.46913,54.714126]]}},{"type":"Feature","properties":{"kind":"road","name":"","osm":"way/1316288073","highway":"service","access":"","foot":""},"geometry":{"type":"LineString","coordinates":[[20.469671,54.714124],[20.469672,54.714316],[20.469693,54.714335],[20.469723,54.714349],[20.469939,54.714349],[20.469973,54.714335],[20.46999,54.714315],[20.469989,54.714123]]}},{"type":"Feature","properties":{"kind":"road","name":"","osm":"way/1316288074","highway":"service","access":"","foot":""},"geometry":{"type":"LineString","coordinates":[[20.469285,54.714125],[20.469287,54.714317],[20.469268,54.714336],[20.46923,54.714351],[20.469027,54.714351],[20.468993,54.714338],[20.468969,54.714318],[20.468967,54.714126],[20.46913,54.714126],[20.469285,54.714125],[20.469671,54.714124],[20.469832,54.714124],[20.469989,54.714123],[20.470342,54.714122],[20.470585,54.714122]]}},{"type":"Feature","properties":{"kind":"building","name":"","osm":"way/1316288075"},"geometry":{"type":"Polygon","coordinates":[[[20.469796,54.714255],[20.46987,54.714255],[20.46987,54.714242],[20.469869,54.714175],[20.469869,54.714166],[20.469832,54.714166],[20.469796,54.714166],[20.469796,54.714175],[20.469796,54.714242],[20.469796,54.714255]]]}},{"type":"Feature","properties":{"kind":"building","name":"","osm":"way/1316288076"},"geometry":{"type":"Polygon","coordinates":[[[20.469093,54.714257],[20.469168,54.714257],[20.469168,54.714244],[20.469168,54.714177],[20.469168,54.714168],[20.46913,54.714168],[20.469092,54.714168],[20.469092,54.714177],[20.469093,54.714244],[20.469093,54.714257]]]}},{"type":"Feature","properties":{"kind":"road","name":"","osm":"way/1316288703","highway":"service","access":"","foot":""},"geometry":{"type":"LineString","coordinates":[[20.472175,54.715848],[20.472415,54.716004],[20.472588,54.716074]]}},{"type":"Feature","properties":{"kind":"road","name":"","osm":"way/1316288704","highway":"service","access":"","foot":""},"geometry":{"type":"LineString","coordinates":[[20.472185,54.716138],[20.472308,54.716214]]}},{"type":"Feature","properties":{"kind":"road","name":"","osm":"way/1316290503","highway":"service","access":"","foot":""},"geometry":{"type":"LineString","coordinates":[[20.473803,54.718693],[20.473812,54.7186]]}},{"type":"Feature","properties":{"kind":"road","name":"","osm":"way/1316290504","highway":"service","access":"","foot":""},"geometry":{"type":"LineString","coordinates":[[20.473212,54.718539],[20.473274,54.718541],[20.473365,54.718544],[20.473666,54.718553],[20.473731,54.718564],[20.473812,54.7186]]}},{"type":"Feature","properties":{"kind":"road","name":"","osm":"way/1316290505","highway":"service","access":"","foot":""},"geometry":{"type":"LineString","coordinates":[[20.473357,54.718624],[20.473268,54.718621],[20.473207,54.718619]]}},{"type":"Feature","properties":{"kind":"road","name":"улица Радищева","osm":"way/1338633938","highway":"residential","access":"","foot":""},"geometry":{"type":"LineString","coordinates":[[20.46142,54.71292],[20.46185,54.712964]]}},{"type":"Feature","properties":{"kind":"road","name":"улица Радищева","osm":"way/1338633939","highway":"residential","access":"","foot":""},"geometry":{"type":"LineString","coordinates":[[20.464811,54.713221],[20.46502,54.713226],[20.465761,54.713291],[20.466107,54.713322]]}},{"type":"Feature","properties":{"kind":"road","name":"","osm":"way/1338633941","highway":"footway","access":"","foot":""},"geometry":{"type":"LineString","coordinates":[[20.476542,54.716941],[20.476423,54.716888]]}},{"type":"Feature","properties":{"kind":"road","name":"","osm":"way/1338633942","highway":"footway","access":"","foot":""},"geometry":{"type":"LineString","coordinates":[[20.476728,54.71703],[20.476542,54.716941]]}},{"type":"Feature","properties":{"kind":"building","name":"","osm":"way/1338633943"},"geometry":{"type":"Polygon","coordinates":[[[20.476318,54.717201],[20.476476,54.717203],[20.476482,54.717074],[20.476323,54.717072],[20.476318,54.717201]]]}},{"type":"Feature","properties":{"kind":"building","name":"","osm":"way/1338633944"},"geometry":{"type":"Polygon","coordinates":[[[20.476722,54.717345],[20.476803,54.717347],[20.476809,54.717253],[20.476727,54.717252],[20.476722,54.717345]]]}},{"type":"Feature","properties":{"kind":"road","name":"","osm":"way/1338633945","highway":"path","access":"","foot":""},"geometry":{"type":"LineString","coordinates":[[20.47794,54.716346],[20.47816,54.716432],[20.478485,54.716488],[20.478667,54.71655],[20.478752,54.716587],[20.478833,54.716627],[20.478959,54.716658]]}},{"type":"Feature","properties":{"kind":"green","name":"","osm":"way/1372369432"},"geometry":{"type":"Polygon","coordinates":[[[20.474182,54.71955],[20.474193,54.719553],[20.474202,54.719558],[20.474207,54.719564],[20.47421,54.719571],[20.474208,54.719578],[20.474203,54.719584],[20.474194,54.719589],[20.474182,54.719592],[20.474169,54.719593],[20.474156,54.719592],[20.474145,54.719588],[20.474136,54.719581],[20.474132,54.719574],[20.474133,54.719566],[20.474138,54.719559],[20.474147,54.719553],[20.474158,54.71955],[20.47417,54.719549],[20.474182,54.71955]]]}},{"type":"Feature","properties":{"kind":"road","name":"","osm":"way/1372369433","highway":"footway","access":"","foot":""},"geometry":{"type":"LineString","coordinates":[[20.474308,54.7205],[20.474329,54.720396],[20.474457,54.720309],[20.474631,54.720234]]}},{"type":"Feature","properties":{"kind":"road","name":"","osm":"way/1372369434","highway":"footway","access":"","foot":""},"geometry":{"type":"LineString","coordinates":[[20.474308,54.7205],[20.474968,54.720343],[20.475392,54.720246],[20.475467,54.720218]]}},{"type":"Feature","properties":{"kind":"road","name":"","osm":"way/1372369435","highway":"footway","access":"","foot":""},"geometry":{"type":"LineString","coordinates":[[20.474065,54.720486],[20.474128,54.720551]]}},{"type":"Feature","properties":{"kind":"road","name":"","osm":"way/1372375902","highway":"footway","access":"","foot":""},"geometry":{"type":"LineString","coordinates":[[20.47398,54.719394],[20.474114,54.719301],[20.474156,54.719273]]}},{"type":"Feature","properties":{"kind":"green","name":"","osm":"way/1372375903"},"geometry":{"type":"Polygon","coordinates":[[[20.474444,54.719632],[20.474355,54.71963],[20.474255,54.71965],[20.474186,54.719712],[20.474156,54.719955],[20.4744,54.719954],[20.474477,54.719918],[20.474498,54.719893],[20.474461,54.719832],[20.47442,54.719771],[20.474502,54.719667],[20.474444,54.719632]]]}},{"type":"Feature","properties":{"kind":"green","name":"","osm":"way/1372375904"},"geometry":{"type":"Polygon","coordinates":[[[20.474174,54.719448],[20.474241,54.719447],[20.474319,54.719451],[20.474416,54.719472],[20.474545,54.719525],[20.474575,54.719539],[20.474533,54.71956],[20.474427,54.719563],[20.474404,54.719561],[20.474174,54.719448]]]}},{"type":"Feature","properties":{"kind":"road","name":"","osm":"way/1372375905","highway":"footway","access":"","foot":""},"geometry":{"type":"LineString","coordinates":[[20.47398,54.719394],[20.473927,54.719478],[20.473924,54.71951],[20.47385,54.720209],[20.473821,54.720624]]}},{"type":"Feature","properties":{"kind":"road","name":"проспект Мира","osm":"way/1372380526","highway":"residential","access":"","foot":"no"},"geometry":{"type":"LineString","coordinates":[[20.474088,54.720672],[20.474045,54.720621]]}},{"type":"Feature","properties":{"kind":"road","name":"проспект Мира","osm":"way/1372380527","highway":"primary","access":"","foot":""},"geometry":{"type":"LineString","coordinates":[[20.471416,54.72123],[20.471538,54.72121],[20.471618,54.721196],[20.471936,54.721119],[20.472314,54.721029]]}},{"type":"Feature","properties":{"kind":"road","name":"улица Минина и Пожарского","osm":"way/1372381671","highway":"residential","access":"","foot":""},"geometry":{"type":"LineString","coordinates":[[20.472095,54.718321],[20.472091,54.718335],[20.472092,54.718349],[20.472095,54.718362],[20.472081,54.718405],[20.472044,54.718975]]}},{"type":"Feature","properties":{"kind":"green","name":"","osm":"way/1372381672"},"geometry":{"type":"Polygon","coordinates":[[[20.475953,54.720369],[20.476333,54.720381],[20.476447,54.720389],[20.476447,54.720409],[20.475911,54.720393],[20.475953,54.720369]]]}},{"type":"Feature","properties":{"kind":"green","name":"","osm":"way/1372381673"},"geometry":{"type":"Polygon","coordinates":[[[20.475623,54.720183],[20.475523,54.720215],[20.475561,54.72028],[20.475662,54.720263],[20.475724,54.720244],[20.475623,54.720183]]]}},{"type":"Feature","properties":{"kind":"green","name":"","osm":"way/1372381674"},"geometry":{"type":"Polygon","coordinates":[[[20.47671,54.720415],[20.476546,54.720407],[20.476544,54.720394],[20.476713,54.720388],[20.47671,54.720415]]]}},{"type":"Feature","properties":{"kind":"building","name":"","osm":"way/1372382281"},"geometry":{"type":"Polygon","coordinates":[[[20.475642,54.719966],[20.475768,54.720032],[20.475886,54.719968],[20.475755,54.719896],[20.475642,54.719966]]]}},{"type":"Feature","properties":{"kind":"green","name":"","osm":"way/1372382282"},"geometry":{"type":"Polygon","coordinates":[[[20.47417,54.720033],[20.474433,54.720011],[20.474502,54.720058],[20.474483,54.720132],[20.474554,54.720219],[20.474426,54.720293],[20.474137,54.720236],[20.474124,54.720207],[20.474165,54.720143],[20.47417,54.720033]]]}},{"type":"Feature","properties":{"kind":"green","name":"","osm":"way/1372382283"},"geometry":{"type":"Polygon","coordinates":[[[20.474137,54.720236],[20.474098,54.720312],[20.474089,54.720406],[20.474136,54.720478],[20.474195,54.720518],[20.474283,54.720489],[20.474308,54.720383],[20.474426,54.720293],[20.474137,54.720236]]]}},{"type":"Feature","properties":{"kind":"green","name":"","osm":"way/1372382284"},"geometry":{"type":"Polygon","coordinates":[[[20.475148,54.720035],[20.475199,54.720004],[20.475448,54.720123],[20.475394,54.720173],[20.475428,54.720219],[20.475423,54.720254],[20.475192,54.72031],[20.475133,54.720249],[20.474968,54.720307],[20.474956,54.720275],[20.47509,54.720221],[20.475127,54.720186],[20.475147,54.72015],[20.475161,54.720109],[20.475156,54.72007],[20.475148,54.720035]]]}},{"type":"Feature","properties":{"kind":"road","name":"проспект Мира","osm":"way/1372382285","highway":"secondary","access":"","foot":""},"geometry":{"type":"LineString","coordinates":[[20.46767,54.722087],[20.46786,54.722052],[20.468054,54.722015],[20.468104,54.722004],[20.468407,54.721935],[20.468581,54.721895],[20.469597,54.721664],[20.469782,54.72162],[20.470163,54.721523]]}},{"type":"Feature","properties":{"kind":"road","name":"","osm":"way/1372392104","highway":"footway","access":"","foot":""},"geometry":{"type":"LineString","coordinates":[[20.467947,54.722174],[20.467901,54.722108],[20.46786,54.722052],[20.467832,54.722016]]}},{"type":"Feature","properties":{"kind":"road","name":"","osm":"way/1372393818","highway":"service","access":"","foot":""},"geometry":{"type":"LineString","coordinates":[[20.462913,54.722608],[20.462857,54.722564],[20.462848,54.722544],[20.462792,54.722337],[20.462741,54.7223],[20.462444,54.722322]]}},{"type":"Feature","properties":{"kind":"road","name":"","osm":"way/1372393819","highway":"tertiary","access":"","foot":""},"geometry":{"type":"LineString","coordinates":[[20.458968,54.722726],[20.459011,54.722757],[20.459035,54.722788],[20.459027,54.722819],[20.459021,54.722837],[20.459001,54.722866],[20.45895,54.722907],[20.458914,54.722922],[20.458878,54.72294],[20.458803,54.722973]]}},{"type":"Feature","properties":{"kind":"road","name":"улица Чкалова","osm":"way/1372393820","highway":"tertiary","access":"","foot":"no"},"geometry":{"type":"LineString","coordinates":[[20.459631,54.722974],[20.459629,54.72295],[20.459628,54.722927],[20.459633,54.722865]]}},{"type":"Feature","properties":{"kind":"road","name":"проспект Мира","osm":"way/1372393821","highway":"secondary","access":"","foot":"no"},"geometry":{"type":"LineString","coordinates":[[20.459633,54.722865],[20.45939,54.722842]]}},{"type":"Feature","properties":{"kind":"road","name":"","osm":"way/1372393822","highway":"tertiary","access":"","foot":""},"geometry":{"type":"LineString","coordinates":[[20.459633,54.722865],[20.459634,54.722814]]}},{"type":"Feature","properties":{"kind":"road","name":"","osm":"way/1372394210","highway":"secondary","access":"","foot":"no"},"geometry":{"type":"LineString","coordinates":[[20.458174,54.722633],[20.457921,54.72258]]}},{"type":"Feature","properties":{"kind":"road","name":"","osm":"way/1372394211","highway":"service","access":"","foot":""},"geometry":{"type":"LineString","coordinates":[[20.468407,54.721935],[20.468378,54.72189],[20.468034,54.721375]]}},{"type":"Feature","properties":{"kind":"green","name":"","osm":"way/1372396171"},"geometry":{"type":"Polygon","coordinates":[[[20.474837,54.720334],[20.474835,54.720298],[20.474759,54.720295],[20.474598,54.720269],[20.474373,54.720387],[20.47436,54.720459],[20.474837,54.720334]]]}},{"type":"Feature","properties":{"kind":"road","name":"проспект Мира","osm":"way/1373161723","highway":"secondary","access":"","foot":""},"geometry":{"type":"LineString","coordinates":[[20.470163,54.721523],[20.470724,54.721386]]}},{"type":"Feature","properties":{"kind":"road","name":"проспект Мира","osm":"way/1373161724","highway":"secondary","access":"","foot":""},"geometry":{"type":"LineString","coordinates":[[20.470724,54.721386],[20.471124,54.721289],[20.471227,54.721273],[20.471416,54.72123]]}},{"type":"Feature","properties":{"kind":"road","name":"улица Карла Маркса","osm":"way/1373161725","highway":"secondary","access":"","foot":"no"},"geometry":{"type":"LineString","coordinates":[[20.470377,54.725541],[20.469704,54.725399]]}},{"type":"Feature","properties":{"kind":"road","name":"улица Карла Маркса","osm":"way/1373161726","highway":"secondary","access":"","foot":"no"},"geometry":{"type":"LineString","coordinates":[[20.470912,54.725591],[20.471139,54.72564]]}},{"type":"Feature","properties":{"kind":"road","name":"улица Карла Маркса","osm":"way/1373161727","highway":"secondary","access":"","foot":"no"},"geometry":{"type":"LineString","coordinates":[[20.470392,54.725478],[20.470912,54.725591]]}},{"type":"Feature","properties":{"kind":"road","name":"Офицерская улица","osm":"way/1373161728","highway":"tertiary","access":"","foot":""},"geometry":{"type":"LineString","coordinates":[[20.471438,54.721443],[20.471422,54.721638]]}},{"type":"Feature","properties":{"kind":"road","name":"Офицерская улица","osm":"way/1373161729","highway":"tertiary","access":"","foot":""},"geometry":{"type":"LineString","coordinates":[[20.471445,54.721347],[20.471438,54.721443]]}},{"type":"Feature","properties":{"kind":"road","name":"улица Степана Разина","osm":"way/1373161730","highway":"residential","access":"","foot":""},"geometry":{"type":"LineString","coordinates":[[20.471107,54.723458],[20.470859,54.723461]]}},{"type":"Feature","properties":{"kind":"road","name":"улица Степана Разина","osm":"way/1373161731","highway":"residential","access":"","foot":""},"geometry":{"type":"LineString","coordinates":[[20.470859,54.723461],[20.470808,54.723462]]}},{"type":"Feature","properties":{"kind":"road","name":"улица Степана Разина","osm":"way/1373161732","highway":"residential","access":"","foot":""},"geometry":{"type":"LineString","coordinates":[[20.470808,54.723462],[20.470614,54.723465]]}},{"type":"Feature","properties":{"kind":"road","name":"улица Степана Разина","osm":"way/1373161733","highway":"residential","access":"","foot":""},"geometry":{"type":"LineString","coordinates":[[20.470614,54.723465],[20.470416,54.723467]]}},{"type":"Feature","properties":{"kind":"road","name":"Каменная улица","osm":"way/1373161734","highway":"tertiary","access":"","foot":""},"geometry":{"type":"LineString","coordinates":[[20.467958,54.724868],[20.467976,54.724511],[20.468021,54.723674]]}},{"type":"Feature","properties":{"kind":"road","name":"улица Карла Маркса","osm":"way/1373161735","highway":"secondary","access":"","foot":"no"},"geometry":{"type":"LineString","coordinates":[[20.466437,54.724627],[20.467618,54.724871]]}},{"type":"Feature","properties":{"kind":"road","name":"улица Карла Маркса","osm":"way/1373161736","highway":"secondary","access":"","foot":"no"},"geometry":{"type":"LineString","coordinates":[[20.464766,54.724267],[20.464857,54.724287],[20.465602,54.72445]]}},{"type":"Feature","properties":{"kind":"road","name":"улица Карла Маркса","osm":"way/1373161737","highway":"secondary","access":"","foot":"no"},"geometry":{"type":"LineString","coordinates":[[20.465602,54.72445],[20.465971,54.724531],[20.466437,54.724627]]}},{"type":"Feature","properties":{"kind":"road","name":"улица Карла Маркса","osm":"way/1373161738","highway":"secondary","access":"","foot":"no"},"geometry":{"type":"LineString","coordinates":[[20.467909,54.724999],[20.466176,54.72463]]}},{"type":"Feature","properties":{"kind":"road","name":"улица Карла Маркса","osm":"way/1373161739","highway":"secondary","access":"","foot":"no"},"geometry":{"type":"LineString","coordinates":[[20.468353,54.725098],[20.467909,54.724999]]}},{"type":"Feature","properties":{"kind":"road","name":"улица Степана Разина","osm":"way/1373161740","highway":"residential","access":"","foot":""},"geometry":{"type":"LineString","coordinates":[[20.466195,54.723408],[20.465909,54.723394]]}},{"type":"Feature","properties":{"kind":"road","name":"улица Степана Разина","osm":"way/1373161741","highway":"residential","access":"","foot":""},"geometry":{"type":"LineString","coordinates":[[20.465909,54.723394],[20.465689,54.723383]]}},{"type":"Feature","properties":{"kind":"road","name":"улица Степана Разина","osm":"way/1373161742","highway":"residential","access":"","foot":""},"geometry":{"type":"LineString","coordinates":[[20.465689,54.723383],[20.465146,54.723356]]}},{"type":"Feature","properties":{"kind":"road","name":"улица Степана Разина","osm":"way/1373161743","highway":"residential","access":"","foot":""},"geometry":{"type":"LineString","coordinates":[[20.465146,54.723356],[20.465066,54.723352]]}},{"type":"Feature","properties":{"kind":"road","name":"улица Степана Разина","osm":"way/1373161744","highway":"residential","access":"","foot":""},"geometry":{"type":"LineString","coordinates":[[20.466576,54.723427],[20.466445,54.723421]]}},{"type":"Feature","properties":{"kind":"road","name":"улица Степана Разина","osm":"way/1373161745","highway":"residential","access":"","foot":""},"geometry":{"type":"LineString","coordinates":[[20.466835,54.72344],[20.466576,54.723427]]}},{"type":"Feature","properties":{"kind":"road","name":"проспект Мира","osm":"way/1373161746","highway":"secondary","access":"","foot":"no"},"geometry":{"type":"LineString","coordinates":[[20.467591,54.722166],[20.467279,54.722223],[20.467107,54.722248],[20.466774,54.722293]]}},{"type":"Feature","properties":{"kind":"road","name":"проспект Мира","osm":"way/1373161748","highway":"secondary","access":"","foot":""},"geometry":{"type":"LineString","coordinates":[[20.467256,54.722165],[20.46767,54.722087]]}},{"type":"Feature","properties":{"kind":"road","name":"проспект Мира","osm":"way/1373161749","highway":"secondary","access":"","foot":""},"geometry":{"type":"LineString","coordinates":[[20.46411,54.722493],[20.464541,54.722452],[20.464727,54.722434],[20.464897,54.722418],[20.465883,54.722324],[20.466619,54.722246],[20.467083,54.722187],[20.467256,54.722165]]}},{"type":"Feature","properties":{"kind":"road","name":"улица Каштановая Аллея","osm":"way/1373161750","highway":"tertiary","access":"","foot":""},"geometry":{"type":"LineString","coordinates":[[20.464508,54.722668],[20.464477,54.723036]]}},{"type":"Feature","properties":{"kind":"road","name":"улица Каштановая Аллея","osm":"way/1373161751","highway":"tertiary","access":"","foot":""},"geometry":{"type":"LineString","coordinates":[[20.464458,54.723237],[20.464449,54.723321]]}},{"type":"Feature","properties":{"kind":"road","name":"улица Каштановая Аллея","osm":"way/1373161752","highway":"tertiary","access":"","foot":""},"geometry":{"type":"LineString","coordinates":[[20.464437,54.723455],[20.464415,54.723683]]}},{"type":"Feature","properties":{"kind":"road","name":"улица Каштановая Аллея","osm":"way/1373161753","highway":"tertiary","access":"","foot":""},"geometry":{"type":"LineString","coordinates":[[20.464379,54.724049],[20.46437,54.724139]]}},{"type":"Feature","properties":{"kind":"road","name":"улица Карла Маркса","osm":"way/1373161754","highway":"secondary","access":"","foot":"no"},"geometry":{"type":"LineString","coordinates":[[20.465153,54.724407],[20.464667,54.7243]]}},{"type":"Feature","properties":{"kind":"road","name":"улица Карла Маркса","osm":"way/1373161755","highway":"secondary","access":"","foot":"no"},"geometry":{"type":"LineString","coordinates":[[20.464667,54.7243],[20.464521,54.724268]]}},{"type":"Feature","properties":{"kind":"road","name":"улица Карла Маркса","osm":"way/1373161756","highway":"secondary","access":"","foot":"no"},"geometry":{"type":"LineString","coordinates":[[20.461257,54.723097],[20.46171,54.72334]]}},{"type":"Feature","properties":{"kind":"road","name":"улица Карла Маркса","osm":"way/1373161757","highway":"secondary","access":"","foot":"no"},"geometry":{"type":"LineString","coordinates":[[20.461642,54.723378],[20.461374,54.723237]]}},{"type":"Feature","properties":{"kind":"road","name":"переулок Энгельса","osm":"way/1373161758","highway":"residential","access":"","foot":""},"geometry":{"type":"LineString","coordinates":[[20.462978,54.722896],[20.462955,54.722796]]}},{"type":"Feature","properties":{"kind":"road","name":"переулок Энгельса","osm":"way/1373161759","highway":"residential","access":"","foot":""},"geometry":{"type":"LineString","coordinates":[[20.463023,54.723085],[20.462991,54.722953]]}},{"type":"Feature","properties":{"kind":"road","name":"переулок Энгельса","osm":"way/1373161760","highway":"residential","access":"","foot":""},"geometry":{"type":"LineString","coordinates":[[20.462742,54.723814],[20.462778,54.723754]]}},{"type":"Feature","properties":{"kind":"road","name":"переулок Энгельса","osm":"way/1373161761","highway":"residential","access":"","foot":""},"geometry":{"type":"LineString","coordinates":[[20.462991,54.722953],[20.462978,54.722896]]}},{"type":"Feature","properties":{"kind":"road","name":"улица Кутузова","osm":"way/1373161762","highway":"primary","access":"","foot":""},"geometry":{"type":"LineString","coordinates":[[20.462465,54.716519],[20.46224,54.7164]]}},{"type":"Feature","properties":{"kind":"road","name":"улица Кутузова","osm":"way/1373161763","highway":"tertiary","access":"","foot":""},"geometry":{"type":"LineString","coordinates":[[20.461874,54.715969],[20.461984,54.715928]]}},{"type":"Feature","properties":{"kind":"road","name":"улица Кутузова","osm":"way/1373161764","highway":"primary","access":"","foot":""},"geometry":{"type":"LineString","coordinates":[[20.462067,54.716136],[20.462725,54.716491]]}},{"type":"Feature","properties":{"kind":"road","name":"улица Энгельса","osm":"way/1373161765","highway":"tertiary","access":"","foot":""},"geometry":{"type":"LineString","coordinates":[[20.459053,54.714693],[20.459043,54.71445]]}},{"type":"Feature","properties":{"kind":"road","name":"улица Энгельса","osm":"way/1373161766","highway":"tertiary","access":"","foot":""},"geometry":{"type":"LineString","coordinates":[[20.460413,54.72219],[20.46054,54.722358]]}},{"type":"Feature","properties":{"kind":"road","name":"улица Энгельса","osm":"way/1373161767","highway":"tertiary","access":"","foot":""},"geometry":{"type":"LineString","coordinates":[[20.460641,54.72249],[20.460828,54.722737]]}},{"type":"Feature","properties":{"kind":"road","name":"улица Энгельса","osm":"way/1373161768","highway":"tertiary","access":"","foot":""},"geometry":{"type":"LineString","coordinates":[[20.46054,54.722358],[20.460641,54.72249]]}},{"type":"Feature","properties":{"kind":"road","name":"улица Энгельса","osm":"way/1373161769","highway":"tertiary","access":"","foot":""},"geometry":{"type":"LineString","coordinates":[[20.459065,54.714866],[20.459065,54.715356],[20.459064,54.715923]]}},{"type":"Feature","properties":{"kind":"road","name":"проспект Мира","osm":"way/1373161770","highway":"secondary","access":"","foot":""},"geometry":{"type":"LineString","coordinates":[[20.458174,54.722633],[20.458744,54.722688],[20.458934,54.72272],[20.458968,54.722726]]}},{"type":"Feature","properties":{"kind":"road","name":"проспект Мира","osm":"way/1373161771","highway":"secondary","access":"","foot":"no"},"geometry":{"type":"LineString","coordinates":[[20.46192,54.722766],[20.461132,54.722839]]}},{"type":"Feature","properties":{"kind":"road","name":"проспект Мира","osm":"way/1373161772","highway":"secondary","access":"","foot":"no"},"geometry":{"type":"LineString","coordinates":[[20.462285,54.722732],[20.46192,54.722766]]}},{"type":"Feature","properties":{"kind":"road","name":"проспект Мира","osm":"way/1373161773","highway":"secondary","access":"","foot":""},"geometry":{"type":"LineString","coordinates":[[20.463231,54.722577],[20.46411,54.722493]]}},{"type":"Feature","properties":{"kind":"road","name":"проспект Мира","osm":"way/1373161774","highway":"secondary","access":"","foot":""},"geometry":{"type":"LineString","coordinates":[[20.459634,54.722814],[20.459898,54.722838],[20.460163,54.722843],[20.460462,54.722829],[20.460637,54.722815],[20.460778,54.722803]]}},{"type":"Feature","properties":{"kind":"road","name":"улица Каштановая Аллея","osm":"way/1373161775","highway":"tertiary","access":"","foot":""},"geometry":{"type":"LineString","coordinates":[[20.464568,54.722174],[20.464552,54.722373]]}},{"type":"Feature","properties":{"kind":"road","name":"улица Каштановая Аллея","osm":"way/1373161776","highway":"tertiary","access":"","foot":""},"geometry":{"type":"LineString","coordinates":[[20.464612,54.721613],[20.464568,54.722174]]}},{"type":"Feature","properties":{"kind":"road","name":"улица Каштановая Аллея","osm":"way/1373161777","highway":"tertiary","access":"","foot":""},"geometry":{"type":"LineString","coordinates":[[20.464342,54.724407],[20.464317,54.724646]]}},{"type":"Feature","properties":{"kind":"road","name":"улица Каштановая Аллея","osm":"way/1373161778","highway":"tertiary","access":"","foot":""},"geometry":{"type":"LineString","coordinates":[[20.464361,54.724229],[20.464351,54.724322],[20.464342,54.724407]]}},{"type":"Feature","properties":{"kind":"road","name":"улица Фестивальная Аллея","osm":"way/1373161779","highway":"cycleway","access":"","foot":"designated"},"geometry":{"type":"LineString","coordinates":[[20.459631,54.722974],[20.459838,54.723105],[20.460512,54.723583],[20.461344,54.724016],[20.462061,54.724284],[20.462438,54.724397],[20.463397,54.724628],[20.463474,54.724658]]}},{"type":"Feature","properties":{"kind":"building","name":"","osm":"way/1373329993"},"geometry":{"type":"Polygon","coordinates":[[[20.466795,54.712209],[20.46687,54.712066],[20.46706,54.712099],[20.466984,54.712243],[20.466795,54.712209]]]}},{"type":"Feature","properties":{"kind":"building","name":"","osm":"way/1373329994"},"geometry":{"type":"Polygon","coordinates":[[[20.46708,54.712254],[20.467156,54.712111],[20.467345,54.712144],[20.46727,54.712287],[20.46708,54.712254]]]}},{"type":"Feature","properties":{"kind":"building","name":"","osm":"way/1373329995"},"geometry":{"type":"Polygon","coordinates":[[[20.46739,54.712302],[20.467466,54.712159],[20.467655,54.712192],[20.46758,54.712336],[20.46739,54.712302]]]}},{"type":"Feature","properties":{"kind":"building","name":"","osm":"way/1373329996"},"geometry":{"type":"Polygon","coordinates":[[[20.468345,54.712291],[20.46841,54.712166],[20.468556,54.712192],[20.468487,54.712307],[20.468345,54.712291]]]}},{"type":"Feature","properties":{"kind":"building","name":"","osm":"way/1373329997"},"geometry":{"type":"Polygon","coordinates":[[[20.468842,54.712435],[20.468917,54.712292],[20.469107,54.712325],[20.469031,54.712468],[20.468842,54.712435]]]}},{"type":"Feature","properties":{"kind":"building","name":"","osm":"way/1373329998"},"geometry":{"type":"Polygon","coordinates":[[[20.470227,54.712516],[20.470213,54.712384],[20.470558,54.712373],[20.470568,54.712475],[20.470354,54.712482],[20.470357,54.712512],[20.470227,54.712516]]]}},{"type":"Feature","properties":{"kind":"building","name":"","osm":"way/1373329999"},"geometry":{"type":"Polygon","coordinates":[[[20.468582,54.712387],[20.468768,54.712407],[20.468788,54.712345],[20.468602,54.712325],[20.468582,54.712387]]]}},{"type":"Feature","properties":{"kind":"building","name":"","osm":"way/1373330000"},"geometry":{"type":"Polygon","coordinates":[[[20.468022,54.712327],[20.468054,54.712255],[20.46824,54.712282],[20.468209,54.712354],[20.468022,54.712327]]]}},{"type":"Feature","properties":{"kind":"road","name":"улица Шиллера","osm":"way/1373501657","highway":"residential","access":"","foot":""},"geometry":{"type":"LineString","coordinates":[[20.477045,54.721572],[20.476994,54.721998]]}},{"type":"Feature","properties":{"kind":"road","name":"улица Шиллера","osm":"way/1373501658","highway":"residential","access":"","foot":""},"geometry":{"type":"LineString","coordinates":[[20.476933,54.722562],[20.476904,54.722872]]}},{"type":"Feature","properties":{"kind":"road","name":"улица Шиллера","osm":"way/1373501659","highway":"residential","access":"","foot":""},"geometry":{"type":"LineString","coordinates":[[20.476863,54.7232],[20.47683,54.723456]]}},{"type":"Feature","properties":{"kind":"road","name":"проспект Победы","osm":"way/1373501660","highway":"secondary","access":"","foot":""},"geometry":{"type":"LineString","coordinates":[[20.475734,54.720113],[20.475871,54.720172],[20.475999,54.720221]]}},{"type":"Feature","properties":{"kind":"road","name":"улица Елены Ковальчук","osm":"way/1373501661","highway":"residential","access":"","foot":""},"geometry":{"type":"LineString","coordinates":[[20.473915,54.720211],[20.473953,54.719911],[20.473978,54.719607]]}},{"type":"Feature","properties":{"kind":"road","name":"улица Елены Ковальчук","osm":"way/1373501662","highway":"residential","access":"","foot":""},"geometry":{"type":"LineString","coordinates":[[20.473948,54.720511],[20.473918,54.720433],[20.473915,54.720211]]}},{"type":"Feature","properties":{"kind":"road","name":"улица Елены Ковальчук","osm":"way/1373501663","highway":"residential","access":"","foot":""},"geometry":{"type":"LineString","coordinates":[[20.474045,54.720621],[20.474038,54.720612],[20.474011,54.720581],[20.473948,54.720511]]}},{"type":"Feature","properties":{"kind":"road","name":"улица Минина и Пожарского","osm":"way/1373501664","highway":"residential","access":"","foot":""},"geometry":{"type":"LineString","coordinates":[[20.472044,54.718975],[20.472025,54.719256],[20.472005,54.71957]]}},{"type":"Feature","properties":{"kind":"road","name":"улица Чапаева","osm":"way/1373501665","highway":"tertiary","access":"","foot":""},"geometry":{"type":"LineString","coordinates":[[20.466212,54.719834],[20.46636,54.71984]]}},{"type":"Feature","properties":{"kind":"road","name":"улица Чапаева","osm":"way/1373501666","highway":"tertiary","access":"","foot":""},"geometry":{"type":"LineString","coordinates":[[20.46636,54.71984],[20.466476,54.719847]]}},{"type":"Feature","properties":{"kind":"road","name":"улица Чапаева","osm":"way/1373501667","highway":"tertiary","access":"","foot":""},"geometry":{"type":"LineString","coordinates":[[20.466476,54.719847],[20.466656,54.719863]]}},{"type":"Feature","properties":{"kind":"road","name":"улица Чапаева","osm":"way/1373501668","highway":"tertiary","access":"","foot":""},"geometry":{"type":"LineString","coordinates":[[20.465163,54.719818],[20.466212,54.719834]]}},{"type":"Feature","properties":{"kind":"road","name":"проспект Мира","osm":"way/1373501669","highway":"primary","access":"","foot":""},"geometry":{"type":"LineString","coordinates":[[20.472314,54.721029],[20.472848,54.7209]]}},{"type":"Feature","properties":{"kind":"road","name":"проспект Мира","osm":"way/1373501670","highway":"primary","access":"","foot":""},"geometry":{"type":"LineString","coordinates":[[20.472848,54.7209],[20.473062,54.72085],[20.473391,54.720772],[20.473823,54.720671],[20.474045,54.720621]]}},{"type":"Feature","properties":{"kind":"road","name":"проспект Мира","osm":"way/1373501671","highway":"primary","access":"","foot":"no"},"geometry":{"type":"LineString","coordinates":[[20.474515,54.72052],[20.475233,54.720366]]}},{"type":"Feature","properties":{"kind":"road","name":"проспект Мира","osm":"way/1373501672","highway":"primary","access":"","foot":"no"},"geometry":{"type":"LineString","coordinates":[[20.474045,54.720621],[20.474321,54.72056],[20.474515,54.72052]]}},{"type":"Feature","properties":{"kind":"road","name":"Красная улица","osm":"way/1373501673","highway":"residential","access":"","foot":""},"geometry":{"type":"LineString","coordinates":[[20.474764,54.720597],[20.474723,54.721409]]}},{"type":"Feature","properties":{"kind":"road","name":"","osm":"way/1373501674","highway":"path","access":"","foot":"designated"},"geometry":{"type":"LineString","coordinates":[[20.474879,54.720685],[20.474851,54.721155],[20.47472,54.723323]]}},{"type":"Feature","properties":{"kind":"road","name":"","osm":"way/1373501675","highway":"footway","access":"","foot":""},"geometry":{"type":"LineString","coordinates":[[20.461187,54.722933],[20.462946,54.722757],[20.464512,54.722622],[20.464729,54.722562],[20.467154,54.722324],[20.467305,54.722295],[20.467947,54.722174],[20.468101,54.722136],[20.469599,54.721767],[20.469792,54.721741],[20.471174,54.721398],[20.471445,54.721347],[20.471587,54.721317],[20.471667,54.721301],[20.472376,54.721146],[20.473048,54.720997],[20.473349,54.72092],[20.473896,54.720776],[20.474556,54.720629],[20.474764,54.720597]]}},{"type":"Feature","properties":{"kind":"road","name":"улица Шиллера","osm":"way/1373501676","highway":"residential","access":"","foot":""},"geometry":{"type":"LineString","coordinates":[[20.476904,54.722872],[20.476892,54.722969]]}},{"type":"Feature","properties":{"kind":"road","name":"улица Шиллера","osm":"way/1373501677","highway":"residential","access":"","foot":""},"geometry":{"type":"LineString","coordinates":[[20.476892,54.722969],[20.476863,54.7232]]}},{"type":"Feature","properties":{"kind":"road","name":"улица Шиллера","osm":"way/1373501678","highway":"residential","access":"","foot":""},"geometry":{"type":"LineString","coordinates":[[20.47683,54.723456],[20.476622,54.725124],[20.476553,54.725644]]}},{"type":"Feature","properties":{"kind":"road","name":"улица Степана Разина","osm":"way/1373501679","highway":"residential","access":"","foot":""},"geometry":{"type":"LineString","coordinates":[[20.473036,54.723433],[20.47287,54.723433]]}},{"type":"Feature","properties":{"kind":"road","name":"улица Степана Разина","osm":"way/1373501680","highway":"residential","access":"","foot":""},"geometry":{"type":"LineString","coordinates":[[20.473417,54.723433],[20.473036,54.723433]]}},{"type":"Feature","properties":{"kind":"road","name":"улица Степана Разина","osm":"way/1373501681","highway":"residential","access":"","foot":""},"geometry":{"type":"LineString","coordinates":[[20.476625,54.723454],[20.476469,54.723452]]}},{"type":"Feature","properties":{"kind":"road","name":"улица Степана Разина","osm":"way/1373501682","highway":"residential","access":"","foot":""},"geometry":{"type":"LineString","coordinates":[[20.476469,54.723452],[20.476132,54.723449]]}},{"type":"Feature","properties":{"kind":"road","name":"улица Степана Разина","osm":"way/1373501683","highway":"residential","access":"","foot":""},"geometry":{"type":"LineString","coordinates":[[20.476132,54.723449],[20.475934,54.723447]]}},{"type":"Feature","properties":{"kind":"road","name":"улица Степана Разина","osm":"way/1373501684","highway":"residential","access":"","foot":""},"geometry":{"type":"LineString","coordinates":[[20.475934,54.723447],[20.475387,54.723442]]}},{"type":"Feature","properties":{"kind":"road","name":"улица Степана Разина","osm":"way/1373501685","highway":"residential","access":"","foot":""},"geometry":{"type":"LineString","coordinates":[[20.475387,54.723442],[20.474797,54.723437]]}},{"type":"Feature","properties":{"kind":"road","name":"улица Степана Разина","osm":"way/1373501686","highway":"residential","access":"","foot":""},"geometry":{"type":"LineString","coordinates":[[20.47683,54.723456],[20.476625,54.723454]]}},{"type":"Feature","properties":{"kind":"road","name":"","osm":"way/1373501687","highway":"path","access":"","foot":"designated"},"geometry":{"type":"LineString","coordinates":[[20.474711,54.723579],[20.474681,54.724552],[20.474639,54.725862]]}},{"type":"Feature","properties":{"kind":"road","name":"","osm":"way/1373501688","highway":"footway","access":"","foot":""},"geometry":{"type":"LineString","coordinates":[[20.474764,54.720597],[20.474882,54.720579]]}},{"type":"Feature","properties":{"kind":"road","name":"","osm":"way/1373501689","highway":"footway","access":"","foot":""},"geometry":{"type":"LineString","coordinates":[[20.474639,54.725862],[20.474637,54.725929],[20.474635,54.72597]]}},{"type":"Feature","properties":{"kind":"road","name":"","osm":"way/1373501690","highway":"path","access":"","foot":"designated"},"geometry":{"type":"LineString","coordinates":[[20.474635,54.72597],[20.474631,54.726371]]}},{"type":"Feature","properties":{"kind":"road","name":"улица Космонавта Пацаева","osm":"way/1373501691","highway":"tertiary","access":"","foot":""},"geometry":{"type":"LineString","coordinates":[[20.473682,54.726095],[20.473603,54.726109]]}},{"type":"Feature","properties":{"kind":"road","name":"улица Пугачёва","osm":"way/1373501692","highway":"tertiary","access":"","foot":""},"geometry":{"type":"LineString","coordinates":[[20.47287,54.723433],[20.472996,54.721655]]}},{"type":"Feature","properties":{"kind":"road","name":"улица Пугачёва","osm":"way/1373501693","highway":"tertiary","access":"","foot":""},"geometry":{"type":"LineString","coordinates":[[20.472996,54.721655],[20.473027,54.721215],[20.473042,54.721051],[20.473048,54.720997]]}},{"type":"Feature","properties":{"kind":"road","name":"проспект Мира","osm":"way/1374294882","highway":"secondary","access":"","foot":""},"geometry":{"type":"LineString","coordinates":[[20.458968,54.722726],[20.459126,54.722747],[20.459587,54.72281],[20.459634,54.722814]]}},{"type":"Feature","properties":{"kind":"road","name":"улица Велосипедная Дорога","osm":"way/1374294884","highway":"residential","access":"","foot":""},"geometry":{"type":"LineString","coordinates":[[20.46178,54.712232],[20.462175,54.712166],[20.462713,54.712103],[20.463094,54.712068],[20.463324,54.712035],[20.463637,54.711907]]}},{"type":"Feature","properties":{"kind":"road","name":"улица Радищева","osm":"way/1374294885","highway":"residential","access":"","foot":""},"geometry":{"type":"LineString","coordinates":[[20.459135,54.712631],[20.459571,54.712684],[20.460173,54.712757]]}},{"type":"Feature","properties":{"kind":"road","name":"улица Велосипедная Дорога","osm":"way/1374294886","highway":"unclassified","access":"","foot":""},"geometry":{"type":"LineString","coordinates":[[20.47142,54.71246],[20.472087,54.712376],[20.472988,54.712336],[20.473274,54.712311],[20.476236,54.712355]]}},{"type":"Feature","properties":{"kind":"road","name":"улица Каштановая Аллея","osm":"way/1374294887","highway":"residential","access":"","foot":""},"geometry":{"type":"LineString","coordinates":[[20.466497,54.712344],[20.466506,54.71212],[20.466497,54.711792],[20.466552,54.711551]]}},{"type":"Feature","properties":{"kind":"road","name":"улица Радищева","osm":"way/1374294888","highway":"residential","access":"","foot":""},"geometry":{"type":"LineString","coordinates":[[20.46185,54.712964],[20.464359,54.713205],[20.464811,54.713221]]}},{"type":"Feature","properties":{"kind":"road","name":"Коломенская улица","osm":"way/1374294889","highway":"residential","access":"","foot":""},"geometry":{"type":"LineString","coordinates":[[20.467904,54.71349],[20.468777,54.713578],[20.469101,54.71362]]}},{"type":"Feature","properties":{"kind":"road","name":"Коломенская улица","osm":"way/1374294890","highway":"residential","access":"","foot":""},"geometry":{"type":"LineString","coordinates":[[20.467235,54.713426],[20.467904,54.71349]]}},{"type":"Feature","properties":{"kind":"road","name":"Коломенская улица","osm":"way/1374294891","highway":"residential","access":"","foot":""},"geometry":{"type":"LineString","coordinates":[[20.466314,54.713341],[20.467235,54.713426]]}},{"type":"Feature","properties":{"kind":"road","name":"Коломенская улица","osm":"way/1374294892","highway":"residential","access":"","foot":""},"geometry":{"type":"LineString","coordinates":[[20.473645,54.71329],[20.473645,54.713224],[20.473577,54.713144]]}},{"type":"Feature","properties":{"kind":"road","name":"Коломенская улица","osm":"way/1374294893","highway":"residential","access":"","foot":""},"geometry":{"type":"LineString","coordinates":[[20.472453,54.713401],[20.473361,54.713373],[20.473468,54.713361],[20.473563,54.713336],[20.473645,54.71329]]}},{"type":"Feature","properties":{"kind":"road","name":"Коломенская улица","osm":"way/1374294894","highway":"residential","access":"","foot":""},"geometry":{"type":"LineString","coordinates":[[20.471858,54.713438],[20.472453,54.713401]]}},{"type":"Feature","properties":{"kind":"road","name":"Коломенская улица","osm":"way/1374294895","highway":"residential","access":"","foot":""},"geometry":{"type":"LineString","coordinates":[[20.470377,54.713589],[20.471858,54.713438]]}},{"type":"Feature","properties":{"kind":"road","name":"Коломенская улица","osm":"way/1374294896","highway":"residential","access":"","foot":""},"geometry":{"type":"LineString","coordinates":[[20.469101,54.71362],[20.469736,54.713667],[20.469888,54.713664],[20.470052,54.713641],[20.470377,54.713589]]}},{"type":"Feature","properties":{"kind":"road","name":"Коломенская улица","osm":"way/1374294897","highway":"residential","access":"","foot":""},"geometry":{"type":"LineString","coordinates":[[20.470302,54.713303],[20.47033,54.713092],[20.470359,54.712948]]}},{"type":"Feature","properties":{"kind":"road","name":"Коломенская улица","osm":"way/1374294898","highway":"residential","access":"","foot":""},"geometry":{"type":"LineString","coordinates":[[20.470585,54.714122],[20.470413,54.71366],[20.470377,54.713589]]}},{"type":"Feature","properties":{"kind":"road","name":"Коломенская улица","osm":"way/1374294899","highway":"residential","access":"","foot":""},"geometry":{"type":"LineString","coordinates":[[20.470359,54.712948],[20.470491,54.712845],[20.4707,54.712743],[20.471428,54.71256]]}},{"type":"Feature","properties":{"kind":"road","name":"Коломенская улица","osm":"way/1374294900","highway":"residential","access":"","foot":""},"geometry":{"type":"LineString","coordinates":[[20.470717,54.714474],[20.470585,54.714122]]}},{"type":"Feature","properties":{"kind":"road","name":"Коломенская улица","osm":"way/1374294901","highway":"residential","access":"","foot":""},"geometry":{"type":"LineString","coordinates":[[20.470766,54.714605],[20.470717,54.714474]]}},{"type":"Feature","properties":{"kind":"road","name":"Коломенская улица","osm":"way/1374294902","highway":"residential","access":"","foot":""},"geometry":{"type":"LineString","coordinates":[[20.470862,54.714863],[20.470766,54.714605]]}},{"type":"Feature","properties":{"kind":"road","name":"Коломенская улица","osm":"way/1374294903","highway":"residential","access":"","foot":""},"geometry":{"type":"LineString","coordinates":[[20.470905,54.715053],[20.470902,54.714984],[20.470862,54.714863]]}},{"type":"Feature","properties":{"kind":"road","name":"улица Марата","osm":"way/1374294904","highway":"residential","access":"","foot":""},"geometry":{"type":"LineString","coordinates":[[20.467899,54.71357],[20.467904,54.71349]]}},{"type":"Feature","properties":{"kind":"road","name":"улица Марата","osm":"way/1374294905","highway":"residential","access":"","foot":""},"geometry":{"type":"LineString","coordinates":[[20.467851,54.714135],[20.467871,54.714059],[20.467899,54.71357]]}},{"type":"Feature","properties":{"kind":"road","name":"улица Алексея Бровковича","osm":"way/1374294906","highway":"residential","access":"","foot":""},"geometry":{"type":"LineString","coordinates":[[20.463823,54.712348],[20.463539,54.71237]]}},{"type":"Feature","properties":{"kind":"road","name":"улица Алексея Бровковича","osm":"way/1374294907","highway":"residential","access":"","foot":""},"geometry":{"type":"LineString","coordinates":[[20.463539,54.71237],[20.46326,54.712392]]}},{"type":"Feature","properties":{"kind":"road","name":"улица Алексея Бровковича","osm":"way/1374294908","highway":"residential","access":"","foot":""},"geometry":{"type":"LineString","coordinates":[[20.46326,54.712392],[20.462814,54.712427]]}},{"type":"Feature","properties":{"kind":"road","name":"улица Алексея Бровковича","osm":"way/1374294909","highway":"residential","access":"","foot":""},"geometry":{"type":"LineString","coordinates":[[20.463905,54.712342],[20.463823,54.712348]]}},{"type":"Feature","properties":{"kind":"road","name":"улица Велосипедная Дорога","osm":"way/1374294910","highway":"residential","access":"","foot":""},"geometry":{"type":"LineString","coordinates":[[20.477356,54.712373],[20.477418,54.712364],[20.477647,54.712351],[20.477955,54.712357],[20.478442,54.712298],[20.478817,54.712249],[20.479122,54.712189],[20.479608,54.712117]]}},{"type":"Feature","properties":{"kind":"road","name":"улица Велосипедная Дорога","osm":"way/1374294911","highway":"unclassified","access":"","foot":""},"geometry":{"type":"LineString","coordinates":[[20.476236,54.712355],[20.477226,54.712375]]}},{"type":"Feature","properties":{"kind":"road","name":"улица Чапаева","osm":"way/1374294912","highway":"tertiary","access":"","foot":""},"geometry":{"type":"LineString","coordinates":[[20.463446,54.719765],[20.46309,54.719754]]}},{"type":"Feature","properties":{"kind":"road","name":"улица Чапаева","osm":"way/1374294913","highway":"tertiary","access":"","foot":""},"geometry":{"type":"LineString","coordinates":[[20.46309,54.719754],[20.462341,54.719731],[20.462314,54.71973]]}},{"type":"Feature","properties":{"kind":"road","name":"проспект Победы","osm":"way/1374294914","highway":"primary","access":"","foot":""},"geometry":{"type":"LineString","coordinates":[[20.45807,54.714233],[20.458212,54.714281],[20.458383,54.714306],[20.458727,54.714332]]}},{"type":"Feature","properties":{"kind":"road","name":"улица Яблоневая Аллея","osm":"way/1374294916","highway":"residential","access":"","foot":""},"geometry":{"type":"LineString","coordinates":[[20.458726,54.720395],[20.458818,54.720776]]}},{"type":"Feature","properties":{"kind":"road","name":"улица Яблоневая Аллея","osm":"way/1374294917","highway":"residential","access":"","foot":""},"geometry":{"type":"LineString","coordinates":[[20.458818,54.720776],[20.458899,54.721107]]}},{"type":"Feature","properties":{"kind":"road","name":"Лесопарковая улица","osm":"way/1374294918","highway":"tertiary","access":"","foot":""},"geometry":{"type":"LineString","coordinates":[[20.457238,54.72188],[20.457282,54.72182],[20.457319,54.72176],[20.457344,54.721663],[20.457378,54.721526],[20.457395,54.721403],[20.457407,54.721313]]}},{"type":"Feature","properties":{"kind":"road","name":"улица Каштановая Аллея","osm":"way/1374294919","highway":"tertiary","access":"","foot":""},"geometry":{"type":"LineString","coordinates":[[20.465139,54.71999],[20.465083,54.720396]]}},{"type":"Feature","properties":{"kind":"road","name":"улица Каштановая Аллея","osm":"way/1374294920","highway":"tertiary","access":"","foot":""},"geometry":{"type":"LineString","coordinates":[[20.465163,54.719818],[20.465139,54.71999]]}},{"type":"Feature","properties":{"kind":"road","name":"улица Огарёва","osm":"way/1374294921","highway":"residential","access":"","foot":""},"geometry":{"type":"LineString","coordinates":[[20.469697,54.71752],[20.470014,54.717362]]}},{"type":"Feature","properties":{"kind":"road","name":"улица Огарёва","osm":"way/1374294922","highway":"residential","access":"","foot":""},"geometry":{"type":"LineString","coordinates":[[20.469577,54.71758],[20.469697,54.71752]]}},{"type":"Feature","properties":{"kind":"road","name":"улица Огарёва","osm":"way/1374294923","highway":"residential","access":"","foot":""},"geometry":{"type":"LineString","coordinates":[[20.470014,54.717362],[20.470037,54.717351],[20.470063,54.717337],[20.470151,54.717295]]}},{"type":"Feature","properties":{"kind":"road","name":"улица Кутузова","osm":"way/1374294924","highway":"primary","access":"","foot":""},"geometry":{"type":"LineString","coordinates":[[20.467804,54.718943],[20.467524,54.718824]]}},{"type":"Feature","properties":{"kind":"road","name":"улица Кутузова","osm":"way/1374294925","highway":"tertiary","access":"","foot":""},"geometry":{"type":"LineString","coordinates":[[20.461652,54.71665],[20.461576,54.716538]]}},{"type":"Feature","properties":{"kind":"road","name":"улица Пушкина","osm":"way/1374294926","highway":"tertiary","access":"","foot":""},"geometry":{"type":"LineString","coordinates":[[20.473262,54.717736],[20.473212,54.718539]]}},{"type":"Feature","properties":{"kind":"road","name":"улица Пушкина","osm":"way/1374294927","highway":"tertiary","access":"","foot":""},"geometry":{"type":"LineString","coordinates":[[20.473321,54.716792],[20.473262,54.717736]]}},{"type":"Feature","properties":{"kind":"road","name":"улица Марины Расковой","osm":"way/1374294928","highway":"residential","access":"","foot":""},"geometry":{"type":"LineString","coordinates":[[20.471509,54.718037],[20.471578,54.717989],[20.473321,54.716792]]}},{"type":"Feature","properties":{"kind":"road","name":"улица Огарёва","osm":"way/1374294929","highway":"residential","access":"","foot":""},"geometry":{"type":"LineString","coordinates":[[20.470151,54.717295],[20.470198,54.717271],[20.470432,54.717154]]}},{"type":"Feature","properties":{"kind":"road","name":"","osm":"way/1374294930","highway":"residential","access":"","foot":""},"geometry":{"type":"LineString","coordinates":[[20.465357,54.715506],[20.464961,54.715385]]}},{"type":"Feature","properties":{"kind":"road","name":"","osm":"way/1374294931","highway":"residential","access":"","foot":""},"geometry":{"type":"LineString","coordinates":[[20.465534,54.715539],[20.465357,54.715506]]}},{"type":"Feature","properties":{"kind":"road","name":"","osm":"way/1374294932","highway":"residential","access":"","foot":""},"geometry":{"type":"LineString","coordinates":[[20.466221,54.715335],[20.466183,54.715353],[20.466138,54.715374],[20.466124,54.715381],[20.466068,54.715407],[20.465534,54.715539]]}},{"type":"Feature","properties":{"kind":"road","name":"Бородинская улица","osm":"way/1374294933","highway":"residential","access":"","foot":""},"geometry":{"type":"LineString","coordinates":[[20.469167,54.716359],[20.469546,54.716222],[20.471992,54.715334]]}},{"type":"Feature","properties":{"kind":"road","name":"улица Дмитрия Донского","osm":"way/1374294936","highway":"primary","access":"","foot":""},"geometry":{"type":"LineString","coordinates":[[20.470905,54.715053],[20.468153,54.715043]]}},{"type":"Feature","properties":{"kind":"building","name":"","osm":"way/1374485062"},"geometry":{"type":"Polygon","coordinates":[[[20.47092,54.715279],[20.471091,54.715279],[20.471091,54.71515],[20.47092,54.71515],[20.47092,54.715279]]]}},{"type":"Feature","properties":{"kind":"building","name":"","osm":"way/1374485063"},"geometry":{"type":"Polygon","coordinates":[[[20.468303,54.715826],[20.468172,54.715765],[20.468271,54.715709],[20.468131,54.715638],[20.468236,54.715568],[20.468276,54.715575],[20.468284,54.715601],[20.468378,54.715637],[20.468302,54.715707],[20.468363,54.715738],[20.46839,54.715734],[20.46841,54.715745],[20.468412,54.715764],[20.468325,54.715832],[20.468303,54.715826]]]}},{"type":"Feature","properties":{"kind":"building","name":"","osm":"way/1374485064"},"geometry":{"type":"Polygon","coordinates":[[[20.469423,54.715728],[20.469208,54.715599],[20.469182,54.715455],[20.469407,54.715457],[20.469399,54.715559],[20.469549,54.715647],[20.469423,54.715728]]]}},{"type":"Feature","properties":{"kind":"road","name":"","osm":"way/1387884928","highway":"primary","access":"","foot":""},"geometry":{"type":"LineString","coordinates":[[20.45904,54.714393],[20.459047,54.714356]]}},{"type":"Feature","properties":{"kind":"road","name":"","osm":"way/1387884929","highway":"primary","access":"","foot":""},"geometry":{"type":"LineString","coordinates":[[20.459047,54.714356],[20.459149,54.714404]]}},{"type":"Feature","properties":{"kind":"road","name":"проспект Победы","osm":"way/1387884930","highway":"primary","access":"","foot":""},"geometry":{"type":"LineString","coordinates":[[20.459047,54.714356],[20.459896,54.714406]]}},{"type":"Feature","properties":{"kind":"road","name":"проспект Победы","osm":"way/1387884931","highway":"primary","access":"","foot":""},"geometry":{"type":"LineString","coordinates":[[20.459149,54.714404],[20.45904,54.714393]]}},{"type":"Feature","properties":{"kind":"road","name":"проспект Мира","osm":"way/1413235337","highway":"secondary","access":"","foot":""},"geometry":{"type":"LineString","coordinates":[[20.460778,54.722803],[20.460873,54.722795]]}},{"type":"Feature","properties":{"kind":"road","name":"проспект Мира","osm":"way/1413235338","highway":"secondary","access":"","foot":""},"geometry":{"type":"LineString","coordinates":[[20.460873,54.722795],[20.461093,54.722777],[20.462347,54.72266],[20.462913,54.722608],[20.463231,54.722577]]}},{"type":"Feature","properties":{"kind":"building","name":"","osm":"way/1422991803"},"geometry":{"type":"Polygon","coordinates":[[[20.470001,54.726552],[20.469447,54.726418],[20.469541,54.726158],[20.469714,54.726191],[20.469651,54.726367],[20.470068,54.726467],[20.470054,54.726478],[20.470001,54.726552]]]}},{"type":"Feature","properties":{"kind":"road","name":"улица Карла Маркса","osm":"way/1456102883","highway":"secondary","access":"","foot":"no"},"geometry":{"type":"LineString","coordinates":[[20.460804,54.722872],[20.460778,54.722803]]}},{"type":"Feature","properties":{"kind":"building","name":"","osm":"way/1458742472"},"geometry":{"type":"Polygon","coordinates":[[[20.463997,54.724393],[20.463975,54.724565],[20.464161,54.724573],[20.464184,54.724401],[20.463997,54.724393]]]}},{"type":"Feature","properties":{"kind":"road","name":"","osm":"way/1487758120","highway":"footway","access":"","foot":""},"geometry":{"type":"LineString","coordinates":[[20.46542,54.71792],[20.465401,54.718009],[20.465315,54.717999],[20.465206,54.717983],[20.465177,54.717935],[20.465086,54.71791],[20.46484,54.717899],[20.464853,54.717862],[20.464914,54.717772],[20.464908,54.717751],[20.464869,54.717715],[20.462864,54.716782],[20.462256,54.716458],[20.461756,54.716194],[20.461638,54.716132],[20.461534,54.716068],[20.459386,54.71479]]}},{"type":"Feature","properties":{"kind":"road","name":"","osm":"way/1487758121","highway":"residential","access":"","foot":""},"geometry":{"type":"LineString","coordinates":[[20.464887,54.717863],[20.464947,54.717829],[20.464974,54.717785],[20.464981,54.71769]]}},{"type":"Feature","properties":{"kind":"road","name":"улица Нахимова","osm":"way/1487758122","highway":"residential","access":"","foot":""},"geometry":{"type":"LineString","coordinates":[[20.465352,54.717858],[20.465158,54.71787],[20.464887,54.717863]]}},{"type":"Feature","properties":{"kind":"building","name":"","osm":"way/1539470433"},"geometry":{"type":"Polygon","coordinates":[[[20.457854,54.714844],[20.457853,54.714781],[20.457652,54.714782],[20.457653,54.714845],[20.457854,54.714844]]]}},{"type":"Feature","properties":{"kind":"building","name":"","osm":"way/1546736946"},"geometry":{"type":"Polygon","coordinates":[[[20.476416,54.713881],[20.47659,54.713864],[20.476763,54.713884],[20.476789,54.713833],[20.476739,54.71382],[20.476759,54.713779],[20.476827,54.713788],[20.477082,54.713247],[20.476564,54.713317],[20.476589,54.7134],[20.476741,54.713385],[20.476761,54.71341],[20.476608,54.713732],[20.476713,54.713746],[20.476709,54.713785],[20.476422,54.713792],[20.476416,54.713881]]]}},{"type":"Feature","properties":{"kind":"building","name":"","osm":"way/1548580158"},"geometry":{"type":"Polygon","coordinates":[[[20.475584,54.720509],[20.475649,54.720507],[20.475686,54.720506],[20.475724,54.720505],[20.475731,54.720537],[20.475589,54.720543],[20.475584,54.720509]]]}},{"type":"Feature","properties":{"kind":"road","name":"","osm":"way/1551158027","highway":"service","access":"","foot":""},"geometry":{"type":"LineString","coordinates":[[20.467354,54.713881],[20.467175,54.713876],[20.467187,54.713622],[20.467235,54.713426]]}},{"type":"Feature","properties":{"kind":"road","name":"","osm":"way/1551234795","highway":"footway","access":"","foot":""},"geometry":{"type":"LineString","coordinates":[[20.470134,54.718922],[20.470101,54.718905]]}},{"type":"Feature","properties":{"kind":"road","name":"","osm":"way/1551234796","highway":"footway","access":"","foot":""},"geometry":{"type":"LineString","coordinates":[[20.469326,54.719093],[20.469328,54.719078]]}},{"type":"Feature","properties":{"kind":"building","name":"","osm":"way/1553487969"},"geometry":{"type":"Polygon","coordinates":[[[20.475589,54.720543],[20.475485,54.720546],[20.475485,54.720518],[20.475584,54.720509],[20.475589,54.720543]]]}},{"type":"Feature","properties":{"kind":"building","name":"","osm":"way/1553487970"},"geometry":{"type":"Polygon","coordinates":[[[20.464465,54.725713],[20.464467,54.725609],[20.464669,54.725609],[20.464621,54.725714],[20.464465,54.725713]]]}},{"type":"Feature","properties":{"kind":"building","name":"Наш продукт","osm":"way/1553487971"},"geometry":{"type":"Polygon","coordinates":[[[20.464389,54.724997],[20.464385,54.724944],[20.464441,54.724947],[20.464443,54.724997],[20.464389,54.724997]]]}},{"type":"Feature","properties":{"kind":"road","name":"","osm":"way/1558362139","highway":"cycleway","access":"","foot":"designated"},"geometry":{"type":"LineString","coordinates":[[20.459462,54.722947],[20.459186,54.722991],[20.45864,54.723065],[20.457845,54.723193],[20.457431,54.723283],[20.457019,54.723415],[20.452871,54.725184],[20.449649,54.726511],[20.446727,54.727755],[20.444674,54.72863],[20.443262,54.729231],[20.441986,54.729743],[20.440669,54.730297],[20.439659,54.730752],[20.438809,54.731111],[20.438169,54.731381],[20.437256,54.731765],[20.434437,54.732913],[20.434363,54.733004],[20.433793,54.73324],[20.433805,54.733386],[20.433543,54.733494],[20.433284,54.733328]]}},{"type":"Feature","properties":{"kind":"road","name":"","osm":"way/1558362140","highway":"footway","access":"","foot":""},"geometry":{"type":"LineString","coordinates":[[20.459822,54.722984],[20.459725,54.722979],[20.459678,54.722976],[20.459631,54.722974]]}},{"type":"Feature","properties":{"kind":"road","name":"","osm":"way/1558362141","highway":"cycleway","access":"","foot":"designated"},"geometry":{"type":"LineString","coordinates":[[20.459631,54.722974],[20.459462,54.722947]]}},{"type":"Feature","properties":{"kind":"road","name":"","osm":"way/1558362142","highway":"cycleway","access":"","foot":"designated"},"geometry":{"type":"LineString","coordinates":[[20.433284,54.733328],[20.433246,54.733285],[20.434451,54.732797],[20.43716,54.731659],[20.43979,54.730563],[20.440807,54.730142],[20.443145,54.729173],[20.444537,54.728589],[20.444772,54.72849],[20.444825,54.728468],[20.450053,54.726233],[20.452897,54.725057],[20.455196,54.724095],[20.45733,54.723202],[20.457395,54.723175]]}},{"type":"Feature","properties":{"kind":"road","name":"","osm":"way/1558362143","highway":"cycleway","access":"","foot":"designated"},"geometry":{"type":"LineString","coordinates":[[20.45733,54.723202],[20.457332,54.722519]]}},{"type":"Feature","properties":{"kind":"road","name":"","osm":"way/1558362144","highway":"footway","access":"","foot":""},"geometry":{"type":"LineString","coordinates":[[20.457395,54.723175],[20.458771,54.722958],[20.458872,54.722842]]}},{"type":"Feature","properties":{"kind":"road","name":"","osm":"way/1559835787","highway":"footway","access":"","foot":""},"geometry":{"type":"LineString","coordinates":[[20.474882,54.720579],[20.474879,54.720685]]}},{"type":"Feature","properties":{"kind":"road","name":"","osm":"way/1559835788","highway":"footway","access":"","foot":""},"geometry":{"type":"LineString","coordinates":[[20.475923,54.721049],[20.475483,54.721126],[20.475357,54.721158],[20.474851,54.721155]]}},{"type":"Feature","properties":{"kind":"road","name":"","osm":"way/1559835789","highway":"footway","access":"","foot":""},"geometry":{"type":"LineString","coordinates":[[20.476127,54.720484],[20.476232,54.720553],[20.476103,54.720735],[20.475994,54.720813],[20.475925,54.720916],[20.475911,54.720995],[20.475923,54.721049],[20.475958,54.721173],[20.47599,54.721222],[20.476216,54.721301],[20.476531,54.721414],[20.47693,54.721581],[20.476963,54.721616],[20.476764,54.723424],[20.474716,54.723412]]}},{"type":"Feature","properties":{"kind":"green","name":"","osm":"way/1562064014"},"geometry":{"type":"Polygon","coordinates":[[[20.4679,54.711891],[20.469737,54.712018],[20.470825,54.712167],[20.470835,54.711887],[20.470676,54.711874],[20.469343,54.711734],[20.467982,54.711632],[20.4679,54.711891]]]}},{"type":"Feature","properties":{"kind":"green","name":"Сквер Фредерика Шопена","osm":"way/1562315546"},"geometry":{"type":"Polygon","coordinates":[[[20.468774,54.723479],[20.46963,54.723982],[20.470554,54.723459],[20.469697,54.722955],[20.468774,54.723479]]]}},{"type":"Feature","properties":{"kind":"road","name":"","osm":"way/1562315547","highway":"footway","access":"","foot":""},"geometry":{"type":"LineString","coordinates":[[20.469581,54.723512],[20.469616,54.723534],[20.469663,54.723545],[20.469713,54.723543],[20.469758,54.723529],[20.469787,54.723505],[20.469797,54.723477],[20.469781,54.723444],[20.469738,54.72342],[20.46968,54.723411],[20.469619,54.723421],[20.469577,54.723449],[20.469565,54.723485],[20.469581,54.723512]]}},{"type":"Feature","properties":{"kind":"road","name":"улица Дмитрия Донского","osm":"way/4568931","highway":"primary","access":"","foot":"no"},"geometry":{"type":"LineString","coordinates":[[20.485817,54.715377],[20.485728,54.71547],[20.485587,54.715538],[20.485414,54.715572],[20.48523,54.715568]]}},{"type":"Feature","properties":{"kind":"rail","name":"","osm":"way/26167457"},"geometry":{"type":"LineString","coordinates":[[20.488272,54.706983],[20.487331,54.708404],[20.487063,54.708802],[20.486938,54.708997],[20.486818,54.709195],[20.486734,54.709362],[20.486663,54.70953],[20.48662,54.709655],[20.486595,54.709755],[20.486557,54.709919],[20.486542,54.710025],[20.486531,54.710131]]}},{"type":"Feature","properties":{"kind":"road","name":"улица Румянцева","osm":"way/42448549","highway":"primary","access":"","foot":"no"},"geometry":{"type":"LineString","coordinates":[[20.488082,54.713219],[20.487519,54.713434],[20.487044,54.713622],[20.486773,54.713771],[20.486576,54.713884],[20.486097,54.714251],[20.486054,54.714292],[20.485979,54.714382],[20.485796,54.714647],[20.485646,54.71489],[20.485619,54.714961],[20.485665,54.715067]]}},{"type":"Feature","properties":{"kind":"green","name":"","osm":"way/42614940"},"geometry":{"type":"Polygon","coordinates":[[[20.485111,54.715095],[20.485279,54.715056],[20.485461,54.715065],[20.485598,54.715109],[20.485697,54.715182],[20.485738,54.715271],[20.485718,54.715359],[20.485657,54.715426],[20.485552,54.715482],[20.485428,54.715511],[20.485288,54.715516],[20.485146,54.715489],[20.485012,54.715421],[20.484945,54.715331],[20.484946,54.715237],[20.485003,54.715158],[20.485111,54.715095]]]}},{"type":"Feature","properties":{"kind":"road","name":"улица Дмитрия Донского","osm":"way/42690779","highway":"primary","access":"","foot":"no"},"geometry":{"type":"LineString","coordinates":[[20.484839,54.715289],[20.484688,54.71522],[20.484526,54.7152]]}},{"type":"Feature","properties":{"kind":"road","name":"улица Велосипедная Дорога","osm":"way/44448330","highway":"residential","access":"","foot":""},"geometry":{"type":"LineString","coordinates":[[20.479608,54.712117],[20.479879,54.712081],[20.480148,54.712058],[20.480379,54.712071],[20.480766,54.712097],[20.480865,54.712108],[20.481221,54.712147],[20.48197,54.712229],[20.482081,54.712242],[20.48254,54.712337],[20.483044,54.712423],[20.483705,54.712551],[20.484145,54.712636],[20.484341,54.712674],[20.485229,54.71286],[20.486289,54.713049],[20.486443,54.713101],[20.486684,54.713183]]}},{"type":"Feature","properties":{"kind":"rail","name":"","osm":"way/55800466"},"geometry":{"type":"LineString","coordinates":[[20.494758,54.717127],[20.494582,54.717017],[20.494419,54.7169],[20.493988,54.716539],[20.493701,54.716296],[20.49328,54.715969],[20.492827,54.715644],[20.491876,54.715111],[20.489998,54.714223],[20.489585,54.714012],[20.489193,54.713793],[20.48881,54.713555],[20.488458,54.713293],[20.48792,54.712742],[20.487716,54.712514],[20.487543,54.71232],[20.487403,54.712161],[20.487278,54.712026],[20.487041,54.711744],[20.486949,54.711631],[20.486827,54.71146],[20.48676,54.711347],[20.486677,54.711194],[20.486631,54.711095],[20.486564,54.710929],[20.486526,54.71082],[20.486484,54.710657],[20.486467,54.710518],[20.486454,54.710358],[20.486452,54.710219]]}},{"type":"Feature","properties":{"kind":"rail","name":"","osm":"way/58425908"},"geometry":{"type":"LineString","coordinates":[[20.480213,54.710642],[20.479302,54.710803],[20.478027,54.711028],[20.477382,54.711134],[20.47704,54.711185]]}},{"type":"Feature","properties":{"kind":"rail","name":"","osm":"way/58425912"},"geometry":{"type":"LineString","coordinates":[[20.48299,54.705571],[20.483005,54.707028],[20.483027,54.709068],[20.482931,54.709345],[20.482869,54.709439],[20.482735,54.709645],[20.482324,54.710016],[20.481966,54.71025],[20.481831,54.710338],[20.481666,54.710426],[20.481479,54.710493],[20.481027,54.710625],[20.480526,54.710723],[20.47904,54.710932],[20.477709,54.711214],[20.477139,54.711306]]}},{"type":"Feature","properties":{"kind":"rail","name":"","osm":"way/74964540"},"geometry":{"type":"LineString","coordinates":[[20.470969,54.707703],[20.471684,54.707984],[20.471995,54.708104],[20.47218,54.708175],[20.47274,54.708399],[20.472959,54.708507],[20.473295,54.708745],[20.473461,54.708918],[20.473608,54.709102],[20.473675,54.709185],[20.47399,54.709595],[20.474276,54.709873],[20.474562,54.710092],[20.474909,54.710278],[20.475315,54.710467],[20.475621,54.71058],[20.476013,54.710709],[20.47638,54.710821],[20.476775,54.710903],[20.477075,54.710939],[20.477416,54.710957],[20.477744,54.710925],[20.47806,54.710894],[20.478285,54.710872],[20.478914,54.710745],[20.479329,54.710625],[20.480175,54.710131]]}},{"type":"Feature","properties":{"kind":"rail","name":"","osm":"way/74964555"},"geometry":{"type":"LineString","coordinates":[[20.478669,54.710819],[20.478862,54.710819],[20.479153,54.71078],[20.480184,54.710598]]}},{"type":"Feature","properties":{"kind":"rail","name":"","osm":"way/74964570"},"geometry":{"type":"LineString","coordinates":[[20.477368,54.71152],[20.480078,54.71122],[20.481113,54.7111],[20.482165,54.710984],[20.482527,54.710951],[20.482784,54.710935],[20.483085,54.710927],[20.483331,54.710922],[20.483609,54.710926],[20.483876,54.71094],[20.484115,54.710961],[20.484364,54.710995],[20.484634,54.711041],[20.484834,54.711083],[20.48515,54.71116],[20.485409,54.711235],[20.485684,54.711324],[20.485954,54.711421],[20.486273,54.711562],[20.486485,54.711659],[20.486663,54.711753],[20.486823,54.711847],[20.487004,54.711961],[20.487147,54.712071],[20.487303,54.712201],[20.487433,54.712315],[20.487559,54.712425],[20.487675,54.712532],[20.48792,54.712742]]}},{"type":"Feature","properties":{"kind":"rail","name":"","osm":"way/74964576"},"geometry":{"type":"LineString","coordinates":[[20.478914,54.710745],[20.480019,54.710482]]}},{"type":"Feature","properties":{"kind":"rail","name":"","osm":"way/74964587"},"geometry":{"type":"LineString","coordinates":[[20.47704,54.711185],[20.477346,54.711071],[20.477557,54.710993],[20.478117,54.710895],[20.478285,54.710872],[20.478669,54.710819],[20.480131,54.710564]]}},{"type":"Feature","properties":{"kind":"rail","name":"","osm":"way/78049359"},"geometry":{"type":"LineString","coordinates":[[20.486454,54.710131],[20.486464,54.710021],[20.486481,54.709919],[20.486518,54.709751],[20.486544,54.709658],[20.486592,54.709519],[20.486631,54.70943],[20.486689,54.709307],[20.486754,54.709187],[20.486879,54.708985],[20.487007,54.708788],[20.48727,54.708391]]}},{"type":"Feature","properties":{"kind":"road","name":"","osm":"way/78049363","highway":"footway","access":"","foot":""},"geometry":{"type":"LineString","coordinates":[[20.489693,54.71018],[20.489268,54.710179],[20.488291,54.710181],[20.487658,54.71018],[20.4876,54.710184],[20.485996,54.710217]]}},{"type":"Feature","properties":{"kind":"rail","name":"","osm":"way/78049365"},"geometry":{"type":"LineString","coordinates":[[20.486452,54.710219],[20.486454,54.710131]]}},{"type":"Feature","properties":{"kind":"rail","name":"","osm":"way/78049374"},"geometry":{"type":"LineString","coordinates":[[20.486531,54.710131],[20.486529,54.710218]]}},{"type":"Feature","properties":{"kind":"building","name":"","osm":"way/91249440"},"geometry":{"type":"Polygon","coordinates":[[[20.483109,54.716142],[20.483149,54.715597],[20.483364,54.715603],[20.483348,54.715829],[20.483624,54.715835],[20.483648,54.715501],[20.483866,54.715506],[20.483812,54.716253],[20.483593,54.716248],[20.483616,54.715928],[20.483353,54.715922],[20.483336,54.716147],[20.483109,54.716142]]]}},{"type":"Feature","properties":{"kind":"road","name":"","osm":"way/103139969","highway":"residential","access":"","foot":""},"geometry":{"type":"LineString","coordinates":[[20.480849,54.715192],[20.480855,54.715233],[20.480765,54.71618],[20.480759,54.716244],[20.48075,54.716365],[20.480733,54.716861],[20.481185,54.716864],[20.481268,54.716863],[20.48172,54.716859]]}},{"type":"Feature","properties":{"kind":"building","name":"","osm":"way/107105587"},"geometry":{"type":"Polygon","coordinates":[[[20.486481,54.715261],[20.486586,54.715285],[20.486586,54.714807],[20.486398,54.714763],[20.48602,54.715301],[20.486391,54.715389],[20.486481,54.715261]]]}},{"type":"Feature","properties":{"kind":"building","name":"","osm":"way/132323589"},"geometry":{"type":"Polygon","coordinates":[[[20.482847,54.715345],[20.482842,54.715468],[20.483074,54.715472],[20.483079,54.715349],[20.483152,54.71535],[20.483157,54.715243],[20.482852,54.715238],[20.482847,54.715345]]]}},{"type":"Feature","properties":{"kind":"building","name":"","osm":"way/132936465"},"geometry":{"type":"Polygon","coordinates":[[[20.486156,54.714638],[20.486434,54.714699],[20.486501,54.714597],[20.486222,54.714536],[20.486156,54.714638]]]}},{"type":"Feature","properties":{"kind":"building","name":"Канализационная насосная станция","osm":"way/132936481"},"geometry":{"type":"Polygon","coordinates":[[[20.485895,54.713604],[20.48556,54.713494],[20.485472,54.713583],[20.485372,54.713685],[20.485707,54.713795],[20.485895,54.713604]]]}},{"type":"Feature","properties":{"kind":"building","name":"","osm":"way/144329640"},"geometry":{"type":"Polygon","coordinates":[[[20.484756,54.715557],[20.484913,54.7156],[20.484996,54.715641],[20.485021,54.715677],[20.484961,54.716332],[20.48454,54.716325],[20.484588,54.715618],[20.484563,54.715618],[20.484562,54.7156],[20.484492,54.7156],[20.484492,54.715553],[20.484593,54.715554],[20.484756,54.715557]]]}},{"type":"Feature","properties":{"kind":"road","name":"","osm":"way/167984312","highway":"service","access":"","foot":""},"geometry":{"type":"LineString","coordinates":[[20.485259,54.716427],[20.484318,54.7164],[20.484361,54.715782]]}},{"type":"Feature","properties":{"kind":"road","name":"","osm":"way/175185497","highway":"service","access":"","foot":""},"geometry":{"type":"LineString","coordinates":[[20.480759,54.716244],[20.481718,54.71624],[20.481784,54.715575],[20.48175,54.715541],[20.481713,54.715524],[20.481668,54.715521]]}},{"type":"Feature","properties":{"kind":"building","name":"","osm":"way/175185610"},"geometry":{"type":"Polygon","coordinates":[[[20.481126,54.716191],[20.481171,54.715452],[20.4816,54.715461],[20.48159,54.715626],[20.481385,54.715621],[20.48135,54.716195],[20.481126,54.716191]]]}},{"type":"Feature","properties":{"kind":"building","name":"","osm":"way/234866243"},"geometry":{"type":"Polygon","coordinates":[[[20.486586,54.714189],[20.48651,54.714251],[20.486503,54.714296],[20.486586,54.714293],[20.486586,54.714189]]]}},{"type":"Feature","properties":{"kind":"rail","name":"","osm":"way/240142543"},"geometry":{"type":"LineString","coordinates":[[20.48727,54.708391],[20.48705,54.70865],[20.486864,54.708872],[20.486757,54.708993],[20.486667,54.709089],[20.486586,54.709171],[20.486474,54.709282],[20.486327,54.709406],[20.486202,54.709505],[20.486085,54.709595],[20.485961,54.709684],[20.485809,54.709782],[20.485671,54.709868],[20.485508,54.709959],[20.485351,54.710041],[20.485187,54.710122],[20.485021,54.710201],[20.484998,54.71021],[20.484753,54.710311],[20.484548,54.710388],[20.484263,54.710488],[20.484032,54.710561],[20.483768,54.710635],[20.483524,54.710698],[20.483216,54.71077],[20.482951,54.710821],[20.482635,54.71087],[20.482347,54.710911],[20.481968,54.710955],[20.480065,54.711178],[20.477335,54.711489]]}},{"type":"Feature","properties":{"kind":"building","name":"","osm":"way/259868484"},"geometry":{"type":"Polygon","coordinates":[[[20.485743,54.712858],[20.485868,54.712879],[20.485899,54.712818],[20.485773,54.712797],[20.485743,54.712858]]]}},{"type":"Feature","properties":{"kind":"building","name":"","osm":"way/259868488"},"geometry":{"type":"Polygon","coordinates":[[[20.485104,54.712543],[20.485062,54.712638],[20.485331,54.712679],[20.485374,54.712584],[20.485104,54.712543]]]}},{"type":"Feature","properties":{"kind":"road","name":"","osm":"way/288838764","highway":"track","access":"","foot":""},"geometry":{"type":"LineString","coordinates":[[20.482497,54.711],[20.483204,54.710988],[20.483941,54.711062],[20.485045,54.711259],[20.485778,54.711469],[20.486538,54.711805],[20.4869,54.712045],[20.486946,54.712125],[20.486991,54.712205],[20.4871,54.712343],[20.487199,54.712478],[20.487402,54.712629],[20.487463,54.712749]]}},{"type":"Feature","properties":{"kind":"road","name":"","osm":"way/298209613","highway":"path","access":"","foot":""},"geometry":{"type":"LineString","coordinates":[[20.4788,54.71269],[20.478998,54.712665],[20.479041,54.712665],[20.479135,54.712554],[20.479194,54.712475],[20.479355,54.712433],[20.479467,54.712407],[20.479659,54.712414],[20.479735,54.712412],[20.479802,54.712413],[20.480012,54.712401],[20.480053,54.7124],[20.480178,54.712396],[20.480304,54.712363],[20.480474,54.712353],[20.480723,54.712374],[20.480848,54.71237],[20.481002,54.712357],[20.481158,54.712367],[20.481434,54.712401],[20.481737,54.712443],[20.481888,54.712465],[20.482066,54.712499],[20.482238,54.712534],[20.482495,54.712569],[20.482579,54.712576],[20.482677,54.712596],[20.482768,54.712607],[20.482924,54.712636],[20.483095,54.712671],[20.483205,54.712687],[20.483321,54.712693],[20.483373,54.712704],[20.483508,54.712716],[20.483628,54.712738],[20.483776,54.712775],[20.483938,54.712818],[20.484057,54.712863],[20.484103,54.71291],[20.484178,54.712901],[20.484265,54.712895],[20.484423,54.712899],[20.484628,54.712912],[20.484776,54.712925],[20.484896,54.712936],[20.484933,54.71294],[20.484973,54.71294],[20.485039,54.712913],[20.485131,54.71289],[20.485229,54.71286]]}},{"type":"Feature","properties":{"kind":"road","name":"","osm":"way/301643747","highway":"path","access":"","foot":""},"geometry":{"type":"LineString","coordinates":[[20.484574,54.7103],[20.484557,54.710264]]}},{"type":"Feature","properties":{"kind":"road","name":"","osm":"way/301643748","highway":"path","access":"","foot":""},"geometry":{"type":"LineString","coordinates":[[20.484557,54.710264],[20.48476,54.710235],[20.484998,54.71021],[20.485132,54.710196],[20.485286,54.710175],[20.485996,54.710217]]}},{"type":"Feature","properties":{"kind":"road","name":"","osm":"way/301645269","highway":"path","access":"","foot":""},"geometry":{"type":"LineString","coordinates":[[20.477332,54.711475],[20.477411,54.71147],[20.47744,54.711463],[20.481838,54.710931],[20.482815,54.710775],[20.483795,54.710545],[20.484574,54.7103]]}},{"type":"Feature","properties":{"kind":"rail","name":"","osm":"way/335233179"},"geometry":{"type":"LineString","coordinates":[[20.494758,54.717127],[20.494492,54.716895],[20.494166,54.716624],[20.494084,54.716551],[20.493735,54.716266],[20.49333,54.715941],[20.492879,54.715623],[20.49193,54.715077],[20.490051,54.714189],[20.489632,54.713976],[20.489236,54.713761],[20.488847,54.713523],[20.488512,54.713271],[20.48798,54.712713],[20.487884,54.712607],[20.487607,54.712303],[20.487345,54.712008],[20.487136,54.711769],[20.487015,54.711617],[20.486898,54.71145],[20.486829,54.711335],[20.486759,54.711202],[20.486703,54.711086],[20.486637,54.710921],[20.486603,54.710812],[20.486566,54.710657],[20.486542,54.71052],[20.486531,54.710358],[20.486529,54.710218]]}},{"type":"Feature","properties":{"kind":"road","name":"","osm":"way/360798835","highway":"footway","access":"","foot":""},"geometry":{"type":"LineString","coordinates":[[20.484521,54.71526],[20.484651,54.715315],[20.484772,54.715375],[20.484824,54.715442],[20.484942,54.715529],[20.485016,54.715584],[20.485096,54.715649],[20.485233,54.715651],[20.485399,54.715649],[20.485514,54.71564],[20.485652,54.71561],[20.485758,54.715561],[20.48581,54.715525],[20.485817,54.715507],[20.485862,54.715475],[20.48592,54.715404],[20.4859,54.715367],[20.485889,54.715338],[20.485882,54.715308],[20.485888,54.715246],[20.485888,54.715181],[20.485828,54.715117],[20.485774,54.715071],[20.485741,54.715034],[20.485736,54.715021]]}},{"type":"Feature","properties":{"kind":"green","name":"","osm":"way/360798850"},"geometry":{"type":"Polygon","coordinates":[[[20.484738,54.715222],[20.484746,54.715187],[20.484764,54.715151],[20.484698,54.71516],[20.484636,54.71517],[20.484675,54.715191],[20.484738,54.715222]]]}},{"type":"Feature","properties":{"kind":"road","name":"","osm":"way/404700850","highway":"footway","access":"","foot":""},"geometry":{"type":"LineString","coordinates":[[20.486232,54.714306],[20.486122,54.714417],[20.48598,54.714627],[20.485832,54.714879]]}},{"type":"Feature","properties":{"kind":"road","name":"","osm":"way/404700851","highway":"footway","access":"","foot":""},"geometry":{"type":"LineString","coordinates":[[20.485743,54.714995],[20.485619,54.714961],[20.485596,54.714954],[20.485568,54.714947],[20.485505,54.71493],[20.485428,54.714908]]}},{"type":"Feature","properties":{"kind":"road","name":"","osm":"way/404700852","highway":"footway","access":"","foot":""},"geometry":{"type":"LineString","coordinates":[[20.488142,54.71327],[20.487559,54.713482],[20.486991,54.713715],[20.486902,54.713787],[20.486852,54.713834],[20.486824,54.713872],[20.486769,54.713923],[20.486674,54.714012],[20.486519,54.714128],[20.486336,54.714274],[20.486232,54.714306]]}},{"type":"Feature","properties":{"kind":"road","name":"","osm":"way/429394323","highway":"footway","access":"","foot":""},"geometry":{"type":"LineString","coordinates":[[20.484542,54.715102],[20.484455,54.715104],[20.484328,54.715105],[20.483942,54.715059],[20.483619,54.715045],[20.48347,54.715038],[20.482651,54.715],[20.482603,54.715],[20.482544,54.715001],[20.482471,54.714996],[20.482367,54.714998],[20.482169,54.714996],[20.48167,54.715015],[20.481305,54.715052],[20.480976,54.715089],[20.480791,54.71512],[20.479541,54.715287]]}},{"type":"Feature","properties":{"kind":"road","name":"","osm":"way/429394325","highway":"service","access":"","foot":""},"geometry":{"type":"LineString","coordinates":[[20.483232,54.715106],[20.483223,54.715185],[20.483199,54.715469]]}},{"type":"Feature","properties":{"kind":"road","name":"","osm":"way/429394326","highway":"footway","access":"","foot":""},"geometry":{"type":"LineString","coordinates":[[20.484521,54.71526],[20.484233,54.715238],[20.483863,54.71521],[20.483223,54.715185],[20.482592,54.71515]]}},{"type":"Feature","properties":{"kind":"road","name":"","osm":"way/429394327","highway":"footway","access":"","foot":""},"geometry":{"type":"LineString","coordinates":[[20.484542,54.715102],[20.48454,54.715139],[20.484526,54.7152],[20.484521,54.71526]]}},{"type":"Feature","properties":{"kind":"road","name":"","osm":"way/429394328","highway":"footway","access":"","foot":""},"geometry":{"type":"LineString","coordinates":[[20.482592,54.71515],[20.482129,54.715157],[20.481583,54.715154],[20.480855,54.715233]]}},{"type":"Feature","properties":{"kind":"green","name":"","osm":"way/429394330"},"geometry":{"type":"Polygon","coordinates":[[[20.484599,54.715261],[20.484659,54.715255],[20.484735,54.715288],[20.484778,54.715346],[20.4847,54.715316],[20.484599,54.715261]]]}},{"type":"Feature","properties":{"kind":"green","name":"","osm":"way/429394331"},"geometry":{"type":"Polygon","coordinates":[[[20.485579,54.715024],[20.4856,54.714961],[20.485582,54.714957],[20.485564,54.714967],[20.485486,54.715001],[20.485532,54.715011],[20.485579,54.715024]]]}},{"type":"Feature","properties":{"kind":"green","name":"","osm":"way/429394332"},"geometry":{"type":"Polygon","coordinates":[[[20.482635,54.715129],[20.482774,54.715116],[20.48296,54.715123],[20.483179,54.715135],[20.483192,54.715168],[20.482895,54.715151],[20.482635,54.715129]]]}},{"type":"Feature","properties":{"kind":"green","name":"","osm":"way/429394333"},"geometry":{"type":"Polygon","coordinates":[[[20.483313,54.71517],[20.483385,54.715136],[20.483637,54.715152],[20.483953,54.715175],[20.484522,54.71522],[20.484511,54.715234],[20.483911,54.715195],[20.483313,54.71517]]]}},{"type":"Feature","properties":{"kind":"road","name":"улица Дмитрия Донского","osm":"way/429394335","highway":"primary","access":"","foot":""},"geometry":{"type":"LineString","coordinates":[[20.480849,54.715192],[20.479806,54.715364],[20.478934,54.715492]]}},{"type":"Feature","properties":{"kind":"road","name":"","osm":"way/448403429","highway":"path","access":"","foot":""},"geometry":{"type":"LineString","coordinates":[[20.480791,54.71512],[20.480777,54.714959],[20.48079,54.714794],[20.480814,54.71466],[20.480839,54.714558],[20.480828,54.714491],[20.480849,54.714316],[20.480947,54.71423],[20.48095,54.714165],[20.480877,54.714069],[20.480873,54.713965],[20.480862,54.713843],[20.480879,54.713715],[20.480891,54.713583],[20.480895,54.713525],[20.480908,54.713439],[20.480894,54.713297],[20.480885,54.713242]]}},{"type":"Feature","properties":{"kind":"road","name":"","osm":"way/448409112","highway":"path","access":"","foot":""},"geometry":{"type":"LineString","coordinates":[[20.482651,54.715],[20.482708,54.714883],[20.482764,54.71477],[20.482802,54.714661],[20.482875,54.71446],[20.482923,54.714389],[20.482987,54.714216],[20.483094,54.714062],[20.483196,54.713864],[20.483309,54.713653],[20.483403,54.713348],[20.483472,54.713175],[20.483548,54.712914],[20.483547,54.712867],[20.483628,54.712738],[20.483637,54.712687],[20.483661,54.71264],[20.483705,54.712551]]}},{"type":"Feature","properties":{"kind":"road","name":"","osm":"way/448732162","highway":"path","access":"","foot":""},"geometry":{"type":"LineString","coordinates":[[20.484973,54.71294],[20.484885,54.713031],[20.484886,54.713099],[20.484863,54.713174],[20.48482,54.713207],[20.48477,54.713339],[20.484752,54.71353],[20.484808,54.713645],[20.484869,54.713699]]}},{"type":"Feature","properties":{"kind":"road","name":"","osm":"way/448732163","highway":"path","access":"","foot":""},"geometry":{"type":"LineString","coordinates":[[20.480178,54.712396],[20.480159,54.712424],[20.480073,54.71244],[20.479972,54.71245],[20.479911,54.712458],[20.479868,54.712457],[20.479854,54.712446],[20.479832,54.712441],[20.479803,54.71244],[20.479726,54.71245],[20.479682,54.712463],[20.479634,54.71249],[20.479536,54.712511],[20.479452,54.71251],[20.47934,54.712548]]}},{"type":"Feature","properties":{"kind":"road","name":"","osm":"way/448732164","highway":"path","access":"","foot":""},"geometry":{"type":"LineString","coordinates":[[20.48456,54.713024],[20.484433,54.71298],[20.484206,54.71294],[20.484103,54.71291],[20.483929,54.71292],[20.483811,54.712907],[20.483765,54.712906],[20.483687,54.712892],[20.483613,54.712878],[20.483547,54.712867],[20.483304,54.712826],[20.483244,54.712823],[20.483125,54.712804],[20.483022,54.712788],[20.482926,54.712773],[20.482897,54.712762],[20.482841,54.71275],[20.482679,54.712711],[20.482624,54.712695],[20.48258,54.712685],[20.482485,54.712668],[20.482437,54.712659],[20.482251,54.71264],[20.482032,54.712611],[20.482019,54.712578],[20.481973,54.712566],[20.4819,54.71256],[20.481836,54.712548],[20.481737,54.712537],[20.481643,54.712521],[20.481434,54.712498],[20.481254,54.712484],[20.481128,54.712494],[20.480961,54.712536]]}},{"type":"Feature","properties":{"kind":"road","name":"","osm":"way/448732165","highway":"path","access":"","foot":""},"geometry":{"type":"LineString","coordinates":[[20.47983,54.7126],[20.479961,54.712569],[20.480127,54.712544],[20.480184,54.712541],[20.480227,54.712548],[20.480296,54.712577],[20.480373,54.712664]]}},{"type":"Feature","properties":{"kind":"road","name":"","osm":"way/448886150","highway":"path","access":"","foot":""},"geometry":{"type":"LineString","coordinates":[[20.486576,54.713009],[20.486817,54.712976],[20.487067,54.712984],[20.487323,54.71301]]}},{"type":"Feature","properties":{"kind":"road","name":"","osm":"way/449130822","highway":"path","access":"","foot":""},"geometry":{"type":"LineString","coordinates":[[20.481836,54.712548],[20.481863,54.712503],[20.481888,54.712465],[20.481915,54.712396],[20.48195,54.71233],[20.48197,54.712229]]}},{"type":"Feature","properties":{"kind":"road","name":"","osm":"way/449132262","highway":"path","access":"","foot":""},"geometry":{"type":"LineString","coordinates":[[20.480053,54.7124],[20.480073,54.71244],[20.480108,54.71248],[20.480117,54.712502],[20.480127,54.712544]]}},{"type":"Feature","properties":{"kind":"road","name":"","osm":"way/449361422","highway":"path","access":"","foot":""},"geometry":{"type":"LineString","coordinates":[[20.482495,54.712569],[20.482465,54.712612],[20.482437,54.712659]]}},{"type":"Feature","properties":{"kind":"road","name":"","osm":"way/449361425","highway":"path","access":"","foot":""},"geometry":{"type":"LineString","coordinates":[[20.479802,54.712413],[20.479803,54.71244],[20.479783,54.712502],[20.479792,54.712549],[20.47983,54.7126],[20.479881,54.71268],[20.479959,54.712775],[20.480024,54.712836],[20.480075,54.712868],[20.480162,54.712911]]}},{"type":"Feature","properties":{"kind":"road","name":"","osm":"way/449467303","highway":"path","access":"","foot":""},"geometry":{"type":"LineString","coordinates":[[20.480865,54.712108],[20.480817,54.712184],[20.480777,54.712258],[20.480723,54.712374],[20.480698,54.712424],[20.480666,54.712466],[20.480647,54.712503],[20.480623,54.712537],[20.480582,54.712585],[20.480509,54.7126],[20.480458,54.712606],[20.480373,54.712664],[20.480337,54.712695],[20.4803,54.712731],[20.480162,54.712911],[20.480135,54.712937]]}},{"type":"Feature","properties":{"kind":"road","name":"","osm":"way/449467304","highway":"track","access":"","foot":""},"geometry":{"type":"LineString","coordinates":[[20.480135,54.712937],[20.480039,54.713013],[20.480012,54.713055],[20.479981,54.713118],[20.479784,54.713277],[20.479658,54.713365],[20.479514,54.713446],[20.47935,54.713605],[20.479277,54.713734],[20.47924,54.713735],[20.479152,54.713752],[20.479068,54.713769],[20.47891,54.713797],[20.478771,54.713823],[20.478605,54.713846],[20.478478,54.71386],[20.478336,54.713899],[20.478258,54.713924],[20.478168,54.714],[20.478131,54.714066],[20.47809,54.714219],[20.478069,54.714346],[20.47801,54.714578],[20.478019,54.714854],[20.478171,54.715432]]}},{"type":"Feature","properties":{"kind":"road","name":"","osm":"way/449467305","highway":"path","access":"","foot":""},"geometry":{"type":"LineString","coordinates":[[20.483548,54.712914],[20.483613,54.712878]]}},{"type":"Feature","properties":{"kind":"road","name":"","osm":"way/449467307","highway":"path","access":"","foot":""},"geometry":{"type":"LineString","coordinates":[[20.480582,54.712585],[20.480648,54.712588],[20.48076,54.712585],[20.480894,54.71258],[20.480961,54.712536]]}},{"type":"Feature","properties":{"kind":"road","name":"","osm":"way/449468659","highway":"path","access":"","foot":""},"geometry":{"type":"LineString","coordinates":[[20.480373,54.712664],[20.480443,54.712696],[20.480614,54.712727],[20.480746,54.712739],[20.480838,54.712747],[20.480861,54.712759]]}},{"type":"Feature","properties":{"kind":"road","name":"","osm":"way/449731547","highway":"service","access":"","foot":""},"geometry":{"type":"LineString","coordinates":[[20.486762,54.712796],[20.485142,54.712477]]}},{"type":"Feature","properties":{"kind":"road","name":"","osm":"way/449731548","highway":"path","access":"","foot":""},"geometry":{"type":"LineString","coordinates":[[20.480976,54.715089],[20.481047,54.714781],[20.481101,54.714456],[20.481203,54.714044],[20.481213,54.713703],[20.481281,54.713418],[20.481314,54.713262],[20.481322,54.713211],[20.481349,54.713132],[20.481427,54.713118],[20.481459,54.713061],[20.481512,54.71298],[20.481605,54.712893],[20.481674,54.712793],[20.481734,54.712719],[20.481774,54.712676],[20.481811,54.712665],[20.481923,54.71265],[20.482032,54.712611]]}},{"type":"Feature","properties":{"kind":"road","name":"","osm":"way/449731549","highway":"path","access":"","foot":""},"geometry":{"type":"LineString","coordinates":[[20.484752,54.71353],[20.484631,54.713529],[20.484435,54.713502],[20.484127,54.713462],[20.483944,54.71342],[20.483673,54.713392],[20.483403,54.713348],[20.482624,54.713235],[20.4823,54.713185],[20.482238,54.713174],[20.482118,54.713154],[20.482011,54.713131],[20.481903,54.713111],[20.481769,54.713102],[20.481459,54.713061],[20.481421,54.713037],[20.481368,54.71304],[20.481337,54.712978],[20.481304,54.712917],[20.481208,54.712877],[20.481067,54.712825],[20.480956,54.712797],[20.48088,54.712785],[20.480861,54.712759]]}},{"type":"Feature","properties":{"kind":"road","name":"","osm":"way/449731550","highway":"service","access":"","foot":""},"geometry":{"type":"LineString","coordinates":[[20.486443,54.713101],[20.486576,54.713009],[20.486762,54.712796],[20.487025,54.712747],[20.487245,54.712747],[20.487463,54.712749]]}},{"type":"Feature","properties":{"kind":"road","name":"","osm":"way/450075103","highway":"path","access":"","foot":""},"geometry":{"type":"LineString","coordinates":[[20.482841,54.71275],[20.482924,54.712636],[20.482966,54.712534],[20.483044,54.712423]]}},{"type":"Feature","properties":{"kind":"road","name":"","osm":"way/450497412","highway":"path","access":"","foot":""},"geometry":{"type":"LineString","coordinates":[[20.47935,54.713605],[20.479695,54.713673],[20.479956,54.713625],[20.480135,54.713575],[20.480444,54.713475],[20.480613,54.713403],[20.480746,54.713353],[20.480839,54.713328],[20.480894,54.713297],[20.481044,54.713273],[20.481314,54.713262],[20.481383,54.713256],[20.481652,54.713224],[20.481995,54.713202],[20.482238,54.713174]]}},{"type":"Feature","properties":{"kind":"road","name":"","osm":"way/450679390","highway":"path","access":"","foot":""},"geometry":{"type":"LineString","coordinates":[[20.48347,54.715038],[20.48335,54.71485],[20.483141,54.714689],[20.48299,54.714553],[20.482875,54.71446]]}},{"type":"Feature","properties":{"kind":"road","name":"","osm":"way/450907359","highway":"path","access":"","foot":""},"geometry":{"type":"LineString","coordinates":[[20.480853,54.712993],[20.480862,54.712927],[20.48088,54.712785]]}},{"type":"Feature","properties":{"kind":"road","name":"","osm":"way/450907360","highway":"path","access":"","foot":""},"geometry":{"type":"LineString","coordinates":[[20.481349,54.713132],[20.481325,54.7131],[20.481368,54.71304]]}},{"type":"Feature","properties":{"kind":"green","name":"","osm":"way/451262814"},"geometry":{"type":"Polygon","coordinates":[[[20.483232,54.715488],[20.48327,54.715201],[20.4837,54.715213],[20.484193,54.715244],[20.484264,54.71525],[20.484499,54.715272],[20.484603,54.715315],[20.484594,54.715376],[20.484565,54.715513],[20.484558,54.715525],[20.484386,54.715519],[20.484157,54.71551],[20.484181,54.715285],[20.484066,54.715286],[20.483899,54.715396],[20.48336,54.715485],[20.483232,54.715488]]]}},{"type":"Feature","properties":{"kind":"road","name":"","osm":"way/451262823","highway":"footway","access":"","foot":""},"geometry":{"type":"LineString","coordinates":[[20.480277,54.716072],[20.480292,54.715919],[20.479825,54.715919],[20.479409,54.715915],[20.479406,54.71604],[20.479397,54.716181],[20.479377,54.716561],[20.479363,54.71699],[20.479446,54.717043],[20.479628,54.717048],[20.479733,54.716993],[20.479775,54.71625]]}},{"type":"Feature","properties":{"kind":"road","name":"","osm":"way/545914124","highway":"footway","access":"","foot":""},"geometry":{"type":"LineString","coordinates":[[20.485399,54.715649],[20.485306,54.715701],[20.485316,54.717235],[20.485358,54.717826],[20.485366,54.71797],[20.485328,54.718977],[20.485336,54.719345],[20.485363,54.719618],[20.485553,54.719965]]}},{"type":"Feature","properties":{"kind":"road","name":"","osm":"way/600080884","highway":"service","access":"","foot":""},"geometry":{"type":"LineString","coordinates":[[20.486666,54.71429],[20.486643,54.714309],[20.486232,54.714306],[20.486054,54.714292]]}},{"type":"Feature","properties":{"kind":"building","name":"","osm":"way/600082233"},"geometry":{"type":"Polygon","coordinates":[[[20.485237,54.713281],[20.485284,54.713163],[20.4854,54.713179],[20.485352,54.713297],[20.485237,54.713281]]]}},{"type":"Feature","properties":{"kind":"road","name":"","osm":"way/600082235","highway":"service","access":"","foot":""},"geometry":{"type":"LineString","coordinates":[[20.485559,54.713425],[20.485281,54.713721],[20.485681,54.713846],[20.485812,54.713853],[20.485949,54.713833],[20.486052,54.713784],[20.486088,54.713715],[20.486061,54.713627],[20.485984,54.713558],[20.485559,54.713425]]}},{"type":"Feature","properties":{"kind":"building","name":"","osm":"way/600082238"},"geometry":{"type":"Polygon","coordinates":[[[20.485628,54.712415],[20.485657,54.712364],[20.485815,54.712393],[20.485786,54.712445],[20.485628,54.712415]]]}},{"type":"Feature","properties":{"kind":"building","name":"","osm":"way/627386724"},"geometry":{"type":"Polygon","coordinates":[[[20.485554,54.710951],[20.485556,54.710488],[20.48506,54.710487],[20.485058,54.71095],[20.485554,54.710951]]]}},{"type":"Feature","properties":{"kind":"building","name":"","osm":"way/627387000"},"geometry":{"type":"Polygon","coordinates":[[[20.486586,54.71598],[20.48609,54.715974],[20.48608,54.716258],[20.486586,54.716264],[20.486586,54.71598]]]}},{"type":"Feature","properties":{"kind":"road","name":"улица Дмитрия Донского","osm":"way/669215947","highway":"primary","access":"","foot":"no"},"geometry":{"type":"LineString","coordinates":[[20.485665,54.715067],[20.485794,54.715162],[20.485841,54.715268],[20.485817,54.715377]]}},{"type":"Feature","properties":{"kind":"road","name":"улица Дмитрия Донского","osm":"way/736292430","highway":"primary","access":"","foot":"no"},"geometry":{"type":"LineString","coordinates":[[20.484839,54.715289],[20.484861,54.715204],[20.484918,54.715131]]}},{"type":"Feature","properties":{"kind":"road","name":"улица Дмитрия Донского","osm":"way/736292431","highway":"primary","access":"","foot":""},"geometry":{"type":"LineString","coordinates":[[20.48436,54.715163],[20.484257,54.715158]]}},{"type":"Feature","properties":{"kind":"road","name":"","osm":"way/736292433","highway":"footway","access":"","foot":""},"geometry":{"type":"LineString","coordinates":[[20.487884,54.713167],[20.487716,54.713228],[20.487177,54.713431],[20.486944,54.713537],[20.486662,54.713685],[20.486438,54.713832],[20.486066,54.714112],[20.485984,54.71418],[20.485833,54.714316],[20.485717,54.714473],[20.485548,54.7148],[20.485514,54.71485],[20.48548,54.714889],[20.485428,54.714908],[20.485409,54.714915],[20.485329,54.714924],[20.485195,54.71493],[20.485112,54.714942],[20.485023,54.714969],[20.48492,54.715018],[20.484834,54.715057],[20.484759,54.715088],[20.48469,54.715102],[20.484542,54.715102]]}},{"type":"Feature","properties":{"kind":"road","name":"","osm":"way/800171076","highway":"service","access":"","foot":""},"geometry":{"type":"LineString","coordinates":[[20.486088,54.713715],[20.486438,54.713832],[20.486481,54.713848]]}},{"type":"Feature","properties":{"kind":"building","name":"","osm":"way/810259543"},"geometry":{"type":"Polygon","coordinates":[[[20.483644,54.709933],[20.483645,54.710041],[20.484657,54.710039],[20.484657,54.709933],[20.483644,54.709933]]]}},{"type":"Feature","properties":{"kind":"building","name":"","osm":"way/810262526"},"geometry":{"type":"Polygon","coordinates":[[[20.482696,54.710187],[20.482649,54.710129],[20.482611,54.710081],[20.483044,54.709966],[20.483129,54.710072],[20.482696,54.710187]]]}},{"type":"Feature","properties":{"kind":"road","name":"улица Дмитрия Донского","osm":"way/981148821","highway":"primary","access":"","foot":""},"geometry":{"type":"LineString","coordinates":[[20.481029,54.715167],[20.480849,54.715192]]}},{"type":"Feature","properties":{"kind":"road","name":"улица Дмитрия Донского","osm":"way/983808682","highway":"primary","access":"","foot":""},"geometry":{"type":"LineString","coordinates":[[20.48436,54.715163],[20.484447,54.715145],[20.48454,54.715139]]}},{"type":"Feature","properties":{"kind":"road","name":"улица Дмитрия Донского","osm":"way/983808683","highway":"primary","access":"","foot":""},"geometry":{"type":"LineString","coordinates":[[20.484526,54.7152],[20.484434,54.715188],[20.48436,54.715163]]}},{"type":"Feature","properties":{"kind":"road","name":"улица Дмитрия Донского","osm":"way/983808684","highway":"primary","access":"","foot":"no"},"geometry":{"type":"LineString","coordinates":[[20.48454,54.715139],[20.484725,54.715138],[20.484918,54.715131]]}},{"type":"Feature","properties":{"kind":"road","name":"улица Дмитрия Донского","osm":"way/989434776","highway":"primary","access":"","foot":"no"},"geometry":{"type":"LineString","coordinates":[[20.48523,54.715568],[20.485074,54.71553],[20.484948,54.715465],[20.484867,54.715379],[20.484839,54.715289]]}},{"type":"Feature","properties":{"kind":"road","name":"улица Дмитрия Донского","osm":"way/989434780","highway":"primary","access":"","foot":"no"},"geometry":{"type":"LineString","coordinates":[[20.484918,54.715131],[20.485023,54.715063],[20.485159,54.715017],[20.485314,54.714997]]}},{"type":"Feature","properties":{"kind":"road","name":"","osm":"way/1053097701","highway":"footway","access":"","foot":""},"geometry":{"type":"LineString","coordinates":[[20.489086,54.71583],[20.489062,54.715779],[20.48809,54.715825],[20.487785,54.715832],[20.486927,54.715661],[20.486487,54.715532],[20.4859,54.715367]]}},{"type":"Feature","properties":{"kind":"road","name":"","osm":"way/1053097705","highway":"footway","access":"","foot":""},"geometry":{"type":"LineString","coordinates":[[20.48267,54.717459],[20.482735,54.716317],[20.48389,54.71632],[20.484036,54.715354],[20.482841,54.715626],[20.482788,54.715648],[20.482735,54.716317]]}},{"type":"Feature","properties":{"kind":"road","name":"улица Дмитрия Донского","osm":"way/1064493734","highway":"primary","access":"","foot":""},"geometry":{"type":"LineString","coordinates":[[20.482088,54.715081],[20.48191,54.715083],[20.481548,54.715104],[20.481029,54.715167]]}},{"type":"Feature","properties":{"kind":"road","name":"","osm":"way/1093163484","highway":"service","access":"","foot":""},"geometry":{"type":"LineString","coordinates":[[20.480071,54.709368],[20.479695,54.70936],[20.479416,54.709476],[20.478473,54.71002],[20.478141,54.710233],[20.478827,54.710621]]}},{"type":"Feature","properties":{"kind":"road","name":"","osm":"way/1093163487","highway":"service","access":"","foot":""},"geometry":{"type":"LineString","coordinates":[[20.480216,54.708299],[20.480161,54.708511],[20.480161,54.708721],[20.480157,54.709073],[20.480116,54.709245],[20.480071,54.709368],[20.480089,54.709476],[20.48002,54.709801],[20.480032,54.709986],[20.480175,54.710131],[20.480264,54.71028],[20.480367,54.710439],[20.480447,54.710546],[20.480598,54.710637],[20.480726,54.710637],[20.481154,54.710515],[20.481886,54.71024],[20.482164,54.710053],[20.482399,54.709875],[20.482614,54.709591],[20.482679,54.709415],[20.482869,54.709439],[20.483057,54.70946]]}},{"type":"Feature","properties":{"kind":"building","name":"","osm":"way/1093163489"},"geometry":{"type":"Polygon","coordinates":[[[20.481136,54.709933],[20.481239,54.709933],[20.481239,54.709933],[20.481136,54.709933]]]}},{"type":"Feature","properties":{"kind":"road","name":"улица Дмитрия Донского","osm":"way/1107464566","highway":"secondary","access":"","foot":""},"geometry":{"type":"LineString","coordinates":[[20.486911,54.715685],[20.48592,54.715404],[20.485817,54.715377]]}},{"type":"Feature","properties":{"kind":"road","name":"","osm":"way/1125396764","highway":"residential","access":"","foot":""},"geometry":{"type":"LineString","coordinates":[[20.484145,54.712636],[20.484255,54.712193],[20.484337,54.711861],[20.483811,54.711908],[20.483773,54.712147],[20.483156,54.712106],[20.48233,54.71206],[20.481928,54.711902],[20.481359,54.711899],[20.481221,54.712147]]}},{"type":"Feature","properties":{"kind":"road","name":"","osm":"way/1125396765","highway":"residential","access":"","foot":""},"geometry":{"type":"LineString","coordinates":[[20.483773,54.712147],[20.484255,54.712193]]}},{"type":"Feature","properties":{"kind":"road","name":"","osm":"way/1275083490","highway":"service","access":"","foot":""},"geometry":{"type":"LineString","coordinates":[[20.48048,54.708228],[20.480473,54.708447],[20.48047,54.708529],[20.480455,54.708995],[20.48047,54.70918],[20.480504,54.710362]]}},{"type":"Feature","properties":{"kind":"building","name":"","osm":"way/1275083519"},"geometry":{"type":"Polygon","coordinates":[[[20.480604,54.710434],[20.480603,54.710168],[20.480771,54.710167],[20.480772,54.710434],[20.480604,54.710434]]]}},{"type":"Feature","properties":{"kind":"road","name":"","osm":"way/1277842853","highway":"service","access":"","foot":""},"geometry":{"type":"LineString","coordinates":[[20.486038,54.714189],[20.485984,54.71418],[20.485747,54.714138],[20.484934,54.713991],[20.484089,54.713839]]}},{"type":"Feature","properties":{"kind":"road","name":"","osm":"way/1277842855","highway":"footway","access":"","foot":""},"geometry":{"type":"LineString","coordinates":[[20.484597,54.714844],[20.48468,54.714632]]}},{"type":"Feature","properties":{"kind":"road","name":"","osm":"way/1277842856","highway":"footway","access":"","foot":""},"geometry":{"type":"LineString","coordinates":[[20.48468,54.714632],[20.484662,54.714582],[20.484904,54.714053],[20.484934,54.713991]]}},{"type":"Feature","properties":{"kind":"road","name":"","osm":"way/1277843304","highway":"footway","access":"","foot":""},"geometry":{"type":"LineString","coordinates":[[20.485736,54.715021],[20.485743,54.714995],[20.485798,54.714923],[20.485832,54.714879]]}},{"type":"Feature","properties":{"kind":"road","name":"улица Дмитрия Донского","osm":"way/1370382553","highway":"primary","access":"","foot":"no"},"geometry":{"type":"LineString","coordinates":[[20.485314,54.714997],[20.485511,54.715014],[20.485665,54.715067]]}},{"type":"Feature","properties":{"kind":"road","name":"","osm":"way/1373324201","highway":"service","access":"","foot":""},"geometry":{"type":"LineString","coordinates":[[20.485747,54.714138],[20.485259,54.71479]]}},{"type":"Feature","properties":{"kind":"road","name":"","osm":"way/1373324202","highway":"footway","access":"","foot":""},"geometry":{"type":"LineString","coordinates":[[20.484597,54.714844],[20.484576,54.714884],[20.484542,54.715102]]}},{"type":"Feature","properties":{"kind":"road","name":"улица Румянцева","osm":"way/1373328218","highway":"primary","access":"","foot":"no"},"geometry":{"type":"LineString","coordinates":[[20.485314,54.714997],[20.48543,54.714969],[20.485505,54.71493],[20.485554,54.714872],[20.48566,54.7147],[20.485768,54.714527],[20.485882,54.714354],[20.485979,54.714248],[20.486038,54.714189],[20.486481,54.713848],[20.486702,54.713717],[20.486978,54.713565],[20.488016,54.713166]]}},{"type":"Feature","properties":{"kind":"road","name":"улица Дмитрия Донского","osm":"way/1374294937","highway":"primary","access":"","foot":""},"geometry":{"type":"LineString","coordinates":[[20.482516,54.715081],[20.482088,54.715081]]}},{"type":"Feature","properties":{"kind":"road","name":"улица Дмитрия Донского","osm":"way/1374294938","highway":"primary","access":"","foot":""},"geometry":{"type":"LineString","coordinates":[[20.483232,54.715106],[20.482854,54.715085],[20.482516,54.715081]]}},{"type":"Feature","properties":{"kind":"road","name":"улица Дмитрия Донского","osm":"way/1374294939","highway":"primary","access":"","foot":""},"geometry":{"type":"LineString","coordinates":[[20.484257,54.715158],[20.483769,54.715133]]}},{"type":"Feature","properties":{"kind":"road","name":"улица Дмитрия Донского","osm":"way/1374294940","highway":"primary","access":"","foot":""},"geometry":{"type":"LineString","coordinates":[[20.483769,54.715133],[20.483608,54.715125],[20.483232,54.715106]]}},{"type":"Feature","properties":{"kind":"road","name":"улица Сержанта Колоскова","osm":"way/1374294954","highway":"secondary","access":"","foot":""},"geometry":{"type":"LineString","coordinates":[[20.485256,54.716345],[20.485237,54.715767]]}},{"type":"Feature","properties":{"kind":"road","name":"улица Сержанта Колоскова","osm":"way/1374294955","highway":"secondary","access":"","foot":""},"geometry":{"type":"LineString","coordinates":[[20.485237,54.715767],[20.485233,54.715651],[20.48523,54.715568]]}},{"type":"Feature","properties":{"kind":"road","name":"","osm":"way/1410864487","highway":"service","access":"","foot":""},"geometry":{"type":"LineString","coordinates":[[20.485259,54.71479],[20.485116,54.714838],[20.484728,54.714878]]}},{"type":"Feature","properties":{"kind":"road","name":"","osm":"way/1410864488","highway":"service","access":"","foot":""},"geometry":{"type":"LineString","coordinates":[[20.484728,54.714878],[20.484576,54.714884],[20.483593,54.714923]]}},{"type":"Feature","properties":{"kind":"road","name":"","osm":"way/1410864490","highway":"service","access":"","foot":""},"geometry":{"type":"LineString","coordinates":[[20.484089,54.713839],[20.48401,54.713861]]}},{"type":"Feature","properties":{"kind":"road","name":"","osm":"way/1410864491","highway":"service","access":"","foot":""},"geometry":{"type":"LineString","coordinates":[[20.483504,54.714798],[20.483593,54.714923],[20.483619,54.715045],[20.483608,54.715125]]}},{"type":"Feature","properties":{"kind":"road","name":"","osm":"way/1410864492","highway":"service","access":"","foot":""},"geometry":{"type":"LineString","coordinates":[[20.48401,54.713861],[20.483504,54.714798]]}},{"type":"Feature","properties":{"kind":"building","name":"","osm":"way/1410864493"},"geometry":{"type":"Polygon","coordinates":[[[20.484147,54.713829],[20.484478,54.713884],[20.484511,54.713817],[20.48418,54.713762],[20.484147,54.713829]]]}},{"type":"Feature","properties":{"kind":"building","name":"","osm":"way/1410864494"},"geometry":{"type":"Polygon","coordinates":[[[20.485481,54.714039],[20.485601,54.714056],[20.485786,54.714104],[20.485828,54.714039],[20.485689,54.714003],[20.485523,54.713974],[20.485481,54.714039]]]}},{"type":"Feature","properties":{"kind":"road","name":"","osm":"way/1562062397","highway":"service","access":"","foot":""},"geometry":{"type":"LineString","coordinates":[[20.482146,54.710434],[20.483366,54.710164],[20.483083,54.709818]]}},{"type":"Feature","properties":{"kind":"road","name":"улица Сержанта Колоскова","osm":"way/39386692","highway":"secondary","access":"","foot":""},"geometry":{"type":"LineString","coordinates":[[20.485554,54.720042],[20.485509,54.719992],[20.485292,54.719582],[20.485287,54.719346],[20.485284,54.719198],[20.485275,54.71873],[20.48528,54.718631],[20.485292,54.718363]]}},{"type":"Feature","properties":{"kind":"road","name":"улица Чайковского","osm":"way/41679890","highway":"tertiary","access":"","foot":""},"geometry":{"type":"LineString","coordinates":[[20.488468,54.724937],[20.487281,54.725196],[20.486499,54.725371],[20.484862,54.725711],[20.484756,54.725731],[20.484648,54.725757],[20.484568,54.725774],[20.483363,54.726025],[20.482447,54.726217]]}},{"type":"Feature","properties":{"kind":"road","name":"Зоологическая улица","osm":"way/41723580","highway":"tertiary","access":"","foot":""},"geometry":{"type":"LineString","coordinates":[[20.485118,54.720413],[20.485161,54.720537],[20.48516,54.72057]]}},{"type":"Feature","properties":{"kind":"road","name":"Зоологический переулок","osm":"way/41723730","highway":"residential","access":"","foot":""},"geometry":{"type":"LineString","coordinates":[[20.484869,54.723448],[20.484788,54.723444],[20.484722,54.723441],[20.484273,54.72342]]}},{"type":"Feature","properties":{"kind":"road","name":"улица Полковника Сафронова","osm":"way/41723731","highway":"residential","access":"","foot":""},"geometry":{"type":"LineString","coordinates":[[20.484582,54.724748],[20.484647,54.724749],[20.484755,54.724753]]}},{"type":"Feature","properties":{"kind":"road","name":"улица Алябьева","osm":"way/41723797","highway":"residential","access":"","foot":""},"geometry":{"type":"LineString","coordinates":[[20.486499,54.725371],[20.486496,54.725398],[20.486431,54.725969],[20.486322,54.726983],[20.486303,54.7271],[20.486299,54.727138]]}},{"type":"Feature","properties":{"kind":"green","name":"Труд","osm":"way/41768212"},"geometry":{"type":"Polygon","coordinates":[[[20.486586,54.725292],[20.486564,54.725297],[20.486586,54.725079],[20.486586,54.725292]]]}},{"type":"Feature","properties":{"kind":"road","name":"улица Космонавта Пацаева","osm":"way/41768751","highway":"tertiary","access":"","foot":""},"geometry":{"type":"LineString","coordinates":[[20.47886,54.725303],[20.4789,54.725297],[20.478932,54.725293],[20.480257,54.725101],[20.480603,54.725051],[20.481202,54.724948],[20.481677,54.724865],[20.481773,54.724855],[20.481887,54.724862]]}},{"type":"Feature","properties":{"kind":"road","name":"2-й Октябрьский проезд","osm":"way/42757831","highway":"residential","access":"","foot":""},"geometry":{"type":"LineString","coordinates":[[20.479833,54.719288],[20.479802,54.719307],[20.479786,54.719477],[20.479767,54.719848],[20.479758,54.720044],[20.479753,54.72021],[20.479742,54.720359],[20.479737,54.72043],[20.479731,54.720523]]}},{"type":"Feature","properties":{"kind":"road","name":"","osm":"way/42757836","highway":"residential","access":"","foot":""},"geometry":{"type":"LineString","coordinates":[[20.481095,54.719755],[20.480651,54.7196],[20.480362,54.719526],[20.480146,54.719447],[20.479893,54.719289],[20.479833,54.719288]]}},{"type":"Feature","properties":{"kind":"road","name":"1-й Октябрьский проезд","osm":"way/42757839","highway":"residential","access":"","foot":""},"geometry":{"type":"LineString","coordinates":[[20.480806,54.720655],[20.480848,54.720572],[20.480866,54.720513],[20.480956,54.720236],[20.481095,54.719755]]}},{"type":"Feature","properties":{"kind":"road","name":"Свободный переулок","osm":"way/42758161","highway":"residential","access":"","foot":""},"geometry":{"type":"LineString","coordinates":[[20.48531,54.71797],[20.485366,54.71797],[20.485914,54.71797],[20.486481,54.71797],[20.48696,54.71797]]}},{"type":"Feature","properties":{"kind":"road","name":"проспект Мира","osm":"way/77020115","highway":"primary","access":"","foot":"no"},"geometry":{"type":"LineString","coordinates":[[20.485237,54.720361],[20.485118,54.720413]]}},{"type":"Feature","properties":{"kind":"building","name":"Университетский колледж БФУ","osm":"way/77021569"},"geometry":{"type":"Polygon","coordinates":[[[20.486586,54.720481],[20.486586,54.721251],[20.486361,54.721252],[20.48636,54.721228],[20.486309,54.721229],[20.48631,54.721334],[20.485639,54.721337],[20.485637,54.721208],[20.485438,54.721209],[20.485442,54.721475],[20.485186,54.721476],[20.48518,54.721095],[20.485469,54.721094],[20.48547,54.721163],[20.485618,54.721162],[20.48653,54.721157],[20.486527,54.720943],[20.486451,54.720943],[20.486447,54.720726],[20.486506,54.720725],[20.486499,54.720482],[20.486586,54.720481]]]}},{"type":"Feature","properties":{"kind":"building","name":"Детская художественная школа","osm":"way/77021581"},"geometry":{"type":"Polygon","coordinates":[[[20.48579,54.720531],[20.485795,54.720433],[20.486037,54.720437],[20.486033,54.720535],[20.48579,54.720531]]]}},{"type":"Feature","properties":{"kind":"road","name":"","osm":"way/77021582","highway":"footway","access":"","foot":""},"geometry":{"type":"LineString","coordinates":[[20.486756,54.720414],[20.486415,54.720407],[20.485834,54.720396],[20.485722,54.720396],[20.485644,54.720409],[20.485565,54.720434],[20.485494,54.720459],[20.485306,54.720538]]}},{"type":"Feature","properties":{"kind":"green","name":"","osm":"way/77026550"},"geometry":{"type":"Polygon","coordinates":[[[20.486586,54.720481],[20.486499,54.720482],[20.486421,54.720483],[20.486417,54.721033],[20.485213,54.720974],[20.485372,54.72044],[20.485616,54.720238],[20.485655,54.72021],[20.485709,54.720179],[20.485845,54.720114],[20.486003,54.720078],[20.486171,54.720056],[20.486387,54.720056],[20.486553,54.720073],[20.486586,54.720077],[20.486586,54.720481]]]}},{"type":"Feature","properties":{"kind":"road","name":"","osm":"way/77026551","highway":"service","access":"","foot":""},"geometry":{"type":"LineString","coordinates":[[20.486407,54.720815],[20.485657,54.72074],[20.485156,54.720691]]}},{"type":"Feature","properties":{"kind":"road","name":"","osm":"way/77026552","highway":"service","access":"","foot":""},"geometry":{"type":"LineString","coordinates":[[20.485105,54.721031],[20.486405,54.721097],[20.486407,54.720815],[20.486406,54.72066]]}},{"type":"Feature","properties":{"kind":"road","name":"","osm":"way/77026554","highway":"footway","access":"","foot":""},"geometry":{"type":"LineString","coordinates":[[20.486756,54.720414],[20.486405,54.72048],[20.486008,54.720555],[20.485657,54.72074],[20.485213,54.720974],[20.485105,54.721031]]}},{"type":"Feature","properties":{"kind":"road","name":"","osm":"way/77030093","highway":"footway","access":"","foot":""},"geometry":{"type":"LineString","coordinates":[[20.485006,54.721854],[20.485094,54.721856],[20.485158,54.721858],[20.48545,54.721866],[20.485931,54.721882],[20.485856,54.722408]]}},{"type":"Feature","properties":{"kind":"building","name":"Слоны","osm":"way/77030096"},"geometry":{"type":"Polygon","coordinates":[[[20.485941,54.72239],[20.485965,54.722151],[20.486068,54.722155],[20.486467,54.722167],[20.486479,54.722036],[20.486586,54.72204],[20.486586,54.722346],[20.48656,54.722345],[20.486553,54.722411],[20.485941,54.72239]]]}},{"type":"Feature","properties":{"kind":"road","name":"","osm":"way/77030102","highway":"footway","access":"","foot":""},"geometry":{"type":"LineString","coordinates":[[20.48737,54.721443],[20.48674,54.721423],[20.48648,54.72143],[20.485897,54.721502],[20.485589,54.721617],[20.485375,54.721697],[20.485158,54.721858]]}},{"type":"Feature","properties":{"kind":"road","name":"","osm":"way/77030116","highway":"footway","access":"","foot":""},"geometry":{"type":"LineString","coordinates":[[20.485375,54.721697],[20.485366,54.721769],[20.485371,54.721819],[20.48545,54.721866]]}},{"type":"Feature","properties":{"kind":"road","name":"","osm":"way/77030117","highway":"footway","access":"","foot":""},"geometry":{"type":"LineString","coordinates":[[20.487126,54.722556],[20.48715,54.722585],[20.487166,54.722616],[20.487171,54.722637],[20.487172,54.722653],[20.487165,54.722692],[20.487145,54.722729],[20.487103,54.722771],[20.487049,54.722803],[20.486924,54.722839],[20.486812,54.722845],[20.486739,54.722837],[20.486631,54.722803],[20.486575,54.72277],[20.486535,54.722731],[20.486525,54.722715],[20.48651,54.72268],[20.486507,54.722642],[20.486526,54.72259],[20.486538,54.722572],[20.48659,54.722526],[20.486639,54.722501],[20.486682,54.722485],[20.486746,54.722469],[20.486822,54.722462],[20.486911,54.722466],[20.486997,54.722484],[20.487043,54.722502],[20.487073,54.722517],[20.487098,54.722533],[20.487126,54.722556]]}},{"type":"Feature","properties":{"kind":"building","name":"Обезьянник","osm":"way/77030837"},"geometry":{"type":"Polygon","coordinates":[[[20.485115,54.723135],[20.485453,54.72315],[20.48554,54.722493],[20.485202,54.722478],[20.485188,54.722587],[20.485115,54.723135]]]}},{"type":"Feature","properties":{"kind":"road","name":"","osm":"way/77030838","highway":"footway","access":"","foot":""},"geometry":{"type":"LineString","coordinates":[[20.486822,54.722462],[20.486121,54.722448],[20.485855,54.722446],[20.485856,54.722408]]}},{"type":"Feature","properties":{"kind":"road","name":"","osm":"way/77030839","highway":"footway","access":"","foot":""},"geometry":{"type":"LineString","coordinates":[[20.486437,54.722727],[20.486393,54.723015],[20.486033,54.723001],[20.486083,54.722715]]}},{"type":"Feature","properties":{"kind":"building","name":"Террариум","osm":"way/77030840"},"geometry":{"type":"Polygon","coordinates":[[[20.486116,54.722957],[20.486095,54.722932],[20.48609,54.722909],[20.48611,54.722871],[20.486151,54.722848],[20.486206,54.722837],[20.48625,54.722839],[20.486307,54.722856],[20.48634,54.722883],[20.486349,54.722918],[20.486336,54.722946],[20.486308,54.722966],[20.486272,54.72298],[20.486224,54.722986],[20.486169,54.722981],[20.486116,54.722957]]]}},{"type":"Feature","properties":{"kind":"road","name":"","osm":"way/77030841","highway":"footway","access":"","foot":""},"geometry":{"type":"LineString","coordinates":[[20.486121,54.722448],[20.486083,54.722715],[20.486437,54.722727],[20.486535,54.722731]]}},{"type":"Feature","properties":{"kind":"building","name":"Хищные птицы","osm":"way/77032380"},"geometry":{"type":"Polygon","coordinates":[[[20.486196,54.723382],[20.485814,54.723372],[20.485792,54.723559],[20.486175,54.723572],[20.486196,54.723382]]]}},{"type":"Feature","properties":{"kind":"building","name":"Рыси","osm":"way/77032381"},"geometry":{"type":"Polygon","coordinates":[[[20.485131,54.723689],[20.48522,54.723643],[20.485461,54.7238],[20.485372,54.723846],[20.485131,54.723689]]]}},{"type":"Feature","properties":{"kind":"road","name":"","osm":"way/77032384","highway":"footway","access":"","foot":""},"geometry":{"type":"LineString","coordinates":[[20.485316,54.723547],[20.485455,54.723657],[20.48552,54.723814]]}},{"type":"Feature","properties":{"kind":"road","name":"","osm":"way/77032385","highway":"footway","access":"","foot":""},"geometry":{"type":"LineString","coordinates":[[20.486393,54.723015],[20.486248,54.72336],[20.486225,54.72361],[20.486182,54.723833]]}},{"type":"Feature","properties":{"kind":"road","name":"","osm":"way/77032387","highway":"footway","access":"","foot":""},"geometry":{"type":"LineString","coordinates":[[20.486248,54.72336],[20.485355,54.723327],[20.485316,54.723547],[20.485156,54.723593],[20.485035,54.723755],[20.485321,54.723911],[20.485389,54.72387],[20.48552,54.723814],[20.486182,54.723833]]}},{"type":"Feature","properties":{"kind":"building","name":"","osm":"way/77032390"},"geometry":{"type":"Polygon","coordinates":[[[20.485568,54.72401],[20.485575,54.72393],[20.485882,54.723939],[20.485875,54.724018],[20.485568,54.72401]]]}},{"type":"Feature","properties":{"kind":"building","name":"Дом тропических птиц","osm":"way/77035073"},"geometry":{"type":"Polygon","coordinates":[[[20.486183,54.724501],[20.485967,54.724325],[20.485672,54.724447],[20.485889,54.724622],[20.486183,54.724501]]]}},{"type":"Feature","properties":{"kind":"road","name":"","osm":"way/77035083","highway":"footway","access":"","foot":""},"geometry":{"type":"LineString","coordinates":[[20.486182,54.723833],[20.4861,54.724274],[20.485848,54.724307],[20.485617,54.724451],[20.485651,54.724537],[20.485809,54.724628],[20.48597,54.724646],[20.486322,54.724496],[20.486184,54.724358],[20.4861,54.724274]]}},{"type":"Feature","properties":{"kind":"road","name":"","osm":"way/77035088","highway":"footway","access":"","foot":""},"geometry":{"type":"LineString","coordinates":[[20.486499,54.725371],[20.486503,54.725334],[20.486507,54.725306],[20.486555,54.724265]]}},{"type":"Feature","properties":{"kind":"road","name":"","osm":"way/77035101","highway":"footway","access":"","foot":""},"geometry":{"type":"LineString","coordinates":[[20.485355,54.723327],[20.48505,54.723313],[20.484958,54.723308],[20.484882,54.723307]]}},{"type":"Feature","properties":{"kind":"road","name":"","osm":"way/77039744","highway":"footway","access":"","foot":""},"geometry":{"type":"LineString","coordinates":[[20.486555,54.724265],[20.486606,54.724201],[20.486529,54.724109],[20.48647,54.724042],[20.486581,54.724],[20.486683,54.723947],[20.486776,54.723972],[20.486851,54.723949],[20.486959,54.723931],[20.487161,54.723909],[20.487298,54.723982],[20.487374,54.724151],[20.487692,54.724319]]}},{"type":"Feature","properties":{"kind":"road","name":"","osm":"way/77039745","highway":"footway","access":"","foot":""},"geometry":{"type":"LineString","coordinates":[[20.488682,54.724366],[20.487692,54.724319],[20.486555,54.724265],[20.486184,54.724358]]}},{"type":"Feature","properties":{"kind":"road","name":"","osm":"way/81527999","highway":"footway","access":"","foot":""},"geometry":{"type":"LineString","coordinates":[[20.47892,54.720344],[20.478911,54.720397],[20.478902,54.720446],[20.478898,54.720464],[20.478892,54.720501],[20.478873,54.720561]]}},{"type":"Feature","properties":{"kind":"road","name":"","osm":"way/81528001","highway":"service","access":"","foot":""},"geometry":{"type":"LineString","coordinates":[[20.486776,54.719489],[20.486489,54.719482],[20.486229,54.719484],[20.485841,54.719488]]}},{"type":"Feature","properties":{"kind":"building","name":"Детская музыкальная школа имени Шостаковича","osm":"way/88507443"},"geometry":{"type":"Polygon","coordinates":[[[20.478371,54.723909],[20.478596,54.723912],[20.478598,54.723866],[20.478616,54.723866],[20.478618,54.723813],[20.478593,54.723812],[20.478596,54.723762],[20.478377,54.723759],[20.478374,54.723846],[20.478371,54.723909]]]}},{"type":"Feature","properties":{"kind":"building","name":"","osm":"way/89404468"},"geometry":{"type":"Polygon","coordinates":[[[20.47887,54.722295],[20.478895,54.721932],[20.478695,54.721927],[20.478697,54.721892],[20.478598,54.721889],[20.478594,54.721954],[20.478682,54.721956],[20.478661,54.722248],[20.478586,54.722246],[20.478581,54.722311],[20.478688,54.722314],[20.47869,54.72229],[20.47887,54.722295]]]}},{"type":"Feature","properties":{"kind":"building","name":"","osm":"way/89404490"},"geometry":{"type":"Polygon","coordinates":[[[20.479608,54.723351],[20.479618,54.723247],[20.479332,54.723238],[20.479327,54.723287],[20.47928,54.723286],[20.479277,54.72332],[20.479323,54.723321],[20.479318,54.723374],[20.479524,54.723381],[20.479527,54.723349],[20.479608,54.723351]]]}},{"type":"Feature","properties":{"kind":"building","name":"","osm":"way/89434670"},"geometry":{"type":"Polygon","coordinates":[[[20.482424,54.721671],[20.482802,54.721678],[20.482807,54.721588],[20.482586,54.721584],[20.482589,54.721514],[20.482433,54.721511],[20.482424,54.721671]]]}},{"type":"Feature","properties":{"kind":"building","name":"","osm":"way/90449254"},"geometry":{"type":"Polygon","coordinates":[[[20.478407,54.725677],[20.478672,54.725682],[20.478678,54.725601],[20.478682,54.725523],[20.478687,54.725443],[20.478422,54.725438],[20.478407,54.725677]]]}},{"type":"Feature","properties":{"kind":"rail","name":"","osm":"way/91277919"},"geometry":{"type":"LineString","coordinates":[[20.49785,54.720158],[20.497438,54.720136],[20.496434,54.720088],[20.495396,54.720034],[20.494797,54.720004],[20.494625,54.719995],[20.494371,54.719955],[20.494253,54.719918],[20.494197,54.719897],[20.493689,54.719708],[20.493544,54.719653],[20.493451,54.719606],[20.493124,54.719334],[20.493049,54.719285],[20.493019,54.71927],[20.492929,54.71924],[20.492731,54.719198],[20.492697,54.719191],[20.492671,54.719189],[20.492638,54.719186],[20.492593,54.719187],[20.491817,54.719249],[20.491538,54.719281],[20.491262,54.719309],[20.49074,54.719416],[20.490076,54.719616],[20.489661,54.719736],[20.489126,54.719895],[20.488989,54.719936],[20.488511,54.720069],[20.488359,54.7201],[20.488144,54.720133],[20.487872,54.720144],[20.487591,54.72014],[20.487565,54.72014],[20.487413,54.720127],[20.487368,54.720123],[20.487278,54.720109],[20.486721,54.720022],[20.48666,54.720016],[20.48648,54.719998],[20.486338,54.719985],[20.486185,54.71998],[20.485836,54.720013],[20.485748,54.720029],[20.485613,54.720072],[20.48555,54.720103]]}},{"type":"Feature","properties":{"kind":"rail","name":"","osm":"way/91277929"},"geometry":{"type":"LineString","coordinates":[[20.485522,54.720087],[20.485571,54.720064],[20.485659,54.720037],[20.48577,54.720003],[20.486022,54.719975],[20.486224,54.719963],[20.486421,54.719974],[20.486668,54.72],[20.486708,54.720004],[20.48716,54.720074],[20.487379,54.720106],[20.487421,54.72011],[20.487562,54.720123],[20.487592,54.720123],[20.48778,54.720123],[20.487847,54.720123],[20.488145,54.720112],[20.488285,54.720093],[20.488523,54.720044],[20.488995,54.719915],[20.489115,54.719879],[20.49073,54.719401],[20.49125,54.71929],[20.491802,54.719232],[20.492085,54.719207],[20.492582,54.719169],[20.492643,54.719169],[20.492717,54.719176],[20.492733,54.71918],[20.492939,54.719221],[20.493039,54.719255],[20.493077,54.719273],[20.493118,54.719301],[20.493306,54.719452],[20.493423,54.719546],[20.493501,54.719595],[20.493589,54.719639],[20.494214,54.719881],[20.494261,54.719899],[20.494384,54.71993],[20.494638,54.719973],[20.494799,54.719982],[20.495277,54.720006],[20.495417,54.720014],[20.497857,54.720127]]}},{"type":"Feature","properties":{"kind":"road","name":"проспект Мира","osm":"way/94219348","highway":"primary","access":"","foot":"no"},"geometry":{"type":"LineString","coordinates":[[20.482271,54.720845],[20.482009,54.720838],[20.481828,54.720832],[20.481437,54.720809]]}},{"type":"Feature","properties":{"kind":"building","name":"","osm":"way/95290258"},"geometry":{"type":"Polygon","coordinates":[[[20.485629,54.717308],[20.485594,54.71775],[20.485591,54.717795],[20.485828,54.717801],[20.485838,54.71768],[20.485847,54.717558],[20.485857,54.717436],[20.485867,54.717314],[20.485629,54.717308]]]}},{"type":"Feature","properties":{"kind":"building","name":"","osm":"way/95290259"},"geometry":{"type":"Polygon","coordinates":[[[20.486503,54.718856],[20.486586,54.718858],[20.486586,54.718399],[20.48654,54.718399],[20.486534,54.718475],[20.486521,54.718627],[20.486509,54.718779],[20.486503,54.718856]]]}},{"type":"Feature","properties":{"kind":"building","name":"Общежитие КГКГ","osm":"way/95290262"},"geometry":{"type":"Polygon","coordinates":[[[20.483741,54.726214],[20.484365,54.726079],[20.484288,54.725961],[20.483665,54.726096],[20.483741,54.726214]]]}},{"type":"Feature","properties":{"kind":"building","name":"","osm":"way/95290269"},"geometry":{"type":"Polygon","coordinates":[[[20.48654,54.718399],[20.486586,54.718399],[20.486586,54.717993],[20.486554,54.717992],[20.486552,54.71806],[20.486547,54.718196],[20.486542,54.718331],[20.48654,54.718399]]]}},{"type":"Feature","properties":{"kind":"building","name":"","osm":"way/95290270"},"geometry":{"type":"Polygon","coordinates":[[[20.481463,54.724185],[20.481686,54.724192],[20.481745,54.723571],[20.481523,54.723564],[20.481516,54.723637],[20.481501,54.723788],[20.481487,54.723941],[20.481472,54.724097],[20.481463,54.724185]]]}},{"type":"Feature","properties":{"kind":"building","name":"","osm":"way/95290276"},"geometry":{"type":"Polygon","coordinates":[[[20.48635,54.719449],[20.486559,54.719454],[20.486586,54.7191],[20.486586,54.718978],[20.486386,54.718973],[20.486377,54.719092],[20.486368,54.719211],[20.486359,54.71933],[20.48635,54.719449]]]}},{"type":"Feature","properties":{"kind":"building","name":"","osm":"way/95290279"},"geometry":{"type":"Polygon","coordinates":[[[20.486586,54.717225],[20.485936,54.717211],[20.485928,54.717335],[20.486138,54.717339],[20.486347,54.717343],[20.486557,54.717348],[20.486586,54.717348],[20.486586,54.717225]]]}},{"type":"Feature","properties":{"kind":"building","name":"","osm":"way/95290281"},"geometry":{"type":"Polygon","coordinates":[[[20.481525,54.723151],[20.481733,54.723157],[20.48174,54.723066],[20.481795,54.722362],[20.481801,54.722288],[20.481593,54.722283],[20.481587,54.722363],[20.481579,54.722462],[20.48157,54.722582],[20.481558,54.722736],[20.481548,54.722861],[20.481535,54.723022],[20.481525,54.723151]]]}},{"type":"Feature","properties":{"kind":"building","name":"Родильный дом №4","osm":"way/95810704"},"geometry":{"type":"Polygon","coordinates":[[[20.479986,54.726615],[20.479906,54.726486],[20.480479,54.726369],[20.480558,54.726498],[20.479986,54.726615]]]}},{"type":"Feature","properties":{"kind":"building","name":"","osm":"way/95813830"},"geometry":{"type":"Polygon","coordinates":[[[20.480762,54.724184],[20.480768,54.724087],[20.480778,54.723957],[20.480785,54.723831],[20.480717,54.723827],[20.48053,54.723824],[20.480349,54.72382],[20.480255,54.723819],[20.480263,54.723708],[20.480756,54.723718],[20.480754,54.723743],[20.480961,54.723747],[20.480957,54.723796],[20.480954,54.723845],[20.480986,54.723845],[20.480964,54.724188],[20.480762,54.724184]]]}},{"type":"Feature","properties":{"kind":"building","name":"","osm":"way/96787506"},"geometry":{"type":"Polygon","coordinates":[[[20.482983,54.727131],[20.483187,54.727131],[20.483188,54.727123],[20.483196,54.72705],[20.483204,54.726978],[20.483211,54.726905],[20.483219,54.726833],[20.483227,54.72676],[20.483234,54.726687],[20.48303,54.72668],[20.482983,54.727131]]]}},{"type":"Feature","properties":{"kind":"road","name":"","osm":"way/96787507","highway":"footway","access":"","foot":""},"geometry":{"type":"LineString","coordinates":[[20.481603,54.726831],[20.481436,54.726736]]}},{"type":"Feature","properties":{"kind":"road","name":"","osm":"way/96787508","highway":"footway","access":"","foot":""},"geometry":{"type":"LineString","coordinates":[[20.481415,54.728222],[20.481446,54.728178],[20.481473,54.728138],[20.4815,54.7281],[20.481603,54.726831],[20.481632,54.72646]]}},{"type":"Feature","properties":{"kind":"building","name":"","osm":"way/96787510"},"geometry":{"type":"Polygon","coordinates":[[[20.482987,54.726374],[20.483155,54.726338],[20.483114,54.726274],[20.483201,54.726256],[20.483251,54.726333],[20.483405,54.7263],[20.483291,54.726122],[20.482882,54.72621],[20.482987,54.726374]]]}},{"type":"Feature","properties":{"kind":"building","name":"","osm":"way/96787520"},"geometry":{"type":"Polygon","coordinates":[[[20.480634,54.726833],[20.480568,54.726739],[20.480264,54.72681],[20.48033,54.726904],[20.480634,54.726833]]]}},{"type":"Feature","properties":{"kind":"building","name":"","osm":"way/96787523"},"geometry":{"type":"Polygon","coordinates":[[[20.481057,54.726758],[20.48099,54.726654],[20.48067,54.726723],[20.480737,54.726826],[20.481057,54.726758]]]}},{"type":"Feature","properties":{"kind":"building","name":"","osm":"way/96787527"},"geometry":{"type":"Polygon","coordinates":[[[20.480019,54.727124],[20.480286,54.727067],[20.480204,54.726938],[20.479937,54.726995],[20.480019,54.727124]]]}},{"type":"Feature","properties":{"kind":"building","name":"Центральный районный суд г. Калининграда","osm":"way/96787543"},"geometry":{"type":"Polygon","coordinates":[[[20.481162,54.727131],[20.481454,54.727131],[20.481453,54.726984],[20.481161,54.726984],[20.481162,54.727131]]]}},{"type":"Feature","properties":{"kind":"building","name":"","osm":"way/96787544"},"geometry":{"type":"Polygon","coordinates":[[[20.48217,54.727131],[20.482183,54.72697],[20.481906,54.726963],[20.481893,54.727131],[20.48217,54.727131]]]}},{"type":"Feature","properties":{"kind":"road","name":"","osm":"way/96828857","highway":"service","access":"","foot":""},"geometry":{"type":"LineString","coordinates":[[20.482172,54.728301],[20.48218,54.728272],[20.482206,54.728017],[20.482316,54.726915],[20.482319,54.726893],[20.481821,54.726876],[20.48171,54.726871]]}},{"type":"Feature","properties":{"kind":"road","name":"","osm":"way/96828858","highway":"footway","access":"","foot":""},"geometry":{"type":"LineString","coordinates":[[20.482344,54.720939],[20.482321,54.721307],[20.482316,54.721408],[20.482299,54.721804],[20.482284,54.721957],[20.482251,54.722302],[20.482208,54.722732],[20.48217,54.723131],[20.482152,54.723322],[20.482147,54.723368],[20.482082,54.724059],[20.482017,54.724666],[20.482013,54.724719],[20.481921,54.725606],[20.481868,54.726271],[20.481862,54.726341],[20.481821,54.726876],[20.481733,54.728166],[20.48218,54.728272],[20.482454,54.728265],[20.48434,54.727683],[20.484447,54.727653],[20.4845,54.727638]]}},{"type":"Feature","properties":{"kind":"building","name":"Центр лазерной микрохирургии глаза","osm":"way/96833661"},"geometry":{"type":"Polygon","coordinates":[[[20.480714,54.725542],[20.481038,54.725548],[20.481049,54.725366],[20.480725,54.725359],[20.480714,54.725542]]]}},{"type":"Feature","properties":{"kind":"building","name":"","osm":"way/96833662"},"geometry":{"type":"Polygon","coordinates":[[[20.47834,54.723675],[20.478664,54.723678],[20.478667,54.72356],[20.478344,54.723557],[20.47834,54.723675]]]}},{"type":"Feature","properties":{"kind":"building","name":"","osm":"way/96833668"},"geometry":{"type":"Polygon","coordinates":[[[20.479016,54.726805],[20.479014,54.726663],[20.479268,54.726667],[20.479267,54.726799],[20.479061,54.726832],[20.479016,54.726805]]]}},{"type":"Feature","properties":{"kind":"building","name":"","osm":"way/96833671"},"geometry":{"type":"Polygon","coordinates":[[[20.478172,54.725889],[20.478175,54.725836],[20.478206,54.725836],[20.47821,54.725778],[20.47816,54.725777],[20.478164,54.725718],[20.478659,54.72573],[20.478647,54.7259],[20.478172,54.725889]]]}},{"type":"Feature","properties":{"kind":"building","name":"Детский сад №10","osm":"way/96833681"},"geometry":{"type":"Polygon","coordinates":[[[20.478395,54.725157],[20.478403,54.725039],[20.478503,54.725042],[20.47852,54.724824],[20.478425,54.724821],[20.478434,54.724699],[20.478677,54.724705],[20.47867,54.72479],[20.47876,54.724793],[20.47874,54.725062],[20.478649,54.725059],[20.478641,54.725163],[20.478395,54.725157]]]}},{"type":"Feature","properties":{"kind":"building","name":"","osm":"way/96833690"},"geometry":{"type":"Polygon","coordinates":[[[20.478306,54.723216],[20.47881,54.723222],[20.478815,54.723089],[20.47831,54.723083],[20.478306,54.723216]]]}},{"type":"Feature","properties":{"kind":"building","name":"","osm":"way/96833708"},"geometry":{"type":"Polygon","coordinates":[[[20.480462,54.725302],[20.480405,54.72519],[20.480604,54.725156],[20.480662,54.725268],[20.480462,54.725302]]]}},{"type":"Feature","properties":{"kind":"building","name":"","osm":"way/96833715"},"geometry":{"type":"Polygon","coordinates":[[[20.478148,54.726669],[20.478357,54.726672],[20.47836,54.726619],[20.478378,54.726619],[20.478383,54.726515],[20.478414,54.726516],[20.47842,54.72642],[20.478362,54.726419],[20.478367,54.726317],[20.478166,54.726313],[20.478148,54.726669]]]}},{"type":"Feature","properties":{"kind":"building","name":"","osm":"way/96833720"},"geometry":{"type":"Polygon","coordinates":[[[20.480693,54.726485],[20.481009,54.726418],[20.480923,54.726284],[20.480803,54.726309],[20.480781,54.726275],[20.480634,54.726306],[20.480664,54.726352],[20.480614,54.726362],[20.480693,54.726485]]]}},{"type":"Feature","properties":{"kind":"building","name":"Центр планирования семьи и репродукции","osm":"way/96833726"},"geometry":{"type":"Polygon","coordinates":[[[20.479067,54.726132],[20.479294,54.72614],[20.479312,54.725944],[20.479369,54.725946],[20.479378,54.725848],[20.479094,54.725839],[20.479067,54.726132]]]}},{"type":"Feature","properties":{"kind":"building","name":"","osm":"way/96833731"},"geometry":{"type":"Polygon","coordinates":[[[20.478983,54.72653],[20.478987,54.726483],[20.479037,54.726484],[20.479042,54.726413],[20.479004,54.726411],[20.479011,54.726311],[20.479057,54.726312],[20.479063,54.726239],[20.479021,54.726238],[20.479024,54.726193],[20.479336,54.726201],[20.479328,54.726315],[20.47943,54.726318],[20.479422,54.726426],[20.479323,54.726424],[20.479315,54.726538],[20.478983,54.72653]]]}},{"type":"Feature","properties":{"kind":"building","name":"","osm":"way/96833736"},"geometry":{"type":"Polygon","coordinates":[[[20.478277,54.723026],[20.478732,54.723034],[20.478738,54.722924],[20.478331,54.722916],[20.478329,54.722945],[20.478282,54.722944],[20.478277,54.723026]]]}},{"type":"Feature","properties":{"kind":"building","name":"","osm":"way/96833739"},"geometry":{"type":"Polygon","coordinates":[[[20.481328,54.725557],[20.481559,54.725563],[20.481597,54.725021],[20.481366,54.725016],[20.481365,54.725071],[20.481358,54.72519],[20.481355,54.725219],[20.481347,54.725307],[20.481346,54.725358],[20.481331,54.725493],[20.481328,54.725557]]]}},{"type":"Feature","properties":{"kind":"building","name":"","osm":"way/96833744"},"geometry":{"type":"Polygon","coordinates":[[[20.478276,54.726113],[20.478282,54.725967],[20.478591,54.725972],[20.478584,54.726118],[20.478276,54.726113]]]}},{"type":"Feature","properties":{"kind":"building","name":"Государственный архив Калининградской области","osm":"way/96833757"},"geometry":{"type":"Polygon","coordinates":[[[20.479093,54.725771],[20.479387,54.725774],[20.4794,54.725384],[20.479106,54.725381],[20.479093,54.725771]]]}},{"type":"Feature","properties":{"kind":"building","name":"","osm":"way/96833759"},"geometry":{"type":"Polygon","coordinates":[[[20.480562,54.726058],[20.481008,54.725989],[20.480885,54.725724],[20.480923,54.725718],[20.480885,54.725637],[20.480573,54.725686],[20.480636,54.725822],[20.480711,54.72581],[20.480764,54.725926],[20.480518,54.725964],[20.480562,54.726058]]]}},{"type":"Feature","properties":{"kind":"building","name":"","osm":"way/96833761"},"geometry":{"type":"Polygon","coordinates":[[[20.480018,54.725382],[20.479974,54.725276],[20.480214,54.725243],[20.480257,54.72535],[20.480018,54.725382]]]}},{"type":"Feature","properties":{"kind":"building","name":"","osm":"way/96833762"},"geometry":{"type":"Polygon","coordinates":[[[20.481111,54.726005],[20.481521,54.726014],[20.481545,54.725671],[20.481173,54.725662],[20.481167,54.72574],[20.481321,54.725743],[20.481316,54.725806],[20.481273,54.725805],[20.481266,54.72591],[20.481118,54.725907],[20.481111,54.726005]]]}},{"type":"Feature","properties":{"kind":"building","name":"","osm":"way/96833768"},"geometry":{"type":"Polygon","coordinates":[[[20.478459,54.724405],[20.478463,54.724297],[20.478648,54.7243],[20.478643,54.724407],[20.478459,54.724405]]]}},{"type":"Feature","properties":{"kind":"building","name":"","osm":"way/99059979"},"geometry":{"type":"Polygon","coordinates":[[[20.481688,54.720037],[20.481515,54.719947],[20.481281,54.719922],[20.481172,54.720259],[20.481088,54.720522],[20.48172,54.720589],[20.481755,54.720588],[20.481786,54.720582],[20.481807,54.720571],[20.481823,54.720561],[20.481846,54.720483],[20.481693,54.720467],[20.48139,54.720436],[20.481359,54.720432],[20.481377,54.720376],[20.481406,54.720285],[20.481468,54.720092],[20.481534,54.720126],[20.48157,54.720159],[20.481737,54.720097],[20.481688,54.720037]]]}},{"type":"Feature","properties":{"kind":"building","name":"","osm":"way/99059981"},"geometry":{"type":"Polygon","coordinates":[[[20.482608,54.721068],[20.482768,54.721071],[20.482775,54.72096],[20.482475,54.720954],[20.482469,54.721053],[20.482415,54.721052],[20.482389,54.721051],[20.482361,54.721051],[20.482352,54.721209],[20.482376,54.721209],[20.482406,54.72121],[20.482455,54.72121],[20.482453,54.721236],[20.48245,54.721298],[20.482655,54.721302],[20.482665,54.721135],[20.482604,54.721134],[20.482608,54.721068]]]}},{"type":"Feature","properties":{"kind":"building","name":"","osm":"way/99059985"},"geometry":{"type":"Polygon","coordinates":[[[20.478889,54.720162],[20.478933,54.720206],[20.478894,54.720241],[20.478823,54.720243],[20.47878,54.720208],[20.478809,54.720167],[20.478889,54.720162]]]}},{"type":"Feature","properties":{"kind":"building","name":"","osm":"way/99059989"},"geometry":{"type":"Polygon","coordinates":[[[20.481031,54.71979],[20.480498,54.719731],[20.480457,54.719851],[20.480772,54.719886],[20.480613,54.720351],[20.480042,54.720289],[20.480046,54.72019],[20.480222,54.720192],[20.480238,54.720093],[20.480246,54.71998],[20.480042,54.719977],[20.480039,54.720089],[20.479815,54.720085],[20.479827,54.720389],[20.480433,54.72046],[20.480793,54.720502],[20.481031,54.71979]]]}},{"type":"Feature","properties":{"kind":"building","name":"","osm":"way/99059992"},"geometry":{"type":"Polygon","coordinates":[[[20.480673,54.721075],[20.480713,54.720956],[20.480682,54.720952],[20.480091,54.720885],[20.480075,54.720934],[20.48005,54.721005],[20.480153,54.721016],[20.480361,54.72104],[20.480569,54.721064],[20.480673,54.721075]]]}},{"type":"Feature","properties":{"kind":"building","name":"","osm":"way/99059999"},"geometry":{"type":"Polygon","coordinates":[[[20.483829,54.721169],[20.48395,54.721173],[20.484059,54.721177],[20.484071,54.721061],[20.483906,54.721055],[20.483841,54.721053],[20.483838,54.721082],[20.483704,54.721069],[20.483617,54.721061],[20.483608,54.721091],[20.48339,54.721075],[20.483383,54.721107],[20.483155,54.721091],[20.483148,54.721124],[20.4831,54.721121],[20.482921,54.721109],[20.482775,54.721106],[20.482693,54.721105],[20.482687,54.721218],[20.482898,54.721222],[20.483013,54.72123],[20.483139,54.721238],[20.483145,54.721209],[20.483256,54.721217],[20.483368,54.721225],[20.483375,54.721192],[20.483485,54.7212],[20.4836,54.721209],[20.483607,54.721176],[20.483719,54.721187],[20.483814,54.721196],[20.483829,54.721169]]]}},{"type":"Feature","properties":{"kind":"building","name":"","osm":"way/99894039"},"geometry":{"type":"Polygon","coordinates":[[[20.482085,54.725549],[20.482306,54.725555],[20.482339,54.725167],[20.482118,54.725161],[20.48209,54.725485],[20.482085,54.725549]]]}},{"type":"Feature","properties":{"kind":"building","name":"","osm":"way/99894040"},"geometry":{"type":"Polygon","coordinates":[[[20.482076,54.725651],[20.482052,54.72603],[20.482177,54.726082],[20.482316,54.726139],[20.48272,54.726046],[20.482639,54.725929],[20.482307,54.726005],[20.482297,54.726001],[20.482319,54.725656],[20.482076,54.725651]]]}},{"type":"Feature","properties":{"kind":"building","name":"","osm":"way/99894041"},"geometry":{"type":"Polygon","coordinates":[[[20.47872,54.721303],[20.478949,54.721304],[20.478952,54.721134],[20.478723,54.721132],[20.47872,54.721303]]]}},{"type":"Feature","properties":{"kind":"building","name":"","osm":"way/99894044"},"geometry":{"type":"Polygon","coordinates":[[[20.480716,54.720845],[20.480682,54.720952],[20.480713,54.720956],[20.481543,54.721043],[20.481546,54.721034],[20.481574,54.720946],[20.481577,54.720935],[20.481111,54.720886],[20.480948,54.720869],[20.480716,54.720845]]]}},{"type":"Feature","properties":{"kind":"building","name":"","osm":"way/99894047"},"geometry":{"type":"Polygon","coordinates":[[[20.478655,54.72068],[20.478817,54.720704],[20.478817,54.720748],[20.478911,54.720752],[20.478913,54.720778],[20.479035,54.720782],[20.479057,54.720615],[20.479002,54.72059],[20.478838,54.720576],[20.478677,54.720559],[20.478201,54.720555],[20.478197,54.720737],[20.478196,54.720797],[20.478409,54.720798],[20.478411,54.720692],[20.478412,54.720678],[20.478655,54.72068]]]}},{"type":"Feature","properties":{"kind":"building","name":"Межшкольный учебный комбинат","osm":"way/101080958"},"geometry":{"type":"Polygon","coordinates":[[[20.483035,54.722266],[20.482438,54.722249],[20.482446,54.722158],[20.482447,54.722158],[20.482479,54.721816],[20.482829,54.721824],[20.482827,54.721854],[20.482903,54.721856],[20.482896,54.721981],[20.482644,54.721976],[20.482627,54.722163],[20.483042,54.722174],[20.483035,54.722266]]]}},{"type":"Feature","properties":{"kind":"building","name":"","osm":"way/101154212"},"geometry":{"type":"Polygon","coordinates":[[[20.479357,54.721809],[20.47953,54.721811],[20.479728,54.721814],[20.479732,54.72171],[20.479361,54.721705],[20.479357,54.721809]]]}},{"type":"Feature","properties":{"kind":"building","name":"","osm":"way/101154213"},"geometry":{"type":"Polygon","coordinates":[[[20.482155,54.724433],[20.482435,54.724438],[20.482441,54.724338],[20.482351,54.724336],[20.482358,54.724229],[20.482167,54.724226],[20.482155,54.724433]]]}},{"type":"Feature","properties":{"kind":"building","name":"ЧОП \"Кобра\"","osm":"way/101154214"},"geometry":{"type":"Polygon","coordinates":[[[20.479322,54.722657],[20.47956,54.722662],[20.479572,54.722441],[20.479334,54.722437],[20.479322,54.722657]]]}},{"type":"Feature","properties":{"kind":"building","name":"","osm":"way/101154215"},"geometry":{"type":"Polygon","coordinates":[[[20.479612,54.722005],[20.479708,54.722007],[20.479819,54.722009],[20.479827,54.721887],[20.479602,54.721883],[20.479596,54.721977],[20.479403,54.721973],[20.47938,54.722368],[20.479591,54.722372],[20.479595,54.722309],[20.479602,54.722184],[20.479609,54.722073],[20.479612,54.722005]]]}},{"type":"Feature","properties":{"kind":"building","name":"","osm":"way/101154216"},"geometry":{"type":"Polygon","coordinates":[[[20.480121,54.722984],[20.480267,54.722988],[20.480555,54.722992],[20.4807,54.722996],[20.480707,54.722876],[20.480128,54.722864],[20.480121,54.722984]]]}},{"type":"Feature","properties":{"kind":"building","name":"","osm":"way/101154217"},"geometry":{"type":"Polygon","coordinates":[[[20.483758,54.723616],[20.483898,54.723621],[20.484178,54.723632],[20.484459,54.723643],[20.484599,54.723648],[20.484613,54.72352],[20.483773,54.723488],[20.48377,54.723514],[20.483758,54.723616]]]}},{"type":"Feature","properties":{"kind":"building","name":"","osm":"way/101154218"},"geometry":{"type":"Polygon","coordinates":[[[20.482215,54.724104],[20.482489,54.724109],[20.482495,54.724004],[20.482418,54.724002],[20.482428,54.723835],[20.482231,54.723831],[20.482215,54.724104]]]}},{"type":"Feature","properties":{"kind":"building","name":"","osm":"way/101154219"},"geometry":{"type":"Polygon","coordinates":[[[20.484427,54.723282],[20.48466,54.723291],[20.484715,54.722807],[20.484482,54.722798],[20.484473,54.722879],[20.484455,54.72304],[20.484436,54.723201],[20.484427,54.723282]]]}},{"type":"Feature","properties":{"kind":"building","name":"","osm":"way/101154220"},"geometry":{"type":"Polygon","coordinates":[[[20.484673,54.72183],[20.484861,54.721838],[20.484945,54.721179],[20.484758,54.72117],[20.484747,54.721253],[20.484726,54.721418],[20.484705,54.721583],[20.484684,54.721747],[20.484673,54.72183]]]}},{"type":"Feature","properties":{"kind":"building","name":"","osm":"way/101154221"},"geometry":{"type":"Polygon","coordinates":[[[20.48434,54.722726],[20.484547,54.722735],[20.484662,54.721864],[20.484456,54.721854],[20.484446,54.721927],[20.484427,54.722072],[20.484408,54.722218],[20.484388,54.722363],[20.484369,54.722508],[20.48435,54.722653],[20.48434,54.722726]]]}},{"type":"Feature","properties":{"kind":"building","name":"","osm":"way/101154222"},"geometry":{"type":"Polygon","coordinates":[[[20.482458,54.723683],[20.482479,54.723495],[20.482284,54.723488],[20.482263,54.723675],[20.482458,54.723683]]]}},{"type":"Feature","properties":{"kind":"building","name":"","osm":"way/101154223"},"geometry":{"type":"Polygon","coordinates":[[[20.483605,54.722687],[20.483804,54.722695],[20.483816,54.722607],[20.483831,54.722488],[20.483852,54.722324],[20.48387,54.722187],[20.483883,54.722084],[20.483902,54.721935],[20.483916,54.721836],[20.483716,54.721827],[20.483605,54.722687]]]}},{"type":"Feature","properties":{"kind":"building","name":"","osm":"way/101154225"},"geometry":{"type":"Polygon","coordinates":[[[20.483131,54.724506],[20.483336,54.724514],[20.483336,54.724512],[20.483888,54.724534],[20.483901,54.724421],[20.483353,54.7244],[20.483396,54.724045],[20.483328,54.724042],[20.483363,54.72375],[20.483155,54.723741],[20.48312,54.724033],[20.483195,54.724036],[20.483153,54.724393],[20.483145,54.724393],[20.483131,54.724506]]]}},{"type":"Feature","properties":{"kind":"building","name":"","osm":"way/101154226"},"geometry":{"type":"Polygon","coordinates":[[[20.479563,54.722946],[20.479566,54.722883],[20.479514,54.722882],[20.479518,54.722826],[20.47969,54.722829],[20.479695,54.722738],[20.479296,54.72273],[20.479289,54.72285],[20.479282,54.722969],[20.479275,54.723091],[20.479647,54.723098],[20.479653,54.723012],[20.479504,54.723009],[20.479508,54.722945],[20.479563,54.722946]]]}},{"type":"Feature","properties":{"kind":"building","name":"","osm":"way/101154228"},"geometry":{"type":"Polygon","coordinates":[[[20.481352,54.724589],[20.481638,54.724597],[20.481657,54.724391],[20.481371,54.724382],[20.481352,54.724589]]]}},{"type":"Feature","properties":{"kind":"building","name":"","osm":"way/101154229"},"geometry":{"type":"Polygon","coordinates":[[[20.480544,54.724619],[20.480743,54.724623],[20.480758,54.724355],[20.480559,54.724351],[20.480544,54.724619]]]}},{"type":"Feature","properties":{"kind":"building","name":"","osm":"way/102597293"},"geometry":{"type":"Polygon","coordinates":[[[20.486148,54.72638],[20.48529,54.726658],[20.485388,54.726759],[20.486246,54.726481],[20.486148,54.72638]]]}},{"type":"Feature","properties":{"kind":"building","name":"","osm":"way/102597300"},"geometry":{"type":"Polygon","coordinates":[[[20.485613,54.727131],[20.485619,54.727129],[20.485811,54.72707],[20.486003,54.72701],[20.486194,54.726951],[20.486107,54.726857],[20.485225,54.727131],[20.485613,54.727131]]]}},{"type":"Feature","properties":{"kind":"building","name":"","osm":"way/102597305"},"geometry":{"type":"Polygon","coordinates":[[[20.484829,54.726349],[20.485034,54.726355],[20.485068,54.726015],[20.484863,54.726008],[20.484829,54.726349]]]}},{"type":"Feature","properties":{"kind":"building","name":"","osm":"way/102597321"},"geometry":{"type":"Polygon","coordinates":[[[20.486586,54.726194],[20.486557,54.726203],[20.486586,54.726233],[20.486586,54.726194]]]}},{"type":"Feature","properties":{"kind":"building","name":"","osm":"way/102597322"},"geometry":{"type":"Polygon","coordinates":[[[20.486158,54.726268],[20.48621,54.725873],[20.485998,54.725863],[20.485946,54.726258],[20.486158,54.726268]]]}},{"type":"Feature","properties":{"kind":"building","name":"","osm":"way/102674902"},"geometry":{"type":"Polygon","coordinates":[[[20.483525,54.723254],[20.483659,54.723258],[20.483927,54.723267],[20.48406,54.723271],[20.484071,54.723163],[20.483536,54.723146],[20.483525,54.723254]]]}},{"type":"Feature","properties":{"kind":"building","name":"","osm":"way/102674903"},"geometry":{"type":"Polygon","coordinates":[[[20.478478,54.721499],[20.478646,54.721501],[20.478648,54.721465],[20.478651,54.721388],[20.478652,54.721365],[20.478484,54.721362],[20.478478,54.721499]]]}},{"type":"Feature","properties":{"kind":"building","name":"","osm":"way/102674906"},"geometry":{"type":"Polygon","coordinates":[[[20.482705,54.723227],[20.482816,54.72323],[20.483038,54.723238],[20.48326,54.723245],[20.483371,54.723249],[20.483381,54.72314],[20.482715,54.723119],[20.482705,54.723227]]]}},{"type":"Feature","properties":{"kind":"building","name":"","osm":"way/102674908"},"geometry":{"type":"Polygon","coordinates":[[[20.478756,54.721506],[20.47892,54.721508],[20.478923,54.721372],[20.478759,54.72137],[20.478759,54.72139],[20.478756,54.721466],[20.478756,54.721506]]]}},{"type":"Feature","properties":{"kind":"building","name":"","osm":"way/102674910"},"geometry":{"type":"Polygon","coordinates":[[[20.482537,54.723417],[20.482525,54.723514],[20.483238,54.723544],[20.483232,54.723594],[20.483388,54.7236],[20.483406,54.723453],[20.483061,54.723439],[20.482838,54.723429],[20.482628,54.723422],[20.482537,54.723417]]]}},{"type":"Feature","properties":{"kind":"building","name":"","osm":"way/102674911"},"geometry":{"type":"Polygon","coordinates":[[[20.478398,54.721388],[20.478202,54.721386],[20.478199,54.721491],[20.478396,54.721492],[20.478398,54.721388]]]}},{"type":"Feature","properties":{"kind":"building","name":"","osm":"way/107099792"},"geometry":{"type":"Polygon","coordinates":[[[20.486408,54.71969],[20.486408,54.719656],[20.486071,54.719655],[20.485778,54.719683],[20.485707,54.719532],[20.485684,54.719535],[20.48553,54.719559],[20.485508,54.719563],[20.485632,54.71983],[20.486101,54.719791],[20.486185,54.71979],[20.486504,54.719799],[20.486586,54.7198],[20.486586,54.719537],[20.48652,54.719536],[20.48651,54.719692],[20.486408,54.71969]]]}},{"type":"Feature","properties":{"kind":"building","name":"","osm":"way/107102742"},"geometry":{"type":"Polygon","coordinates":[[[20.485749,54.71837],[20.485741,54.71812],[20.486218,54.718115],[20.486216,54.718025],[20.486058,54.718026],[20.485574,54.718032],[20.48558,54.718206],[20.485585,54.718371],[20.485749,54.71837]]]}},{"type":"Feature","properties":{"kind":"building","name":"","osm":"way/107102743"},"geometry":{"type":"Polygon","coordinates":[[[20.485475,54.719311],[20.485672,54.719308],[20.485669,54.719211],[20.485666,54.719114],[20.485516,54.719116],[20.485469,54.719116],[20.485475,54.719311]]]}},{"type":"Feature","properties":{"kind":"building","name":"","osm":"way/107102744"},"geometry":{"type":"Polygon","coordinates":[[[20.485516,54.719116],[20.485666,54.719114],[20.485705,54.719114],[20.485702,54.719023],[20.485699,54.718924],[20.48554,54.718925],[20.48551,54.718926],[20.485516,54.719116]]]}},{"type":"Feature","properties":{"kind":"building","name":"","osm":"way/107102745"},"geometry":{"type":"Polygon","coordinates":[[[20.485515,54.719375],[20.48553,54.719559],[20.485684,54.719535],[20.485671,54.719371],[20.485515,54.719375]]]}},{"type":"Feature","properties":{"kind":"building","name":"","osm":"way/107102746"},"geometry":{"type":"Polygon","coordinates":[[[20.485569,54.718725],[20.485736,54.718723],[20.485755,54.718723],[20.485749,54.718532],[20.48559,54.718534],[20.485563,54.718534],[20.485569,54.718725]]]}},{"type":"Feature","properties":{"kind":"building","name":"","osm":"way/107102747"},"geometry":{"type":"Polygon","coordinates":[[[20.486417,54.718163],[20.486412,54.718023],[20.486216,54.718025],[20.486218,54.718115],[20.48622,54.718165],[20.486417,54.718163]]]}},{"type":"Feature","properties":{"kind":"building","name":"","osm":"way/107102748"},"geometry":{"type":"Polygon","coordinates":[[[20.48554,54.718925],[20.485699,54.718924],[20.485742,54.718923],[20.485739,54.718826],[20.485736,54.718723],[20.485569,54.718725],[20.485533,54.718725],[20.48554,54.718925]]]}},{"type":"Feature","properties":{"kind":"green","name":"","osm":"way/107102749"},"geometry":{"type":"Polygon","coordinates":[[[20.486586,54.717489],[20.48653,54.717576],[20.486424,54.717689],[20.486259,54.717843],[20.486054,54.717847],[20.486052,54.717923],[20.486586,54.71792],[20.486586,54.717489]]]}},{"type":"Feature","properties":{"kind":"building","name":"","osm":"way/107211129"},"geometry":{"type":"Polygon","coordinates":[[[20.479263,54.723778],[20.479244,54.723939],[20.479512,54.723949],[20.479519,54.723883],[20.479604,54.723887],[20.479615,54.723791],[20.479263,54.723778]]]}},{"type":"Feature","properties":{"kind":"building","name":"","osm":"way/107211131"},"geometry":{"type":"Polygon","coordinates":[[[20.479443,54.723997],[20.479442,54.724043],[20.479258,54.724041],[20.479254,54.724177],[20.479452,54.724179],[20.479454,54.724116],[20.479455,54.724103],[20.479562,54.724103],[20.479668,54.724104],[20.47967,54.723998],[20.479443,54.723997]]]}},{"type":"Feature","properties":{"kind":"building","name":"","osm":"way/107211132"},"geometry":{"type":"Polygon","coordinates":[[[20.479451,54.724536],[20.479443,54.724711],[20.479657,54.724715],[20.479664,54.724539],[20.479451,54.724536]]]}},{"type":"Feature","properties":{"kind":"building","name":"","osm":"way/107213748"},"geometry":{"type":"Polygon","coordinates":[[[20.479524,54.724812],[20.479525,54.724794],[20.479381,54.72479],[20.47936,54.725095],[20.479504,54.725098],[20.479505,54.725079],[20.479668,54.725083],[20.479674,54.72499],[20.479565,54.724987],[20.479571,54.724891],[20.479685,54.724894],[20.479691,54.724816],[20.479524,54.724812]]]}},{"type":"Feature","properties":{"kind":"road","name":"","osm":"way/111092741","highway":"footway","access":"","foot":""},"geometry":{"type":"LineString","coordinates":[[20.478309,54.717512],[20.478434,54.717517]]}},{"type":"Feature","properties":{"kind":"building","name":"","osm":"way/111092752"},"geometry":{"type":"Polygon","coordinates":[[[20.484732,54.71805],[20.48455,54.718048],[20.484535,54.718531],[20.484716,54.718533],[20.484732,54.71805]]]}},{"type":"Feature","properties":{"kind":"road","name":"","osm":"way/111092757","highway":"footway","access":"","foot":""},"geometry":{"type":"LineString","coordinates":[[20.47805,54.717731],[20.478175,54.717643],[20.478241,54.717571],[20.478242,54.717514],[20.478309,54.717512]]}},{"type":"Feature","properties":{"kind":"building","name":"","osm":"way/111092761"},"geometry":{"type":"Polygon","coordinates":[[[20.478808,54.719799],[20.478798,54.719923],[20.478894,54.719926],[20.478905,54.719802],[20.478808,54.719799]]]}},{"type":"Feature","properties":{"kind":"building","name":"","osm":"way/111092763"},"geometry":{"type":"Polygon","coordinates":[[[20.485044,54.719067],[20.485081,54.719068],[20.485082,54.719051],[20.485094,54.718724],[20.484782,54.71872],[20.484773,54.718967],[20.484422,54.718963],[20.484415,54.719153],[20.484715,54.719157],[20.484716,54.719142],[20.48479,54.719143],[20.484982,54.719146],[20.484983,54.719124],[20.485042,54.719125],[20.485044,54.719067]]]}},{"type":"Feature","properties":{"kind":"road","name":"","osm":"way/111092773","highway":"footway","access":"","foot":""},"geometry":{"type":"LineString","coordinates":[[20.480534,54.718357],[20.480632,54.717452],[20.48066,54.717179],[20.48067,54.717017],[20.480666,54.716939],[20.480246,54.716943],[20.480241,54.717446]]}},{"type":"Feature","properties":{"kind":"building","name":"","osm":"way/111098208"},"geometry":{"type":"Polygon","coordinates":[[[20.481101,54.717707],[20.481071,54.718607],[20.481328,54.71861],[20.481331,54.718528],[20.481333,54.718446],[20.481336,54.718364],[20.481339,54.718283],[20.481342,54.718201],[20.481344,54.718119],[20.481347,54.718037],[20.48135,54.717955],[20.481352,54.717873],[20.481355,54.717791],[20.481358,54.71771],[20.481101,54.717707]]]}},{"type":"Feature","properties":{"kind":"building","name":"","osm":"way/118486897"},"geometry":{"type":"Polygon","coordinates":[[[20.479791,54.724719],[20.47986,54.724863],[20.479815,54.72487],[20.479891,54.72503],[20.480061,54.725003],[20.480356,54.724956],[20.480505,54.724933],[20.480363,54.724637],[20.480183,54.724665],[20.480248,54.724801],[20.480035,54.724835],[20.479967,54.724691],[20.479791,54.724719]]]}},{"type":"Feature","properties":{"kind":"building","name":"","osm":"way/118486898"},"geometry":{"type":"Polygon","coordinates":[[[20.480074,54.723993],[20.480068,54.724107],[20.480442,54.724114],[20.480448,54.724],[20.480074,54.723993]]]}},{"type":"Feature","properties":{"kind":"building","name":"","osm":"way/118486902"},"geometry":{"type":"Polygon","coordinates":[[[20.479468,54.724375],[20.479467,54.724274],[20.479298,54.724275],[20.479299,54.724373],[20.479311,54.724373],[20.479311,54.724405],[20.479261,54.724405],[20.479262,54.72446],[20.479564,54.72446],[20.479563,54.724374],[20.479468,54.724375]]]}},{"type":"Feature","properties":{"kind":"building","name":"","osm":"way/118486904"},"geometry":{"type":"Polygon","coordinates":[[[20.481062,54.724699],[20.480911,54.724722],[20.480929,54.724762],[20.480763,54.724787],[20.480745,54.724748],[20.48056,54.724776],[20.480639,54.724948],[20.481141,54.724871],[20.481062,54.724699]]]}},{"type":"Feature","properties":{"kind":"building","name":"","osm":"way/128911666"},"geometry":{"type":"Polygon","coordinates":[[[20.48267,54.724739],[20.482129,54.724727],[20.48212,54.724874],[20.482661,54.724885],[20.48267,54.724739]]]}},{"type":"Feature","properties":{"kind":"building","name":"","osm":"way/132936448"},"geometry":{"type":"Polygon","coordinates":[[[20.485065,54.717408],[20.485027,54.717342],[20.484979,54.717294],[20.484928,54.717274],[20.484443,54.717265],[20.484433,54.717433],[20.484776,54.71744],[20.484758,54.717664],[20.485036,54.717677],[20.485045,54.717599],[20.485053,54.717515],[20.485065,54.717408]]]}},{"type":"Feature","properties":{"kind":"building","name":"","osm":"way/132936449"},"geometry":{"type":"Polygon","coordinates":[[[20.481788,54.721651],[20.481794,54.721597],[20.481776,54.721596],[20.481781,54.72154],[20.481767,54.721539],[20.481773,54.721477],[20.481752,54.721477],[20.481757,54.721421],[20.481764,54.721359],[20.481745,54.721359],[20.481639,54.721355],[20.481534,54.721352],[20.481505,54.721642],[20.481682,54.721648],[20.481673,54.721732],[20.481806,54.721736],[20.481815,54.721652],[20.481788,54.721651]]]}},{"type":"Feature","properties":{"kind":"road","name":"","osm":"way/132936454","highway":"service","access":"","foot":""},"geometry":{"type":"LineString","coordinates":[[20.485282,54.717122],[20.484382,54.717102],[20.48409,54.717089],[20.484012,54.717087],[20.484026,54.716747],[20.483265,54.716726],[20.483213,54.717172]]}},{"type":"Feature","properties":{"kind":"road","name":"","osm":"way/132936455","highway":"service","access":"","foot":""},"geometry":{"type":"LineString","coordinates":[[20.485914,54.71797],[20.485954,54.717391],[20.486747,54.717405]]}},{"type":"Feature","properties":{"kind":"road","name":"","osm":"way/132936456","highway":"path","access":"","foot":""},"geometry":{"type":"LineString","coordinates":[[20.485361,54.716994],[20.485444,54.717016],[20.485601,54.717131],[20.485853,54.717282],[20.485954,54.717391]]}},{"type":"Feature","properties":{"kind":"building","name":"","osm":"way/132936462"},"geometry":{"type":"Polygon","coordinates":[[[20.481639,54.721046],[20.481632,54.721077],[20.481628,54.721095],[20.481593,54.721093],[20.48156,54.72124],[20.481613,54.721244],[20.481612,54.721261],[20.481651,54.721264],[20.481756,54.721268],[20.481791,54.72127],[20.4818,54.721235],[20.481825,54.721125],[20.481839,54.721064],[20.481858,54.720981],[20.481574,54.720946],[20.481546,54.721034],[20.481639,54.721046]]]}},{"type":"Feature","properties":{"kind":"building","name":"","osm":"way/132936463"},"geometry":{"type":"Polygon","coordinates":[[[20.479904,54.72093],[20.480075,54.720934],[20.480091,54.720885],[20.480086,54.720775],[20.47996,54.720771],[20.479983,54.72072],[20.47939,54.720629],[20.479337,54.72064],[20.479307,54.720669],[20.479302,54.720711],[20.479336,54.720747],[20.479359,54.72075],[20.479351,54.720902],[20.479451,54.720903],[20.479531,54.720905],[20.479537,54.720778],[20.479635,54.720793],[20.479787,54.720816],[20.47991,54.720835],[20.479904,54.72093]]]}},{"type":"Feature","properties":{"kind":"building","name":"","osm":"way/132936467"},"geometry":{"type":"Polygon","coordinates":[[[20.481883,54.718004],[20.481879,54.718144],[20.482015,54.718145],[20.482014,54.718173],[20.482118,54.718174],[20.482119,54.718146],[20.482258,54.718148],[20.482262,54.718007],[20.482229,54.718007],[20.48223,54.717966],[20.481962,54.717963],[20.481961,54.718004],[20.481883,54.718004]]]}},{"type":"Feature","properties":{"kind":"building","name":"","osm":"way/132936469"},"geometry":{"type":"Polygon","coordinates":[[[20.482594,54.719258],[20.483743,54.719341],[20.483766,54.719234],[20.483772,54.719207],[20.483649,54.719198],[20.483511,54.719188],[20.483373,54.719178],[20.483235,54.719168],[20.483097,54.719158],[20.482959,54.719149],[20.482821,54.719139],[20.482683,54.719129],[20.482623,54.719124],[20.482594,54.719258]]]}},{"type":"Feature","properties":{"kind":"building","name":"","osm":"way/132936470"},"geometry":{"type":"Polygon","coordinates":[[[20.483555,54.717556],[20.483547,54.717715],[20.483932,54.717721],[20.48394,54.717562],[20.483555,54.717556]]]}},{"type":"Feature","properties":{"kind":"building","name":"","osm":"way/132936472"},"geometry":{"type":"Polygon","coordinates":[[[20.483275,54.718938],[20.483663,54.718945],[20.483672,54.718764],[20.483561,54.718762],[20.483562,54.718739],[20.483427,54.718736],[20.483425,54.71876],[20.483284,54.718758],[20.483275,54.718938]]]}},{"type":"Feature","properties":{"kind":"building","name":"","osm":"way/132936474"},"geometry":{"type":"Polygon","coordinates":[[[20.483622,54.717853],[20.48265,54.717844],[20.482644,54.718068],[20.482885,54.71807],[20.482886,54.718026],[20.483409,54.718031],[20.483408,54.718075],[20.483616,54.718077],[20.483622,54.717853]]]}},{"type":"Feature","properties":{"kind":"building","name":"","osm":"way/132936475"},"geometry":{"type":"Polygon","coordinates":[[[20.481745,54.721359],[20.481756,54.721268],[20.481651,54.721264],[20.481639,54.721355],[20.481745,54.721359]]]}},{"type":"Feature","properties":{"kind":"building","name":"","osm":"way/132936477"},"geometry":{"type":"Polygon","coordinates":[[[20.481871,54.718456],[20.481866,54.718613],[20.482003,54.718614],[20.482002,54.718642],[20.482108,54.718643],[20.482108,54.718615],[20.482243,54.718617],[20.482248,54.71846],[20.482217,54.71846],[20.482218,54.718426],[20.481923,54.718423],[20.481922,54.718457],[20.481871,54.718456]]]}},{"type":"Feature","properties":{"kind":"building","name":"","osm":"way/132936478"},"geometry":{"type":"Polygon","coordinates":[[[20.482363,54.718771],[20.482359,54.718899],[20.482495,54.718901],[20.482494,54.718923],[20.48262,54.718924],[20.482621,54.718902],[20.482754,54.718904],[20.482758,54.718789],[20.482725,54.718789],[20.482726,54.718744],[20.48242,54.718741],[20.482419,54.718753],[20.482388,54.718752],[20.482387,54.718772],[20.482363,54.718771]]]}},{"type":"Feature","properties":{"kind":"building","name":"","osm":"way/132936480"},"geometry":{"type":"Polygon","coordinates":[[[20.48331,54.718521],[20.483695,54.71853],[20.483707,54.718345],[20.483572,54.718342],[20.483573,54.718321],[20.483466,54.718319],[20.483464,54.718339],[20.483322,54.718336],[20.48331,54.718521]]]}},{"type":"Feature","properties":{"kind":"building","name":"","osm":"way/132936484"},"geometry":{"type":"Polygon","coordinates":[[[20.47975,54.720975],[20.479752,54.720907],[20.479531,54.720905],[20.479451,54.720903],[20.479445,54.721118],[20.479654,54.72112],[20.479657,54.720974],[20.47975,54.720975]]]}},{"type":"Feature","properties":{"kind":"building","name":"","osm":"way/144329639"},"geometry":{"type":"Polygon","coordinates":[[[20.485585,54.718371],[20.48559,54.718534],[20.485749,54.718532],[20.485811,54.718532],[20.485809,54.718493],[20.485805,54.718369],[20.485749,54.71837],[20.485585,54.718371]]]}},{"type":"Feature","properties":{"kind":"road","name":"","osm":"way/144329651","highway":"service","access":"","foot":""},"geometry":{"type":"LineString","coordinates":[[20.485287,54.719346],[20.485336,54.719345],[20.485732,54.719339],[20.48575,54.719043],[20.485819,54.718953],[20.485833,54.718601],[20.485886,54.718552]]}},{"type":"Feature","properties":{"kind":"building","name":"","osm":"way/148174667"},"geometry":{"type":"Polygon","coordinates":[[[20.482548,54.722584],[20.482565,54.722432],[20.482962,54.722447],[20.482945,54.722599],[20.482548,54.722584]]]}},{"type":"Feature","properties":{"kind":"building","name":"","osm":"way/148174668"},"geometry":{"type":"Polygon","coordinates":[[[20.48317,54.722568],[20.48319,54.722405],[20.483217,54.722172],[20.483226,54.722102],[20.483245,54.721946],[20.483468,54.721946],[20.483457,54.722035],[20.48339,54.722579],[20.48317,54.722568]]]}},{"type":"Feature","properties":{"kind":"building","name":"","osm":"way/150299313"},"geometry":{"type":"Polygon","coordinates":[[[20.478648,54.721465],[20.478756,54.721466],[20.478759,54.72139],[20.478651,54.721388],[20.478648,54.721465]]]}},{"type":"Feature","properties":{"kind":"building","name":"","osm":"way/150301337"},"geometry":{"type":"Polygon","coordinates":[[[20.485115,54.725715],[20.48516,54.725788],[20.485204,54.725859],[20.485563,54.725784],[20.485658,54.725764],[20.485568,54.72562],[20.485115,54.725715]]]}},{"type":"Feature","properties":{"kind":"building","name":"","osm":"way/150301344"},"geometry":{"type":"Polygon","coordinates":[[[20.483449,54.725656],[20.483564,54.725835],[20.484335,54.72567],[20.48422,54.725491],[20.483449,54.725656]]]}},{"type":"Feature","properties":{"kind":"building","name":"","osm":"way/150301352"},"geometry":{"type":"Polygon","coordinates":[[[20.485712,54.7256],[20.485778,54.725709],[20.486117,54.725639],[20.486075,54.725831],[20.486293,54.725838],[20.486308,54.725701],[20.48633,54.725498],[20.486135,54.725502],[20.485908,54.725555],[20.485712,54.7256]]]}},{"type":"Feature","properties":{"kind":"building","name":"","osm":"way/150450947"},"geometry":{"type":"Polygon","coordinates":[[[20.484724,54.727058],[20.485027,54.727065],[20.485046,54.726794],[20.484743,54.726787],[20.484724,54.727058]]]}},{"type":"Feature","properties":{"kind":"road","name":"Комсомольская улица","osm":"way/150596901","highway":"secondary","access":"","foot":""},"geometry":{"type":"LineString","coordinates":[[20.479104,54.72161],[20.479115,54.721247],[20.479141,54.72083],[20.479147,54.720588]]}},{"type":"Feature","properties":{"kind":"road","name":"Комсомольская улица","osm":"way/152805367","highway":"service","access":"","foot":""},"geometry":{"type":"LineString","coordinates":[[20.478922,54.724149],[20.478877,54.724148],[20.478384,54.724131],[20.478203,54.724125],[20.478209,54.723979]]}},{"type":"Feature","properties":{"kind":"building","name":"","osm":"way/152807496"},"geometry":{"type":"Polygon","coordinates":[[[20.480469,54.723395],[20.480725,54.723404],[20.480745,54.723224],[20.480746,54.723209],[20.480491,54.7232],[20.480469,54.723395]]]}},{"type":"Feature","properties":{"kind":"building","name":"","osm":"way/152807498"},"geometry":{"type":"Polygon","coordinates":[[[20.48098,54.723368],[20.480996,54.723204],[20.48135,54.723216],[20.481333,54.72338],[20.48098,54.723368]]]}},{"type":"Feature","properties":{"kind":"building","name":"","osm":"way/152807499"},"geometry":{"type":"Polygon","coordinates":[[[20.480758,54.724355],[20.481007,54.724359],[20.481009,54.724307],[20.480509,54.724297],[20.480515,54.724187],[20.480377,54.724185],[20.480368,54.724347],[20.480559,54.724351],[20.480758,54.724355]]]}},{"type":"Feature","properties":{"kind":"road","name":"","osm":"way/152807500","highway":"service","access":"","foot":""},"geometry":{"type":"LineString","coordinates":[[20.481464,54.723519],[20.480923,54.72351],[20.480912,54.723659]]}},{"type":"Feature","properties":{"kind":"road","name":"","osm":"way/152807501","highway":"service","access":"","foot":""},"geometry":{"type":"LineString","coordinates":[[20.481384,54.724284],[20.481464,54.723519],[20.481887,54.723542],[20.482016,54.72355]]}},{"type":"Feature","properties":{"kind":"road","name":"","osm":"way/152807505","highway":"service","access":"","foot":""},"geometry":{"type":"LineString","coordinates":[[20.48028,54.723865],[20.480685,54.723876],[20.480677,54.724214],[20.481074,54.724254],[20.481314,54.724277],[20.481384,54.724284],[20.481811,54.724326],[20.481926,54.72434]]}},{"type":"Feature","properties":{"kind":"building","name":"","osm":"way/155411395"},"geometry":{"type":"Polygon","coordinates":[[[20.484112,54.720297],[20.484207,54.720298],[20.484209,54.720188],[20.484113,54.720188],[20.484112,54.720297]]]}},{"type":"Feature","properties":{"kind":"building","name":"","osm":"way/155411396"},"geometry":{"type":"Polygon","coordinates":[[[20.484049,54.720289],[20.484051,54.720172],[20.483822,54.720171],[20.48382,54.720288],[20.483934,54.720289],[20.484049,54.720289]]]}},{"type":"Feature","properties":{"kind":"road","name":"","osm":"way/155411397","highway":"service","access":"","foot":""},"geometry":{"type":"LineString","coordinates":[[20.485074,54.720368],[20.48503,54.720323],[20.484972,54.720265],[20.484724,54.720232],[20.484422,54.720193],[20.484355,54.720202],[20.484309,54.720244],[20.484296,54.72032],[20.484241,54.720346],[20.483885,54.720352],[20.483494,54.720259]]}},{"type":"Feature","properties":{"kind":"road","name":"переулок Сержанта Колоскова","osm":"way/155411398","highway":"residential","access":"","foot":""},"geometry":{"type":"LineString","coordinates":[[20.481593,54.717848],[20.48154,54.718618],[20.482264,54.719016],[20.483695,54.719034],[20.483876,54.719018],[20.483924,54.718232],[20.48393,54.718131],[20.483939,54.717984],[20.483944,54.717897],[20.484419,54.717906],[20.485308,54.717924]]}},{"type":"Feature","properties":{"kind":"road","name":"","osm":"way/155411399","highway":"service","access":"","foot":""},"geometry":{"type":"LineString","coordinates":[[20.485284,54.719198],[20.484893,54.719207],[20.484268,54.71922]]}},{"type":"Feature","properties":{"kind":"road","name":"","osm":"way/155411400","highway":"service","access":"","foot":""},"geometry":{"type":"LineString","coordinates":[[20.484405,54.722755],[20.484352,54.723206],[20.484345,54.723264]]}},{"type":"Feature","properties":{"kind":"road","name":"","osm":"way/155411401","highway":"service","access":"","foot":""},"geometry":{"type":"LineString","coordinates":[[20.484685,54.721111],[20.484605,54.721839]]}},{"type":"Feature","properties":{"kind":"road","name":"","osm":"way/155411402","highway":"service","access":"","foot":""},"geometry":{"type":"LineString","coordinates":[[20.484941,54.722779],[20.484878,54.722776],[20.484405,54.722755],[20.484253,54.722749],[20.484357,54.72183],[20.484605,54.721839],[20.48497,54.721852],[20.485006,54.721854]]}},{"type":"Feature","properties":{"kind":"road","name":"","osm":"way/155411403","highway":"service","access":"","foot":""},"geometry":{"type":"LineString","coordinates":[[20.485094,54.721121],[20.485053,54.72112],[20.484685,54.721111],[20.484531,54.721107],[20.483998,54.72124],[20.483642,54.721264],[20.483338,54.721284],[20.482752,54.721346]]}},{"type":"Feature","properties":{"kind":"building","name":"","osm":"way/155411404"},"geometry":{"type":"Polygon","coordinates":[[[20.483775,54.720232],[20.483776,54.720186],[20.48358,54.720185],[20.483579,54.720231],[20.483775,54.720232]]]}},{"type":"Feature","properties":{"kind":"building","name":"Управление федерального казначейства","osm":"way/156068648"},"geometry":{"type":"Polygon","coordinates":[[[20.483884,54.724128],[20.483874,54.724232],[20.484045,54.724238],[20.484048,54.724202],[20.484231,54.724208],[20.484241,54.724103],[20.483954,54.724094],[20.483969,54.723973],[20.48379,54.723966],[20.483771,54.724123],[20.483884,54.724128]]]}},{"type":"Feature","properties":{"kind":"building","name":"","osm":"way/156068650"},"geometry":{"type":"Polygon","coordinates":[[[20.48389,54.724784],[20.483715,54.724775],[20.483471,54.724762],[20.483224,54.724752],[20.483064,54.724744],[20.483045,54.72487],[20.483871,54.724911],[20.48389,54.724784]]]}},{"type":"Feature","properties":{"kind":"building","name":"","osm":"way/156068651"},"geometry":{"type":"Polygon","coordinates":[[[20.482445,54.723159],[20.482673,54.723166],[20.48269,54.722975],[20.482462,54.722968],[20.482445,54.723159]]]}},{"type":"Feature","properties":{"kind":"building","name":"","osm":"way/156068653"},"geometry":{"type":"Polygon","coordinates":[[[20.484264,54.725156],[20.484449,54.725161],[20.484456,54.725078],[20.484468,54.724927],[20.484475,54.724839],[20.484266,54.724834],[20.484058,54.724828],[20.484049,54.724941],[20.484281,54.724947],[20.484264,54.725156]]]}},{"type":"Feature","properties":{"kind":"building","name":"Чайковский","osm":"way/157224012"},"geometry":{"type":"Polygon","coordinates":[[[20.482963,54.725995],[20.483214,54.725941],[20.483143,54.725829],[20.482891,54.725883],[20.482963,54.725995]]]}},{"type":"Feature","properties":{"kind":"building","name":"","osm":"way/157224043"},"geometry":{"type":"Polygon","coordinates":[[[20.48422,54.725491],[20.484241,54.725348],[20.484151,54.725346],[20.484158,54.725256],[20.484441,54.725264],[20.484455,54.725265],[20.484435,54.725654],[20.484335,54.72567],[20.48422,54.725491]]]}},{"type":"Feature","properties":{"kind":"green","name":"","osm":"way/157224051"},"geometry":{"type":"Polygon","coordinates":[[[20.479213,54.727131],[20.479232,54.726976],[20.479777,54.726856],[20.479943,54.727131],[20.480075,54.727131],[20.480751,54.726992],[20.480744,54.727131],[20.479213,54.727131]]]}},{"type":"Feature","properties":{"kind":"building","name":"","osm":"way/161198539"},"geometry":{"type":"Polygon","coordinates":[[[20.481078,54.722559],[20.481317,54.722563],[20.481321,54.722474],[20.481082,54.72247],[20.481078,54.722559]]]}},{"type":"Feature","properties":{"kind":"building","name":"","osm":"way/161198540"},"geometry":{"type":"Polygon","coordinates":[[[20.48068,54.722552],[20.480919,54.722555],[20.480923,54.722466],[20.480684,54.722463],[20.48068,54.722552]]]}},{"type":"Feature","properties":{"kind":"building","name":"","osm":"way/161198541"},"geometry":{"type":"Polygon","coordinates":[[[20.4803,54.722541],[20.48054,54.722545],[20.480544,54.722456],[20.480304,54.722453],[20.4803,54.722541]]]}},{"type":"Feature","properties":{"kind":"building","name":"","osm":"way/161198542"},"geometry":{"type":"Polygon","coordinates":[[[20.479965,54.722711],[20.480157,54.722717],[20.480172,54.72254],[20.47998,54.722535],[20.479965,54.722711]]]}},{"type":"Feature","properties":{"kind":"road","name":"","osm":"way/161400556","highway":"footway","access":"","foot":""},"geometry":{"type":"LineString","coordinates":[[20.483589,54.721812],[20.483642,54.721264]]}},{"type":"Feature","properties":{"kind":"road","name":"","osm":"way/161400557","highway":"footway","access":"","foot":""},"geometry":{"type":"LineString","coordinates":[[20.483011,54.721799],[20.483589,54.721812],[20.484002,54.721828]]}},{"type":"Feature","properties":{"kind":"road","name":"","osm":"way/161400558","highway":"service","access":"","foot":""},"geometry":{"type":"LineString","coordinates":[[20.483135,54.721927],[20.483121,54.722114],[20.483105,54.722326],[20.482284,54.722302],[20.482251,54.722302],[20.482139,54.722298]]}},{"type":"Feature","properties":{"kind":"road","name":"","osm":"way/161400559","highway":"footway","access":"","foot":""},"geometry":{"type":"LineString","coordinates":[[20.483121,54.722114],[20.482985,54.722112],[20.483011,54.721799],[20.482333,54.721806],[20.482299,54.721804]]}},{"type":"Feature","properties":{"kind":"building","name":"","osm":"way/161401195"},"geometry":{"type":"Polygon","coordinates":[[[20.484915,54.72073],[20.484913,54.720738],[20.484948,54.720742],[20.484942,54.720761],[20.484987,54.720765],[20.484978,54.720797],[20.485071,54.720806],[20.485109,54.720675],[20.485072,54.720632],[20.485049,54.720605],[20.484623,54.720726],[20.484683,54.720796],[20.484722,54.720785],[20.484753,54.720822],[20.484828,54.7208],[20.484797,54.720764],[20.484915,54.72073]]]}},{"type":"Feature","properties":{"kind":"building","name":"","osm":"way/161401196"},"geometry":{"type":"Polygon","coordinates":[[[20.482237,54.723242],[20.482433,54.723249],[20.482445,54.723159],[20.482462,54.722968],[20.482485,54.72278],[20.482289,54.722773],[20.482237,54.723242]]]}},{"type":"Feature","properties":{"kind":"building","name":"","osm":"way/161401197"},"geometry":{"type":"Polygon","coordinates":[[[20.484658,54.721067],[20.484804,54.721078],[20.484826,54.720983],[20.48468,54.720972],[20.484658,54.721067]]]}},{"type":"Feature","properties":{"kind":"building","name":"","osm":"way/161401198"},"geometry":{"type":"Polygon","coordinates":[[[20.482775,54.721106],[20.482776,54.721014],[20.482811,54.720997],[20.4831,54.721019],[20.48311,54.721043],[20.4831,54.721121],[20.482921,54.721109],[20.482775,54.721106]]]}},{"type":"Feature","properties":{"kind":"building","name":"","osm":"way/161401199"},"geometry":{"type":"Polygon","coordinates":[[[20.484112,54.721068],[20.484227,54.721035],[20.484517,54.720952],[20.484614,54.720924],[20.484512,54.720806],[20.484119,54.720919],[20.48401,54.72095],[20.484112,54.721068]]]}},{"type":"Feature","properties":{"kind":"water","name":"","osm":"way/161401842"},"geometry":{"type":"Polygon","coordinates":[[[20.486586,54.72018],[20.486447,54.720147],[20.486307,54.720131],[20.486166,54.720136],[20.486034,54.720166],[20.485889,54.720177],[20.485709,54.720179],[20.485655,54.72021],[20.4857,54.72021],[20.485808,54.720217],[20.485956,54.720217],[20.486187,54.720196],[20.486322,54.720183],[20.486448,54.720196],[20.486586,54.720226],[20.486586,54.72018]]]}},{"type":"Feature","properties":{"kind":"road","name":"","osm":"way/167984309","highway":"service","access":"","foot":""},"geometry":{"type":"LineString","coordinates":[[20.482335,54.718189],[20.482317,54.71839],[20.482264,54.719016]]}},{"type":"Feature","properties":{"kind":"road","name":"","osm":"way/167984313","highway":"service","access":"","foot":""},"geometry":{"type":"LineString","coordinates":[[20.483924,54.718232],[20.483682,54.71822],[20.482335,54.718189],[20.482345,54.717893],[20.481812,54.717887],[20.481803,54.718161]]}},{"type":"Feature","properties":{"kind":"building","name":"","osm":"way/167984322"},"geometry":{"type":"Polygon","coordinates":[[[20.4828,54.718535],[20.482757,54.718556],[20.482726,54.718541],[20.482623,54.718537],[20.48257,54.718516],[20.48256,54.718435],[20.482532,54.718424],[20.48255,54.718405],[20.482612,54.718417],[20.482641,54.718406],[20.48269,54.718403],[20.482744,54.718412],[20.482769,54.718434],[20.482788,54.718461],[20.482781,54.718478],[20.482758,54.718501],[20.4828,54.718535]]]}},{"type":"Feature","properties":{"kind":"road","name":"проспект Мира","osm":"way/167984335","highway":"primary","access":"","foot":"no"},"geometry":{"type":"LineString","coordinates":[[20.485572,54.720112],[20.485237,54.720361]]}},{"type":"Feature","properties":{"kind":"building","name":"","osm":"way/175185504"},"geometry":{"type":"Polygon","coordinates":[[[20.479398,54.719942],[20.479536,54.719943],[20.479529,54.720277],[20.47903,54.720274],[20.479034,54.720091],[20.479225,54.720093],[20.479224,54.720178],[20.479349,54.720179],[20.479353,54.720011],[20.479398,54.719942]]]}},{"type":"Feature","properties":{"kind":"building","name":"","osm":"way/175185609"},"geometry":{"type":"Polygon","coordinates":[[[20.480198,54.719814],[20.480198,54.7196],[20.479911,54.719589],[20.479915,54.719719],[20.479981,54.719723],[20.479975,54.719819],[20.480198,54.719814]]]}},{"type":"Feature","properties":{"kind":"building","name":"","osm":"way/179573837"},"geometry":{"type":"Polygon","coordinates":[[[20.479792,54.725382],[20.479532,54.725423],[20.479482,54.725315],[20.479742,54.725275],[20.479792,54.725382]]]}},{"type":"Feature","properties":{"kind":"road","name":"","osm":"way/191398417","highway":"service","access":"","foot":""},"geometry":{"type":"LineString","coordinates":[[20.480481,54.726269],[20.480574,54.726415],[20.480686,54.726593]]}},{"type":"Feature","properties":{"kind":"road","name":"","osm":"way/191398418","highway":"service","access":"","foot":""},"geometry":{"type":"LineString","coordinates":[[20.480235,54.72638],[20.47988,54.726452],[20.479861,54.7265],[20.480014,54.726746]]}},{"type":"Feature","properties":{"kind":"green","name":"","osm":"way/191398420"},"geometry":{"type":"Polygon","coordinates":[[[20.4816,54.726296],[20.481608,54.726088],[20.4814,54.726247],[20.481578,54.726317],[20.4816,54.726296]]]}},{"type":"Feature","properties":{"kind":"green","name":"","osm":"way/191398421"},"geometry":{"type":"Polygon","coordinates":[[[20.481153,54.726426],[20.481368,54.726269],[20.481556,54.726342],[20.481526,54.726362],[20.481153,54.726426]]]}},{"type":"Feature","properties":{"kind":"green","name":"","osm":"way/191398422"},"geometry":{"type":"Polygon","coordinates":[[[20.481075,54.726442],[20.481597,54.726067],[20.481122,54.726058],[20.481059,54.726442],[20.481075,54.726442]]]}},{"type":"Feature","properties":{"kind":"building","name":"","osm":"way/193699540"},"geometry":{"type":"Polygon","coordinates":[[[20.481016,54.72363],[20.481128,54.723632],[20.481133,54.723577],[20.48102,54.723574],[20.481016,54.72363]]]}},{"type":"Feature","properties":{"kind":"road","name":"","osm":"way/201993041","highway":"service","access":"","foot":""},"geometry":{"type":"LineString","coordinates":[[20.478939,54.723958],[20.478978,54.723959],[20.479026,54.72396],[20.479723,54.723975],[20.479713,54.72417],[20.479557,54.724167]]}},{"type":"Feature","properties":{"kind":"road","name":"","osm":"way/201993042","highway":"service","access":"","foot":""},"geometry":{"type":"LineString","coordinates":[[20.482049,54.72324],[20.481918,54.723235],[20.481531,54.723215],[20.481448,54.723204],[20.481454,54.723137],[20.481525,54.72226],[20.481765,54.722232],[20.48202,54.722226],[20.482145,54.722223]]}},{"type":"Feature","properties":{"kind":"building","name":"","osm":"way/234765820"},"geometry":{"type":"Polygon","coordinates":[[[20.478661,54.723464],[20.478668,54.72331],[20.478479,54.723307],[20.478473,54.723461],[20.478661,54.723464]]]}},{"type":"Feature","properties":{"kind":"building","name":"","osm":"way/234765821"},"geometry":{"type":"Polygon","coordinates":[[[20.478618,54.72401],[20.47842,54.724005],[20.478412,54.724111],[20.478611,54.724116],[20.478618,54.72401]]]}},{"type":"Feature","properties":{"kind":"road","name":"","osm":"way/234765824","highway":"service","access":"","foot":""},"geometry":{"type":"LineString","coordinates":[[20.479035,54.722806],[20.478922,54.722804],[20.478811,54.722799],[20.47859,54.72279],[20.47843,54.722778],[20.478327,54.722766],[20.478232,54.72274],[20.478214,54.722705],[20.478205,54.722686],[20.478227,54.722327]]}},{"type":"Feature","properties":{"kind":"building","name":"","osm":"way/236510889"},"geometry":{"type":"Polygon","coordinates":[[[20.481964,54.721144],[20.482048,54.721149],[20.482067,54.721032],[20.481983,54.721027],[20.481964,54.721144]]]}},{"type":"Feature","properties":{"kind":"building","name":"","osm":"way/259692424"},"geometry":{"type":"Polygon","coordinates":[[[20.483906,54.726314],[20.483906,54.726423],[20.484278,54.726423],[20.484278,54.726314],[20.483906,54.726314]]]}},{"type":"Feature","properties":{"kind":"building","name":"","osm":"way/259692425"},"geometry":{"type":"Polygon","coordinates":[[[20.4838,54.726625],[20.484289,54.726627],[20.48429,54.726511],[20.483801,54.726509],[20.4838,54.726625]]]}},{"type":"Feature","properties":{"kind":"building","name":"","osm":"way/259692481"},"geometry":{"type":"Polygon","coordinates":[[[20.4824,54.727084],[20.482396,54.727131],[20.482604,54.727131],[20.482608,54.72709],[20.4824,54.727084]]]}},{"type":"Feature","properties":{"kind":"building","name":"","osm":"way/259692482"},"geometry":{"type":"Polygon","coordinates":[[[20.483455,54.726818],[20.483445,54.726936],[20.484346,54.726963],[20.484357,54.726844],[20.483455,54.726818]]]}},{"type":"Feature","properties":{"kind":"building","name":"Висячие сады","osm":"way/259693023"},"geometry":{"type":"Polygon","coordinates":[[[20.481331,54.724889],[20.481593,54.724849],[20.481591,54.724727],[20.48154,54.724704],[20.481289,54.724849],[20.481293,54.72488],[20.481331,54.724889]]]}},{"type":"Feature","properties":{"kind":"building","name":"","osm":"way/259693037"},"geometry":{"type":"Polygon","coordinates":[[[20.48257,54.724593],[20.482858,54.724598],[20.482863,54.724505],[20.482575,54.7245],[20.482571,54.72457],[20.48257,54.724593]]]}},{"type":"Feature","properties":{"kind":"road","name":"","osm":"way/259717811","highway":"service","access":"","foot":""},"geometry":{"type":"LineString","coordinates":[[20.484354,54.727027],[20.48336,54.727003]]}},{"type":"Feature","properties":{"kind":"road","name":"","osm":"way/259717812","highway":"service","access":"","foot":""},"geometry":{"type":"LineString","coordinates":[[20.483383,54.726636],[20.48338,54.726686],[20.48336,54.727003],[20.483317,54.727662]]}},{"type":"Feature","properties":{"kind":"road","name":"","osm":"way/259717813","highway":"service","access":"","foot":""},"geometry":{"type":"LineString","coordinates":[[20.484548,54.72703],[20.48447,54.727029],[20.484354,54.727027],[20.483997,54.727146],[20.48396,54.727467],[20.483317,54.727662],[20.482206,54.728017]]}},{"type":"Feature","properties":{"kind":"building","name":"","osm":"way/259873021"},"geometry":{"type":"Polygon","coordinates":[[[20.484794,54.726683],[20.485036,54.72669],[20.485055,54.726482],[20.484813,54.726474],[20.484794,54.726683]]]}},{"type":"Feature","properties":{"kind":"building","name":"","osm":"way/260876281"},"geometry":{"type":"Polygon","coordinates":[[[20.47911,54.727131],[20.479118,54.727062],[20.479126,54.727004],[20.479217,54.727004],[20.4792,54.727131],[20.47911,54.727131]]]}},{"type":"Feature","properties":{"kind":"road","name":"","osm":"way/261592331","highway":"service","access":"","foot":""},"geometry":{"type":"LineString","coordinates":[[20.484361,54.717223],[20.484893,54.717237]]}},{"type":"Feature","properties":{"kind":"road","name":"","osm":"way/261592332","highway":"footway","access":"","foot":""},"geometry":{"type":"LineString","coordinates":[[20.485108,54.717555],[20.485297,54.717556]]}},{"type":"Feature","properties":{"kind":"road","name":"","osm":"way/261592333","highway":"service","access":"","foot":""},"geometry":{"type":"LineString","coordinates":[[20.484382,54.717102],[20.484352,54.717188],[20.484361,54.717223],[20.484338,54.717782],[20.485053,54.717786]]}},{"type":"Feature","properties":{"kind":"road","name":"","osm":"way/261592334","highway":"footway","access":"","foot":""},"geometry":{"type":"LineString","coordinates":[[20.485045,54.717599],[20.485103,54.717601],[20.485108,54.717555],[20.485112,54.717513],[20.485053,54.717515]]}},{"type":"Feature","properties":{"kind":"road","name":"проспект Мира","osm":"way/271442653","highway":"primary","access":"","foot":"no"},"geometry":{"type":"LineString","coordinates":[[20.485118,54.720413],[20.484884,54.720495],[20.484462,54.720633]]}},{"type":"Feature","properties":{"kind":"building","name":"Универсам \"Фортуна\"","osm":"way/274979024"},"geometry":{"type":"Polygon","coordinates":[[[20.482571,54.72457],[20.482077,54.724561],[20.482097,54.724224],[20.482167,54.724226],[20.482155,54.724433],[20.482435,54.724438],[20.482578,54.724441],[20.482575,54.7245],[20.482571,54.72457]]]}},{"type":"Feature","properties":{"kind":"road","name":"","osm":"way/274984989","highway":"service","access":"","foot":""},"geometry":{"type":"LineString","coordinates":[[20.487602,54.725711],[20.487552,54.725723],[20.486431,54.725969]]}},{"type":"Feature","properties":{"kind":"road","name":"","osm":"way/274984990","highway":"footway","access":"","foot":""},"geometry":{"type":"LineString","coordinates":[[20.484952,54.725883],[20.484879,54.725741],[20.484862,54.725711]]}},{"type":"Feature","properties":{"kind":"road","name":"","osm":"way/294221800","highway":"footway","access":"","foot":""},"geometry":{"type":"LineString","coordinates":[[20.478936,54.727428],[20.478831,54.727403],[20.478835,54.72698],[20.478932,54.725293],[20.479026,54.72396],[20.479187,54.721245],[20.479242,54.720599]]}},{"type":"Feature","properties":{"kind":"road","name":"","osm":"way/294297308","highway":"footway","access":"","foot":""},"geometry":{"type":"LineString","coordinates":[[20.484961,54.720592],[20.484884,54.720495],[20.484864,54.720474],[20.484849,54.720458],[20.484831,54.720439],[20.484798,54.720402]]}},{"type":"Feature","properties":{"kind":"road","name":"проспект Мира","osm":"way/294297313","highway":"primary","access":"","foot":"no"},"geometry":{"type":"LineString","coordinates":[[20.481437,54.720809],[20.480796,54.720736]]}},{"type":"Feature","properties":{"kind":"road","name":"","osm":"way/294478026","highway":"footway","access":"","foot":""},"geometry":{"type":"LineString","coordinates":[[20.485088,54.7203],[20.485442,54.720034]]}},{"type":"Feature","properties":{"kind":"road","name":"","osm":"way/294478027","highway":"footway","access":"","foot":""},"geometry":{"type":"LineString","coordinates":[[20.485442,54.720034],[20.485472,54.720015],[20.485509,54.719992],[20.485553,54.719965],[20.485621,54.719923],[20.485801,54.71985],[20.486141,54.719829],[20.486613,54.719851],[20.48673,54.719866],[20.486792,54.719875],[20.487483,54.719975],[20.487601,54.719986],[20.48773,54.719996],[20.487889,54.720001],[20.48811,54.72],[20.488145,54.719983],[20.488225,54.719977],[20.48834,54.719965],[20.488443,54.719938],[20.488487,54.719928],[20.48906,54.719783],[20.489515,54.719655],[20.489627,54.71963],[20.490114,54.719493],[20.490199,54.719472],[20.490761,54.719305],[20.490979,54.719248],[20.491309,54.719182],[20.491794,54.719138],[20.492586,54.719068],[20.492715,54.719025],[20.492723,54.719037]]}},{"type":"Feature","properties":{"kind":"road","name":"Зоологическая улица","osm":"way/294786445","highway":"tertiary","access":"","foot":""},"geometry":{"type":"LineString","coordinates":[[20.48516,54.72057],[20.485158,54.720622],[20.485156,54.720691]]}},{"type":"Feature","properties":{"kind":"road","name":"проспект Мира","osm":"way/294786446","highway":"primary","access":"","foot":"no"},"geometry":{"type":"LineString","coordinates":[[20.486654,54.72003],[20.48639,54.720007],[20.486193,54.719995],[20.486017,54.720011],[20.485793,54.720039],[20.48566,54.720075],[20.485572,54.720112]]}},{"type":"Feature","properties":{"kind":"road","name":"улица Космонавта Леонова","osm":"way/295045894","highway":"secondary","access":"","foot":"no"},"geometry":{"type":"LineString","coordinates":[[20.48226,54.720939],[20.482236,54.721195],[20.482233,54.721226]]}},{"type":"Feature","properties":{"kind":"road","name":"улица Космонавта Леонова","osm":"way/295045895","highway":"secondary","access":"","foot":"no"},"geometry":{"type":"LineString","coordinates":[[20.482016,54.72355],[20.481939,54.724224]]}},{"type":"Feature","properties":{"kind":"road","name":"улица Космонавта Леонова","osm":"way/295045896","highway":"secondary","access":"","foot":"no"},"geometry":{"type":"LineString","coordinates":[[20.482139,54.722298],[20.482058,54.723128]]}},{"type":"Feature","properties":{"kind":"road","name":"улица Полковника Сафронова","osm":"way/303078215","highway":"residential","access":"","foot":""},"geometry":{"type":"LineString","coordinates":[[20.482017,54.724666],[20.482935,54.724696],[20.483937,54.724727]]}},{"type":"Feature","properties":{"kind":"road","name":"","osm":"way/343186508","highway":"footway","access":"","foot":""},"geometry":{"type":"LineString","coordinates":[[20.482752,54.721346],[20.482681,54.721317],[20.482398,54.721309],[20.482321,54.721307]]}},{"type":"Feature","properties":{"kind":"road","name":"","osm":"way/343187434","highway":"service","access":"","foot":""},"geometry":{"type":"LineString","coordinates":[[20.484002,54.721828],[20.484357,54.72183]]}},{"type":"Feature","properties":{"kind":"road","name":"","osm":"way/343187437","highway":"service","access":"","foot":""},"geometry":{"type":"LineString","coordinates":[[20.484002,54.721828],[20.483895,54.722726],[20.484253,54.722749]]}},{"type":"Feature","properties":{"kind":"road","name":"","osm":"way/396648950","highway":"service","access":"","foot":""},"geometry":{"type":"LineString","coordinates":[[20.479115,54.721247],[20.479155,54.721246],[20.479187,54.721245],[20.479268,54.721249],[20.479723,54.721256],[20.479828,54.720895],[20.479607,54.72085]]}},{"type":"Feature","properties":{"kind":"road","name":"","osm":"way/417147010","highway":"footway","access":"","foot":""},"geometry":{"type":"LineString","coordinates":[[20.482139,54.720934],[20.482115,54.721193],[20.482074,54.721662],[20.482066,54.721765],[20.482064,54.721789],[20.482047,54.721954],[20.48202,54.722226],[20.481929,54.723125],[20.481918,54.723235],[20.481887,54.723542],[20.481872,54.723689],[20.481811,54.724326],[20.481744,54.724411],[20.481736,54.724625],[20.481752,54.724658],[20.481756,54.724665],[20.481771,54.724705],[20.481773,54.724855],[20.481707,54.725614],[20.481663,54.726033]]}},{"type":"Feature","properties":{"kind":"road","name":"","osm":"way/417147013","highway":"footway","access":"","foot":""},"geometry":{"type":"LineString","coordinates":[[20.481632,54.72646],[20.481404,54.72659]]}},{"type":"Feature","properties":{"kind":"road","name":"","osm":"way/417147015","highway":"footway","access":"","foot":""},"geometry":{"type":"LineString","coordinates":[[20.482047,54.721954],[20.482168,54.721955],[20.482284,54.721957]]}},{"type":"Feature","properties":{"kind":"road","name":"","osm":"way/417147017","highway":"footway","access":"","foot":""},"geometry":{"type":"LineString","coordinates":[[20.482419,54.726471],[20.482305,54.726319],[20.482257,54.726257]]}},{"type":"Feature","properties":{"kind":"road","name":"","osm":"way/417147019","highway":"footway","access":"","foot":""},"geometry":{"type":"LineString","coordinates":[[20.481644,54.726267],[20.481769,54.726269],[20.481868,54.726271]]}},{"type":"Feature","properties":{"kind":"road","name":"","osm":"way/417147021","highway":"footway","access":"","foot":""},"geometry":{"type":"LineString","coordinates":[[20.481929,54.723125],[20.482058,54.723128],[20.48217,54.723131]]}},{"type":"Feature","properties":{"kind":"road","name":"","osm":"way/417147023","highway":"footway","access":"","foot":""},"geometry":{"type":"LineString","coordinates":[[20.481771,54.724705],[20.481897,54.724711],[20.482013,54.724719]]}},{"type":"Feature","properties":{"kind":"road","name":"","osm":"way/417147025","highway":"footway","access":"","foot":""},"geometry":{"type":"LineString","coordinates":[[20.481632,54.72646],[20.481635,54.726391],[20.481637,54.726361],[20.481644,54.726267],[20.481663,54.726033]]}},{"type":"Feature","properties":{"kind":"road","name":"улица Космонавта Леонова","osm":"way/417147030","highway":"secondary","access":"","foot":"no"},"geometry":{"type":"LineString","coordinates":[[20.48171,54.726871],[20.481622,54.728133]]}},{"type":"Feature","properties":{"kind":"road","name":"улица Чайковского","osm":"way/417147042","highway":"tertiary","access":"","foot":"no"},"geometry":{"type":"LineString","coordinates":[[20.481862,54.726341],[20.481764,54.726363],[20.481635,54.726391]]}},{"type":"Feature","properties":{"kind":"road","name":"улица Чайковского","osm":"way/417147047","highway":"tertiary","access":"","foot":""},"geometry":{"type":"LineString","coordinates":[[20.481635,54.726391],[20.481016,54.726523],[20.480686,54.726593],[20.480014,54.726746],[20.479625,54.726826]]}},{"type":"Feature","properties":{"kind":"green","name":"парк Юльхенталь","osm":"way/450503927"},"geometry":{"type":"Polygon","coordinates":[[[20.478883,54.718931],[20.478933,54.718654],[20.479164,54.718668],[20.479674,54.718603],[20.480469,54.718357],[20.480752,54.718629],[20.480856,54.718771],[20.481027,54.718907],[20.481277,54.718973],[20.481632,54.719032],[20.48183,54.719065],[20.481946,54.719137],[20.482045,54.71926],[20.482182,54.719345],[20.482386,54.719387],[20.482602,54.719364],[20.483208,54.71945],[20.484001,54.71948],[20.484303,54.719707],[20.484571,54.71985],[20.484405,54.720101],[20.483884,54.720079],[20.483107,54.720098],[20.482613,54.720154],[20.48198,54.720092],[20.481712,54.719906],[20.481267,54.719729],[20.480784,54.719537],[20.480135,54.719268],[20.479706,54.719072],[20.47925,54.718976],[20.479011,54.718939],[20.478883,54.718931]]]}},{"type":"Feature","properties":{"kind":"building","name":"","osm":"way/450503929"},"geometry":{"type":"Polygon","coordinates":[[[20.484879,54.719903],[20.485115,54.71988],[20.485297,54.719866],[20.485175,54.719574],[20.485161,54.719528],[20.484767,54.719558],[20.484839,54.71981],[20.484879,54.719903]]]}},{"type":"Feature","properties":{"kind":"road","name":"","osm":"way/451042101","highway":"steps","access":"","foot":""},"geometry":{"type":"LineString","coordinates":[[20.478434,54.717517],[20.479211,54.717541]]}},{"type":"Feature","properties":{"kind":"road","name":"","osm":"way/451042102","highway":"path","access":"","foot":""},"geometry":{"type":"LineString","coordinates":[[20.478799,54.715773],[20.478864,54.715981],[20.478934,54.716055],[20.478977,54.716269],[20.478964,54.716398],[20.478966,54.71654],[20.478959,54.716658],[20.479119,54.71671],[20.479197,54.716814],[20.479194,54.716936],[20.479184,54.717102],[20.479213,54.717214],[20.479245,54.717325],[20.479224,54.717449],[20.479247,54.717495],[20.479266,54.717539]]}},{"type":"Feature","properties":{"kind":"road","name":"","osm":"way/451259281","highway":"steps","access":"","foot":""},"geometry":{"type":"LineString","coordinates":[[20.482507,54.720184],[20.482582,54.719953]]}},{"type":"Feature","properties":{"kind":"road","name":"","osm":"way/451259284","highway":"path","access":"","foot":""},"geometry":{"type":"LineString","coordinates":[[20.478013,54.719816],[20.47816,54.719758]]}},{"type":"Feature","properties":{"kind":"road","name":"","osm":"way/451259285","highway":"path","access":"","foot":""},"geometry":{"type":"LineString","coordinates":[[20.478618,54.719702],[20.478736,54.719651],[20.478825,54.719615],[20.478862,54.719617],[20.478997,54.71962]]}},{"type":"Feature","properties":{"kind":"road","name":"","osm":"way/451259286","highway":"steps","access":"","foot":""},"geometry":{"type":"LineString","coordinates":[[20.47816,54.719758],[20.478618,54.719702]]}},{"type":"Feature","properties":{"kind":"road","name":"","osm":"way/451259287","highway":"path","access":"","foot":""},"geometry":{"type":"LineString","coordinates":[[20.479266,54.717539],[20.479294,54.717712],[20.479252,54.717927],[20.479234,54.71809],[20.479252,54.718152],[20.479553,54.718191],[20.479804,54.718189],[20.480062,54.718192],[20.480217,54.718195],[20.480354,54.71824],[20.480492,54.718332],[20.480534,54.718357],[20.480663,54.718572],[20.48079,54.718688],[20.480981,54.718833],[20.481174,54.718921],[20.481407,54.71897],[20.481817,54.719018],[20.48201,54.719091],[20.482045,54.719197],[20.48215,54.71929],[20.482212,54.719319],[20.482271,54.719338]]}},{"type":"Feature","properties":{"kind":"road","name":"","osm":"way/451259288","highway":"path","access":"","foot":""},"geometry":{"type":"LineString","coordinates":[[20.482212,54.719319],[20.482208,54.719406],[20.482237,54.719494],[20.48223,54.719567],[20.482225,54.719637],[20.482224,54.719684]]}},{"type":"Feature","properties":{"kind":"road","name":"","osm":"way/451259289","highway":"path","access":"","foot":""},"geometry":{"type":"LineString","coordinates":[[20.478185,54.717897],[20.478398,54.717989],[20.478487,54.718056],[20.478511,54.718092],[20.47854,54.718135],[20.47853,54.718241],[20.478481,54.718374],[20.478487,54.718476]]}},{"type":"Feature","properties":{"kind":"road","name":"","osm":"way/451259290","highway":"path","access":"","foot":""},"geometry":{"type":"LineString","coordinates":[[20.47816,54.716432],[20.478241,54.71652],[20.478361,54.716632],[20.478533,54.716731],[20.47875,54.716898],[20.478852,54.717038],[20.479,54.717179],[20.479124,54.717368],[20.479224,54.717449]]}},{"type":"Feature","properties":{"kind":"road","name":"","osm":"way/451262818","highway":"service","access":"","foot":""},"geometry":{"type":"LineString","coordinates":[[20.48067,54.717017],[20.480671,54.716938],[20.480733,54.716861]]}},{"type":"Feature","properties":{"kind":"road","name":"","osm":"way/451262820","highway":"footway","access":"","foot":""},"geometry":{"type":"LineString","coordinates":[[20.481233,54.717455],[20.481268,54.716863]]}},{"type":"Feature","properties":{"kind":"road","name":"","osm":"way/451262824","highway":"footway","access":"","foot":""},"geometry":{"type":"LineString","coordinates":[[20.479211,54.717541],[20.479266,54.717539],[20.479308,54.717463],[20.479805,54.717454],[20.480241,54.717446],[20.480632,54.717452],[20.481233,54.717455],[20.481836,54.717459],[20.481838,54.717427],[20.481862,54.717428],[20.48267,54.717459],[20.482697,54.717548],[20.48267,54.717751]]}},{"type":"Feature","properties":{"kind":"road","name":"","osm":"way/451475697","highway":"path","access":"","foot":""},"geometry":{"type":"LineString","coordinates":[[20.479252,54.718152],[20.479105,54.718289],[20.479041,54.718391],[20.47907,54.718432],[20.479148,54.718443],[20.479204,54.718415],[20.47921,54.718372],[20.479344,54.718345],[20.479631,54.718347],[20.479942,54.718356],[20.480183,54.718354],[20.480492,54.718332]]}},{"type":"Feature","properties":{"kind":"road","name":"","osm":"way/451475707","highway":"path","access":"","foot":""},"geometry":{"type":"LineString","coordinates":[[20.479804,54.718189],[20.4798,54.71776],[20.479805,54.717454]]}},{"type":"Feature","properties":{"kind":"road","name":"","osm":"way/451475709","highway":"path","access":"","foot":""},"geometry":{"type":"LineString","coordinates":[[20.479041,54.718391],[20.479044,54.718195],[20.479082,54.718064],[20.479095,54.717862],[20.479135,54.717742],[20.479168,54.717641],[20.479266,54.717539]]}},{"type":"Feature","properties":{"kind":"road","name":"","osm":"way/455280739","highway":"service","access":"","foot":""},"geometry":{"type":"LineString","coordinates":[[20.481095,54.719755],[20.481183,54.719788],[20.481849,54.720047],[20.481617,54.720317],[20.481458,54.720289],[20.481406,54.720285]]}},{"type":"Feature","properties":{"kind":"road","name":"проспект Мира","osm":"way/455281118","highway":"primary","access":"","foot":"no"},"geometry":{"type":"LineString","coordinates":[[20.480796,54.720736],[20.479704,54.720593],[20.479156,54.720527]]}},{"type":"Feature","properties":{"kind":"rail","name":"","osm":"way/464709375"},"geometry":{"type":"LineString","coordinates":[[20.48555,54.720103],[20.48521,54.720353]]}},{"type":"Feature","properties":{"kind":"rail","name":"","osm":"way/464709376"},"geometry":{"type":"LineString","coordinates":[[20.485207,54.720328],[20.485522,54.720087]]}},{"type":"Feature","properties":{"kind":"road","name":"","osm":"way/483415629","highway":"service","access":"","foot":""},"geometry":{"type":"LineString","coordinates":[[20.482236,54.721195],[20.482115,54.721193],[20.481905,54.72118],[20.481852,54.721298],[20.481839,54.721325],[20.481439,54.721287]]}},{"type":"Feature","properties":{"kind":"road","name":"","osm":"way/483415631","highway":"service","access":"","foot":""},"geometry":{"type":"LineString","coordinates":[[20.482184,54.721768],[20.482066,54.721765],[20.481605,54.72175],[20.481405,54.721674],[20.481439,54.721287],[20.481259,54.721251],[20.481321,54.721063],[20.480759,54.721002],[20.480703,54.721131],[20.480165,54.721073]]}},{"type":"Feature","properties":{"kind":"road","name":"","osm":"way/486080979","highway":"service","access":"","foot":""},"geometry":{"type":"LineString","coordinates":[[20.483937,54.724727],[20.483966,54.724385],[20.483519,54.724368],[20.483548,54.724067],[20.483483,54.724001],[20.483505,54.723828]]}},{"type":"Feature","properties":{"kind":"road","name":"","osm":"way/545914123","highway":"footway","access":"","foot":""},"geometry":{"type":"LineString","coordinates":[[20.485053,54.720593],[20.485122,54.720669],[20.485084,54.720875],[20.485053,54.72112],[20.48497,54.721852],[20.484964,54.721911],[20.484878,54.722776],[20.484788,54.723444],[20.484784,54.723497],[20.48473,54.724227],[20.484727,54.724293],[20.484647,54.724749],[20.484581,54.725737],[20.484568,54.725774],[20.484561,54.725866],[20.48454,54.726129],[20.48451,54.726461],[20.484487,54.726712],[20.48447,54.727029],[20.484447,54.727653]]}},{"type":"Feature","properties":{"kind":"building","name":"","osm":"way/568797945"},"geometry":{"type":"Polygon","coordinates":[[[20.481453,54.718807],[20.481311,54.718793],[20.481281,54.718896],[20.481422,54.71891],[20.481453,54.718807]]]}},{"type":"Feature","properties":{"kind":"road","name":"","osm":"way/568797946","highway":"service","access":"","foot":""},"geometry":{"type":"LineString","coordinates":[[20.482317,54.71839],[20.481795,54.71839],[20.481794,54.7186]]}},{"type":"Feature","properties":{"kind":"road","name":"","osm":"way/568797947","highway":"service","access":"","foot":""},"geometry":{"type":"LineString","coordinates":[[20.48429,54.718744],[20.484271,54.719137],[20.484268,54.71922],[20.484253,54.719533]]}},{"type":"Feature","properties":{"kind":"building","name":"","osm":"way/568797948"},"geometry":{"type":"Polygon","coordinates":[[[20.482311,54.719196],[20.482401,54.719197],[20.482405,54.719105],[20.482315,54.719104],[20.482311,54.719196]]]}},{"type":"Feature","properties":{"kind":"road","name":"","osm":"way/568797949","highway":"footway","access":"","foot":""},"geometry":{"type":"LineString","coordinates":[[20.485053,54.720593],[20.485019,54.720585],[20.484961,54.720592]]}},{"type":"Feature","properties":{"kind":"road","name":"","osm":"way/568797950","highway":"footway","access":"","foot":""},"geometry":{"type":"LineString","coordinates":[[20.485306,54.720538],[20.48516,54.72057],[20.485053,54.720593]]}},{"type":"Feature","properties":{"kind":"building","name":"","osm":"way/568797951"},"geometry":{"type":"Polygon","coordinates":[[[20.484457,54.721292],[20.484464,54.721226],[20.484595,54.721231],[20.484588,54.721297],[20.484457,54.721292]]]}},{"type":"Feature","properties":{"kind":"road","name":"","osm":"way/568797970","highway":"footway","access":"","foot":""},"geometry":{"type":"LineString","coordinates":[[20.480149,54.720735],[20.480264,54.720895],[20.480547,54.720929],[20.480737,54.720802]]}},{"type":"Feature","properties":{"kind":"building","name":"","osm":"way/568797971"},"geometry":{"type":"Polygon","coordinates":[[[20.484976,54.719483],[20.485097,54.719477],[20.485089,54.719415],[20.484968,54.71942],[20.484976,54.719483]]]}},{"type":"Feature","properties":{"kind":"building","name":"","osm":"way/568797972"},"geometry":{"type":"Polygon","coordinates":[[[20.484541,54.719452],[20.484607,54.719494],[20.484283,54.719663],[20.484217,54.719621],[20.484541,54.719452]]]}},{"type":"Feature","properties":{"kind":"building","name":"","osm":"way/568797979"},"geometry":{"type":"Polygon","coordinates":[[[20.483856,54.717404],[20.482816,54.717367],[20.482913,54.716465],[20.483953,54.716503],[20.483934,54.716673],[20.483161,54.716646],[20.483099,54.717223],[20.483872,54.717251],[20.483856,54.717404]]]}},{"type":"Feature","properties":{"kind":"building","name":"","osm":"way/648026174"},"geometry":{"type":"Polygon","coordinates":[[[20.479353,54.720011],[20.479116,54.720009],[20.479119,54.719844],[20.479119,54.71982],[20.479401,54.719823],[20.4794,54.719845],[20.479398,54.719942],[20.479353,54.720011]]]}},{"type":"Feature","properties":{"kind":"building","name":"","osm":"way/651807199"},"geometry":{"type":"Polygon","coordinates":[[[20.48455,54.724648],[20.484312,54.72464],[20.484327,54.724495],[20.484342,54.72435],[20.484579,54.724358],[20.48455,54.724648]]]}},{"type":"Feature","properties":{"kind":"road","name":"","osm":"way/653359940","highway":"service","access":"","foot":""},"geometry":{"type":"LineString","coordinates":[[20.483873,54.724264],[20.484231,54.724276],[20.484284,54.724278],[20.484727,54.724293],[20.484795,54.724295]]}},{"type":"Feature","properties":{"kind":"road","name":"","osm":"way/653359942","highway":"service","access":"","foot":""},"geometry":{"type":"LineString","coordinates":[[20.484284,54.724278],[20.484273,54.72437]]}},{"type":"Feature","properties":{"kind":"road","name":"Зоологический переулок","osm":"way/653724632","highway":"residential","access":"","foot":""},"geometry":{"type":"LineString","coordinates":[[20.484273,54.72342],[20.482233,54.723325],[20.482152,54.723322],[20.482042,54.723319]]}},{"type":"Feature","properties":{"kind":"green","name":"Парк отдыха","osm":"way/714063928"},"geometry":{"type":"Polygon","coordinates":[[[20.484713,54.723983],[20.48473,54.723753],[20.483971,54.723734],[20.483954,54.723965],[20.484713,54.723983]]]}},{"type":"Feature","properties":{"kind":"waterline","name":"","osm":"way/751229174"},"geometry":{"type":"LineString","coordinates":[[20.49861,54.723211],[20.498698,54.723246],[20.498773,54.723302],[20.4988,54.723361],[20.498604,54.723605],[20.498402,54.723848],[20.498242,54.724041],[20.498186,54.724109],[20.498138,54.724166],[20.497805,54.724525],[20.497223,54.72489],[20.496188,54.725579],[20.495689,54.725924],[20.495568,54.726013],[20.494957,54.72648],[20.494147,54.726661],[20.492905,54.726999],[20.491993,54.72728],[20.490306,54.727828],[20.488757,54.728349],[20.488591,54.728425],[20.487272,54.729116],[20.486143,54.72968],[20.486049,54.729899],[20.485966,54.730476],[20.485907,54.731206],[20.485856,54.731895],[20.485776,54.732734],[20.485813,54.733081],[20.486183,54.733766],[20.486613,54.734398],[20.487321,54.734813],[20.487337,54.734968],[20.48759,54.735421]]}},{"type":"Feature","properties":{"kind":"road","name":"","osm":"way/812610492","highway":"service","access":"","foot":""},"geometry":{"type":"LineString","coordinates":[[20.479141,54.72083],[20.479081,54.72083],[20.479032,54.72083],[20.478639,54.720823]]}},{"type":"Feature","properties":{"kind":"road","name":"","osm":"way/815735619","highway":"footway","access":"","foot":""},"geometry":{"type":"LineString","coordinates":[[20.488243,54.726497],[20.488192,54.726513],[20.486303,54.7271]]}},{"type":"Feature","properties":{"kind":"road","name":"","osm":"way/815735620","highway":"footway","access":"","foot":""},"geometry":{"type":"LineString","coordinates":[[20.487299,54.725224],[20.486496,54.725398]]}},{"type":"Feature","properties":{"kind":"road","name":"","osm":"way/815735621","highway":"footway","access":"","foot":""},"geometry":{"type":"LineString","coordinates":[[20.484652,54.725722],[20.486503,54.725334]]}},{"type":"Feature","properties":{"kind":"road","name":"","osm":"way/815735622","highway":"footway","access":"","foot":""},"geometry":{"type":"LineString","coordinates":[[20.486503,54.725334],[20.488449,54.72491],[20.491552,54.724244]]}},{"type":"Feature","properties":{"kind":"road","name":"","osm":"way/815735623","highway":"footway","access":"","foot":""},"geometry":{"type":"LineString","coordinates":[[20.484652,54.725722],[20.484581,54.725737]]}},{"type":"Feature","properties":{"kind":"road","name":"","osm":"way/860060246","highway":"residential","access":"","foot":""},"geometry":{"type":"LineString","coordinates":[[20.484592,54.726461],[20.48451,54.726461],[20.483847,54.726457],[20.48378,54.726457]]}},{"type":"Feature","properties":{"kind":"road","name":"","osm":"way/860060247","highway":"footway","access":"","foot":""},"geometry":{"type":"LineString","coordinates":[[20.48378,54.726457],[20.483383,54.726636],[20.482959,54.72663],[20.482933,54.726804],[20.482621,54.726918],[20.482316,54.726915]]}},{"type":"Feature","properties":{"kind":"road","name":"","osm":"way/860060248","highway":"footway","access":"","foot":""},"geometry":{"type":"LineString","coordinates":[[20.484487,54.726712],[20.48338,54.726686]]}},{"type":"Feature","properties":{"kind":"road","name":"","osm":"way/860237981","highway":"residential","access":"","foot":""},"geometry":{"type":"LineString","coordinates":[[20.483363,54.726025],[20.483489,54.726207]]}},{"type":"Feature","properties":{"kind":"road","name":"","osm":"way/860237982","highway":"footway","access":"","foot":""},"geometry":{"type":"LineString","coordinates":[[20.483847,54.726457],[20.483811,54.72635],[20.483572,54.726202],[20.483489,54.726207]]}},{"type":"Feature","properties":{"kind":"road","name":"","osm":"way/860237983","highway":"residential","access":"","foot":""},"geometry":{"type":"LineString","coordinates":[[20.483979,54.724729],[20.483938,54.725032],[20.484135,54.725039]]}},{"type":"Feature","properties":{"kind":"road","name":"","osm":"way/860238432","highway":"residential","access":"","foot":""},"geometry":{"type":"LineString","coordinates":[[20.482935,54.724696],[20.48298,54.724311]]}},{"type":"Feature","properties":{"kind":"road","name":"","osm":"way/860238433","highway":"footway","access":"","foot":""},"geometry":{"type":"LineString","coordinates":[[20.48298,54.724311],[20.482865,54.724227],[20.482889,54.72396],[20.482855,54.723825],[20.483015,54.723694],[20.483408,54.723695],[20.483456,54.723432]]}},{"type":"Feature","properties":{"kind":"road","name":"","osm":"way/860238434","highway":"footway","access":"","foot":""},"geometry":{"type":"LineString","coordinates":[[20.484784,54.723497],[20.483456,54.723432],[20.482147,54.723368]]}},{"type":"Feature","properties":{"kind":"road","name":"","osm":"way/860238683","highway":"footway","access":"","foot":""},"geometry":{"type":"LineString","coordinates":[[20.484352,54.723206],[20.483859,54.722887],[20.483895,54.722726]]}},{"type":"Feature","properties":{"kind":"road","name":"Зоологическая улица","osm":"way/868340652","highway":"tertiary","access":"","foot":""},"geometry":{"type":"LineString","coordinates":[[20.485156,54.720691],[20.485105,54.721031]]}},{"type":"Feature","properties":{"kind":"road","name":"Зоологическая улица","osm":"way/868340653","highway":"tertiary","access":"","foot":""},"geometry":{"type":"LineString","coordinates":[[20.485105,54.721031],[20.485094,54.721121]]}},{"type":"Feature","properties":{"kind":"road","name":"Зоологическая улица","osm":"way/868340654","highway":"tertiary","access":"","foot":""},"geometry":{"type":"LineString","coordinates":[[20.484755,54.724753],[20.484661,54.725637],[20.484652,54.725722],[20.484648,54.725757],[20.484644,54.725801],[20.484641,54.725839],[20.484592,54.726461],[20.484567,54.726781]]}},{"type":"Feature","properties":{"kind":"road","name":"","osm":"way/905423583","highway":"service","access":"","foot":""},"geometry":{"type":"LineString","coordinates":[[20.484012,54.717087],[20.483982,54.717433]]}},{"type":"Feature","properties":{"kind":"road","name":"","osm":"way/905423584","highway":"service","access":"","foot":""},"geometry":{"type":"LineString","coordinates":[[20.486481,54.71797],[20.486416,54.718902]]}},{"type":"Feature","properties":{"kind":"road","name":"","osm":"way/905423585","highway":"service","access":"","foot":""},"geometry":{"type":"LineString","coordinates":[[20.486846,54.718914],[20.486416,54.718902],[20.486262,54.718916],[20.486229,54.719484]]}},{"type":"Feature","properties":{"kind":"road","name":"","osm":"way/969652189","highway":"service","access":"","foot":""},"geometry":{"type":"LineString","coordinates":[[20.481406,54.720285],[20.481172,54.720259]]}},{"type":"Feature","properties":{"kind":"road","name":"","osm":"way/969652190","highway":"service","access":"","foot":""},"geometry":{"type":"LineString","coordinates":[[20.481172,54.720259],[20.480956,54.720236]]}},{"type":"Feature","properties":{"kind":"road","name":"проспект Мира","osm":"way/980844326","highway":"primary","access":"","foot":"no"},"geometry":{"type":"LineString","coordinates":[[20.485794,54.719962],[20.485951,54.719944],[20.486199,54.719933],[20.48653,54.719951]]}},{"type":"Feature","properties":{"kind":"road","name":"проспект Мира","osm":"way/980844330","highway":"primary","access":"","foot":"no"},"geometry":{"type":"LineString","coordinates":[[20.485493,54.720082],[20.485554,54.720042]]}},{"type":"Feature","properties":{"kind":"road","name":"проспект Мира","osm":"way/980844331","highway":"primary","access":"","foot":"no"},"geometry":{"type":"LineString","coordinates":[[20.48228,54.720745],[20.483007,54.720775],[20.483362,54.72078],[20.483563,54.720769],[20.483841,54.720719]]}},{"type":"Feature","properties":{"kind":"road","name":"улица Космонавта Леонова","osm":"way/980844332","highway":"secondary","access":"","foot":""},"geometry":{"type":"LineString","coordinates":[[20.48228,54.720745],[20.482276,54.720782],[20.482273,54.720805],[20.482271,54.720845]]}},{"type":"Feature","properties":{"kind":"road","name":"проспект Мира","osm":"way/980844334","highway":"primary","access":"","foot":"no"},"geometry":{"type":"LineString","coordinates":[[20.482782,54.720869],[20.482271,54.720845]]}},{"type":"Feature","properties":{"kind":"road","name":"проспект Мира","osm":"way/980844335","highway":"primary","access":"","foot":"no"},"geometry":{"type":"LineString","coordinates":[[20.481858,54.720738],[20.48228,54.720745]]}},{"type":"Feature","properties":{"kind":"road","name":"проспект Мира","osm":"way/980844337","highway":"primary","access":"","foot":"no"},"geometry":{"type":"LineString","coordinates":[[20.480806,54.720655],[20.481077,54.720688],[20.481103,54.720691],[20.481473,54.720726],[20.481858,54.720738]]}},{"type":"Feature","properties":{"kind":"road","name":"улица Космонавта Леонова","osm":"way/980844346","highway":"secondary","access":"","foot":""},"geometry":{"type":"LineString","coordinates":[[20.482271,54.720845],[20.482265,54.720887],[20.48226,54.720939]]}},{"type":"Feature","properties":{"kind":"road","name":"проспект Мира","osm":"way/980844347","highway":"primary","access":"","foot":"no"},"geometry":{"type":"LineString","coordinates":[[20.480534,54.72062],[20.480806,54.720655]]}},{"type":"Feature","properties":{"kind":"road","name":"проспект Мира","osm":"way/980844348","highway":"primary","access":"","foot":"no"},"geometry":{"type":"LineString","coordinates":[[20.479731,54.720523],[20.480534,54.72062]]}},{"type":"Feature","properties":{"kind":"road","name":"проспект Мира","osm":"way/980844349","highway":"primary","access":"","foot":"no"},"geometry":{"type":"LineString","coordinates":[[20.479536,54.720497],[20.479731,54.720523]]}},{"type":"Feature","properties":{"kind":"road","name":"Комсомольская улица","osm":"way/980844352","highway":"secondary","access":"","foot":""},"geometry":{"type":"LineString","coordinates":[[20.479156,54.720527],[20.479163,54.720496],[20.479167,54.720478],[20.479174,54.720446]]}},{"type":"Feature","properties":{"kind":"road","name":"Комсомольская улица","osm":"way/980844353","highway":"secondary","access":"","foot":""},"geometry":{"type":"LineString","coordinates":[[20.479147,54.720588],[20.479152,54.72055],[20.479156,54.720527]]}},{"type":"Feature","properties":{"kind":"road","name":"улица Космонавта Леонова","osm":"way/981237131","highway":"secondary","access":"","foot":"no"},"geometry":{"type":"LineString","coordinates":[[20.481764,54.726363],[20.48171,54.726871]]}},{"type":"Feature","properties":{"kind":"road","name":"улица Космонавта Леонова","osm":"way/981237133","highway":"secondary","access":"","foot":"no"},"geometry":{"type":"LineString","coordinates":[[20.481769,54.726269],[20.481764,54.726363]]}},{"type":"Feature","properties":{"kind":"road","name":"улица Космонавта Леонова","osm":"way/981237134","highway":"secondary","access":"","foot":"no"},"geometry":{"type":"LineString","coordinates":[[20.481887,54.724862],[20.481822,54.725601],[20.481769,54.726269]]}},{"type":"Feature","properties":{"kind":"road","name":"улица Космонавта Леонова","osm":"way/981237139","highway":"secondary","access":"","foot":"no"},"geometry":{"type":"LineString","coordinates":[[20.481897,54.724663],[20.481897,54.724711],[20.481887,54.724862]]}},{"type":"Feature","properties":{"kind":"road","name":"улица Космонавта Леонова","osm":"way/981237143","highway":"secondary","access":"","foot":"no"},"geometry":{"type":"LineString","coordinates":[[20.481939,54.724224],[20.481926,54.72434]]}},{"type":"Feature","properties":{"kind":"road","name":"улица Космонавта Леонова","osm":"way/981237144","highway":"secondary","access":"","foot":"no"},"geometry":{"type":"LineString","coordinates":[[20.481926,54.72434],[20.48191,54.724524]]}},{"type":"Feature","properties":{"kind":"road","name":"улица Космонавта Леонова","osm":"way/981237175","highway":"secondary","access":"","foot":"no"},"geometry":{"type":"LineString","coordinates":[[20.482027,54.723453],[20.482016,54.72355]]}},{"type":"Feature","properties":{"kind":"road","name":"улица Космонавта Леонова","osm":"way/981237176","highway":"secondary","access":"","foot":"no"},"geometry":{"type":"LineString","coordinates":[[20.482042,54.723319],[20.482027,54.723453]]}},{"type":"Feature","properties":{"kind":"road","name":"улица Космонавта Леонова","osm":"way/981237177","highway":"secondary","access":"","foot":"no"},"geometry":{"type":"LineString","coordinates":[[20.482058,54.723128],[20.482049,54.72324]]}},{"type":"Feature","properties":{"kind":"road","name":"улица Космонавта Леонова","osm":"way/981237178","highway":"secondary","access":"","foot":"no"},"geometry":{"type":"LineString","coordinates":[[20.482049,54.72324],[20.482042,54.723319]]}},{"type":"Feature","properties":{"kind":"road","name":"улица Космонавта Леонова","osm":"way/981237180","highway":"secondary","access":"","foot":"no"},"geometry":{"type":"LineString","coordinates":[[20.482145,54.722223],[20.482139,54.722298]]}},{"type":"Feature","properties":{"kind":"road","name":"улица Космонавта Леонова","osm":"way/981237231","highway":"secondary","access":"","foot":"no"},"geometry":{"type":"LineString","coordinates":[[20.482155,54.722108],[20.482145,54.722223]]}},{"type":"Feature","properties":{"kind":"road","name":"улица Космонавта Леонова","osm":"way/981237241","highway":"secondary","access":"","foot":"no"},"geometry":{"type":"LineString","coordinates":[[20.482217,54.721406],[20.482211,54.721474],[20.482184,54.721768],[20.482181,54.721799],[20.482168,54.721955],[20.482155,54.722108]]}},{"type":"Feature","properties":{"kind":"road","name":"Комсомольская улица","osm":"way/981244059","highway":"secondary","access":"","foot":""},"geometry":{"type":"LineString","coordinates":[[20.479095,54.721752],[20.479104,54.72161]]}},{"type":"Feature","properties":{"kind":"road","name":"Комсомольская улица","osm":"way/981244060","highway":"secondary","access":"","foot":""},"geometry":{"type":"LineString","coordinates":[[20.479035,54.722806],[20.479038,54.722761]]}},{"type":"Feature","properties":{"kind":"road","name":"Комсомольская улица","osm":"way/981244061","highway":"secondary","access":"","foot":""},"geometry":{"type":"LineString","coordinates":[[20.479021,54.722987],[20.479035,54.722806]]}},{"type":"Feature","properties":{"kind":"road","name":"Комсомольская улица","osm":"way/981244091","highway":"secondary","access":"","foot":""},"geometry":{"type":"LineString","coordinates":[[20.478997,54.723283],[20.479002,54.723226],[20.47901,54.723131],[20.479021,54.722987]]}},{"type":"Feature","properties":{"kind":"road","name":"Комсомольская улица","osm":"way/981244092","highway":"secondary","access":"","foot":""},"geometry":{"type":"LineString","coordinates":[[20.478932,54.724041],[20.478939,54.723958]]}},{"type":"Feature","properties":{"kind":"road","name":"Комсомольская улица","osm":"way/981244093","highway":"secondary","access":"","foot":""},"geometry":{"type":"LineString","coordinates":[[20.478919,54.724194],[20.478922,54.724149],[20.478932,54.724041]]}},{"type":"Feature","properties":{"kind":"road","name":"Комсомольская улица","osm":"way/981244103","highway":"secondary","access":"","foot":""},"geometry":{"type":"LineString","coordinates":[[20.478891,54.724688],[20.478899,54.724539]]}},{"type":"Feature","properties":{"kind":"road","name":"Комсомольская улица","osm":"way/981244104","highway":"secondary","access":"","foot":""},"geometry":{"type":"LineString","coordinates":[[20.47886,54.725303],[20.478864,54.725221],[20.47887,54.725107]]}},{"type":"Feature","properties":{"kind":"road","name":"Комсомольская улица","osm":"way/981244105","highway":"secondary","access":"","foot":""},"geometry":{"type":"LineString","coordinates":[[20.478854,54.725372],[20.47886,54.725303]]}},{"type":"Feature","properties":{"kind":"road","name":"Комсомольская улица","osm":"way/981244106","highway":"secondary","access":"","foot":""},"geometry":{"type":"LineString","coordinates":[[20.478739,54.726759],[20.47876,54.726512],[20.478797,54.726055]]}},{"type":"Feature","properties":{"kind":"road","name":"Комсомольская улица","osm":"way/981244130","highway":"secondary","access":"","foot":""},"geometry":{"type":"LineString","coordinates":[[20.478718,54.727158],[20.478719,54.726999]]}},{"type":"Feature","properties":{"kind":"road","name":"проспект Мира","osm":"way/983868100","highway":"primary","access":"","foot":"no"},"geometry":{"type":"LineString","coordinates":[[20.479174,54.720446],[20.479247,54.72046],[20.479536,54.720497]]}},{"type":"Feature","properties":{"kind":"road","name":"проспект Мира","osm":"way/1010761119","highway":"primary","access":"","foot":"no"},"geometry":{"type":"LineString","coordinates":[[20.485074,54.720368],[20.485181,54.720322]]}},{"type":"Feature","properties":{"kind":"road","name":"проспект Мира","osm":"way/1010761120","highway":"primary","access":"","foot":"no"},"geometry":{"type":"LineString","coordinates":[[20.485181,54.720322],[20.485493,54.720082]]}},{"type":"Feature","properties":{"kind":"road","name":"","osm":"way/1012971933","highway":"footway","access":"","foot":""},"geometry":{"type":"LineString","coordinates":[[20.478956,54.720348],[20.478972,54.720092]]}},{"type":"Feature","properties":{"kind":"road","name":"","osm":"way/1012971934","highway":"service","access":"","foot":""},"geometry":{"type":"LineString","coordinates":[[20.478985,54.719843],[20.478997,54.71962],[20.479028,54.71906],[20.479032,54.718988],[20.479033,54.71896],[20.479536,54.719051],[20.479796,54.719205],[20.479833,54.719288]]}},{"type":"Feature","properties":{"kind":"building","name":"","osm":"way/1012971935"},"geometry":{"type":"Polygon","coordinates":[[[20.47928,54.719682],[20.479282,54.719637],[20.479078,54.719635],[20.47908,54.719558],[20.479204,54.71956],[20.479451,54.719562],[20.479448,54.719684],[20.47928,54.719682]]]}},{"type":"Feature","properties":{"kind":"road","name":"","osm":"way/1012971936","highway":"service","access":"","foot":""},"geometry":{"type":"LineString","coordinates":[[20.479119,54.719844],[20.478985,54.719843],[20.478972,54.720092]]}},{"type":"Feature","properties":{"kind":"road","name":"","osm":"way/1012971937","highway":"service","access":"","foot":""},"geometry":{"type":"LineString","coordinates":[[20.4794,54.719845],[20.479119,54.719844]]}},{"type":"Feature","properties":{"kind":"road","name":"","osm":"way/1012971938","highway":"service","access":"","foot":""},"geometry":{"type":"LineString","coordinates":[[20.479767,54.719848],[20.4794,54.719845]]}},{"type":"Feature","properties":{"kind":"building","name":"","osm":"way/1012971939"},"geometry":{"type":"Polygon","coordinates":[[[20.479448,54.719684],[20.479444,54.719823],[20.479401,54.719823],[20.479119,54.71982],[20.479077,54.71982],[20.479078,54.719796],[20.47908,54.71971],[20.47928,54.719711],[20.47928,54.719682],[20.479448,54.719684]]]}},{"type":"Feature","properties":{"kind":"building","name":"","osm":"way/1012971940"},"geometry":{"type":"Polygon","coordinates":[[[20.479459,54.719097],[20.479348,54.719096],[20.479349,54.719052],[20.47912,54.71905],[20.479119,54.719095],[20.479102,54.719095],[20.479098,54.719241],[20.47934,54.719243],[20.479341,54.719193],[20.479457,54.719194],[20.479459,54.719097]]]}},{"type":"Feature","properties":{"kind":"building","name":"","osm":"way/1012971941"},"geometry":{"type":"Polygon","coordinates":[[[20.479336,54.719402],[20.47934,54.719243],[20.479341,54.719193],[20.479457,54.719194],[20.479459,54.719097],[20.479597,54.719098],[20.479588,54.719445],[20.479455,54.719444],[20.479456,54.719403],[20.479336,54.719402]]]}},{"type":"Feature","properties":{"kind":"building","name":"","osm":"way/1012971942"},"geometry":{"type":"Polygon","coordinates":[[[20.479451,54.719562],[20.479452,54.719541],[20.479455,54.719444],[20.479456,54.719403],[20.479336,54.719402],[20.479088,54.719399],[20.479086,54.719455],[20.479207,54.719456],[20.479204,54.71954],[20.479204,54.71956],[20.479451,54.719562]]]}},{"type":"Feature","properties":{"kind":"road","name":"","osm":"way/1024237587","highway":"service","access":"","foot":""},"geometry":{"type":"LineString","coordinates":[[20.482217,54.721406],[20.482316,54.721408],[20.482365,54.72141],[20.48249,54.721392],[20.482742,54.721403]]}},{"type":"Feature","properties":{"kind":"building","name":"","osm":"way/1024242937"},"geometry":{"type":"Polygon","coordinates":[[[20.479873,54.719488],[20.47987,54.71942],[20.479984,54.71942],[20.479984,54.719488],[20.479873,54.719488]]]}},{"type":"Feature","properties":{"kind":"road","name":"","osm":"way/1024242938","highway":"service","access":"","foot":""},"geometry":{"type":"LineString","coordinates":[[20.480362,54.719526],[20.480372,54.719704],[20.480375,54.719883],[20.480276,54.720254]]}},{"type":"Feature","properties":{"kind":"road","name":"","osm":"way/1024242939","highway":"service","access":"","foot":""},"geometry":{"type":"LineString","coordinates":[[20.480118,54.720234],[20.480276,54.720254],[20.480541,54.720286],[20.480667,54.719918],[20.480375,54.719883]]}},{"type":"Feature","properties":{"kind":"road","name":"","osm":"way/1024242940","highway":"service","access":"","foot":""},"geometry":{"type":"LineString","coordinates":[[20.481617,54.720317],[20.481579,54.720437]]}},{"type":"Feature","properties":{"kind":"road","name":"","osm":"way/1053093779","highway":"footway","access":"","foot":""},"geometry":{"type":"LineString","coordinates":[[20.485855,54.722446],[20.485166,54.722403],[20.48505,54.723313]]}},{"type":"Feature","properties":{"kind":"road","name":"","osm":"way/1053097706","highway":"footway","access":"","foot":""},"geometry":{"type":"LineString","coordinates":[[20.48267,54.717751],[20.48352,54.717786],[20.483679,54.717869],[20.483656,54.718116],[20.483688,54.718122],[20.48382,54.718128],[20.48393,54.718131]]}},{"type":"Feature","properties":{"kind":"building","name":"","osm":"way/1082047113"},"geometry":{"type":"Polygon","coordinates":[[[20.48501,54.717881],[20.485009,54.717808],[20.485252,54.717807],[20.485253,54.71788],[20.48501,54.717881]]]}},{"type":"Feature","properties":{"kind":"building","name":"","osm":"way/1082047115"},"geometry":{"type":"Polygon","coordinates":[[[20.484168,54.717247],[20.484292,54.717249],[20.484259,54.717796],[20.484885,54.717809],[20.484881,54.717879],[20.484238,54.717866],[20.484243,54.717793],[20.484134,54.717791],[20.484137,54.717742],[20.484158,54.717402],[20.484168,54.717247]]]}},{"type":"Feature","properties":{"kind":"building","name":"","osm":"way/1082047119"},"geometry":{"type":"Polygon","coordinates":[[[20.48272,54.717654],[20.482734,54.717543],[20.483102,54.71756],[20.483087,54.717671],[20.48272,54.717654]]]}},{"type":"Feature","properties":{"kind":"building","name":"","osm":"way/1082047121"},"geometry":{"type":"Polygon","coordinates":[[[20.483514,54.717767],[20.483415,54.717764],[20.48343,54.717572],[20.483529,54.717574],[20.483517,54.717729],[20.483514,54.717767]]]}},{"type":"Feature","properties":{"kind":"building","name":"","osm":"way/1082047122"},"geometry":{"type":"Polygon","coordinates":[[[20.483186,54.71772],[20.483193,54.717679],[20.483211,54.717563],[20.483314,54.717569],[20.483289,54.717726],[20.483186,54.71772]]]}},{"type":"Feature","properties":{"kind":"building","name":"","osm":"way/1082047124"},"geometry":{"type":"Polygon","coordinates":[[[20.48217,54.717544],[20.482664,54.717566],[20.482653,54.717648],[20.482159,54.717626],[20.48217,54.717544]]]}},{"type":"Feature","properties":{"kind":"road","name":"","osm":"way/1082047125","highway":"living_street","access":"","foot":""},"geometry":{"type":"LineString","coordinates":[[20.483876,54.719018],[20.483867,54.719119],[20.484177,54.719132],[20.484271,54.719137]]}},{"type":"Feature","properties":{"kind":"road","name":"","osm":"way/1082047128","highway":"living_street","access":"","foot":""},"geometry":{"type":"LineString","coordinates":[[20.483682,54.71822],[20.483688,54.718122],[20.4837,54.717901],[20.483702,54.717878]]}},{"type":"Feature","properties":{"kind":"road","name":"","osm":"way/1082047129","highway":"living_street","access":"","foot":""},"geometry":{"type":"LineString","coordinates":[[20.483939,54.717984],[20.484146,54.717984],[20.484414,54.71799],[20.485309,54.717994]]}},{"type":"Feature","properties":{"kind":"road","name":"","osm":"way/1082047130","highway":"living_street","access":"","foot":""},"geometry":{"type":"LineString","coordinates":[[20.48528,54.718631],[20.484615,54.718621],[20.484392,54.718576],[20.484414,54.71799],[20.484419,54.717906]]}},{"type":"Feature","properties":{"kind":"building","name":"","osm":"way/1082047133"},"geometry":{"type":"Polygon","coordinates":[[[20.484982,54.719146],[20.484978,54.71918],[20.485154,54.719177],[20.485151,54.71905],[20.485082,54.719051],[20.485081,54.719068],[20.485044,54.719067],[20.485042,54.719125],[20.484983,54.719124],[20.484982,54.719146]]]}},{"type":"Feature","properties":{"kind":"road","name":"","osm":"way/1082047135","highway":"steps","access":"","foot":""},"geometry":{"type":"LineString","coordinates":[[20.485438,54.719908],[20.485308,54.719926]]}},{"type":"Feature","properties":{"kind":"road","name":"","osm":"way/1082047136","highway":"footway","access":"","foot":""},"geometry":{"type":"LineString","coordinates":[[20.485472,54.720015],[20.485438,54.719908]]}},{"type":"Feature","properties":{"kind":"road","name":"","osm":"way/1082047137","highway":"steps","access":"","foot":""},"geometry":{"type":"LineString","coordinates":[[20.485113,54.720234],[20.485137,54.720184]]}},{"type":"Feature","properties":{"kind":"road","name":"","osm":"way/1082047148","highway":"footway","access":"","foot":""},"geometry":{"type":"LineString","coordinates":[[20.479204,54.71954],[20.479452,54.719541]]}},{"type":"Feature","properties":{"kind":"road","name":"","osm":"way/1082047150","highway":"path","access":"","foot":""},"geometry":{"type":"LineString","coordinates":[[20.478487,54.718476],[20.478534,54.718613],[20.478709,54.71876],[20.4788,54.718814],[20.478966,54.71891],[20.479032,54.718988]]}},{"type":"Feature","properties":{"kind":"building","name":"","osm":"way/1082047154"},"geometry":{"type":"Polygon","coordinates":[[[20.483539,54.72004],[20.483556,54.719991],[20.483633,54.72],[20.483612,54.72005],[20.483539,54.72004]]]}},{"type":"Feature","properties":{"kind":"waterline","name":"Парковый","osm":"way/1082047156"},"geometry":{"type":"LineString","coordinates":[[20.485445,54.720168],[20.485424,54.720166],[20.485189,54.720115],[20.484856,54.720052]]}},{"type":"Feature","properties":{"kind":"waterline","name":"Парковый","osm":"way/1082047157"},"geometry":{"type":"LineString","coordinates":[[20.49861,54.723211],[20.497984,54.723132],[20.497344,54.723086],[20.497115,54.723157],[20.496756,54.723294],[20.496519,54.723278],[20.495987,54.723213],[20.49577,54.723181],[20.495714,54.723156],[20.495472,54.723206],[20.494706,54.723205],[20.49422,54.723273],[20.49382,54.723174],[20.493399,54.723067],[20.493086,54.722937],[20.492628,54.722756],[20.492358,54.722634],[20.492084,54.722563],[20.491857,54.722518],[20.491756,54.722405],[20.491622,54.722368],[20.491356,54.722326],[20.491043,54.722297],[20.490742,54.722204],[20.490556,54.722082],[20.490292,54.721722],[20.490124,54.721645],[20.48986,54.721576],[20.489505,54.721561],[20.48926,54.721523],[20.489193,54.721405],[20.489111,54.721212],[20.48866,54.721079],[20.488417,54.721089],[20.488208,54.721032],[20.487689,54.720756],[20.487528,54.72067],[20.487259,54.720549],[20.487095,54.720495],[20.48708,54.720398],[20.486878,54.720283],[20.486721,54.720232],[20.486412,54.720167],[20.486044,54.720188],[20.485891,54.720201],[20.485726,54.720198],[20.485445,54.720168]]}},{"type":"Feature","properties":{"kind":"road","name":"","osm":"way/1157128386","highway":"footway","access":"","foot":""},"geometry":{"type":"LineString","coordinates":[[20.482047,54.721954],[20.481906,54.721953],[20.481268,54.721938],[20.481188,54.721936],[20.48105,54.721933]]}},{"type":"Feature","properties":{"kind":"building","name":"","osm":"way/1157128387"},"geometry":{"type":"Polygon","coordinates":[[[20.481044,54.721987],[20.481178,54.72199],[20.481188,54.721871],[20.481056,54.721868],[20.481044,54.721987]]]}},{"type":"Feature","properties":{"kind":"road","name":"","osm":"way/1157128388","highway":"footway","access":"","foot":""},"geometry":{"type":"LineString","coordinates":[[20.481268,54.721938],[20.481228,54.721852],[20.48112,54.721741],[20.481146,54.721479],[20.480978,54.721469],[20.48028,54.721453],[20.480261,54.721602],[20.48024,54.721765],[20.480203,54.722167],[20.481092,54.722195],[20.481095,54.722032],[20.481216,54.721997],[20.481268,54.721938]]}},{"type":"Feature","properties":{"kind":"road","name":"","osm":"way/1157128389","highway":"footway","access":"","foot":""},"geometry":{"type":"LineString","coordinates":[[20.480261,54.721602],[20.480137,54.721591],[20.480014,54.721621],[20.479722,54.72161]]}},{"type":"Feature","properties":{"kind":"green","name":"","osm":"way/1163311929"},"geometry":{"type":"Polygon","coordinates":[[[20.480187,54.720749],[20.480699,54.720807],[20.480539,54.720914],[20.480278,54.720883],[20.480187,54.720749]]]}},{"type":"Feature","properties":{"kind":"road","name":"","osm":"way/1173019095","highway":"residential","access":"","foot":""},"geometry":{"type":"LineString","coordinates":[[20.481202,54.724948],[20.481202,54.724981],[20.481194,54.725508]]}},{"type":"Feature","properties":{"kind":"road","name":"","osm":"way/1173019096","highway":"residential","access":"","foot":""},"geometry":{"type":"LineString","coordinates":[[20.481707,54.725614],[20.481188,54.725597],[20.481097,54.725594],[20.480927,54.725589]]}},{"type":"Feature","properties":{"kind":"road","name":"","osm":"way/1173019097","highway":"footway","access":"","foot":""},"geometry":{"type":"LineString","coordinates":[[20.481194,54.725508],[20.481188,54.725597]]}},{"type":"Feature","properties":{"kind":"road","name":"","osm":"way/1173019098","highway":"footway","access":"","foot":""},"geometry":{"type":"LineString","coordinates":[[20.481202,54.724948],[20.481209,54.72464],[20.481184,54.724589],[20.481248,54.724576],[20.481314,54.724277]]}},{"type":"Feature","properties":{"kind":"road","name":"","osm":"way/1173019099","highway":"footway","access":"","foot":""},"geometry":{"type":"LineString","coordinates":[[20.480603,54.725051],[20.48048,54.724745],[20.480536,54.724671],[20.480808,54.724637],[20.481184,54.724589]]}},{"type":"Feature","properties":{"kind":"road","name":"","osm":"way/1173019100","highway":"service","access":"","foot":""},"geometry":{"type":"LineString","coordinates":[[20.481897,54.724663],[20.481752,54.724658],[20.481284,54.724643]]}},{"type":"Feature","properties":{"kind":"road","name":"","osm":"way/1173019103","highway":"footway","access":"","foot":""},"geometry":{"type":"LineString","coordinates":[[20.480808,54.724637],[20.480826,54.724397],[20.481037,54.724366],[20.481074,54.724254]]}},{"type":"Feature","properties":{"kind":"road","name":"","osm":"way/1173019105","highway":"footway","access":"","foot":""},"geometry":{"type":"LineString","coordinates":[[20.481097,54.725594],[20.481106,54.725503],[20.481104,54.725375]]}},{"type":"Feature","properties":{"kind":"road","name":"","osm":"way/1173019106","highway":"footway","access":"","foot":""},"geometry":{"type":"LineString","coordinates":[[20.481016,54.726523],[20.481364,54.72625],[20.481663,54.726033]]}},{"type":"Feature","properties":{"kind":"road","name":"","osm":"way/1173019107","highway":"footway","access":"","foot":""},"geometry":{"type":"LineString","coordinates":[[20.481637,54.726361],[20.481364,54.72625]]}},{"type":"Feature","properties":{"kind":"road","name":"улица Кирова","osm":"way/1240312886","highway":"secondary","access":"","foot":""},"geometry":{"type":"LineString","coordinates":[[20.486299,54.727138],[20.486385,54.727111],[20.486579,54.72705],[20.48686,54.726962]]}},{"type":"Feature","properties":{"kind":"building","name":"","osm":"way/1244074072"},"geometry":{"type":"Polygon","coordinates":[[[20.479773,54.725553],[20.479758,54.725777],[20.479698,54.725776],[20.47969,54.725881],[20.480031,54.725889],[20.48003,54.725899],[20.480378,54.725907],[20.480384,54.725821],[20.480386,54.725792],[20.479963,54.725782],[20.479979,54.725558],[20.479773,54.725553]]]}},{"type":"Feature","properties":{"kind":"road","name":"","osm":"way/1292673604","highway":"cycleway","access":"","foot":""},"geometry":{"type":"LineString","coordinates":[[20.478651,54.72908],[20.478712,54.727994],[20.478713,54.72797],[20.478714,54.72795],[20.478716,54.727931],[20.478717,54.727907],[20.47875,54.727584],[20.478757,54.727493],[20.478759,54.727432],[20.478762,54.727389],[20.47879,54.726987],[20.4789,54.725297],[20.478978,54.723959],[20.479128,54.721816],[20.479095,54.721752]]}},{"type":"Feature","properties":{"kind":"road","name":"","osm":"way/1316045625","highway":"service","access":"","foot":""},"geometry":{"type":"LineString","coordinates":[[20.480276,54.725577],[20.480342,54.725543],[20.48041,54.725516]]}},{"type":"Feature","properties":{"kind":"road","name":"","osm":"way/1316045626","highway":"service","access":"","foot":""},"geometry":{"type":"LineString","coordinates":[[20.480257,54.725101],[20.480323,54.725281],[20.48041,54.725516],[20.480433,54.725578]]}},{"type":"Feature","properties":{"kind":"road","name":"","osm":"way/1316045627","highway":"service","access":"","foot":""},"geometry":{"type":"LineString","coordinates":[[20.480421,54.725818],[20.480448,54.725813],[20.480466,54.7258],[20.480471,54.725785],[20.480461,54.725768]]}},{"type":"Feature","properties":{"kind":"road","name":"","osm":"way/1316045628","highway":"service","access":"","foot":""},"geometry":{"type":"LineString","coordinates":[[20.480433,54.725578],[20.480439,54.725713],[20.480461,54.725768]]}},{"type":"Feature","properties":{"kind":"road","name":"","osm":"way/1316045629","highway":"service","access":"","foot":""},"geometry":{"type":"LineString","coordinates":[[20.480384,54.725821],[20.480421,54.725818]]}},{"type":"Feature","properties":{"kind":"road","name":"","osm":"way/1316045632","highway":"service","access":"","foot":""},"geometry":{"type":"LineString","coordinates":[[20.480122,54.725584],[20.480153,54.725568],[20.480191,54.72556],[20.480232,54.725562],[20.480268,54.725572],[20.480276,54.725577],[20.480296,54.72559],[20.480309,54.725612],[20.480306,54.725635],[20.480289,54.725656],[20.480258,54.725672],[20.48022,54.72568],[20.480179,54.725678],[20.480142,54.725668],[20.480115,54.725651],[20.480102,54.725628],[20.480104,54.725605],[20.480122,54.725584]]}},{"type":"Feature","properties":{"kind":"road","name":"","osm":"way/1338633947","highway":"footway","access":"","foot":""},"geometry":{"type":"LineString","coordinates":[[20.482406,54.72121],[20.482398,54.721309]]}},{"type":"Feature","properties":{"kind":"road","name":"","osm":"way/1338633948","highway":"footway","access":"","foot":""},"geometry":{"type":"LineString","coordinates":[[20.482415,54.721052],[20.482406,54.72121]]}},{"type":"Feature","properties":{"kind":"road","name":"","osm":"way/1338633949","highway":"footway","access":"","foot":""},"geometry":{"type":"LineString","coordinates":[[20.482424,54.720939],[20.482415,54.721052]]}},{"type":"Feature","properties":{"kind":"building","name":"","osm":"way/1338633950"},"geometry":{"type":"Polygon","coordinates":[[[20.485363,54.724873],[20.485558,54.724879],[20.48557,54.724766],[20.485375,54.724759],[20.485363,54.724873]]]}},{"type":"Feature","properties":{"kind":"building","name":"","osm":"way/1338633951"},"geometry":{"type":"Polygon","coordinates":[[[20.484942,54.724077],[20.485323,54.72409],[20.485336,54.723962],[20.484956,54.723949],[20.484942,54.724077]]]}},{"type":"Feature","properties":{"kind":"building","name":"Обезьянник","osm":"way/1338633952"},"geometry":{"type":"Polygon","coordinates":[[[20.484899,54.724801],[20.485193,54.724812],[20.48526,54.724167],[20.484966,54.724157],[20.484899,54.724801]]]}},{"type":"Feature","properties":{"kind":"building","name":"","osm":"way/1338633953"},"geometry":{"type":"Polygon","coordinates":[[[20.485229,54.722349],[20.485548,54.722363],[20.485567,54.722217],[20.485248,54.722204],[20.485229,54.722349]]]}},{"type":"Feature","properties":{"kind":"building","name":"","osm":"way/1338633954"},"geometry":{"type":"Polygon","coordinates":[[[20.486097,54.721816],[20.486101,54.721774],[20.4865,54.721786],[20.486487,54.721939],[20.486479,54.722036],[20.486467,54.722167],[20.486068,54.722155],[20.486097,54.721816]]]}},{"type":"Feature","properties":{"kind":"green","name":"","osm":"way/1372381675"},"geometry":{"type":"Polygon","coordinates":[[[20.478139,54.720437],[20.478308,54.720448],[20.478598,54.720472],[20.478836,54.720485],[20.478842,54.720467],[20.47845,54.72041],[20.478445,54.720431],[20.478285,54.720426],[20.478139,54.720437]]]}},{"type":"Feature","properties":{"kind":"road","name":"","osm":"way/1373476373","highway":"footway","access":"","foot":""},"geometry":{"type":"LineString","coordinates":[[20.486406,54.72066],[20.486405,54.72048],[20.486415,54.720407]]}},{"type":"Feature","properties":{"kind":"road","name":"улица Чайковского","osm":"way/1373501643","highway":"tertiary","access":"","foot":""},"geometry":{"type":"LineString","coordinates":[[20.479625,54.726826],[20.479284,54.726897]]}},{"type":"Feature","properties":{"kind":"road","name":"улица Чайковского","osm":"way/1373501644","highway":"tertiary","access":"","foot":""},"geometry":{"type":"LineString","coordinates":[[20.479284,54.726897],[20.479072,54.726941],[20.478835,54.72698],[20.47879,54.726987],[20.478719,54.726999]]}},{"type":"Feature","properties":{"kind":"road","name":"улица Чайковского","osm":"way/1373501645","highway":"tertiary","access":"","foot":""},"geometry":{"type":"LineString","coordinates":[[20.481965,54.726319],[20.481862,54.726341]]}},{"type":"Feature","properties":{"kind":"road","name":"улица Чайковского","osm":"way/1373501646","highway":"tertiary","access":"","foot":""},"geometry":{"type":"LineString","coordinates":[[20.482447,54.726217],[20.482257,54.726257],[20.481965,54.726319]]}},{"type":"Feature","properties":{"kind":"road","name":"Комсомольская улица","osm":"way/1373501647","highway":"secondary","access":"","foot":""},"geometry":{"type":"LineString","coordinates":[[20.478797,54.726055],[20.478854,54.725372]]}},{"type":"Feature","properties":{"kind":"road","name":"Комсомольская улица","osm":"way/1373501648","highway":"secondary","access":"","foot":""},"geometry":{"type":"LineString","coordinates":[[20.478719,54.726999],[20.478739,54.726759]]}},{"type":"Feature","properties":{"kind":"road","name":"Комсомольская улица","osm":"way/1373501649","highway":"secondary","access":"","foot":""},"geometry":{"type":"LineString","coordinates":[[20.47887,54.725107],[20.478891,54.724688]]}},{"type":"Feature","properties":{"kind":"road","name":"Комсомольская улица","osm":"way/1373501650","highway":"secondary","access":"","foot":""},"geometry":{"type":"LineString","coordinates":[[20.478968,54.72362],[20.478997,54.723283]]}},{"type":"Feature","properties":{"kind":"road","name":"Комсомольская улица","osm":"way/1373501651","highway":"secondary","access":"","foot":""},"geometry":{"type":"LineString","coordinates":[[20.478899,54.724539],[20.478919,54.724194]]}},{"type":"Feature","properties":{"kind":"road","name":"Комсомольская улица","osm":"way/1373501652","highway":"secondary","access":"","foot":""},"geometry":{"type":"LineString","coordinates":[[20.478939,54.723958],[20.478968,54.72362]]}},{"type":"Feature","properties":{"kind":"road","name":"Комсомольская улица","osm":"way/1373501653","highway":"secondary","access":"","foot":""},"geometry":{"type":"LineString","coordinates":[[20.479038,54.722761],[20.479053,54.722482]]}},{"type":"Feature","properties":{"kind":"road","name":"Комсомольская улица","osm":"way/1373501654","highway":"secondary","access":"","foot":""},"geometry":{"type":"LineString","coordinates":[[20.479053,54.722482],[20.479062,54.722332]]}},{"type":"Feature","properties":{"kind":"road","name":"Комсомольская улица","osm":"way/1373501655","highway":"secondary","access":"","foot":""},"geometry":{"type":"LineString","coordinates":[[20.479062,54.722332],[20.479091,54.721818]]}},{"type":"Feature","properties":{"kind":"road","name":"Комсомольская улица","osm":"way/1373501656","highway":"secondary","access":"","foot":""},"geometry":{"type":"LineString","coordinates":[[20.479091,54.721818],[20.479095,54.721752]]}},{"type":"Feature","properties":{"kind":"road","name":"проспект Мира","osm":"way/1373833498","highway":"primary","access":"","foot":"no"},"geometry":{"type":"LineString","coordinates":[[20.483368,54.720874],[20.483074,54.720876],[20.482782,54.720869]]}},{"type":"Feature","properties":{"kind":"road","name":"проспект Мира","osm":"way/1373833499","highway":"primary","access":"","foot":"no"},"geometry":{"type":"LineString","coordinates":[[20.484462,54.720633],[20.484153,54.720729],[20.483867,54.720806]]}},{"type":"Feature","properties":{"kind":"road","name":"проспект Мира","osm":"way/1373833500","highway":"primary","access":"","foot":"no"},"geometry":{"type":"LineString","coordinates":[[20.483867,54.720806],[20.48367,54.720844],[20.483368,54.720874]]}},{"type":"Feature","properties":{"kind":"road","name":"проспект Мира","osm":"way/1373833501","highway":"primary","access":"","foot":"no"},"geometry":{"type":"LineString","coordinates":[[20.483841,54.720719],[20.484015,54.720676],[20.48409,54.720654],[20.484831,54.720439],[20.485074,54.720368]]}},{"type":"Feature","properties":{"kind":"road","name":"улица Космонавта Леонова","osm":"way/1373833502","highway":"secondary","access":"","foot":"no"},"geometry":{"type":"LineString","coordinates":[[20.482233,54.721226],[20.48222,54.721372],[20.482217,54.721406]]}},{"type":"Feature","properties":{"kind":"road","name":"улица Космонавта Леонова","osm":"way/1373833503","highway":"secondary","access":"","foot":"no"},"geometry":{"type":"LineString","coordinates":[[20.48191,54.724524],[20.481897,54.724663]]}},{"type":"Feature","properties":{"kind":"road","name":"улица Полковника Сафронова","osm":"way/1373833504","highway":"residential","access":"","foot":""},"geometry":{"type":"LineString","coordinates":[[20.484131,54.724733],[20.484582,54.724748]]}},{"type":"Feature","properties":{"kind":"road","name":"улица Полковника Сафронова","osm":"way/1373833505","highway":"residential","access":"","foot":""},"geometry":{"type":"LineString","coordinates":[[20.483937,54.724727],[20.483979,54.724729],[20.484131,54.724733]]}},{"type":"Feature","properties":{"kind":"road","name":"улица Полковника Сафронова","osm":"way/1373833506","highway":"residential","access":"","foot":""},"geometry":{"type":"LineString","coordinates":[[20.481897,54.724663],[20.482017,54.724666]]}},{"type":"Feature","properties":{"kind":"road","name":"улица Сержанта Колоскова","osm":"way/1374294951","highway":"secondary","access":"","foot":""},"geometry":{"type":"LineString","coordinates":[[20.485292,54.718363],[20.485308,54.718013],[20.485309,54.717994],[20.48531,54.71797]]}},{"type":"Feature","properties":{"kind":"road","name":"улица Сержанта Колоскова","osm":"way/1374294952","highway":"secondary","access":"","foot":""},"geometry":{"type":"LineString","coordinates":[[20.48531,54.71797],[20.485308,54.717924],[20.485308,54.717893],[20.485297,54.717556],[20.48529,54.717373]]}},{"type":"Feature","properties":{"kind":"road","name":"улица Сержанта Колоскова","osm":"way/1374294953","highway":"secondary","access":"","foot":""},"geometry":{"type":"LineString","coordinates":[[20.48529,54.717373],[20.485288,54.717305],[20.485282,54.717122],[20.485276,54.716962],[20.485259,54.716427],[20.485256,54.716345]]}},{"type":"Feature","properties":{"kind":"road","name":"проспект Мира","osm":"way/1374294973","highway":"primary","access":"","foot":"no"},"geometry":{"type":"LineString","coordinates":[[20.48653,54.719951],[20.486683,54.719967]]}},{"type":"Feature","properties":{"kind":"road","name":"проспект Мира","osm":"way/1374294974","highway":"primary","access":"","foot":"no"},"geometry":{"type":"LineString","coordinates":[[20.485554,54.720042],[20.485794,54.719962]]}},{"type":"Feature","properties":{"kind":"road","name":"Зоологическая улица","osm":"way/1374294992","highway":"tertiary","access":"","foot":""},"geometry":{"type":"LineString","coordinates":[[20.485094,54.721121],[20.485006,54.721854],[20.484941,54.722779],[20.484882,54.723307],[20.484869,54.723448],[20.484795,54.724295],[20.484755,54.724753]]}},{"type":"Feature","properties":{"kind":"road","name":"Зоологическая улица","osm":"way/1374294993","highway":"tertiary","access":"","foot":""},"geometry":{"type":"LineString","coordinates":[[20.484552,54.726968],[20.484548,54.72703],[20.484543,54.727091]]}},{"type":"Feature","properties":{"kind":"road","name":"Зоологическая улица","osm":"way/1374294994","highway":"tertiary","access":"","foot":""},"geometry":{"type":"LineString","coordinates":[[20.484557,54.726907],[20.484552,54.726968]]}},{"type":"Feature","properties":{"kind":"road","name":"Зоологическая улица","osm":"way/1374294995","highway":"tertiary","access":"","foot":""},"geometry":{"type":"LineString","coordinates":[[20.484567,54.726781],[20.484557,54.726907]]}},{"type":"Feature","properties":{"kind":"road","name":"Зоологическая улица","osm":"way/1374294996","highway":"tertiary","access":"","foot":""},"geometry":{"type":"LineString","coordinates":[[20.484543,54.727091],[20.484509,54.727523],[20.4845,54.727638],[20.484495,54.727694]]}},{"type":"Feature","properties":{"kind":"road","name":"","osm":"way/1465554979","highway":"service","access":"","foot":""},"geometry":{"type":"LineString","coordinates":[[20.481454,54.723137],[20.481275,54.722843],[20.480819,54.722781]]}},{"type":"Feature","properties":{"kind":"road","name":"","osm":"way/1465554980","highway":"service","access":"","foot":""},"geometry":{"type":"LineString","coordinates":[[20.480819,54.722781],[20.480267,54.722766],[20.480286,54.722584],[20.481281,54.722622],[20.481275,54.722843]]}},{"type":"Feature","properties":{"kind":"road","name":"","osm":"way/1465554981","highway":"service","access":"","foot":""},"geometry":{"type":"LineString","coordinates":[[20.480819,54.722781],[20.480825,54.723082]]}},{"type":"Feature","properties":{"kind":"road","name":"","osm":"way/1465554982","highway":"service","access":"","foot":""},"geometry":{"type":"LineString","coordinates":[[20.480825,54.723082],[20.479878,54.723066]]}},{"type":"Feature","properties":{"kind":"road","name":"","osm":"way/1467517448","highway":"service","access":"","foot":""},"geometry":{"type":"LineString","coordinates":[[20.484972,54.720265],[20.484899,54.720092],[20.484795,54.71989]]}},{"type":"Feature","properties":{"kind":"road","name":"проспект мира","osm":"way/1545229588","highway":"primary","access":"","foot":""},"geometry":{"type":"LineString","coordinates":[[20.484153,54.720729],[20.484111,54.720678],[20.48409,54.720654]]}},{"type":"Feature","properties":{"kind":"building","name":"Кофе с собой","osm":"way/1548580157"},"geometry":{"type":"Polygon","coordinates":[[[20.482032,54.720963],[20.482084,54.720959],[20.482079,54.720936],[20.482035,54.720934],[20.482032,54.720963]]]}},{"type":"Feature","properties":{"kind":"road","name":"","osm":"way/1551702593","highway":"footway","access":"","foot":""},"geometry":{"type":"LineString","coordinates":[[20.481209,54.72464],[20.481284,54.724643]]}},{"type":"Feature","properties":{"kind":"green","name":"","osm":"way/1562185677"},"geometry":{"type":"Polygon","coordinates":[[[20.481138,54.726926],[20.481556,54.726938],[20.481604,54.72644],[20.481011,54.726556],[20.481138,54.726926]]]}},{"type":"Feature","properties":{"kind":"road","name":"","osm":"way/1562185678","highway":"pedestrian","access":"","foot":""},"geometry":{"type":"LineString","coordinates":[[20.481087,54.726663],[20.481091,54.726698],[20.481112,54.72673],[20.48115,54.726757],[20.481199,54.726776],[20.481257,54.726785],[20.481318,54.726783],[20.481375,54.726771],[20.481422,54.726748],[20.481436,54.726736],[20.481455,54.726719],[20.48147,54.726685],[20.481466,54.72665],[20.481444,54.726617],[20.481404,54.72659],[20.481352,54.726572],[20.481295,54.726563],[20.481235,54.726566],[20.48118,54.726579],[20.481134,54.726601],[20.481102,54.72663],[20.481087,54.726663]]}}],"bbox":[20.45673575522429,54.70993283295005,20.48658574477571,54.72713096704995],"route":"amalienau-2-hours","source":"OpenStreetMap","checked_at":"2026-10-01","license":"ODbL-1.0","license_url":"https://opendatacommons.org/licenses/odbl/1-0/"}
