{"type":"FeatureCollection","features":[{"type":"Feature","properties":{"kind":"water","name":"","osm":"relation/386100"},"geometry":{"type":"Polygon","coordinates":[[[19.88784,54.644652],[19.887963,54.6446],[19.888025,54.644554],[19.88842,54.644677],[19.888741,54.644732],[19.888988,54.64472],[19.889171,54.644639],[19.889235,54.644528],[19.889342,54.644261],[19.889385,54.644081],[19.889428,54.644031],[19.889686,54.644037],[19.890351,54.643981],[19.890737,54.643956],[19.890984,54.643888],[19.891091,54.643776],[19.890973,54.64359],[19.890319,54.643],[19.890955,54.642571],[19.890935,54.642269],[19.890514,54.642112],[19.890532,54.642074],[19.891164,54.641923],[19.891107,54.641855],[19.890349,54.642039],[19.890248,54.642048],[19.889279,54.641773],[19.8891,54.641791],[19.888967,54.641852],[19.888767,54.641984],[19.888592,54.641895],[19.888601,54.641862],[19.888858,54.64169],[19.888871,54.641622],[19.888727,54.641438],[19.887894,54.640735],[19.887575,54.640639],[19.887266,54.640739],[19.886976,54.640946],[19.886527,54.641252],[19.886399,54.641332],[19.886279,54.641408],[19.885699,54.641571],[19.885342,54.641672],[19.884954,54.641684],[19.884525,54.641715],[19.884246,54.641771],[19.88401,54.641846],[19.883881,54.641976],[19.883892,54.642106],[19.883935,54.642311],[19.884171,54.642584],[19.883849,54.642708],[19.883077,54.6431],[19.883012,54.643199],[19.883034,54.643273],[19.883141,54.643373],[19.883291,54.643416],[19.88357,54.643497],[19.883774,54.643516],[19.883871,54.643541],[19.883978,54.64364],[19.883946,54.643913],[19.883624,54.644888],[19.883634,54.644981],[19.883752,54.645068],[19.883956,54.645086],[19.884042,54.645086],[19.884332,54.645037],[19.885984,54.644739],[19.886124,54.644745],[19.886209,54.644838],[19.886252,54.644925],[19.88637,54.64508],[19.886553,54.645105],[19.886735,54.645111],[19.88695,54.645092],[19.887272,54.644975],[19.887626,54.644826],[19.88784,54.644652]],[[19.889481,54.643826],[19.890823,54.643764],[19.890112,54.643134],[19.889857,54.643224],[19.889771,54.643323],[19.88961,54.643478],[19.889546,54.643609],[19.889481,54.643826]],[[19.884754,54.643083],[19.884729,54.643287],[19.884719,54.643491],[19.884708,54.643722],[19.884665,54.644293],[19.884718,54.64438],[19.884954,54.644436],[19.885158,54.644442],[19.885791,54.644398],[19.8861,54.644358],[19.88665,54.644318],[19.887005,54.644173],[19.887038,54.644128],[19.887108,54.644108],[19.88719,54.644128],[19.887229,54.644255],[19.887401,54.64436],[19.887859,54.644487],[19.887773,54.644547],[19.887673,54.644582],[19.88757,54.644492],[19.887467,54.644498],[19.887347,54.644634],[19.886768,54.645016],[19.88655,54.644776],[19.886282,54.644482],[19.886057,54.644504],[19.885823,54.644535],[19.883922,54.644914],[19.884364,54.643666],[19.884429,54.643517],[19.884396,54.643442],[19.883399,54.6432],[19.884024,54.642899],[19.884364,54.642735],[19.884504,54.642852],[19.88459,54.642921],[19.884761,54.64302],[19.884754,54.643083]],[[19.888761,54.644428],[19.887335,54.643975],[19.887367,54.643844],[19.886465,54.643807],[19.886444,54.643931],[19.885071,54.644139],[19.885157,54.643348],[19.885437,54.643331],[19.885397,54.643059],[19.885391,54.643017],[19.885387,54.642987],[19.885351,54.642744],[19.88535,54.642733],[19.885039,54.642721],[19.884481,54.642025],[19.885672,54.641901],[19.885869,54.641975],[19.886221,54.641861],[19.886274,54.641811],[19.886188,54.641718],[19.886229,54.641705],[19.886315,54.641798],[19.886383,54.641807],[19.886731,54.641692],[19.886647,54.641582],[19.887064,54.641298],[19.887662,54.640892],[19.888077,54.641345],[19.888376,54.641672],[19.888161,54.64182],[19.888328,54.641918],[19.888511,54.642024],[19.888893,54.642233],[19.889199,54.642095],[19.889541,54.642187],[19.890484,54.642443],[19.889561,54.643006],[19.889148,54.643012],[19.888643,54.643478],[19.888831,54.643561],[19.888761,54.644428]]]}},{"type":"Feature","properties":{"kind":"green","name":"","osm":"relation/13746140"},"geometry":{"type":"Polygon","coordinates":[[[19.882974,54.633828],[19.882957,54.633802],[19.882765,54.633502],[19.88276,54.633302],[19.8847,54.633302],[19.884476,54.633459],[19.88411,54.633302],[19.883401,54.633302],[19.883247,54.63339],[19.883253,54.633599],[19.883473,54.633738],[19.883665,54.633568],[19.884073,54.63354],[19.884213,54.633651],[19.883795,54.633887],[19.883612,54.633971],[19.88337,54.633879],[19.882974,54.633828]],[[19.884581,54.633302],[19.884519,54.633328],[19.884449,54.633302],[19.883031,54.633302],[19.883012,54.633316],[19.88299,54.633393],[19.882907,54.633409],[19.882845,54.633352],[19.882872,54.633302],[19.884581,54.633302]],[[19.883798,54.633761],[19.883698,54.633771],[19.883618,54.633726],[19.883671,54.63367],[19.883709,54.633639],[19.883798,54.633598],[19.88398,54.633584],[19.884036,54.633623],[19.883977,54.633696],[19.883798,54.633761]],[[19.882963,54.633502],[19.882891,54.633499],[19.882888,54.633552],[19.882942,54.633673],[19.883025,54.633766],[19.883366,54.633856],[19.883572,54.633872],[19.883679,54.63385],[19.883682,54.63383],[19.883602,54.63381],[19.883473,54.633814],[19.883336,54.633794],[19.883173,54.633752],[19.883087,54.633685],[19.883036,54.633598],[19.882963,54.633502]]]}},{"type":"Feature","properties":{"kind":"green","name":"","osm":"relation/13746141"},"geometry":{"type":"Polygon","coordinates":[[[19.882877,54.635511],[19.882555,54.635211],[19.882383,54.635056],[19.882354,54.634985],[19.882356,54.634844],[19.882845,54.634586],[19.883312,54.634437],[19.883413,54.634205],[19.883628,54.634136],[19.88365,54.634334],[19.88372,54.634732],[19.884063,54.635086],[19.88344,54.635499],[19.883178,54.63553],[19.882877,54.635511]],[[19.883516,54.635365],[19.883427,54.635373],[19.883398,54.635322],[19.883502,54.635233],[19.883634,54.635152],[19.883728,54.635098],[19.88383,54.635036],[19.883899,54.635073],[19.883859,54.635135],[19.883717,54.635238],[19.883604,54.635309],[19.883516,54.635365]],[[19.883156,54.635412],[19.882969,54.6353],[19.882899,54.635191],[19.882564,54.634963],[19.882494,54.635014],[19.882711,54.635199],[19.88277,54.635275],[19.882888,54.635362],[19.882979,54.635427],[19.883044,54.635455],[19.883156,54.635412]],[[19.882743,54.634884],[19.882617,54.634893],[19.882639,54.63482],[19.88277,54.634741],[19.882942,54.634654],[19.883071,54.634604],[19.883237,54.63453],[19.883358,54.634488],[19.883409,54.634379],[19.883433,54.634291],[19.883524,54.634282],[19.883586,54.634305],[19.883594,54.634393],[19.883596,54.634486],[19.883639,54.63459],[19.883618,54.634649],[19.88351,54.634603],[19.883325,54.634601],[19.883186,54.634637],[19.883041,54.634691],[19.882934,54.634744],[19.8828,54.634833],[19.882743,54.634884]]]}},{"type":"Feature","properties":{"kind":"road","name":"","osm":"way/48371984","highway":"service","access":"","foot":""},"geometry":{"type":"LineString","coordinates":[[19.889549,54.643797],[19.88951,54.644076]]}},{"type":"Feature","properties":{"kind":"road","name":"","osm":"way/48371986","highway":"service","access":"","foot":""},"geometry":{"type":"LineString","coordinates":[[19.88951,54.644076],[19.889467,54.644281],[19.889328,54.644666],[19.889116,54.64478],[19.888704,54.644828],[19.888377,54.644852]]}},{"type":"Feature","properties":{"kind":"road","name":"","osm":"way/48371987","highway":"service","access":"","foot":""},"geometry":{"type":"LineString","coordinates":[[19.886357,54.643152],[19.886988,54.643202],[19.888179,54.643297],[19.888526,54.642806],[19.888581,54.642686],[19.888583,54.642562],[19.888516,54.642488],[19.888119,54.642272],[19.88828,54.64217]]}},{"type":"Feature","properties":{"kind":"road","name":"","osm":"way/48371988","highway":"service","access":"","foot":""},"geometry":{"type":"LineString","coordinates":[[19.888751,54.64188],[19.889245,54.641582],[19.889867,54.641521],[19.889945,54.641513],[19.890471,54.641441],[19.890636,54.641398]]}},{"type":"Feature","properties":{"kind":"road","name":"","osm":"way/48371989","highway":"service","access":"","foot":""},"geometry":{"type":"LineString","coordinates":[[19.888511,54.642024],[19.888751,54.64188]]}},{"type":"Feature","properties":{"kind":"road","name":"","osm":"way/48371995","highway":"service","access":"","foot":""},"geometry":{"type":"LineString","coordinates":[[19.889796,54.643393],[19.889667,54.643511],[19.889581,54.643617],[19.889549,54.643797]]}},{"type":"Feature","properties":{"kind":"road","name":"","osm":"way/60978421","highway":"footway","access":"","foot":""},"geometry":{"type":"LineString","coordinates":[[19.882097,54.649059],[19.88201,54.648985],[19.881972,54.648944],[19.881962,54.648906],[19.881955,54.648849],[19.882006,54.648774],[19.882109,54.648661],[19.882167,54.648601],[19.882089,54.648464],[19.88182,54.648163],[19.88167,54.648027],[19.881629,54.647995],[19.881571,54.647965],[19.881453,54.647928],[19.881357,54.64789],[19.880835,54.647729],[19.8807,54.647681],[19.880571,54.647595],[19.88028,54.647422],[19.879933,54.647213],[19.879774,54.647105],[19.879699,54.647043],[19.879637,54.646978],[19.87961,54.646889],[19.879599,54.646796],[19.879563,54.6462],[19.879571,54.646118],[19.879659,54.645904]]}},{"type":"Feature","properties":{"kind":"road","name":"Артиллерийская улица","osm":"way/60978422","highway":"tertiary","access":"","foot":""},"geometry":{"type":"LineString","coordinates":[[19.89229,54.644092],[19.8922,54.644149],[19.892151,54.644202],[19.892113,54.64425],[19.892082,54.644313],[19.892075,54.644394],[19.892085,54.644515],[19.892121,54.644692]]}},{"type":"Feature","properties":{"kind":"road","name":"Морской бульвар","osm":"way/60978427","highway":"footway","access":"","foot":""},"geometry":{"type":"LineString","coordinates":[[19.887916,54.64012],[19.885737,54.640819],[19.885458,54.640904],[19.885333,54.640956],[19.885004,54.6411],[19.883924,54.641681],[19.883811,54.641753],[19.883529,54.641934],[19.883,54.642275],[19.882981,54.642288],[19.882685,54.642543],[19.882435,54.642758],[19.881581,54.643494],[19.881507,54.643534],[19.881422,54.64358]]}},{"type":"Feature","properties":{"kind":"rail","name":"","osm":"way/75741799"},"geometry":{"type":"LineString","coordinates":[[19.895806,54.641977],[19.896163,54.642504],[19.896323,54.642779],[19.896535,54.643053],[19.898679,54.645116],[19.903529,54.647915],[19.90393,54.648243],[19.904397,54.648572]]}},{"type":"Feature","properties":{"kind":"road","name":"Кронштадтская улица","osm":"way/75768077","highway":"tertiary","access":"","foot":""},"geometry":{"type":"LineString","coordinates":[[19.891403,54.640244],[19.891508,54.640183],[19.892141,54.639814],[19.892518,54.639593],[19.892666,54.639514],[19.892989,54.639342],[19.893174,54.639243]]}},{"type":"Feature","properties":{"kind":"road","name":"улица Гончарова","osm":"way/78503374","highway":"residential","access":"","foot":""},"geometry":{"type":"LineString","coordinates":[[19.881549,54.636976],[19.880909,54.636621],[19.880637,54.636399],[19.880389,54.636076],[19.879938,54.635486]]}},{"type":"Feature","properties":{"kind":"road","name":"улица Красной Армии","osm":"way/79400190","highway":"tertiary","access":"","foot":""},"geometry":{"type":"LineString","coordinates":[[19.890973,54.641837],[19.891088,54.641975]]}},{"type":"Feature","properties":{"kind":"road","name":"Площадь балтийской славы","osm":"way/79400193","highway":"pedestrian","access":"","foot":""},"geometry":{"type":"LineString","coordinates":[[19.892924,54.640689],[19.892751,54.640449],[19.892697,54.640374],[19.892541,54.640159],[19.892498,54.6401],[19.892993,54.63998],[19.893098,54.639955],[19.893877,54.639766],[19.894355,54.63965],[19.89438,54.639685],[19.894399,54.639711],[19.89455,54.63992],[19.894697,54.640124],[19.894729,54.640168],[19.894781,54.64024],[19.892924,54.640689]]}},{"type":"Feature","properties":{"kind":"road","name":"улица Красной Армии","osm":"way/79400198","highway":"tertiary","access":"","foot":""},"geometry":{"type":"LineString","coordinates":[[19.890636,54.641398],[19.890609,54.641348],[19.890578,54.641304],[19.890269,54.640977],[19.890205,54.64093]]}},{"type":"Feature","properties":{"kind":"road","name":"","osm":"way/79400203","highway":"tertiary","access":"","foot":""},"geometry":{"type":"LineString","coordinates":[[19.891403,54.640244],[19.891364,54.640454],[19.891356,54.640498],[19.891302,54.640794],[19.891258,54.641207],[19.890636,54.641398]]}},{"type":"Feature","properties":{"kind":"road","name":"проспект Ленина","osm":"way/79400205","highway":"secondary","access":"","foot":""},"geometry":{"type":"LineString","coordinates":[[19.89229,54.644092],[19.892608,54.644087],[19.892955,54.644069],[19.893639,54.64402],[19.893787,54.64401],[19.894596,54.643952],[19.894795,54.643938]]}},{"type":"Feature","properties":{"kind":"road","name":"","osm":"way/79400226","highway":"footway","access":"","foot":""},"geometry":{"type":"LineString","coordinates":[[19.895307,54.639544],[19.895285,54.639482],[19.895236,54.639339]]}},{"type":"Feature","properties":{"kind":"road","name":"","osm":"way/79400234","highway":"residential","access":"","foot":""},"geometry":{"type":"LineString","coordinates":[[19.894864,54.638741],[19.894869,54.638307],[19.894871,54.63821],[19.894806,54.638162],[19.8947,54.63814]]}},{"type":"Feature","properties":{"kind":"road","name":"улица Красной Армии","osm":"way/79400248","highway":"tertiary","access":"","foot":""},"geometry":{"type":"LineString","coordinates":[[19.890636,54.641398],[19.890695,54.641508],[19.890973,54.641837]]}},{"type":"Feature","properties":{"kind":"road","name":"улица Красной Армии","osm":"way/79400272","highway":"tertiary","access":"","foot":""},"geometry":{"type":"LineString","coordinates":[[19.891088,54.641975],[19.891891,54.642927],[19.891924,54.642974],[19.891941,54.642998],[19.891965,54.643034],[19.892018,54.643133],[19.892031,54.643175],[19.892059,54.643262],[19.892094,54.643394],[19.892184,54.643733],[19.892245,54.64396],[19.89229,54.644092]]}},{"type":"Feature","properties":{"kind":"road","name":"","osm":"way/79400277","highway":"tertiary","access":"","foot":""},"geometry":{"type":"LineString","coordinates":[[19.891585,54.639007],[19.891537,54.638963],[19.891497,54.638928],[19.891455,54.63888],[19.891459,54.638786],[19.8915,54.638725]]}},{"type":"Feature","properties":{"kind":"road","name":"Зелёная улица","osm":"way/80721077","highway":"residential","access":"","foot":""},"geometry":{"type":"LineString","coordinates":[[19.889771,54.648292],[19.889406,54.647032],[19.889314,54.646603],[19.889173,54.64595],[19.889127,54.645848]]}},{"type":"Feature","properties":{"kind":"road","name":"улица Степана Дадаева","osm":"way/80721102","highway":"residential","access":"","foot":""},"geometry":{"type":"LineString","coordinates":[[19.891332,54.647588],[19.891052,54.646431],[19.890811,54.645871],[19.890758,54.645831],[19.890462,54.645593]]}},{"type":"Feature","properties":{"kind":"road","name":"","osm":"way/80723300","highway":"service","access":"","foot":""},"geometry":{"type":"LineString","coordinates":[[19.910305,54.651105],[19.910266,54.650971],[19.910159,54.650794],[19.910034,54.650648],[19.909767,54.650358],[19.909357,54.650034],[19.908991,54.64965],[19.908904,54.649576],[19.908668,54.6495],[19.907874,54.649317],[19.907415,54.649113],[19.900405,54.645238],[19.899444,54.644579],[19.898588,54.643801],[19.897993,54.642987]]}},{"type":"Feature","properties":{"kind":"road","name":"Первомайская улица","osm":"way/80751959","highway":"residential","access":"","foot":""},"geometry":{"type":"LineString","coordinates":[[19.882968,54.634372],[19.882282,54.634014],[19.882229,54.633986],[19.882077,54.633896],[19.881426,54.633516],[19.880883,54.633186],[19.880687,54.63304]]}},{"type":"Feature","properties":{"kind":"road","name":"Первомайская улица","osm":"way/80751961","highway":"residential","access":"","foot":""},"geometry":{"type":"LineString","coordinates":[[19.879938,54.635486],[19.881157,54.635204],[19.881464,54.635098],[19.881573,54.635039]]}},{"type":"Feature","properties":{"kind":"road","name":"Первомайская улица","osm":"way/80751963","highway":"residential","access":"","foot":""},"geometry":{"type":"LineString","coordinates":[[19.886342,54.632895],[19.885203,54.633124],[19.884898,54.633229],[19.884683,54.633381],[19.884514,54.63357],[19.884297,54.633682],[19.883941,54.633867],[19.883629,54.634029],[19.882968,54.634372],[19.882024,54.634824],[19.881573,54.635039]]}},{"type":"Feature","properties":{"kind":"road","name":"","osm":"way/81524913","highway":"tertiary","access":"","foot":""},"geometry":{"type":"LineString","coordinates":[[19.890081,54.639609],[19.890508,54.63941],[19.890806,54.639338],[19.891217,54.639163],[19.891585,54.639007],[19.892154,54.638767],[19.89223,54.638735],[19.892433,54.63869],[19.893072,54.638692],[19.893188,54.638709]]}},{"type":"Feature","properties":{"kind":"building","name":"Парк-музей Старый Люнет","osm":"way/109899085"},"geometry":{"type":"Polygon","coordinates":[[[19.883138,54.634958],[19.883264,54.634941],[19.883283,54.634989],[19.883325,54.634983],[19.883503,54.634959],[19.883534,54.635036],[19.883315,54.635066],[19.883347,54.635145],[19.88322,54.635162],[19.883184,54.635076],[19.883172,54.635072],[19.883161,54.635066],[19.883153,54.635059],[19.883147,54.635051],[19.883145,54.635043],[19.883145,54.635034],[19.883149,54.635026],[19.883155,54.635018],[19.88316,54.635014],[19.883144,54.634976],[19.883138,54.634958]]]}},{"type":"Feature","properties":{"kind":"road","name":"","osm":"way/130232591","highway":"unclassified","access":"","foot":""},"geometry":{"type":"LineString","coordinates":[[19.882272,54.645414],[19.882302,54.645359],[19.882391,54.645187],[19.882411,54.645148]]}},{"type":"Feature","properties":{"kind":"building","name":"","osm":"way/136177433"},"geometry":{"type":"Polygon","coordinates":[[[19.893122,54.642539],[19.893092,54.642502],[19.893647,54.642345],[19.893748,54.642465],[19.893193,54.642622],[19.893161,54.642585],[19.893139,54.642587],[19.893117,54.642583],[19.893102,54.642573],[19.893097,54.64256],[19.893105,54.642547],[19.893122,54.642539]]]}},{"type":"Feature","properties":{"kind":"building","name":"","osm":"way/136177445"},"geometry":{"type":"Polygon","coordinates":[[[19.894148,54.645171],[19.894005,54.644496],[19.89428,54.644477],[19.894423,54.645152],[19.894148,54.645171]]]}},{"type":"Feature","properties":{"kind":"rail","name":"","osm":"way/136177446"},"geometry":{"type":"LineString","coordinates":[[19.898969,54.645406],[19.898488,54.645143],[19.896909,54.64426],[19.895485,54.643475],[19.895191,54.643266],[19.894669,54.642807]]}},{"type":"Feature","properties":{"kind":"rail","name":"","osm":"way/136177449"},"geometry":{"type":"LineString","coordinates":[[19.895089,54.642753],[19.895613,54.643069],[19.896218,54.643422],[19.897174,54.643923],[19.897442,54.644115],[19.897859,54.644449],[19.898379,54.644964],[19.898969,54.645406],[19.899565,54.645738],[19.900369,54.646185],[19.90113,54.646605],[19.902542,54.647413],[19.903203,54.647795],[19.903537,54.648009],[19.90393,54.648243]]}},{"type":"Feature","properties":{"kind":"road","name":"","osm":"way/149995849","highway":"residential","access":"","foot":""},"geometry":{"type":"LineString","coordinates":[[19.889157,54.640477],[19.890359,54.63982]]}},{"type":"Feature","properties":{"kind":"road","name":"","osm":"way/149995850","highway":"residential","access":"","foot":""},"geometry":{"type":"LineString","coordinates":[[19.893199,54.638347],[19.893188,54.638709]]}},{"type":"Feature","properties":{"kind":"road","name":"","osm":"way/149995852","highway":"residential","access":"","foot":""},"geometry":{"type":"LineString","coordinates":[[19.893188,54.638709],[19.893304,54.638732],[19.89466,54.638733],[19.894864,54.638741]]}},{"type":"Feature","properties":{"kind":"road","name":"улица Красной Армии","osm":"way/149995853","highway":"residential","access":"","foot":""},"geometry":{"type":"LineString","coordinates":[[19.889157,54.640477],[19.888495,54.64019],[19.888141,54.640048]]}},{"type":"Feature","properties":{"kind":"road","name":"Морской бульвар","osm":"way/149995854","highway":"pedestrian","access":"","foot":""},"geometry":{"type":"LineString","coordinates":[[19.8947,54.63814],[19.894346,54.638183],[19.893693,54.638275],[19.893318,54.638325],[19.893199,54.638347],[19.89295,54.638372],[19.892695,54.638406],[19.892349,54.638453]]}},{"type":"Feature","properties":{"kind":"building","name":"Дружба","osm":"way/149995855"},"geometry":{"type":"Polygon","coordinates":[[[19.891436,54.643356],[19.891798,54.643311],[19.891696,54.643038],[19.891275,54.64309],[19.891316,54.643201],[19.891375,54.643193],[19.891436,54.643356]]]}},{"type":"Feature","properties":{"kind":"building","name":"","osm":"way/149995856"},"geometry":{"type":"Polygon","coordinates":[[[19.892116,54.639701],[19.892372,54.639558],[19.892195,54.639452],[19.891939,54.639594],[19.892116,54.639701]]]}},{"type":"Feature","properties":{"kind":"building","name":"","osm":"way/149995857"},"geometry":{"type":"Polygon","coordinates":[[[19.891965,54.643713],[19.891907,54.643441],[19.891719,54.643454],[19.891776,54.643727],[19.891965,54.643713]]]}},{"type":"Feature","properties":{"kind":"building","name":"","osm":"way/149995858"},"geometry":{"type":"Polygon","coordinates":[[[19.891406,54.639215],[19.891564,54.639334],[19.891725,54.639263],[19.891697,54.639242],[19.8921,54.639063],[19.892128,54.639084],[19.892293,54.63901],[19.892135,54.638891],[19.892052,54.638928],[19.89177,54.639053],[19.891502,54.639173],[19.891406,54.639215]]]}},{"type":"Feature","properties":{"kind":"building","name":"","osm":"way/149995859"},"geometry":{"type":"Polygon","coordinates":[[[19.892398,54.639378],[19.892527,54.639456],[19.892823,54.63929],[19.892694,54.639213],[19.892398,54.639378]]]}},{"type":"Feature","properties":{"kind":"building","name":"","osm":"way/149995860"},"geometry":{"type":"Polygon","coordinates":[[[19.895747,54.644826],[19.895911,54.644733],[19.895333,54.644391],[19.89517,54.644483],[19.895747,54.644826]]]}},{"type":"Feature","properties":{"kind":"building","name":"","osm":"way/149995863"},"geometry":{"type":"Polygon","coordinates":[[[19.897452,54.644452],[19.89761,54.644358],[19.897209,54.644132],[19.897051,54.644226],[19.897452,54.644452]]]}},{"type":"Feature","properties":{"kind":"building","name":"","osm":"way/149995864"},"geometry":{"type":"Polygon","coordinates":[[[19.892406,54.641191],[19.892309,54.641066],[19.89184,54.641188],[19.891937,54.641313],[19.892406,54.641191]]]}},{"type":"Feature","properties":{"kind":"building","name":"","osm":"way/149995865"},"geometry":{"type":"Polygon","coordinates":[[[19.896766,54.644547],[19.896682,54.644499],[19.89671,54.644482],[19.89643,54.644323],[19.896402,54.644339],[19.89633,54.644298],[19.89621,54.644368],[19.896366,54.644457],[19.896355,54.644464],[19.89648,54.644536],[19.896491,54.644529],[19.896647,54.644618],[19.896766,54.644547]]]}},{"type":"Feature","properties":{"kind":"building","name":"","osm":"way/149995867"},"geometry":{"type":"Polygon","coordinates":[[[19.891963,54.639793],[19.891789,54.639688],[19.891541,54.639826],[19.891715,54.639931],[19.891963,54.639793]]]}},{"type":"Feature","properties":{"kind":"building","name":"","osm":"way/149995868"},"geometry":{"type":"Polygon","coordinates":[[[19.89798,54.645223],[19.897507,54.64496],[19.897207,54.645142],[19.89768,54.645404],[19.89798,54.645223]]]}},{"type":"Feature","properties":{"kind":"building","name":"","osm":"way/149995871"},"geometry":{"type":"Polygon","coordinates":[[[19.891439,54.64136],[19.891376,54.641281],[19.890816,54.64143],[19.890879,54.641509],[19.891439,54.64136]]]}},{"type":"Feature","properties":{"kind":"building","name":"","osm":"way/149995872"},"geometry":{"type":"Polygon","coordinates":[[[19.891494,54.642019],[19.891288,54.642076],[19.891394,54.642204],[19.8916,54.642147],[19.891494,54.642019]]]}},{"type":"Feature","properties":{"kind":"building","name":"","osm":"way/149995873"},"geometry":{"type":"Polygon","coordinates":[[[19.891098,54.641138],[19.891011,54.64103],[19.890582,54.641145],[19.890669,54.641253],[19.891098,54.641138]]]}},{"type":"Feature","properties":{"kind":"building","name":"","osm":"way/149995874"},"geometry":{"type":"Polygon","coordinates":[[[19.893592,54.642826],[19.893507,54.642698],[19.892992,54.642812],[19.893076,54.64294],[19.893592,54.642826]]]}},{"type":"Feature","properties":{"kind":"building","name":"","osm":"way/149995876"},"geometry":{"type":"Polygon","coordinates":[[[19.893999,54.638714],[19.894698,54.638716],[19.894727,54.638369],[19.894142,54.638385],[19.894168,54.638452],[19.894172,54.638597],[19.893999,54.638593],[19.893999,54.638714]]]}},{"type":"Feature","properties":{"kind":"building","name":"","osm":"way/149995877"},"geometry":{"type":"Polygon","coordinates":[[[19.893234,54.639232],[19.893356,54.639235],[19.893369,54.639093],[19.893246,54.639089],[19.893234,54.639232]]]}},{"type":"Feature","properties":{"kind":"building","name":"","osm":"way/149995878"},"geometry":{"type":"Polygon","coordinates":[[[19.898118,54.646096],[19.897482,54.645723],[19.897299,54.645828],[19.897438,54.64591],[19.897468,54.645893],[19.897814,54.646096],[19.897785,54.646113],[19.897936,54.646201],[19.898118,54.646096]]]}},{"type":"Feature","properties":{"kind":"building","name":"","osm":"way/149995879"},"geometry":{"type":"Polygon","coordinates":[[[19.891534,54.642916],[19.891385,54.642489],[19.891191,54.642512],[19.89134,54.642939],[19.891534,54.642916]]]}},{"type":"Feature","properties":{"kind":"building","name":"","osm":"way/149995880"},"geometry":{"type":"Polygon","coordinates":[[[19.891184,54.64021],[19.89154,54.640043],[19.891423,54.63996],[19.891217,54.640057],[19.891057,54.639943],[19.890908,54.640013],[19.891184,54.64021]]]}},{"type":"Feature","properties":{"kind":"building","name":"","osm":"way/149995881"},"geometry":{"type":"Polygon","coordinates":[[[19.89286,54.639013],[19.892801,54.639013],[19.892798,54.63912],[19.893051,54.639122],[19.893059,54.638783],[19.892475,54.638779],[19.892472,54.638903],[19.892862,54.638905],[19.89286,54.639013]]]}},{"type":"Feature","properties":{"kind":"coastline","name":"","osm":"way/157606840"},"geometry":{"type":"LineString","coordinates":[[19.889559,54.638537],[19.889652,54.638584],[19.889555,54.638683],[19.889679,54.638762],[19.889777,54.638711],[19.889806,54.638703],[19.889849,54.638725],[19.88988,54.638741],[19.889768,54.638819],[19.890462,54.63926],[19.891191,54.638944],[19.891119,54.638886],[19.891263,54.638815],[19.891345,54.638539],[19.892292,54.638407],[19.894039,54.638163],[19.894562,54.638094],[19.894684,54.638087],[19.894751,54.638093],[19.894822,54.638106],[19.894882,54.638127],[19.894936,54.638157],[19.894985,54.638192],[19.89501,54.638231],[19.895127,54.638635],[19.895009,54.638653],[19.895035,54.638765],[19.89509,54.638762],[19.89518,54.639025],[19.895263,54.639019],[19.895771,54.640468],[19.895747,54.640504],[19.891139,54.641751],[19.891199,54.641832],[19.891107,54.641855],[19.891164,54.641923],[19.891295,54.641894],[19.89145,54.641914],[19.891665,54.641886],[19.892506,54.641662],[19.892637,54.64183],[19.896424,54.640795],[19.89667,54.641015],[19.896828,54.64119],[19.898523,54.643506],[19.898752,54.643782],[19.899338,54.644343],[19.899715,54.644625],[19.901066,54.645477],[19.90737,54.64887],[19.907793,54.649043],[19.907968,54.649092],[19.908321,54.649193],[19.908751,54.649183],[19.909241,54.649171],[19.913525,54.648056],[19.913536,54.647793],[19.911068,54.647753],[19.911075,54.647209],[19.911083,54.64669],[19.914838,54.646727],[19.914884,54.64588],[19.916732,54.645912],[19.916885,54.645575],[19.916885,54.645383],[19.91573,54.645368],[19.914905,54.645358],[19.914198,54.645349],[19.913956,54.645427],[19.913439,54.645566],[19.912996,54.645723],[19.912434,54.645964],[19.911834,54.646117],[19.911584,54.646147],[19.910717,54.646048],[19.910677,54.64483],[19.909691,54.644803],[19.90826,54.64472],[19.90743,54.644549],[19.906834,54.644358],[19.905465,54.644254],[19.90341,54.644308],[19.903361,54.643984],[19.903392,54.643835],[19.903337,54.642474],[19.903302,54.642368],[19.903195,54.642295],[19.902643,54.642018],[19.90241,54.641832],[19.901921,54.641697],[19.902004,54.641576],[19.902104,54.641445],[19.902275,54.64143],[19.902357,54.641344],[19.9025,54.641185],[19.90256,54.640888],[19.902608,54.640667],[19.902739,54.639994]]}},{"type":"Feature","properties":{"kind":"coastline","name":"","osm":"way/157606842"},"geometry":{"type":"LineString","coordinates":[[19.901627,54.641734],[19.90188,54.641885],[19.902211,54.642168],[19.902901,54.642885],[19.902961,54.643768],[19.903057,54.643909],[19.902438,54.64402],[19.901086,54.643773],[19.899726,54.643218],[19.898871,54.642703],[19.897519,54.640709],[19.897419,54.640554]]}},{"type":"Feature","properties":{"kind":"coastline","name":"","osm":"way/157606846"},"geometry":{"type":"LineString","coordinates":[[19.887204,54.632978],[19.887121,54.632997],[19.887223,54.633131],[19.887215,54.633228],[19.887121,54.633316],[19.886908,54.633445],[19.886782,54.63357],[19.886678,54.63367],[19.885711,54.634463],[19.885574,54.634413],[19.885446,54.634537],[19.885551,54.634585]]}},{"type":"Feature","properties":{"kind":"building","name":"","osm":"way/158085704"},"geometry":{"type":"Polygon","coordinates":[[[19.89716,54.645611],[19.896547,54.645225],[19.896316,54.645348],[19.89693,54.645734],[19.89716,54.645611]]]}},{"type":"Feature","properties":{"kind":"road","name":"","osm":"way/170843921","highway":"service","access":"","foot":""},"geometry":{"type":"LineString","coordinates":[[19.882805,54.644841],[19.882773,54.644823],[19.882527,54.644665],[19.881795,54.644192],[19.881782,54.644178],[19.881791,54.64416],[19.881982,54.644055],[19.882013,54.644054],[19.882042,54.644065],[19.882189,54.644156],[19.882422,54.64431],[19.882648,54.64446],[19.882768,54.644539],[19.883013,54.644701],[19.883041,54.644719]]}},{"type":"Feature","properties":{"kind":"road","name":"переулок Лермонтова","osm":"way/170843922","highway":"residential","access":"","foot":""},"geometry":{"type":"LineString","coordinates":[[19.892379,54.645621],[19.892332,54.645628],[19.891624,54.645726],[19.890811,54.645871]]}},{"type":"Feature","properties":{"kind":"road","name":"Северный мол","osm":"way/170843929","highway":"unclassified","access":"","foot":""},"geometry":{"type":"LineString","coordinates":[[19.882652,54.644928],[19.882701,54.644897],[19.882721,54.644884],[19.882805,54.644841]]}},{"type":"Feature","properties":{"kind":"building","name":"","osm":"way/170843933"},"geometry":{"type":"Polygon","coordinates":[[[19.889115,54.640273],[19.888806,54.640148],[19.888699,54.640105],[19.888595,54.640191],[19.889129,54.640406],[19.889938,54.639976],[19.890094,54.639773],[19.889806,54.639558],[19.88965,54.639629],[19.889856,54.639782],[19.889792,54.6399],[19.889212,54.64022],[19.889115,54.640273]]]}},{"type":"Feature","properties":{"kind":"building","name":"","osm":"way/170843936"},"geometry":{"type":"Polygon","coordinates":[[[19.893886,54.644331],[19.893838,54.644125],[19.892648,54.644219],[19.892698,54.644431],[19.892907,54.644415],[19.892885,54.64432],[19.893096,54.644304],[19.893106,54.644348],[19.893413,54.644324],[19.893405,54.64429],[19.893643,54.644272],[19.893662,54.644348],[19.893886,54.644331]]]}},{"type":"Feature","properties":{"kind":"building","name":"ЦСКА","osm":"way/170843938"},"geometry":{"type":"Polygon","coordinates":[[[19.882856,54.643563],[19.883308,54.643846],[19.883061,54.643978],[19.883177,54.644057],[19.883034,54.644138],[19.883158,54.644222],[19.882914,54.644356],[19.882526,54.644104],[19.882545,54.644093],[19.882313,54.643945],[19.882417,54.643888],[19.882396,54.64387],[19.882523,54.643797],[19.882655,54.643724],[19.882612,54.643691],[19.882702,54.643645],[19.88269,54.643599],[19.882702,54.643572],[19.882735,54.643554],[19.882789,54.64355],[19.882856,54.643563]]]}},{"type":"Feature","properties":{"kind":"building","name":"","osm":"way/170843944"},"geometry":{"type":"Polygon","coordinates":[[[19.891658,54.645809],[19.891686,54.645877],[19.891881,54.64585],[19.891853,54.645782],[19.891658,54.645809]]]}},{"type":"Feature","properties":{"kind":"building","name":"","osm":"way/170843947"},"geometry":{"type":"Polygon","coordinates":[[[19.89465,54.644259],[19.894768,54.644324],[19.894792,54.644309],[19.894973,54.644407],[19.895121,54.644316],[19.894931,54.644212],[19.894969,54.644188],[19.894861,54.64413],[19.89465,54.644259]]]}},{"type":"Feature","properties":{"kind":"building","name":"","osm":"way/170843950"},"geometry":{"type":"Polygon","coordinates":[[[19.884858,54.645982],[19.884842,54.645878],[19.884809,54.645669],[19.884792,54.645564],[19.884554,54.645577],[19.88462,54.645995],[19.884858,54.645982]]]}},{"type":"Feature","properties":{"kind":"building","name":"","osm":"way/170843966"},"geometry":{"type":"Polygon","coordinates":[[[19.891348,54.645305],[19.891449,54.645381],[19.891576,54.645325],[19.891475,54.645249],[19.891348,54.645305]]]}},{"type":"Feature","properties":{"kind":"building","name":"","osm":"way/170843977"},"geometry":{"type":"Polygon","coordinates":[[[19.888059,54.645662],[19.888082,54.645799],[19.888374,54.645783],[19.888352,54.645646],[19.888059,54.645662]]]}},{"type":"Feature","properties":{"kind":"building","name":"","osm":"way/170844060"},"geometry":{"type":"Polygon","coordinates":[[[19.893621,54.63878],[19.893621,54.638904],[19.893898,54.638904],[19.893898,54.63878],[19.893621,54.63878]]]}},{"type":"Feature","properties":{"kind":"building","name":"","osm":"way/170844070"},"geometry":{"type":"Polygon","coordinates":[[[19.889335,54.645703],[19.88927,54.645388],[19.889113,54.645399],[19.889129,54.645478],[19.889162,54.645635],[19.889178,54.645714],[19.889335,54.645703]]]}},{"type":"Feature","properties":{"kind":"building","name":"","osm":"way/170844100"},"geometry":{"type":"Polygon","coordinates":[[[19.892572,54.641123],[19.89348,54.640888],[19.893404,54.640788],[19.892495,54.641023],[19.892572,54.641123]]]}},{"type":"Feature","properties":{"kind":"building","name":"","osm":"way/170844115"},"geometry":{"type":"Polygon","coordinates":[[[19.890196,54.645583],[19.890221,54.645279],[19.890075,54.645275],[19.890051,54.645579],[19.890196,54.645583]]]}},{"type":"Feature","properties":{"kind":"building","name":"","osm":"way/170844140"},"geometry":{"type":"Polygon","coordinates":[[[19.892375,54.644796],[19.892483,54.64479],[19.89248,54.644773],[19.89259,54.644766],[19.892596,54.644801],[19.892721,54.644794],[19.892689,54.644615],[19.892511,54.644626],[19.892513,54.644639],[19.892349,54.644649],[19.892375,54.644796]]]}},{"type":"Feature","properties":{"kind":"building","name":"","osm":"way/170844141"},"geometry":{"type":"Polygon","coordinates":[[[19.891798,54.644255],[19.891746,54.644019],[19.891532,54.644035],[19.891584,54.644271],[19.891798,54.644255]]]}},{"type":"Feature","properties":{"kind":"building","name":"","osm":"way/170844147"},"geometry":{"type":"Polygon","coordinates":[[[19.888535,54.639993],[19.888645,54.640075],[19.888769,54.64002],[19.888994,54.639918],[19.889199,54.639826],[19.889443,54.639716],[19.889585,54.639652],[19.889475,54.63957],[19.888535,54.639993]]]}},{"type":"Feature","properties":{"kind":"building","name":"","osm":"way/170844181"},"geometry":{"type":"Polygon","coordinates":[[[19.891184,54.646004],[19.891307,54.645981],[19.891252,54.645886],[19.891129,54.64591],[19.891184,54.646004]]]}},{"type":"Feature","properties":{"kind":"building","name":"","osm":"way/170844184"},"geometry":{"type":"Polygon","coordinates":[[[19.892143,54.645806],[19.892288,54.645799],[19.892279,54.645731],[19.892133,54.645738],[19.892143,54.645806]]]}},{"type":"Feature","properties":{"kind":"building","name":"","osm":"way/170844190"},"geometry":{"type":"Polygon","coordinates":[[[19.890644,54.645612],[19.890746,54.645675],[19.890846,54.64562],[19.890743,54.645558],[19.890644,54.645612]]]}},{"type":"Feature","properties":{"kind":"building","name":"","osm":"way/170844191"},"geometry":{"type":"Polygon","coordinates":[[[19.894544,54.64572],[19.894477,54.645413],[19.89427,54.645428],[19.894336,54.645735],[19.894544,54.64572]]]}},{"type":"Feature","properties":{"kind":"building","name":"","osm":"way/170844192"},"geometry":{"type":"Polygon","coordinates":[[[19.893012,54.643839],[19.893028,54.643927],[19.893531,54.643895],[19.893514,54.643807],[19.893012,54.643839]]]}},{"type":"Feature","properties":{"kind":"building","name":"","osm":"way/170844208"},"geometry":{"type":"Polygon","coordinates":[[[19.894887,54.640372],[19.894993,54.64051],[19.895508,54.640377],[19.895402,54.640239],[19.894887,54.640372]]]}},{"type":"Feature","properties":{"kind":"building","name":"","osm":"way/170844219"},"geometry":{"type":"Polygon","coordinates":[[[19.890233,54.645148],[19.890255,54.644838],[19.890118,54.644835],[19.890096,54.645145],[19.890233,54.645148]]]}},{"type":"Feature","properties":{"kind":"building","name":"","osm":"way/170844220"},"geometry":{"type":"Polygon","coordinates":[[[19.892187,54.645365],[19.892156,54.645266],[19.892026,54.645279],[19.892057,54.645379],[19.892187,54.645365]]]}},{"type":"Feature","properties":{"kind":"building","name":"","osm":"way/170844224"},"geometry":{"type":"Polygon","coordinates":[[[19.891378,54.645852],[19.891402,54.645925],[19.891567,54.645907],[19.891543,54.645834],[19.891378,54.645852]]]}},{"type":"Feature","properties":{"kind":"building","name":"","osm":"way/170844229"},"geometry":{"type":"Polygon","coordinates":[[[19.884642,54.645283],[19.884663,54.645411],[19.885526,54.645363],[19.885505,54.645235],[19.884642,54.645283]]]}},{"type":"Feature","properties":{"kind":"building","name":"","osm":"way/170844241"},"geometry":{"type":"Polygon","coordinates":[[[19.889443,54.640846],[19.889382,54.640897],[19.889841,54.641082],[19.889902,54.641031],[19.889443,54.640846]]]}},{"type":"Feature","properties":{"kind":"building","name":"","osm":"way/170844243"},"geometry":{"type":"Polygon","coordinates":[[[19.890979,54.645443],[19.891076,54.645514],[19.891189,54.645463],[19.891092,54.645392],[19.890979,54.645443]]]}},{"type":"Feature","properties":{"kind":"building","name":"","osm":"way/170844245"},"geometry":{"type":"Polygon","coordinates":[[[19.890335,54.640768],[19.890686,54.640556],[19.890543,54.640477],[19.890598,54.640443],[19.890233,54.640241],[19.890031,54.640364],[19.890055,54.640377],[19.890065,54.640383],[19.889862,54.640506],[19.889996,54.64058],[19.890153,54.640485],[19.89033,54.640583],[19.890172,54.640678],[19.890335,54.640768]]]}},{"type":"Feature","properties":{"kind":"building","name":"","osm":"way/170844260"},"geometry":{"type":"Polygon","coordinates":[[[19.892905,54.645789],[19.892777,54.645201],[19.892564,54.645217],[19.892588,54.645331],[19.892488,54.645338],[19.892592,54.645812],[19.892905,54.645789]]]}},{"type":"Feature","properties":{"kind":"building","name":"","osm":"way/170844313"},"geometry":{"type":"Polygon","coordinates":[[[19.885517,54.645934],[19.885638,54.645929],[19.885759,54.645924],[19.885746,54.645821],[19.885703,54.645823],[19.885704,54.645831],[19.885656,54.645833],[19.885653,54.64581],[19.885503,54.645816],[19.885517,54.645934]]]}},{"type":"Feature","properties":{"kind":"building","name":"Гарнизонная прачечная","osm":"way/170844324"},"geometry":{"type":"Polygon","coordinates":[[[19.89517,54.646201],[19.895145,54.646097],[19.895167,54.646095],[19.895137,54.645972],[19.895114,54.645973],[19.895089,54.645869],[19.894888,54.645886],[19.894914,54.64599],[19.894852,54.645995],[19.894882,54.646119],[19.894944,54.646113],[19.89497,54.646218],[19.89517,54.646201]]]}},{"type":"Feature","properties":{"kind":"building","name":"","osm":"way/170844328"},"geometry":{"type":"Polygon","coordinates":[[[19.896302,54.645609],[19.896139,54.645704],[19.896533,54.645929],[19.896695,54.645834],[19.896302,54.645609]]]}},{"type":"Feature","properties":{"kind":"building","name":"","osm":"way/170844339"},"geometry":{"type":"Polygon","coordinates":[[[19.888591,54.64067],[19.888811,54.640487],[19.888613,54.640407],[19.888393,54.64059],[19.888591,54.64067]]]}},{"type":"Feature","properties":{"kind":"building","name":"","osm":"way/170844343"},"geometry":{"type":"Polygon","coordinates":[[[19.888799,54.645752],[19.888727,54.645444],[19.888566,54.645457],[19.888638,54.645764],[19.888799,54.645752]]]}},{"type":"Feature","properties":{"kind":"building","name":"","osm":"way/170844345"},"geometry":{"type":"Polygon","coordinates":[[[19.890732,54.640383],[19.890888,54.64048],[19.891092,54.64037],[19.890936,54.640273],[19.890732,54.640383]]]}},{"type":"Feature","properties":{"kind":"building","name":"","osm":"way/170844355"},"geometry":{"type":"Polygon","coordinates":[[[19.887243,54.645683],[19.88744,54.645735],[19.887524,54.645629],[19.887607,54.645523],[19.88741,54.645471],[19.887243,54.645683]]]}},{"type":"Feature","properties":{"kind":"building","name":"","osm":"way/170844381"},"geometry":{"type":"Polygon","coordinates":[[[19.892565,54.644387],[19.892533,54.644229],[19.892292,54.644245],[19.892324,54.644404],[19.892383,54.644399],[19.892389,54.644427],[19.892541,54.644417],[19.892536,54.644389],[19.892565,54.644387]]]}},{"type":"Feature","properties":{"kind":"building","name":"Станция","osm":"way/170844396"},"geometry":{"type":"Polygon","coordinates":[[[19.898004,54.645555],[19.897922,54.645603],[19.898145,54.645731],[19.898227,54.645683],[19.898004,54.645555]]]}},{"type":"Feature","properties":{"kind":"building","name":"","osm":"way/170844426"},"geometry":{"type":"Polygon","coordinates":[[[19.891092,54.639893],[19.890867,54.639737],[19.890687,54.639824],[19.890912,54.63998],[19.891092,54.639893]]]}},{"type":"Feature","properties":{"kind":"building","name":"","osm":"way/170844431"},"geometry":{"type":"Polygon","coordinates":[[[19.8926,54.64397],[19.892826,54.643953],[19.892769,54.643688],[19.89237,54.643717],[19.892388,54.643802],[19.892562,54.643789],[19.8926,54.64397]]]}},{"type":"Feature","properties":{"kind":"building","name":"","osm":"way/170844440"},"geometry":{"type":"Polygon","coordinates":[[[19.890453,54.64527],[19.890548,54.645342],[19.890763,54.645246],[19.890669,54.645174],[19.890453,54.64527]]]}},{"type":"Feature","properties":{"kind":"building","name":"","osm":"way/170844466"},"geometry":{"type":"Polygon","coordinates":[[[19.890832,54.640911],[19.890662,54.640806],[19.890564,54.64086],[19.890734,54.640964],[19.890832,54.640911]]]}},{"type":"Feature","properties":{"kind":"building","name":"","osm":"way/170844477"},"geometry":{"type":"Polygon","coordinates":[[[19.891101,54.645069],[19.891313,54.645091],[19.89139,54.644845],[19.891178,54.644823],[19.891101,54.645069]]]}},{"type":"Feature","properties":{"kind":"building","name":"","osm":"way/170844478"},"geometry":{"type":"Polygon","coordinates":[[[19.89206,54.645047],[19.892033,54.644952],[19.891891,54.644966],[19.891918,54.64506],[19.89206,54.645047]]]}},{"type":"Feature","properties":{"kind":"building","name":"Собор Георгия Победоносца","osm":"way/170844479"},"geometry":{"type":"Polygon","coordinates":[[[19.891426,54.640809],[19.891549,54.640916],[19.891759,54.640834],[19.891637,54.640728],[19.891426,54.640809]]]}},{"type":"Feature","properties":{"kind":"building","name":"","osm":"way/170844508"},"geometry":{"type":"Polygon","coordinates":[[[19.88947,54.645692],[19.88948,54.645766],[19.88958,54.645762],[19.88968,54.645757],[19.889671,54.645683],[19.88947,54.645692]]]}},{"type":"Feature","properties":{"kind":"building","name":"","osm":"way/170844543"},"geometry":{"type":"Polygon","coordinates":[[[19.898696,54.645848],[19.898558,54.645921],[19.898756,54.646046],[19.898893,54.645973],[19.898696,54.645848]]]}},{"type":"Feature","properties":{"kind":"building","name":"","osm":"way/170844570"},"geometry":{"type":"Polygon","coordinates":[[[19.89131,54.645622],[19.891351,54.645721],[19.891875,54.645647],[19.891834,54.645549],[19.89131,54.645622]]]}},{"type":"Feature","properties":{"kind":"building","name":"","osm":"way/170844619"},"geometry":{"type":"Polygon","coordinates":[[[19.890534,54.645796],[19.890411,54.645718],[19.8903,54.645776],[19.890361,54.645815],[19.890422,54.645854],[19.890534,54.645796]]]}},{"type":"Feature","properties":{"kind":"building","name":"","osm":"way/170844620"},"geometry":{"type":"Polygon","coordinates":[[[19.892979,54.645501],[19.89301,54.645651],[19.894118,54.645574],[19.894087,54.645424],[19.892979,54.645501]]]}},{"type":"Feature","properties":{"kind":"building","name":"","osm":"way/170844670"},"geometry":{"type":"Polygon","coordinates":[[[19.888593,54.640848],[19.88879,54.640687],[19.889125,54.640826],[19.889003,54.640925],[19.8888,54.640841],[19.888724,54.640902],[19.888593,54.640848]]]}},{"type":"Feature","properties":{"kind":"building","name":"","osm":"way/170844671"},"geometry":{"type":"Polygon","coordinates":[[[19.890137,54.644725],[19.890149,54.644411],[19.890321,54.644413],[19.890314,54.644608],[19.890468,54.64461],[19.890464,54.644729],[19.890137,54.644725]]]}},{"type":"Feature","properties":{"kind":"building","name":"","osm":"way/170844673"},"geometry":{"type":"Polygon","coordinates":[[[19.891229,54.640771],[19.891253,54.640558],[19.891078,54.640551],[19.891047,54.64055],[19.891031,54.640695],[19.890818,54.640687],[19.89081,54.640756],[19.891229,54.640771]]]}},{"type":"Feature","properties":{"kind":"building","name":"Дом офицеров Балтийского флота","osm":"way/170844674"},"geometry":{"type":"Polygon","coordinates":[[[19.893055,54.643645],[19.893004,54.643435],[19.892979,54.643437],[19.892973,54.643411],[19.892911,54.643416],[19.892897,54.643358],[19.892959,54.643353],[19.892953,54.643329],[19.892978,54.643327],[19.892952,54.643216],[19.893283,54.64319],[19.893325,54.643368],[19.893767,54.643333],[19.893826,54.643583],[19.893055,54.643645]]]}},{"type":"Feature","properties":{"kind":"building","name":"","osm":"way/170844675"},"geometry":{"type":"Polygon","coordinates":[[[19.89091,54.644682],[19.8916,54.644755],[19.891629,54.644662],[19.891666,54.644666],[19.891744,54.64442],[19.891547,54.644399],[19.891472,54.644634],[19.890943,54.644579],[19.89091,54.644682]]]}},{"type":"Feature","properties":{"kind":"building","name":"Администрация Балтийского городского округа","osm":"way/170844680"},"geometry":{"type":"Polygon","coordinates":[[[19.894036,54.64339],[19.893893,54.643401],[19.893938,54.643594],[19.894049,54.643586],[19.894042,54.643556],[19.894085,54.643553],[19.894079,54.643523],[19.894133,54.643519],[19.894127,54.643494],[19.894178,54.64349],[19.894171,54.64346],[19.894205,54.643457],[19.894199,54.643429],[19.894239,54.643426],[19.894224,54.643361],[19.894128,54.642947],[19.893937,54.642962],[19.894036,54.64339]]]}},{"type":"Feature","properties":{"kind":"building","name":"","osm":"way/170844681"},"geometry":{"type":"Polygon","coordinates":[[[19.890442,54.640114],[19.89063,54.640226],[19.89076,54.640153],[19.890511,54.640004],[19.890062,54.640033],[19.889924,54.64011],[19.890047,54.640184],[19.890138,54.640133],[19.890442,54.640114]]]}},{"type":"Feature","properties":{"kind":"road","name":"","osm":"way/173593339","highway":"service","access":"","foot":""},"geometry":{"type":"LineString","coordinates":[[19.894795,54.643938],[19.894773,54.643842],[19.894764,54.643803],[19.894582,54.643019],[19.89435,54.642765]]}},{"type":"Feature","properties":{"kind":"road","name":"Водолазный переулок","osm":"way/173593366","highway":"residential","access":"","foot":""},"geometry":{"type":"LineString","coordinates":[[19.89651,54.64493],[19.896444,54.644966],[19.896006,54.645206],[19.895762,54.64534],[19.895534,54.645466],[19.895131,54.645674],[19.895015,54.645716],[19.894584,54.645795],[19.89394,54.645868],[19.893106,54.645995],[19.892492,54.646052]]}},{"type":"Feature","properties":{"kind":"road","name":"Янтарная улица","osm":"way/173593370","highway":"residential","access":"","foot":""},"geometry":{"type":"LineString","coordinates":[[19.882993,54.636012],[19.882756,54.635863],[19.881464,54.635098],[19.88124,54.634958],[19.880874,54.634725],[19.880798,54.63463],[19.880609,54.634393],[19.880563,54.634299],[19.880495,54.63416],[19.880243,54.633876],[19.879723,54.633414]]}},{"type":"Feature","properties":{"kind":"road","name":"Школьная улица","osm":"way/185298819","highway":"residential","access":"","foot":""},"geometry":{"type":"LineString","coordinates":[[19.878778,54.633711],[19.879723,54.633414],[19.879818,54.633377],[19.880687,54.63304],[19.881345,54.632763],[19.881883,54.632536],[19.881942,54.632513],[19.882316,54.632369],[19.883659,54.631864],[19.884686,54.631466],[19.88558,54.631152]]}},{"type":"Feature","properties":{"kind":"road","name":"","osm":"way/185301491","highway":"service","access":"","foot":""},"geometry":{"type":"LineString","coordinates":[[19.893106,54.645995],[19.89343,54.646676],[19.894481,54.646507],[19.895189,54.646629],[19.895436,54.646795],[19.895672,54.646831],[19.895789,54.646932]]}},{"type":"Feature","properties":{"kind":"road","name":"","osm":"way/185403299","highway":"service","access":"","foot":""},"geometry":{"type":"LineString","coordinates":[[19.891217,54.639163],[19.891257,54.639198],[19.891497,54.639404],[19.891793,54.639615]]}},{"type":"Feature","properties":{"kind":"road","name":"","osm":"way/185403300","highway":"service","access":"","foot":""},"geometry":{"type":"LineString","coordinates":[[19.892154,54.638767],[19.892178,54.638791],[19.892383,54.638996],[19.891669,54.639332],[19.891497,54.639404]]}},{"type":"Feature","properties":{"kind":"road","name":"Пионерская улица","osm":"way/185943779","highway":"residential","access":"","foot":""},"geometry":{"type":"LineString","coordinates":[[19.898881,54.648914],[19.898928,54.64887],[19.898312,54.648419],[19.897897,54.648126],[19.896974,54.647388],[19.896543,54.646905],[19.895772,54.646346],[19.895333,54.645881],[19.895267,54.645837],[19.895015,54.645716]]}},{"type":"Feature","properties":{"kind":"road","name":"","osm":"way/186438691","highway":"residential","access":"","foot":""},"geometry":{"type":"LineString","coordinates":[[19.889127,54.645848],[19.889101,54.645789],[19.889031,54.645651],[19.888377,54.644852]]}},{"type":"Feature","properties":{"kind":"road","name":"Морская набережная","osm":"way/192392231","highway":"residential","access":"","foot":""},"geometry":{"type":"LineString","coordinates":[[19.886342,54.632895],[19.886404,54.633204],[19.886024,54.633614],[19.88559,54.634004],[19.885378,54.634141],[19.88498,54.634397],[19.884606,54.634705],[19.884204,54.635036],[19.882993,54.636012],[19.882207,54.636619],[19.881549,54.636976],[19.880458,54.637538],[19.879751,54.637856],[19.879081,54.638093],[19.878988,54.638167],[19.878837,54.638329],[19.878598,54.638462],[19.878094,54.638855],[19.877943,54.638912],[19.87764,54.639025],[19.877403,54.639135],[19.877263,54.639199],[19.877026,54.639232]]}},{"type":"Feature","properties":{"kind":"road","name":"Артиллерийская улица","osm":"way/241751297","highway":"tertiary","access":"","foot":""},"geometry":{"type":"LineString","coordinates":[[19.892121,54.644692],[19.89201,54.644778],[19.891902,54.64486],[19.891879,54.644878],[19.891692,54.644997],[19.891516,54.645096],[19.891196,54.645241],[19.890831,54.645408],[19.890635,54.645506],[19.890462,54.645593],[19.89029,54.645672],[19.890084,54.64574],[19.889872,54.645781],[19.889629,54.645821],[19.889208,54.645844],[19.889127,54.645848],[19.888853,54.645863],[19.888613,54.645875],[19.888449,54.645884],[19.888051,54.645905],[19.887848,54.645916],[19.887664,54.645925],[19.887477,54.645935],[19.886785,54.645971],[19.886545,54.645984],[19.885871,54.646019],[19.885127,54.646059],[19.884497,54.646092],[19.884046,54.646115],[19.883861,54.646125],[19.883629,54.646132],[19.883532,54.646127],[19.883472,54.646113],[19.883426,54.646087],[19.883391,54.646044],[19.883172,54.645721],[19.883013,54.645533]]}},{"type":"Feature","properties":{"kind":"road","name":"","osm":"way/241751298","highway":"service","access":"","foot":""},"geometry":{"type":"LineString","coordinates":[[19.89498,54.643835],[19.89514,54.643922],[19.89552,54.64413],[19.896583,54.644711],[19.89662,54.64475],[19.896627,54.644786],[19.896612,54.644827],[19.896589,54.644855],[19.89651,54.64493]]}},{"type":"Feature","properties":{"kind":"road","name":"","osm":"way/241751300","highway":"unclassified","access":"","foot":""},"geometry":{"type":"LineString","coordinates":[[19.883013,54.645533],[19.882272,54.645414]]}},{"type":"Feature","properties":{"kind":"road","name":"","osm":"way/241751302","highway":"tertiary","access":"","foot":""},"geometry":{"type":"LineString","coordinates":[[19.882411,54.645148],[19.882333,54.645126],[19.882274,54.645089],[19.882242,54.645042],[19.882242,54.644991],[19.882274,54.644944],[19.882334,54.644907],[19.882413,54.644885],[19.8825,54.644881]]}},{"type":"Feature","properties":{"kind":"road","name":"","osm":"way/241751306","highway":"tertiary","access":"","foot":""},"geometry":{"type":"LineString","coordinates":[[19.882555,54.645145],[19.882599,54.645212],[19.882865,54.64542],[19.883013,54.645533]]}},{"type":"Feature","properties":{"kind":"road","name":"проспект Ленина","osm":"way/241751309","highway":"secondary","access":"","foot":""},"geometry":{"type":"LineString","coordinates":[[19.894795,54.643938],[19.894925,54.643994],[19.895346,54.644241],[19.895723,54.644463]]}},{"type":"Feature","properties":{"kind":"road","name":"","osm":"way/259879319","highway":"tertiary","access":"","foot":""},"geometry":{"type":"LineString","coordinates":[[19.890205,54.64093],[19.891097,54.640418],[19.891207,54.640355]]}},{"type":"Feature","properties":{"kind":"waterline","name":"Калининградский канал","osm":"way/286797688"},"geometry":{"type":"LineString","coordinates":[[19.864474,54.64921],[19.89415,54.63302]]}},{"type":"Feature","properties":{"kind":"building","name":"","osm":"way/288679608"},"geometry":{"type":"Polygon","coordinates":[[[19.896029,54.644952],[19.896109,54.644899],[19.896228,54.644958],[19.896148,54.645012],[19.896029,54.644952]]]}},{"type":"Feature","properties":{"kind":"road","name":"","osm":"way/288679609","highway":"footway","access":"","foot":""},"geometry":{"type":"LineString","coordinates":[[19.893961,54.643924],[19.89401,54.643665],[19.894324,54.643453],[19.894507,54.643531],[19.894536,54.643761]]}},{"type":"Feature","properties":{"kind":"road","name":"","osm":"way/288679610","highway":"service","access":"","foot":""},"geometry":{"type":"LineString","coordinates":[[19.892541,54.640159],[19.891364,54.640454]]}},{"type":"Feature","properties":{"kind":"road","name":"","osm":"way/288679611","highway":"service","access":"","foot":""},"geometry":{"type":"LineString","coordinates":[[19.892383,54.638996],[19.892902,54.639293],[19.892989,54.639342],[19.892976,54.639526]]}},{"type":"Feature","properties":{"kind":"road","name":"","osm":"way/331343853","highway":"service","access":"","foot":""},"geometry":{"type":"LineString","coordinates":[[19.88828,54.64217],[19.888511,54.642024]]}},{"type":"Feature","properties":{"kind":"road","name":"","osm":"way/331343854","highway":"path","access":"","foot":""},"geometry":{"type":"LineString","coordinates":[[19.886357,54.643152],[19.88641,54.642986],[19.885889,54.642946]]}},{"type":"Feature","properties":{"kind":"road","name":"","osm":"way/331343856","highway":"path","access":"","foot":""},"geometry":{"type":"LineString","coordinates":[[19.884754,54.643083],[19.884536,54.643113]]}},{"type":"Feature","properties":{"kind":"road","name":"","osm":"way/331343857","highway":"path","access":"","foot":""},"geometry":{"type":"LineString","coordinates":[[19.885391,54.643017],[19.884754,54.643083]]}},{"type":"Feature","properties":{"kind":"road","name":"","osm":"way/331343858","highway":"path","access":"","foot":""},"geometry":{"type":"LineString","coordinates":[[19.885889,54.642946],[19.885391,54.643017]]}},{"type":"Feature","properties":{"kind":"road","name":"","osm":"way/331343861","highway":"track","access":"","foot":""},"geometry":{"type":"LineString","coordinates":[[19.885877,54.64443],[19.886783,54.644333],[19.887212,54.644364],[19.88762,54.644479],[19.887683,54.644499]]}},{"type":"Feature","properties":{"kind":"road","name":"","osm":"way/331343863","highway":"track","access":"","foot":""},"geometry":{"type":"LineString","coordinates":[[19.887683,54.644499],[19.888037,54.644601]]}},{"type":"Feature","properties":{"kind":"road","name":"","osm":"way/331343864","highway":"track","access":"","foot":""},"geometry":{"type":"LineString","coordinates":[[19.888037,54.644601],[19.888246,54.644698],[19.888377,54.644852]]}},{"type":"Feature","properties":{"kind":"road","name":"","osm":"way/342313023","highway":"footway","access":"","foot":""},"geometry":{"type":"LineString","coordinates":[[19.882731,54.645067],[19.883443,54.644724],[19.883534,54.644687],[19.883785,54.643859],[19.883775,54.643833],[19.883081,54.643388],[19.882813,54.643526],[19.882753,54.643536],[19.882703,54.643552]]}},{"type":"Feature","properties":{"kind":"building","name":"","osm":"way/342313048"},"geometry":{"type":"Polygon","coordinates":[[[19.881322,54.645313],[19.881322,54.64503],[19.881394,54.645086],[19.881322,54.645117],[19.881322,54.645178],[19.88144,54.645127],[19.881552,54.645212],[19.881322,54.645313]]]}},{"type":"Feature","properties":{"kind":"building","name":"","osm":"way/342313053"},"geometry":{"type":"Polygon","coordinates":[[[19.886563,54.643375],[19.887214,54.643424],[19.887252,54.643256],[19.886601,54.643207],[19.886563,54.643375]]]}},{"type":"Feature","properties":{"kind":"road","name":"","osm":"way/349674150","highway":"service","access":"","foot":""},"geometry":{"type":"LineString","coordinates":[[19.881182,54.646532],[19.881123,54.646355],[19.881193,54.64615],[19.88136,54.645756]]}},{"type":"Feature","properties":{"kind":"green","name":"","osm":"way/349674151"},"geometry":{"type":"Polygon","coordinates":[[[19.881885,54.645731],[19.882094,54.645579],[19.882319,54.64551],[19.88279,54.645547],[19.883085,54.645783],[19.884061,54.647506],[19.88557,54.647394],[19.886041,54.648337],[19.887132,54.649374],[19.88748,54.649981],[19.886112,54.650005],[19.884993,54.650101],[19.884191,54.650101],[19.883996,54.649942],[19.883875,54.64975],[19.883926,54.649344],[19.88394,54.649213],[19.883908,54.649032],[19.883705,54.648681],[19.883156,54.64788],[19.882662,54.647069],[19.881885,54.645731]]]}},{"type":"Feature","properties":{"kind":"waterline","name":"Калининградский канал","osm":"way/356534052"},"geometry":{"type":"LineString","coordinates":[[19.89415,54.63302],[19.897262,54.632621],[19.907851,54.631831],[19.919233,54.632647],[20.017767,54.639883],[20.00299,54.638988],[20.084897,54.649689],[20.103759,54.652215],[20.118256,54.656683],[20.124413,54.660504],[20.161734,54.68186],[20.178427,54.686978],[20.230369,54.685635],[20.289587,54.684551],[20.331301,54.683465]]}},{"type":"Feature","properties":{"kind":"road","name":"","osm":"way/364860535","highway":"service","access":"","foot":""},"geometry":{"type":"LineString","coordinates":[[19.889434,54.638725],[19.889624,54.638839],[19.890388,54.639297],[19.890445,54.639362],[19.89047,54.639382],[19.890508,54.63941]]}},{"type":"Feature","properties":{"kind":"building","name":"","osm":"way/364860552"},"geometry":{"type":"Polygon","coordinates":[[[19.891799,54.638833],[19.892053,54.638737],[19.891967,54.638661],[19.891713,54.638757],[19.891799,54.638833]]]}},{"type":"Feature","properties":{"kind":"building","name":"","osm":"way/364860555"},"geometry":{"type":"Polygon","coordinates":[[[19.891426,54.638957],[19.891374,54.638921],[19.891321,54.638884],[19.891228,54.638929],[19.891222,54.638932],[19.891327,54.639005],[19.891338,54.638999],[19.891426,54.638957]]]}},{"type":"Feature","properties":{"kind":"road","name":"","osm":"way/408004779","highway":"service","access":"","foot":""},"geometry":{"type":"LineString","coordinates":[[19.901523,54.641544],[19.901356,54.641508],[19.901189,54.641449],[19.901039,54.641393],[19.900599,54.641207],[19.900267,54.640981],[19.899961,54.640698],[19.899821,54.640478],[19.899693,54.640115],[19.899666,54.639978],[19.899693,54.639869],[19.899725,54.639767],[19.899703,54.639708],[19.899607,54.639618],[19.899172,54.639239],[19.899017,54.63913],[19.898684,54.638944],[19.897992,54.638606],[19.897563,54.638925]]}},{"type":"Feature","properties":{"kind":"road","name":"","osm":"way/432044956","highway":"residential","access":"","foot":""},"geometry":{"type":"LineString","coordinates":[[19.892989,54.639342],[19.895236,54.639339],[19.894864,54.638741]]}},{"type":"Feature","properties":{"kind":"road","name":"Русская набережная","osm":"way/467191121","highway":"residential","access":"","foot":""},"geometry":{"type":"LineString","coordinates":[[19.906423,54.643722],[19.903527,54.643909],[19.903436,54.643915],[19.902956,54.643907],[19.902675,54.643905],[19.902159,54.643872],[19.901178,54.643682],[19.900244,54.643355],[19.899314,54.642763],[19.898697,54.641941],[19.897996,54.641034]]}},{"type":"Feature","properties":{"kind":"road","name":"Штурманская улица","osm":"way/467191122","highway":"residential","access":"","foot":""},"geometry":{"type":"LineString","coordinates":[[19.900244,54.643355],[19.900613,54.64306],[19.899906,54.642536],[19.899369,54.641753],[19.898697,54.641941]]}},{"type":"Feature","properties":{"kind":"road","name":"проспект Ленина","osm":"way/469054939","highway":"secondary","access":"","foot":""},"geometry":{"type":"LineString","coordinates":[[19.89651,54.64493],[19.896596,54.644981],[19.898449,54.64607]]}},{"type":"Feature","properties":{"kind":"building","name":"","osm":"way/475703822"},"geometry":{"type":"Polygon","coordinates":[[[19.884811,54.634266],[19.885054,54.634064],[19.88516,54.634107],[19.884918,54.634309],[19.884811,54.634266]]]}},{"type":"Feature","properties":{"kind":"building","name":"","osm":"way/475703823"},"geometry":{"type":"Polygon","coordinates":[[[19.884438,54.634571],[19.884717,54.634342],[19.884832,54.63439],[19.884553,54.634618],[19.884438,54.634571]]]}},{"type":"Feature","properties":{"kind":"building","name":"","osm":"way/475703824"},"geometry":{"type":"Polygon","coordinates":[[[19.882156,54.634566],[19.881967,54.634431],[19.882089,54.634374],[19.882278,54.634509],[19.882156,54.634566]]]}},{"type":"Feature","properties":{"kind":"building","name":"","osm":"way/475703825"},"geometry":{"type":"Polygon","coordinates":[[[19.881874,54.636399],[19.88216,54.636218],[19.882289,54.636286],[19.882003,54.636467],[19.881874,54.636399]]]}},{"type":"Feature","properties":{"kind":"building","name":"","osm":"way/475703828"},"geometry":{"type":"Polygon","coordinates":[[[19.881326,54.636738],[19.881659,54.636535],[19.881778,54.636601],[19.881445,54.636803],[19.881326,54.636738]]]}},{"type":"Feature","properties":{"kind":"building","name":"","osm":"way/475703836"},"geometry":{"type":"Polygon","coordinates":[[[19.884129,54.634148],[19.884319,54.633995],[19.884434,54.634043],[19.884245,54.634196],[19.884129,54.634148]]]}},{"type":"Feature","properties":{"kind":"building","name":"","osm":"way/475703837"},"geometry":{"type":"Polygon","coordinates":[[[19.881432,54.634891],[19.881322,54.6348],[19.881322,54.634744],[19.881397,54.634714],[19.881552,54.634842],[19.881432,54.634891]]]}},{"type":"Feature","properties":{"kind":"building","name":"","osm":"way/475703840"},"geometry":{"type":"Polygon","coordinates":[[[19.8841,54.634841],[19.884338,54.634637],[19.88447,54.634689],[19.884233,54.634893],[19.8841,54.634841]]]}},{"type":"Feature","properties":{"kind":"building","name":"","osm":"way/475703841"},"geometry":{"type":"Polygon","coordinates":[[[19.885998,54.633776],[19.886097,54.633709],[19.886215,54.633767],[19.886116,54.633835],[19.885998,54.633776]]]}},{"type":"Feature","properties":{"kind":"building","name":"","osm":"way/475703843"},"geometry":{"type":"Polygon","coordinates":[[[19.886277,54.633586],[19.886371,54.633515],[19.886488,54.633567],[19.886394,54.633638],[19.886277,54.633586]]]}},{"type":"Feature","properties":{"kind":"building","name":"","osm":"way/475706045"},"geometry":{"type":"Polygon","coordinates":[[[19.882486,54.634319],[19.882585,54.634271],[19.882661,54.634325],[19.882562,54.634372],[19.882486,54.634319]]]}},{"type":"Feature","properties":{"kind":"building","name":"","osm":"way/475706047"},"geometry":{"type":"Polygon","coordinates":[[[19.881823,54.635694],[19.881662,54.635593],[19.881759,54.635541],[19.88192,54.635641],[19.881823,54.635694]]]}},{"type":"Feature","properties":{"kind":"building","name":"","osm":"way/475706052"},"geometry":{"type":"Polygon","coordinates":[[[19.881466,54.635479],[19.881322,54.635388],[19.881322,54.63538],[19.881412,54.635332],[19.881563,54.635427],[19.881466,54.635479]]]}},{"type":"Feature","properties":{"kind":"building","name":"","osm":"way/475706056"},"geometry":{"type":"Polygon","coordinates":[[[19.882796,54.634213],[19.882811,54.634204],[19.882794,54.634194],[19.882809,54.634185],[19.882756,54.634156],[19.882839,54.634105],[19.88294,54.634161],[19.882857,54.634211],[19.882842,54.634221],[19.882828,54.634213],[19.882813,54.634222],[19.882796,54.634213]]]}},{"type":"Feature","properties":{"kind":"building","name":"","osm":"way/475706059"},"geometry":{"type":"Polygon","coordinates":[[[19.881941,54.635206],[19.88176,54.635088],[19.881858,54.635037],[19.882039,54.635156],[19.881941,54.635206]]]}},{"type":"Feature","properties":{"kind":"building","name":"","osm":"way/475706060"},"geometry":{"type":"Polygon","coordinates":[[[19.881863,54.633974],[19.881955,54.633926],[19.882041,54.633982],[19.88195,54.63403],[19.881863,54.633974]]]}},{"type":"Feature","properties":{"kind":"building","name":"","osm":"way/475706061"},"geometry":{"type":"Polygon","coordinates":[[[19.881405,54.633398],[19.881581,54.633302],[19.881657,54.633302],[19.881709,54.633334],[19.881493,54.633451],[19.881405,54.633398]]]}},{"type":"Feature","properties":{"kind":"road","name":"","osm":"way/475706072","highway":"track","access":"","foot":""},"geometry":{"type":"LineString","coordinates":[[19.881898,54.63423],[19.882282,54.634014]]}},{"type":"Feature","properties":{"kind":"building","name":"","osm":"way/475706074"},"geometry":{"type":"Polygon","coordinates":[[[19.882035,54.633752],[19.881939,54.633693],[19.88203,54.633644],[19.882125,54.633702],[19.882035,54.633752]]]}},{"type":"Feature","properties":{"kind":"building","name":"","osm":"way/475706075"},"geometry":{"type":"Polygon","coordinates":[[[19.882611,54.633867],[19.882465,54.633779],[19.882555,54.633729],[19.882701,54.633817],[19.882611,54.633867]]]}},{"type":"Feature","properties":{"kind":"building","name":"","osm":"way/475706078"},"geometry":{"type":"Polygon","coordinates":[[[19.881829,54.633621],[19.881698,54.633543],[19.881778,54.633498],[19.881909,54.633576],[19.881829,54.633621]]]}},{"type":"Feature","properties":{"kind":"building","name":"","osm":"way/475706080"},"geometry":{"type":"Polygon","coordinates":[[[19.881366,54.633673],[19.881322,54.633645],[19.881322,54.633567],[19.881434,54.633637],[19.881366,54.633673]]]}},{"type":"Feature","properties":{"kind":"road","name":"","osm":"way/475706085","highway":"track","access":"","foot":""},"geometry":{"type":"LineString","coordinates":[[19.881942,54.632513],[19.8823,54.6328],[19.882578,54.633104],[19.882614,54.633144],[19.882627,54.633226],[19.882639,54.633302],[19.882585,54.633401],[19.882244,54.63365],[19.882214,54.633795],[19.882077,54.633896]]}},{"type":"Feature","properties":{"kind":"building","name":"","osm":"way/475706087"},"geometry":{"type":"Polygon","coordinates":[[[19.883471,54.633996],[19.883384,54.634044],[19.883285,54.633983],[19.883373,54.633935],[19.883471,54.633996]]]}},{"type":"Feature","properties":{"kind":"building","name":"","osm":"way/475706101"},"geometry":{"type":"Polygon","coordinates":[[[19.881403,54.633718],[19.881498,54.633669],[19.881596,54.633732],[19.881502,54.633781],[19.881403,54.633718]]]}},{"type":"Feature","properties":{"kind":"building","name":"","osm":"way/475706103"},"geometry":{"type":"Polygon","coordinates":[[[19.881684,54.63387],[19.881768,54.633825],[19.881851,54.633877],[19.881767,54.633922],[19.881684,54.63387]]]}},{"type":"Feature","properties":{"kind":"building","name":"","osm":"way/475706108"},"geometry":{"type":"Polygon","coordinates":[[[19.882338,54.634244],[19.88221,54.63417],[19.882282,54.634128],[19.88241,54.634202],[19.882338,54.634244]]]}},{"type":"Feature","properties":{"kind":"road","name":"","osm":"way/475958794","highway":"track","access":"","foot":""},"geometry":{"type":"LineString","coordinates":[[19.884204,54.635036],[19.883936,54.634942],[19.883873,54.634867],[19.883826,54.63481],[19.883727,54.634424],[19.88374,54.634155],[19.883629,54.634029]]}},{"type":"Feature","properties":{"kind":"road","name":"","osm":"way/475958810","highway":"track","access":"","foot":""},"geometry":{"type":"LineString","coordinates":[[19.880983,54.63379],[19.881331,54.634115],[19.881294,54.634163],[19.881124,54.63422],[19.880609,54.634393]]}},{"type":"Feature","properties":{"kind":"road","name":"улица Адмирала Николая Кузнецова","osm":"way/476415495","highway":"service","access":"","foot":""},"geometry":{"type":"LineString","coordinates":[[19.895472,54.640151],[19.891258,54.641207]]}},{"type":"Feature","properties":{"kind":"road","name":"","osm":"way/476415496","highway":"footway","access":"","foot":""},"geometry":{"type":"LineString","coordinates":[[19.895416,54.639936],[19.895121,54.640013],[19.894697,54.640124],[19.892876,54.640586],[19.892534,54.64071],[19.891465,54.641096]]}},{"type":"Feature","properties":{"kind":"road","name":"","osm":"way/476415500","highway":"footway","access":"","foot":""},"geometry":{"type":"LineString","coordinates":[[19.895472,54.640151],[19.895416,54.639936],[19.895353,54.639712],[19.895307,54.639544]]}},{"type":"Feature","properties":{"kind":"building","name":"Аура","osm":"way/477169060"},"geometry":{"type":"Polygon","coordinates":[[[19.890134,54.643572],[19.88995,54.643423],[19.890055,54.64338],[19.890239,54.643528],[19.890134,54.643572]]]}},{"type":"Feature","properties":{"kind":"road","name":"","osm":"way/477169061","highway":"service","access":"","foot":""},"geometry":{"type":"LineString","coordinates":[[19.894969,54.64499],[19.895526,54.644912],[19.896006,54.645206]]}},{"type":"Feature","properties":{"kind":"building","name":"","osm":"way/477169062"},"geometry":{"type":"Polygon","coordinates":[[[19.888818,54.645202],[19.888738,54.6449],[19.888905,54.644886],[19.888984,54.645187],[19.888818,54.645202]]]}},{"type":"Feature","properties":{"kind":"green","name":"","osm":"way/477169063"},"geometry":{"type":"Polygon","coordinates":[[[19.892288,54.643684],[19.892139,54.64314],[19.891486,54.642277],[19.892011,54.642146],[19.892668,54.643092],[19.892817,54.643636],[19.892288,54.643684]]]}},{"type":"Feature","properties":{"kind":"road","name":"Солдатская улица","osm":"way/477169065","highway":"residential","access":"","foot":""},"geometry":{"type":"LineString","coordinates":[[19.887848,54.645916],[19.888031,54.646677],[19.888352,54.647944],[19.888497,54.648408]]}},{"type":"Feature","properties":{"kind":"building","name":"","osm":"way/477169068"},"geometry":{"type":"Polygon","coordinates":[[[19.894552,54.644675],[19.894507,54.644522],[19.894926,54.64448],[19.894971,54.644634],[19.894552,54.644675]]]}},{"type":"Feature","properties":{"kind":"building","name":"","osm":"way/477169071"},"geometry":{"type":"Polygon","coordinates":[[[19.89107,54.643418],[19.891031,54.643331],[19.89121,54.643304],[19.89125,54.643391],[19.89107,54.643418]]]}},{"type":"Feature","properties":{"kind":"building","name":"","osm":"way/477169072"},"geometry":{"type":"Polygon","coordinates":[[[19.888252,54.645265],[19.888202,54.645059],[19.888365,54.645046],[19.888415,54.645251],[19.888252,54.645265]]]}},{"type":"Feature","properties":{"kind":"road","name":"улица Красной Армии","osm":"way/477169073","highway":"residential","access":"","foot":""},"geometry":{"type":"LineString","coordinates":[[19.892121,54.644692],[19.892379,54.645621],[19.892492,54.646052],[19.892556,54.646295],[19.892939,54.647685],[19.892969,54.647807],[19.893009,54.648044]]}},{"type":"Feature","properties":{"kind":"building","name":"Бастион","osm":"way/477169076"},"geometry":{"type":"Polygon","coordinates":[[[19.895246,54.644729],[19.895291,54.644858],[19.8948,54.644922],[19.894927,54.645094],[19.895511,54.645001],[19.895551,54.645089],[19.895366,54.645117],[19.895401,54.645165],[19.894994,54.645231],[19.895061,54.645314],[19.894672,54.645391],[19.89457,54.645189],[19.894629,54.645169],[19.894505,54.64493],[19.894484,54.644785],[19.895246,54.644729]]]}},{"type":"Feature","properties":{"kind":"building","name":"","osm":"way/477169077"},"geometry":{"type":"Polygon","coordinates":[[[19.895114,54.645487],[19.895326,54.645367],[19.895423,54.645425],[19.895211,54.645544],[19.895114,54.645487]]]}},{"type":"Feature","properties":{"kind":"green","name":"","osm":"way/477169079"},"geometry":{"type":"Polygon","coordinates":[[[19.890243,54.644264],[19.890957,54.644298],[19.891405,54.644071],[19.891665,54.643845],[19.891558,54.643547],[19.891177,54.643443],[19.891107,54.643562],[19.891319,54.643755],[19.891008,54.64405],[19.890423,54.644112],[19.890243,54.644264]]]}},{"type":"Feature","properties":{"kind":"building","name":"","osm":"way/477169080"},"geometry":{"type":"Polygon","coordinates":[[[19.889736,54.643695],[19.889716,54.643631],[19.890008,54.643601],[19.890028,54.643665],[19.889736,54.643695]]]}},{"type":"Feature","properties":{"kind":"green","name":"","osm":"way/477169462"},"geometry":{"type":"Polygon","coordinates":[[[19.893832,54.64394],[19.893881,54.643662],[19.894285,54.643425],[19.894219,54.64299],[19.894448,54.642977],[19.894529,54.643091],[19.894677,54.643805],[19.894597,54.643866],[19.893832,54.64394]]]}},{"type":"Feature","properties":{"kind":"road","name":"","osm":"way/477169463","highway":"service","access":"","foot":""},"geometry":{"type":"LineString","coordinates":[[19.892955,54.644069],[19.89294,54.643997],[19.892876,54.643701],[19.892857,54.643611],[19.892807,54.643383],[19.892764,54.64318],[19.892736,54.643054],[19.892031,54.643175]]}},{"type":"Feature","properties":{"kind":"road","name":"","osm":"way/477175907","highway":"service","access":"","foot":""},"geometry":{"type":"LineString","coordinates":[[19.891119,54.643061],[19.891924,54.642974]]}},{"type":"Feature","properties":{"kind":"road","name":"","osm":"way/477175909","highway":"footway","access":"","foot":""},"geometry":{"type":"LineString","coordinates":[[19.890235,54.641902],[19.890655,54.641772],[19.890611,54.64172],[19.890564,54.641667],[19.890141,54.641801],[19.890191,54.641854],[19.890235,54.641902]]}},{"type":"Feature","properties":{"kind":"road","name":"улица Адмирала Головко","osm":"way/477175911","highway":"tertiary","access":"","foot":""},"geometry":{"type":"LineString","coordinates":[[19.890081,54.639609],[19.890359,54.63982],[19.891207,54.640355],[19.891364,54.640454]]}},{"type":"Feature","properties":{"kind":"building","name":"","osm":"way/477175913"},"geometry":{"type":"Polygon","coordinates":[[[19.887331,54.640626],[19.887182,54.640474],[19.887638,54.640326],[19.888217,54.640545],[19.888051,54.640685],[19.887644,54.640523],[19.887331,54.640626]]]}},{"type":"Feature","properties":{"kind":"building","name":"","osm":"way/477175916"},"geometry":{"type":"Polygon","coordinates":[[[19.890482,54.640321],[19.890289,54.640202],[19.890384,54.640151],[19.89061,54.64029],[19.890555,54.64032],[19.890521,54.640299],[19.890482,54.640321]]]}},{"type":"Feature","properties":{"kind":"green","name":"Братская могила","osm":"way/477175918"},"geometry":{"type":"Polygon","coordinates":[[[19.8903,54.642005],[19.889851,54.641866],[19.889945,54.641584],[19.890526,54.64151],[19.890816,54.641833],[19.890813,54.641867],[19.8903,54.642005]]]}},{"type":"Feature","properties":{"kind":"building","name":"","osm":"way/477181070"},"geometry":{"type":"Polygon","coordinates":[[[19.898294,54.641198],[19.898187,54.641059],[19.898352,54.641016],[19.898459,54.641155],[19.898294,54.641198]]]}},{"type":"Feature","properties":{"kind":"waterline","name":"","osm":"way/477181071"},"geometry":{"type":"LineString","coordinates":[[19.898216,54.635961],[19.898097,54.635727],[19.899641,54.635465],[19.89976,54.635699],[19.898216,54.635961]]}},{"type":"Feature","properties":{"kind":"building","name":"","osm":"way/477181082"},"geometry":{"type":"Polygon","coordinates":[[[19.898446,54.641428],[19.89834,54.641294],[19.898512,54.641248],[19.898618,54.641383],[19.898446,54.641428]]]}},{"type":"Feature","properties":{"kind":"waterline","name":"","osm":"way/477181084"},"geometry":{"type":"LineString","coordinates":[[19.898579,54.636526],[19.898392,54.636454],[19.898413,54.636322],[19.899872,54.635961],[19.900044,54.636005],[19.900103,54.6361],[19.900012,54.636184],[19.898579,54.636526]]}},{"type":"Feature","properties":{"kind":"building","name":"","osm":"way/477181091"},"geometry":{"type":"Polygon","coordinates":[[[19.898869,54.641832],[19.898789,54.641729],[19.898923,54.641694],[19.899003,54.641796],[19.898869,54.641832]]]}},{"type":"Feature","properties":{"kind":"building","name":"","osm":"way/477181092"},"geometry":{"type":"Polygon","coordinates":[[[19.898625,54.641652],[19.898525,54.641518],[19.898712,54.641471],[19.898812,54.641605],[19.898625,54.641652]]]}},{"type":"Feature","properties":{"kind":"building","name":"","osm":"way/477559455"},"geometry":{"type":"Polygon","coordinates":[[[19.898008,54.640665],[19.898399,54.64056],[19.89847,54.640649],[19.898079,54.640753],[19.898008,54.640665]]]}},{"type":"Feature","properties":{"kind":"coastline","name":"","osm":"way/572461807"},"geometry":{"type":"LineString","coordinates":[[19.885551,54.634585],[19.884692,54.635346],[19.883546,54.636362],[19.882786,54.637],[19.880469,54.638149],[19.877983,54.639374]]}},{"type":"Feature","properties":{"kind":"coastline","name":"","osm":"way/572461809"},"geometry":{"type":"LineString","coordinates":[[19.868699,54.649296],[19.868645,54.649155],[19.869895,54.648854],[19.870758,54.648659],[19.871409,54.648426],[19.874897,54.646734],[19.87716,54.645622],[19.881197,54.643624],[19.881554,54.643403],[19.882378,54.642648],[19.883097,54.642053],[19.884321,54.641338],[19.884771,54.641085],[19.88551,54.640809],[19.887478,54.640171],[19.888524,54.639814],[19.888822,54.639614],[19.888661,54.639573],[19.888774,54.639441],[19.888923,54.639486],[19.889298,54.638722],[19.889418,54.638647],[19.889559,54.638537]]}},{"type":"Feature","properties":{"kind":"road","name":"","osm":"way/589518590","highway":"service","access":"","foot":""},"geometry":{"type":"LineString","coordinates":[[19.888141,54.640048],[19.88833,54.639972],[19.888552,54.640096],[19.888646,54.640098],[19.888781,54.640064],[19.888801,54.640059],[19.889587,54.639698],[19.889622,54.639682],[19.889606,54.639615],[19.889625,54.639583],[19.889857,54.63948],[19.890081,54.639609]]}},{"type":"Feature","properties":{"kind":"road","name":"","osm":"way/589518591","highway":"service","access":"","foot":""},"geometry":{"type":"LineString","coordinates":[[19.888141,54.640048],[19.887916,54.64012]]}},{"type":"Feature","properties":{"kind":"road","name":"улица Красной Армии","osm":"way/589518601","highway":"residential","access":"","foot":""},"geometry":{"type":"LineString","coordinates":[[19.890205,54.64093],[19.889157,54.640477]]}},{"type":"Feature","properties":{"kind":"road","name":"","osm":"way/624389861","highway":"footway","access":"","foot":""},"geometry":{"type":"LineString","coordinates":[[19.892624,54.643402],[19.892807,54.643383]]}},{"type":"Feature","properties":{"kind":"road","name":"","osm":"way/624389862","highway":"footway","access":"","foot":""},"geometry":{"type":"LineString","coordinates":[[19.892184,54.643733],[19.892503,54.643492],[19.892624,54.643402],[19.892469,54.643344],[19.89234,54.643447]]}},{"type":"Feature","properties":{"kind":"road","name":"","osm":"way/624389864","highway":"footway","access":"","foot":""},"geometry":{"type":"LineString","coordinates":[[19.892094,54.643394],[19.89234,54.643447],[19.892503,54.643492],[19.892857,54.643611]]}},{"type":"Feature","properties":{"kind":"road","name":"","osm":"way/624389866","highway":"path","access":"","foot":""},"geometry":{"type":"LineString","coordinates":[[19.892141,54.639814],[19.892067,54.639772],[19.891793,54.639615]]}},{"type":"Feature","properties":{"kind":"road","name":"","osm":"way/624389868","highway":"track","access":"","foot":""},"geometry":{"type":"LineString","coordinates":[[19.882627,54.633226],[19.882733,54.633353],[19.882902,54.633454],[19.88293,54.633464],[19.883101,54.633522],[19.883364,54.633636],[19.883511,54.63376],[19.883941,54.633867]]}},{"type":"Feature","properties":{"kind":"green","name":"Аллея жён моряков","osm":"way/655650789"},"geometry":{"type":"Polygon","coordinates":[[[19.885061,54.641131],[19.885463,54.641425],[19.886091,54.641163],[19.886372,54.641228],[19.887182,54.640693],[19.886939,54.640458],[19.88549,54.640938],[19.885198,54.641059],[19.885061,54.641131]]]}},{"type":"Feature","properties":{"kind":"building","name":"","osm":"way/663775554"},"geometry":{"type":"Polygon","coordinates":[[[19.889372,54.646049],[19.889349,54.645954],[19.889489,54.645942],[19.889512,54.646038],[19.889372,54.646049]]]}},{"type":"Feature","properties":{"kind":"road","name":"","osm":"way/668308469","highway":"service","access":"","foot":""},"geometry":{"type":"LineString","coordinates":[[19.888781,54.640064],[19.889104,54.640204],[19.889758,54.639829],[19.889587,54.639698]]}},{"type":"Feature","properties":{"kind":"building","name":"Лоцманская башня","osm":"way/668308471"},"geometry":{"type":"Polygon","coordinates":[[[19.889398,54.639262],[19.889294,54.639182],[19.889272,54.63918],[19.889254,54.639174],[19.889241,54.639165],[19.889233,54.639154],[19.889232,54.639143],[19.889237,54.639132],[19.889247,54.639122],[19.889262,54.639115],[19.88928,54.639111],[19.8893,54.63911],[19.889319,54.639113],[19.889335,54.639119],[19.889349,54.639129],[19.889356,54.639141],[19.889356,54.639153],[19.88946,54.639235],[19.889398,54.639262]]]}},{"type":"Feature","properties":{"kind":"building","name":"","osm":"way/697161227"},"geometry":{"type":"Polygon","coordinates":[[[19.896834,54.644776],[19.897079,54.644919],[19.89703,54.64499],[19.89714,54.645054],[19.897406,54.644903],[19.897266,54.644821],[19.897184,54.644867],[19.896933,54.64472],[19.896834,54.644776]]]}},{"type":"Feature","properties":{"kind":"building","name":"","osm":"way/697161228"},"geometry":{"type":"Polygon","coordinates":[[[19.895874,54.644258],[19.895942,54.644213],[19.895819,54.644151],[19.895929,54.644077],[19.89614,54.644182],[19.895962,54.644302],[19.895874,54.644258]]]}},{"type":"Feature","properties":{"kind":"building","name":"","osm":"way/697161229"},"geometry":{"type":"Polygon","coordinates":[[[19.895684,54.645117],[19.895872,54.645225],[19.895522,54.645429],[19.895334,54.645321],[19.895684,54.645117]]]}},{"type":"Feature","properties":{"kind":"building","name":"","osm":"way/697161230"},"geometry":{"type":"Polygon","coordinates":[[[19.889837,54.645977],[19.889818,54.645925],[19.889799,54.645874],[19.889945,54.645856],[19.889983,54.645958],[19.889837,54.645977]]]}},{"type":"Feature","properties":{"kind":"building","name":"","osm":"way/697161231"},"geometry":{"type":"Polygon","coordinates":[[[19.893654,54.638568],[19.893619,54.63846],[19.8941,54.638398],[19.894145,54.638466],[19.894056,54.638529],[19.893654,54.638568]]]}},{"type":"Feature","properties":{"kind":"building","name":"","osm":"way/697161237"},"geometry":{"type":"Polygon","coordinates":[[[19.89872,54.638794],[19.898966,54.638612],[19.899079,54.638663],[19.899146,54.638613],[19.899329,54.638695],[19.899017,54.638928],[19.89872,54.638794]]]}},{"type":"Feature","properties":{"kind":"building","name":"","osm":"way/697161238"},"geometry":{"type":"Polygon","coordinates":[[[19.898733,54.639308],[19.89886,54.6392],[19.899005,54.639257],[19.898878,54.639365],[19.898733,54.639308]]]}},{"type":"Feature","properties":{"kind":"building","name":"","osm":"way/697161239"},"geometry":{"type":"Polygon","coordinates":[[[19.897994,54.639036],[19.898302,54.638808],[19.898499,54.638897],[19.898191,54.639125],[19.897994,54.639036]]]}},{"type":"Feature","properties":{"kind":"building","name":"","osm":"way/697161240"},"geometry":{"type":"Polygon","coordinates":[[[19.897133,54.637984],[19.897284,54.638043],[19.897471,54.637884],[19.89732,54.637824],[19.897133,54.637984]]]}},{"type":"Feature","properties":{"kind":"building","name":"","osm":"way/697161241"},"geometry":{"type":"Polygon","coordinates":[[[19.896775,54.639159],[19.896765,54.638975],[19.897473,54.638963],[19.897478,54.639052],[19.896991,54.639061],[19.896996,54.639155],[19.896775,54.639159]]]}},{"type":"Feature","properties":{"kind":"building","name":"","osm":"way/697163066"},"geometry":{"type":"Polygon","coordinates":[[[19.881997,54.635796],[19.882126,54.635722],[19.882255,54.63579],[19.882131,54.635871],[19.881997,54.635796]]]}},{"type":"Feature","properties":{"kind":"building","name":"","osm":"way/697163067"},"geometry":{"type":"Polygon","coordinates":[[[19.882563,54.634037],[19.88266,54.633977],[19.882761,54.634031],[19.882664,54.634091],[19.882563,54.634037]]]}},{"type":"Feature","properties":{"kind":"building","name":"","osm":"way/709867626"},"geometry":{"type":"Polygon","coordinates":[[[19.887943,54.644961],[19.887909,54.644766],[19.88808,54.644756],[19.888114,54.644951],[19.887943,54.644961]]]}},{"type":"Feature","properties":{"kind":"road","name":"","osm":"way/726113160","highway":"service","access":"","foot":""},"geometry":{"type":"LineString","coordinates":[[19.893114,54.639627],[19.893061,54.639627]]}},{"type":"Feature","properties":{"kind":"road","name":"","osm":"way/726113162","highway":"footway","access":"","foot":""},"geometry":{"type":"LineString","coordinates":[[19.895353,54.639712],[19.89497,54.639811],[19.89455,54.63992],[19.892697,54.640374]]}},{"type":"Feature","properties":{"kind":"road","name":"","osm":"way/726113163","highway":"service","access":"","foot":""},"geometry":{"type":"LineString","coordinates":[[19.892666,54.639514],[19.892752,54.639566]]}},{"type":"Feature","properties":{"kind":"road","name":"","osm":"way/726113164","highway":"service","access":"","foot":""},"geometry":{"type":"LineString","coordinates":[[19.892922,54.639705],[19.893098,54.639955]]}},{"type":"Feature","properties":{"kind":"road","name":"","osm":"way/726113165","highway":"service","access":"","foot":""},"geometry":{"type":"LineString","coordinates":[[19.893017,54.639544],[19.893047,54.639568],[19.893062,54.639597],[19.893061,54.639627],[19.893045,54.639655],[19.893014,54.639679],[19.892971,54.639696],[19.892922,54.639705],[19.89287,54.639705],[19.892821,54.639695],[19.89278,54.639677],[19.89275,54.639653],[19.892735,54.639624],[19.892736,54.639594],[19.892752,54.639566],[19.892783,54.639542],[19.892826,54.639525],[19.892875,54.639516],[19.892927,54.639516],[19.892976,54.639526],[19.893017,54.639544]]}},{"type":"Feature","properties":{"kind":"green","name":"","osm":"way/726113166"},"geometry":{"type":"Polygon","coordinates":[[[19.892899,54.639559],[19.892933,54.639564],[19.892961,54.639576],[19.89298,54.639593],[19.892985,54.639613],[19.892978,54.639633],[19.892957,54.639649],[19.892928,54.63966],[19.892893,54.639663],[19.892859,54.639659],[19.89283,54.639647],[19.892812,54.63963],[19.892806,54.63961],[19.892814,54.63959],[19.892834,54.639573],[19.892864,54.639563],[19.892899,54.639559]]]}},{"type":"Feature","properties":{"kind":"road","name":"","osm":"way/726113168","highway":"footway","access":"","foot":""},"geometry":{"type":"LineString","coordinates":[[19.889847,54.641577],[19.889867,54.641521],[19.889986,54.641174]]}},{"type":"Feature","properties":{"kind":"road","name":"","osm":"way/726113171","highway":"footway","access":"","foot":""},"geometry":{"type":"LineString","coordinates":[[19.890191,54.641854],[19.889967,54.641926]]}},{"type":"Feature","properties":{"kind":"road","name":"","osm":"way/726113172","highway":"footway","access":"","foot":""},"geometry":{"type":"LineString","coordinates":[[19.89073,54.641688],[19.890546,54.641487],[19.889847,54.641577],[19.889749,54.641866],[19.889967,54.641926],[19.890201,54.641998]]}},{"type":"Feature","properties":{"kind":"road","name":"","osm":"way/726113173","highway":"footway","access":"","foot":""},"geometry":{"type":"LineString","coordinates":[[19.890611,54.64172],[19.89073,54.641688],[19.890897,54.641885]]}},{"type":"Feature","properties":{"kind":"green","name":"","osm":"way/726113174"},"geometry":{"type":"Polygon","coordinates":[[[19.890266,54.641797],[19.890303,54.641841],[19.890542,54.64177],[19.890567,54.641734],[19.890502,54.641729],[19.890266,54.641797]]]}},{"type":"Feature","properties":{"kind":"building","name":"","osm":"way/726113175"},"geometry":{"type":"Polygon","coordinates":[[[19.888754,54.64132],[19.889591,54.641203],[19.889544,54.64109],[19.888707,54.641206],[19.888754,54.64132]]]}},{"type":"Feature","properties":{"kind":"road","name":"","osm":"way/726113176","highway":"footway","access":"","foot":""},"geometry":{"type":"LineString","coordinates":[[19.88625,54.64133],[19.886235,54.641402],[19.886134,54.641429]]}},{"type":"Feature","properties":{"kind":"road","name":"","osm":"way/726113177","highway":"footway","access":"","foot":""},"geometry":{"type":"LineString","coordinates":[[19.885361,54.641152],[19.885476,54.641061]]}},{"type":"Feature","properties":{"kind":"road","name":"","osm":"way/726113178","highway":"footway","access":"","foot":""},"geometry":{"type":"LineString","coordinates":[[19.88376,54.642723],[19.883384,54.642894],[19.883347,54.642911],[19.883147,54.643037],[19.882967,54.643144],[19.88293,54.643191],[19.882928,54.643244]]}},{"type":"Feature","properties":{"kind":"road","name":"","osm":"way/726113179","highway":"footway","access":"","foot":""},"geometry":{"type":"LineString","coordinates":[[19.883529,54.641934],[19.883765,54.642054],[19.883801,54.642129],[19.883886,54.642305],[19.883964,54.642465],[19.883982,54.642544],[19.883964,54.642628],[19.88376,54.642723]]}},{"type":"Feature","properties":{"kind":"road","name":"","osm":"way/726113180","highway":"footway","access":"","foot":""},"geometry":{"type":"LineString","coordinates":[[19.886134,54.641429],[19.88569,54.641558],[19.885632,54.641573],[19.885545,54.641541]]}},{"type":"Feature","properties":{"kind":"road","name":"","osm":"way/726113181","highway":"path","access":"","foot":""},"geometry":{"type":"LineString","coordinates":[[19.886134,54.641429],[19.885983,54.641315],[19.88575,54.641249],[19.885636,54.641251],[19.885556,54.64127],[19.885361,54.641152]]}},{"type":"Feature","properties":{"kind":"building","name":"","osm":"way/726113183"},"geometry":{"type":"Polygon","coordinates":[[[19.885365,54.641083],[19.885383,54.641078],[19.885401,54.641083],[19.885409,54.641093],[19.885401,54.641104],[19.885383,54.641108],[19.885365,54.641104],[19.885357,54.641093],[19.885365,54.641083]]]}},{"type":"Feature","properties":{"kind":"building","name":"","osm":"way/726113184"},"geometry":{"type":"Polygon","coordinates":[[[19.884209,54.641666],[19.884228,54.641662],[19.884246,54.641667],[19.884253,54.641677],[19.884246,54.641688],[19.884227,54.641692],[19.884209,54.641688],[19.884202,54.641677],[19.884209,54.641666]]]}},{"type":"Feature","properties":{"kind":"road","name":"","osm":"way/726113185","highway":"footway","access":"","foot":""},"geometry":{"type":"LineString","coordinates":[[19.884024,54.642899],[19.88376,54.642723]]}},{"type":"Feature","properties":{"kind":"building","name":"","osm":"way/726113186"},"geometry":{"type":"Polygon","coordinates":[[[19.886418,54.642769],[19.886449,54.642901],[19.886688,54.642731],[19.886557,54.64267],[19.886418,54.642769]]]}},{"type":"Feature","properties":{"kind":"building","name":"","osm":"way/726113187"},"geometry":{"type":"Polygon","coordinates":[[[19.886257,54.642826],[19.886378,54.642816],[19.886329,54.642626],[19.886207,54.642637],[19.886257,54.642826]]]}},{"type":"Feature","properties":{"kind":"road","name":"","osm":"way/726119745","highway":"footway","access":"","foot":""},"geometry":{"type":"LineString","coordinates":[[19.892598,54.640493],[19.892751,54.640449]]}},{"type":"Feature","properties":{"kind":"road","name":"","osm":"way/726119746","highway":"footway","access":"","foot":""},"geometry":{"type":"LineString","coordinates":[[19.894808,54.639605],[19.89497,54.639811],[19.895121,54.640013]]}},{"type":"Feature","properties":{"kind":"road","name":"","osm":"way/726119747","highway":"footway","access":"","foot":""},"geometry":{"type":"LineString","coordinates":[[19.895285,54.639482],[19.894808,54.639605],[19.894399,54.639711],[19.892541,54.640159]]}},{"type":"Feature","properties":{"kind":"green","name":"","osm":"way/726119748"},"geometry":{"type":"Polygon","coordinates":[[[19.893191,54.639785],[19.893191,54.639457],[19.893391,54.639387],[19.894227,54.63939],[19.894227,54.639307],[19.893912,54.639316],[19.893948,54.638811],[19.894764,54.6388],[19.895037,54.63928],[19.895126,54.639486],[19.89438,54.639685],[19.894355,54.63965],[19.893877,54.639766],[19.893796,54.639648],[19.893191,54.639785]]]}},{"type":"Feature","properties":{"kind":"green","name":"","osm":"way/726119749"},"geometry":{"type":"Polygon","coordinates":[[[19.892579,54.639655],[19.892839,54.639789],[19.892993,54.63998],[19.892498,54.6401],[19.892924,54.640689],[19.894781,54.64024],[19.894729,54.640168],[19.895254,54.640032],[19.89532,54.640166],[19.894688,54.64032],[19.894876,54.640585],[19.893619,54.640914],[19.893497,54.640737],[19.892444,54.641008],[19.892551,54.64114],[19.892422,54.641174],[19.892312,54.641039],[19.891782,54.641175],[19.891683,54.641051],[19.8916,54.640963],[19.891927,54.640859],[19.89173,54.640656],[19.891489,54.640389],[19.891509,54.640307],[19.892579,54.639655]]]}},{"type":"Feature","properties":{"kind":"road","name":"","osm":"way/726119750","highway":"footway","access":"","foot":""},"geometry":{"type":"LineString","coordinates":[[19.895597,54.640475],[19.895472,54.640151]]}},{"type":"Feature","properties":{"kind":"road","name":"","osm":"way/726119751","highway":"footway","access":"","foot":""},"geometry":{"type":"LineString","coordinates":[[19.892452,54.640365],[19.892475,54.640394]]}},{"type":"Feature","properties":{"kind":"road","name":"","osm":"way/726119752","highway":"footway","access":"","foot":""},"geometry":{"type":"LineString","coordinates":[[19.892415,54.640375],[19.892381,54.640331],[19.892477,54.640306],[19.89251,54.64035],[19.892452,54.640365],[19.892415,54.640375]]}},{"type":"Feature","properties":{"kind":"road","name":"","osm":"way/726119753","highway":"footway","access":"","foot":""},"geometry":{"type":"LineString","coordinates":[[19.892697,54.640374],[19.892663,54.640383]]}},{"type":"Feature","properties":{"kind":"road","name":"","osm":"way/726119754","highway":"footway","access":"","foot":""},"geometry":{"type":"LineString","coordinates":[[19.892485,54.640468],[19.892436,54.640404],[19.892475,54.640394],[19.892638,54.640352],[19.892663,54.640383],[19.892688,54.640416],[19.892485,54.640468]]}},{"type":"Feature","properties":{"kind":"road","name":"","osm":"way/726119755","highway":"footway","access":"","foot":""},"geometry":{"type":"LineString","coordinates":[[19.892534,54.64071],[19.892477,54.640649]]}},{"type":"Feature","properties":{"kind":"road","name":"","osm":"way/726119756","highway":"footway","access":"","foot":""},"geometry":{"type":"LineString","coordinates":[[19.892526,54.640561],[19.892486,54.64051],[19.892591,54.640483],[19.892598,54.640493],[19.89263,54.640534],[19.892526,54.640561]]}},{"type":"Feature","properties":{"kind":"building","name":"","osm":"way/726122935"},"geometry":{"type":"Polygon","coordinates":[[[19.881471,54.6439],[19.881565,54.643926],[19.881625,54.643853],[19.881531,54.643828],[19.881471,54.6439]]]}},{"type":"Feature","properties":{"kind":"road","name":"","osm":"way/726122937","highway":"footway","access":"","foot":""},"geometry":{"type":"LineString","coordinates":[[19.882125,54.645439],[19.882186,54.645413],[19.882228,54.645345],[19.88231,54.645209],[19.882329,54.645162],[19.882265,54.645123],[19.882214,54.64508],[19.882202,54.645025],[19.882206,54.644965],[19.882269,54.644903],[19.880959,54.644059],[19.880617,54.644014]]}},{"type":"Feature","properties":{"kind":"green","name":"","osm":"way/726122938"},"geometry":{"type":"Polygon","coordinates":[[[19.882345,54.645359],[19.882421,54.645235],[19.882477,54.645217],[19.882539,54.64522],[19.882576,54.64524],[19.882841,54.645454],[19.882345,54.645359]]]}},{"type":"Feature","properties":{"kind":"green","name":"","osm":"way/726122939"},"geometry":{"type":"Polygon","coordinates":[[[19.882498,54.644906],[19.882555,54.644915],[19.882603,54.644935],[19.88264,54.644962],[19.882659,54.644994],[19.882661,54.645028],[19.882645,54.645061],[19.882611,54.64509],[19.882564,54.645111],[19.882509,54.645122],[19.882449,54.645123],[19.882392,54.645113],[19.882343,54.645094],[19.882307,54.645067],[19.882287,54.645035],[19.882286,54.645],[19.882302,54.644967],[19.882336,54.644939],[19.882383,54.644918],[19.882438,54.644907],[19.882498,54.644906]]]}},{"type":"Feature","properties":{"kind":"road","name":"","osm":"way/726122940","highway":"service","access":"","foot":""},"geometry":{"type":"LineString","coordinates":[[19.883524,54.643986],[19.883519,54.64393],[19.88347,54.643879],[19.883108,54.643645],[19.882982,54.64356]]}},{"type":"Feature","properties":{"kind":"road","name":"","osm":"way/726122941","highway":"footway","access":"","foot":""},"geometry":{"type":"LineString","coordinates":[[19.883191,54.644614],[19.883219,54.64463],[19.883261,54.644646],[19.883443,54.644724]]}},{"type":"Feature","properties":{"kind":"road","name":"","osm":"way/726122942","highway":"footway","access":"","foot":""},"geometry":{"type":"LineString","coordinates":[[19.881422,54.64358],[19.881679,54.643748],[19.88186,54.643865],[19.882072,54.644002],[19.882257,54.644121],[19.882493,54.644273],[19.882724,54.644422],[19.882878,54.644521],[19.883099,54.644664],[19.883191,54.644614],[19.882965,54.644476],[19.882341,54.644078],[19.882155,54.643959],[19.88205,54.643891]]}},{"type":"Feature","properties":{"kind":"road","name":"","osm":"way/726122943","highway":"footway","access":"","foot":""},"geometry":{"type":"LineString","coordinates":[[19.882425,54.643683],[19.88205,54.643891],[19.881944,54.643822],[19.881763,54.643704],[19.881507,54.643534]]}},{"type":"Feature","properties":{"kind":"road","name":"","osm":"way/726122944","highway":"footway","access":"","foot":""},"geometry":{"type":"LineString","coordinates":[[19.882435,54.642758],[19.882425,54.643683],[19.882703,54.643552]]}},{"type":"Feature","properties":{"kind":"building","name":"","osm":"way/726122945"},"geometry":{"type":"Polygon","coordinates":[[[19.882616,54.643025],[19.882776,54.643031],[19.882781,54.642987],[19.882621,54.642981],[19.882616,54.643025]]]}},{"type":"Feature","properties":{"kind":"green","name":"","osm":"way/726122946"},"geometry":{"type":"Polygon","coordinates":[[[19.889603,54.638878],[19.890367,54.639363],[19.890375,54.639437],[19.890455,54.639492],[19.890029,54.639673],[19.889725,54.639486],[19.889576,54.639568],[19.889495,54.639515],[19.889201,54.639646],[19.889288,54.639431],[19.889594,54.639348],[19.889691,54.639328],[19.889292,54.639043],[19.889313,54.63902],[19.889366,54.638944],[19.889505,54.638972],[19.889603,54.638878]]]}},{"type":"Feature","properties":{"kind":"building","name":"","osm":"way/726125343"},"geometry":{"type":"Polygon","coordinates":[[[19.892846,54.644985],[19.892867,54.644996],[19.892874,54.645012],[19.892868,54.645028],[19.892848,54.64504],[19.89282,54.645045],[19.892792,54.645041],[19.892772,54.645029],[19.892764,54.645013],[19.892771,54.644997],[19.892791,54.644985],[19.892818,54.644981],[19.892846,54.644985]]]}},{"type":"Feature","properties":{"kind":"road","name":"","osm":"way/726125344","highway":"footway","access":"","foot":""},"geometry":{"type":"LineString","coordinates":[[19.883289,54.645756],[19.883586,54.645832],[19.883788,54.64594],[19.883991,54.645985]]}},{"type":"Feature","properties":{"kind":"green","name":"","osm":"way/742857491"},"geometry":{"type":"Polygon","coordinates":[[[19.885123,54.633847],[19.884873,54.633814],[19.884696,54.633704],[19.884594,54.633595],[19.884693,54.633471],[19.884889,54.633302],[19.885231,54.633302],[19.885214,54.633308],[19.885179,54.633359],[19.885224,54.633395],[19.885299,54.633361],[19.885448,54.633302],[19.885776,54.633302],[19.885715,54.63337],[19.885522,54.633522],[19.885342,54.633695],[19.88524,54.633823],[19.885123,54.633847]]]}},{"type":"Feature","properties":{"kind":"road","name":"","osm":"way/742857492","highway":"path","access":"","foot":""},"geometry":{"type":"LineString","coordinates":[[19.883941,54.633867],[19.883972,54.633985],[19.884039,54.63417],[19.884243,54.634441],[19.884363,54.634563],[19.884487,54.634651],[19.884606,54.634705]]}},{"type":"Feature","properties":{"kind":"road","name":"","osm":"way/742857493","highway":"path","access":"","foot":""},"geometry":{"type":"LineString","coordinates":[[19.885378,54.634141],[19.885173,54.634014],[19.8849,54.633937],[19.884401,54.633881],[19.884186,54.633884],[19.883941,54.633867]]}},{"type":"Feature","properties":{"kind":"building","name":"","osm":"way/742857495"},"geometry":{"type":"Polygon","coordinates":[[[19.882245,54.635445],[19.88225,54.635448],[19.882237,54.635456],[19.882162,54.635416],[19.882174,54.635408],[19.882175,54.635409],[19.882239,54.635368],[19.882267,54.63535],[19.88235,54.635393],[19.882322,54.635411],[19.882316,54.635408],[19.882292,54.635424],[19.882285,54.63542],[19.882245,54.635445]]]}},{"type":"Feature","properties":{"kind":"road","name":"","osm":"way/742857496","highway":"path","access":"","foot":""},"geometry":{"type":"LineString","coordinates":[[19.882024,54.634824],[19.88227,54.634982],[19.88236,54.635051],[19.882503,54.635145],[19.882848,54.635421]]}},{"type":"Feature","properties":{"kind":"building","name":"","osm":"way/742857497"},"geometry":{"type":"Polygon","coordinates":[[[19.882294,54.634957],[19.882264,54.634958],[19.882238,54.63495],[19.882224,54.634934],[19.882226,54.634917],[19.882245,54.634903],[19.882273,54.634897],[19.882302,54.634901],[19.882323,54.634914],[19.882329,54.634931],[19.882318,54.634947],[19.882294,54.634957]]]}},{"type":"Feature","properties":{"kind":"water","name":"","osm":"way/742857499"},"geometry":{"type":"Polygon","coordinates":[[[19.883516,54.635365],[19.883427,54.635373],[19.883398,54.635322],[19.883502,54.635233],[19.883634,54.635152],[19.883728,54.635098],[19.88383,54.635036],[19.883899,54.635073],[19.883859,54.635135],[19.883717,54.635238],[19.883604,54.635309],[19.883516,54.635365]]]}},{"type":"Feature","properties":{"kind":"water","name":"","osm":"way/742857500"},"geometry":{"type":"Polygon","coordinates":[[[19.882743,54.634884],[19.882617,54.634893],[19.882639,54.63482],[19.88277,54.634741],[19.882942,54.634654],[19.883071,54.634604],[19.883237,54.63453],[19.883358,54.634488],[19.883409,54.634379],[19.883433,54.634291],[19.883524,54.634282],[19.883586,54.634305],[19.883594,54.634393],[19.883596,54.634486],[19.883639,54.63459],[19.883618,54.634649],[19.88351,54.634603],[19.883325,54.634601],[19.883186,54.634637],[19.883041,54.634691],[19.882934,54.634744],[19.8828,54.634833],[19.882743,54.634884]]]}},{"type":"Feature","properties":{"kind":"water","name":"","osm":"way/742857501"},"geometry":{"type":"Polygon","coordinates":[[[19.883156,54.635412],[19.882969,54.6353],[19.882899,54.635191],[19.882564,54.634963],[19.882494,54.635014],[19.882711,54.635199],[19.88277,54.635275],[19.882888,54.635362],[19.882979,54.635427],[19.883044,54.635455],[19.883156,54.635412]]]}},{"type":"Feature","properties":{"kind":"green","name":"","osm":"way/742857517"},"geometry":{"type":"Polygon","coordinates":[[[19.88145,54.634972],[19.881375,54.63491],[19.881553,54.634887],[19.881582,54.634764],[19.881571,54.63474],[19.881641,54.634587],[19.881582,54.63449],[19.881826,54.63448],[19.882011,54.634552],[19.882108,54.634617],[19.88196,54.634788],[19.881869,54.634861],[19.88166,54.634965],[19.88145,54.634972]]]}},{"type":"Feature","properties":{"kind":"road","name":"","osm":"way/742857519","highway":"path","access":"","foot":""},"geometry":{"type":"LineString","coordinates":[[19.881182,54.634226],[19.881354,54.63432],[19.881566,54.634395],[19.881754,54.634356],[19.881898,54.63423]]}},{"type":"Feature","properties":{"kind":"road","name":"","osm":"way/742857520","highway":"path","access":"","foot":""},"geometry":{"type":"LineString","coordinates":[[19.881124,54.63422],[19.881182,54.634226],[19.881343,54.634243],[19.881662,54.634237],[19.881898,54.63423]]}},{"type":"Feature","properties":{"kind":"green","name":"","osm":"way/742857528"},"geometry":{"type":"Polygon","coordinates":[[[19.881359,54.633331],[19.881347,54.633302],[19.881885,54.633302],[19.881793,54.633336],[19.881638,54.633457],[19.881574,54.633485],[19.881359,54.633331]]]}},{"type":"Feature","properties":{"kind":"road","name":"","osm":"way/742857530","highway":"path","access":"","foot":""},"geometry":{"type":"LineString","coordinates":[[19.881426,54.633516],[19.881845,54.633268],[19.881877,54.633234],[19.88199,54.633224],[19.882092,54.633195],[19.88233,54.633144],[19.882578,54.633104]]}},{"type":"Feature","properties":{"kind":"road","name":"","osm":"way/742857532","highway":"path","access":"","foot":""},"geometry":{"type":"LineString","coordinates":[[19.884297,54.633682],[19.884288,54.633597],[19.88421,54.633521],[19.88409,54.633476],[19.883865,54.633401],[19.883388,54.633369]]}},{"type":"Feature","properties":{"kind":"road","name":"","osm":"way/742857533","highway":"path","access":"","foot":""},"geometry":{"type":"LineString","coordinates":[[19.88293,54.633464],[19.882966,54.633457],[19.883388,54.633369]]}},{"type":"Feature","properties":{"kind":"water","name":"","osm":"way/742857534"},"geometry":{"type":"Polygon","coordinates":[[[19.883798,54.633761],[19.883698,54.633771],[19.883618,54.633726],[19.883671,54.63367],[19.883709,54.633639],[19.883798,54.633598],[19.88398,54.633584],[19.884036,54.633623],[19.883977,54.633696],[19.883798,54.633761]]]}},{"type":"Feature","properties":{"kind":"water","name":"","osm":"way/742857535"},"geometry":{"type":"Polygon","coordinates":[[[19.882963,54.633502],[19.882891,54.633499],[19.882888,54.633552],[19.882942,54.633673],[19.883025,54.633766],[19.883366,54.633856],[19.883572,54.633872],[19.883679,54.63385],[19.883682,54.63383],[19.883602,54.63381],[19.883473,54.633814],[19.883336,54.633794],[19.883173,54.633752],[19.883087,54.633685],[19.883036,54.633598],[19.882963,54.633502]]]}},{"type":"Feature","properties":{"kind":"water","name":"","osm":"way/742857536"},"geometry":{"type":"Polygon","coordinates":[[[19.884581,54.633302],[19.884519,54.633328],[19.884449,54.633302],[19.883031,54.633302],[19.883012,54.633316],[19.88299,54.633393],[19.882907,54.633409],[19.882845,54.633352],[19.882872,54.633302],[19.884581,54.633302]]]}},{"type":"Feature","properties":{"kind":"road","name":"","osm":"way/825974128","highway":"footway","access":"","foot":""},"geometry":{"type":"LineString","coordinates":[[19.883873,54.634867],[19.883758,54.634891],[19.883325,54.634983]]}},{"type":"Feature","properties":{"kind":"building","name":"","osm":"way/827515454"},"geometry":{"type":"Polygon","coordinates":[[[19.891955,54.645378],[19.891859,54.64539],[19.891886,54.645461],[19.891982,54.645449],[19.891955,54.645378]]]}},{"type":"Feature","properties":{"kind":"building","name":"","osm":"way/827515455"},"geometry":{"type":"Polygon","coordinates":[[[19.894005,54.644129],[19.894018,54.644189],[19.894176,54.644177],[19.894163,54.644117],[19.894005,54.644129]]]}},{"type":"Feature","properties":{"kind":"building","name":"","osm":"way/827515456"},"geometry":{"type":"Polygon","coordinates":[[[19.890763,54.642875],[19.890919,54.642856],[19.890959,54.642969],[19.890803,54.642987],[19.890763,54.642875]]]}},{"type":"Feature","properties":{"kind":"road","name":"","osm":"way/827515457","highway":"footway","access":"","foot":""},"geometry":{"type":"LineString","coordinates":[[19.892435,54.638516],[19.892349,54.638453]]}},{"type":"Feature","properties":{"kind":"road","name":"","osm":"way/827515459","highway":"footway","access":"","foot":""},"geometry":{"type":"LineString","coordinates":[[19.88557,54.641065],[19.885672,54.641011]]}},{"type":"Feature","properties":{"kind":"road","name":"","osm":"way/827515460","highway":"steps","access":"","foot":""},"geometry":{"type":"LineString","coordinates":[[19.885726,54.640958],[19.885672,54.641011]]}},{"type":"Feature","properties":{"kind":"road","name":"","osm":"way/827515461","highway":"footway","access":"","foot":""},"geometry":{"type":"LineString","coordinates":[[19.885737,54.640819],[19.885776,54.640894],[19.885726,54.640958]]}},{"type":"Feature","properties":{"kind":"road","name":"","osm":"way/827515462","highway":"steps","access":"","foot":""},"geometry":{"type":"LineString","coordinates":[[19.885333,54.640956],[19.885476,54.641061]]}},{"type":"Feature","properties":{"kind":"road","name":"","osm":"way/827515463","highway":"footway","access":"","foot":""},"geometry":{"type":"LineString","coordinates":[[19.891595,54.63894],[19.891569,54.638916],[19.891521,54.638873],[19.891545,54.638799]]}},{"type":"Feature","properties":{"kind":"road","name":"","osm":"way/827515464","highway":"footway","access":"","foot":""},"geometry":{"type":"LineString","coordinates":[[19.89047,54.639382],[19.891486,54.638983],[19.891537,54.638963],[19.891595,54.63894],[19.891693,54.638902],[19.892086,54.638747]]}},{"type":"Feature","properties":{"kind":"road","name":"","osm":"way/827515465","highway":"footway","access":"","foot":""},"geometry":{"type":"LineString","coordinates":[[19.892829,54.638549],[19.893085,54.638635],[19.893072,54.638692],[19.893067,54.638716]]}},{"type":"Feature","properties":{"kind":"road","name":"","osm":"way/827515466","highway":"footway","access":"","foot":""},"geometry":{"type":"LineString","coordinates":[[19.892733,54.638531],[19.892829,54.638549],[19.892965,54.638452],[19.89295,54.638372]]}},{"type":"Feature","properties":{"kind":"road","name":"","osm":"way/827515467","highway":"footway","access":"","foot":""},"geometry":{"type":"LineString","coordinates":[[19.892662,54.638579],[19.892733,54.638531],[19.892695,54.638406]]}},{"type":"Feature","properties":{"kind":"road","name":"","osm":"way/827515468","highway":"footway","access":"","foot":""},"geometry":{"type":"LineString","coordinates":[[19.892086,54.638747],[19.892143,54.638575],[19.892435,54.638516],[19.892662,54.638579],[19.892464,54.638657],[19.892433,54.63869],[19.892409,54.638715]]}},{"type":"Feature","properties":{"kind":"road","name":"","osm":"way/827515469","highway":"footway","access":"","foot":""},"geometry":{"type":"LineString","coordinates":[[19.890632,54.639887],[19.891192,54.640273],[19.892067,54.639772],[19.892902,54.639293],[19.893134,54.639159],[19.893137,54.638757],[19.893067,54.638716],[19.892409,54.638715],[19.892178,54.638791],[19.891257,54.639198]]}},{"type":"Feature","properties":{"kind":"building","name":"","osm":"way/827515470"},"geometry":{"type":"Polygon","coordinates":[[[19.891906,54.638547],[19.891917,54.638569],[19.892007,54.638554],[19.891996,54.638532],[19.891906,54.638547]]]}},{"type":"Feature","properties":{"kind":"road","name":"","osm":"way/827515476","highway":"footway","access":"","foot":""},"geometry":{"type":"LineString","coordinates":[[19.8916,54.638549],[19.891668,54.638728],[19.891652,54.638849],[19.891668,54.63888],[19.891693,54.638902]]}},{"type":"Feature","properties":{"kind":"road","name":"","osm":"way/827515477","highway":"footway","access":"customers","foot":""},"geometry":{"type":"LineString","coordinates":[[19.8916,54.638549],[19.891608,54.638723]]}},{"type":"Feature","properties":{"kind":"road","name":"","osm":"way/827515478","highway":"footway","access":"customers","foot":""},"geometry":{"type":"LineString","coordinates":[[19.891598,54.638754],[19.891608,54.638723]]}},{"type":"Feature","properties":{"kind":"road","name":"","osm":"way/827515479","highway":"footway","access":"","foot":""},"geometry":{"type":"LineString","coordinates":[[19.891545,54.638799],[19.891598,54.638754]]}},{"type":"Feature","properties":{"kind":"building","name":"","osm":"way/827515480"},"geometry":{"type":"Polygon","coordinates":[[[19.891548,54.638837],[19.891627,54.638841],[19.891633,54.638802],[19.891655,54.638803],[19.891661,54.638761],[19.891639,54.63876],[19.891645,54.638725],[19.891608,54.638723],[19.891548,54.63872],[19.891535,54.638799],[19.891545,54.638799],[19.891554,54.6388],[19.891548,54.638837]]]}},{"type":"Feature","properties":{"kind":"building","name":"","osm":"way/827515481"},"geometry":{"type":"Polygon","coordinates":[[[19.892487,54.639164],[19.892415,54.639115],[19.891966,54.639337],[19.892038,54.639386],[19.892487,54.639164]]]}},{"type":"Feature","properties":{"kind":"building","name":"","osm":"way/827515482"},"geometry":{"type":"Polygon","coordinates":[[[19.891742,54.639509],[19.891664,54.639459],[19.891744,54.639417],[19.891823,54.639467],[19.891742,54.639509]]]}},{"type":"Feature","properties":{"kind":"building","name":"","osm":"way/827515483"},"geometry":{"type":"Polygon","coordinates":[[[19.891264,54.638855],[19.891276,54.638864],[19.891295,54.638878],[19.891212,54.638918],[19.891179,54.638895],[19.891264,54.638855]]]}},{"type":"Feature","properties":{"kind":"building","name":"","osm":"way/827515484"},"geometry":{"type":"Polygon","coordinates":[[[19.8893,54.640723],[19.889201,54.640681],[19.889277,54.64062],[19.889377,54.640662],[19.8893,54.640723]]]}},{"type":"Feature","properties":{"kind":"building","name":"","osm":"way/827515485"},"geometry":{"type":"Polygon","coordinates":[[[19.888294,54.64293],[19.888248,54.642918],[19.888304,54.64285],[19.888351,54.642862],[19.888294,54.64293]]]}},{"type":"Feature","properties":{"kind":"building","name":"","osm":"way/827515486"},"geometry":{"type":"Polygon","coordinates":[[[19.888272,54.643004],[19.888193,54.642985],[19.888236,54.642926],[19.888315,54.642945],[19.888272,54.643004]]]}},{"type":"Feature","properties":{"kind":"building","name":"","osm":"way/827515487"},"geometry":{"type":"Polygon","coordinates":[[[19.888212,54.643121],[19.888116,54.643101],[19.888174,54.643006],[19.88827,54.643026],[19.888212,54.643121]]]}},{"type":"Feature","properties":{"kind":"road","name":"","osm":"way/827515496","highway":"footway","access":"","foot":""},"geometry":{"type":"LineString","coordinates":[[19.882493,54.644273],[19.882422,54.64431]]}},{"type":"Feature","properties":{"kind":"road","name":"","osm":"way/827515497","highway":"footway","access":"","foot":""},"geometry":{"type":"LineString","coordinates":[[19.882878,54.644521],[19.882965,54.644476]]}},{"type":"Feature","properties":{"kind":"road","name":"","osm":"way/827515498","highway":"footway","access":"","foot":""},"geometry":{"type":"LineString","coordinates":[[19.882189,54.644156],[19.882257,54.644121],[19.882341,54.644078]]}},{"type":"Feature","properties":{"kind":"road","name":"","osm":"way/827515499","highway":"footway","access":"","foot":""},"geometry":{"type":"LineString","coordinates":[[19.882072,54.644002],[19.882155,54.643959]]}},{"type":"Feature","properties":{"kind":"road","name":"","osm":"way/827515500","highway":"footway","access":"","foot":""},"geometry":{"type":"LineString","coordinates":[[19.88186,54.643865],[19.881944,54.643822]]}},{"type":"Feature","properties":{"kind":"road","name":"","osm":"way/827515501","highway":"footway","access":"","foot":""},"geometry":{"type":"LineString","coordinates":[[19.881679,54.643748],[19.881763,54.643704]]}},{"type":"Feature","properties":{"kind":"road","name":"","osm":"way/827515502","highway":"service","access":"","foot":""},"geometry":{"type":"LineString","coordinates":[[19.883222,54.643581],[19.883108,54.643645]]}},{"type":"Feature","properties":{"kind":"building","name":"","osm":"way/827515503"},"geometry":{"type":"Polygon","coordinates":[[[19.883046,54.643519],[19.883011,54.643536],[19.883094,54.643593],[19.88313,54.643576],[19.883046,54.643519]]]}},{"type":"Feature","properties":{"kind":"building","name":"","osm":"way/827515504"},"geometry":{"type":"Polygon","coordinates":[[[19.883326,54.644164],[19.883247,54.644203],[19.883133,54.644126],[19.883212,54.644087],[19.883326,54.644164]]]}},{"type":"Feature","properties":{"kind":"road","name":"","osm":"way/827515521","highway":"footway","access":"","foot":""},"geometry":{"type":"LineString","coordinates":[[19.887963,54.642347],[19.887641,54.642698],[19.886988,54.643202]]}},{"type":"Feature","properties":{"kind":"road","name":"","osm":"way/827515522","highway":"service","access":"","foot":""},"geometry":{"type":"LineString","coordinates":[[19.88641,54.642986],[19.887703,54.642237],[19.887963,54.642347],[19.888119,54.642272]]}},{"type":"Feature","properties":{"kind":"building","name":"","osm":"way/827515523"},"geometry":{"type":"Polygon","coordinates":[[[19.887825,54.642007],[19.887661,54.642106],[19.887998,54.642293],[19.888165,54.642182],[19.887825,54.642007]]]}},{"type":"Feature","properties":{"kind":"building","name":"","osm":"way/827515524"},"geometry":{"type":"Polygon","coordinates":[[[19.886563,54.643375],[19.886436,54.643365],[19.886474,54.643197],[19.886601,54.643207],[19.886563,54.643375]]]}},{"type":"Feature","properties":{"kind":"road","name":"","osm":"way/827697185","highway":"footway","access":"","foot":""},"geometry":{"type":"LineString","coordinates":[[19.889477,54.647053],[19.889215,54.645874]]}},{"type":"Feature","properties":{"kind":"road","name":"","osm":"way/827697186","highway":"footway","access":"","foot":""},"geometry":{"type":"LineString","coordinates":[[19.889215,54.645874],[19.889208,54.645844],[19.889195,54.645786]]}},{"type":"Feature","properties":{"kind":"road","name":"","osm":"way/827697188","highway":"footway","access":"","foot":""},"geometry":{"type":"LineString","coordinates":[[19.888757,54.64546],[19.888825,54.645698]]}},{"type":"Feature","properties":{"kind":"road","name":"","osm":"way/827697189","highway":"service","access":"","foot":""},"geometry":{"type":"LineString","coordinates":[[19.888853,54.645863],[19.888842,54.645798],[19.888825,54.645698]]}},{"type":"Feature","properties":{"kind":"road","name":"","osm":"way/827697190","highway":"service","access":"","foot":""},"geometry":{"type":"LineString","coordinates":[[19.888613,54.645875],[19.8886,54.645807],[19.888562,54.645613]]}},{"type":"Feature","properties":{"kind":"road","name":"","osm":"way/827697191","highway":"service","access":"","foot":""},"geometry":{"type":"LineString","coordinates":[[19.888449,54.645884],[19.888437,54.645813],[19.888404,54.645627],[19.888113,54.645644]]}},{"type":"Feature","properties":{"kind":"road","name":"","osm":"way/827697192","highway":"service","access":"","foot":""},"geometry":{"type":"LineString","coordinates":[[19.887477,54.645935],[19.887476,54.645849],[19.887475,54.645778],[19.887573,54.645614]]}},{"type":"Feature","properties":{"kind":"road","name":"","osm":"way/827697193","highway":"footway","access":"","foot":""},"geometry":{"type":"LineString","coordinates":[[19.886508,54.645742],[19.88702,54.645876]]}},{"type":"Feature","properties":{"kind":"road","name":"","osm":"way/827697194","highway":"service","access":"","foot":""},"geometry":{"type":"LineString","coordinates":[[19.884734,54.645485],[19.8849,54.6456],[19.884968,54.645945],[19.885105,54.645992],[19.885127,54.646059]]}},{"type":"Feature","properties":{"kind":"road","name":"","osm":"way/827697196","highway":"footway","access":"","foot":""},"geometry":{"type":"LineString","coordinates":[[19.882333,54.645364],[19.882302,54.645359],[19.882228,54.645345]]}},{"type":"Feature","properties":{"kind":"road","name":"","osm":"way/827697197","highway":"footway","access":"","foot":""},"geometry":{"type":"LineString","coordinates":[[19.882645,54.645191],[19.882599,54.645212],[19.882571,54.645226]]}},{"type":"Feature","properties":{"kind":"road","name":"","osm":"way/827697198","highway":"footway","access":"","foot":""},"geometry":{"type":"LineString","coordinates":[[19.882329,54.645162],[19.882391,54.645187],[19.882525,54.645212]]}},{"type":"Feature","properties":{"kind":"road","name":"","osm":"way/827697200","highway":"footway","access":"","foot":""},"geometry":{"type":"LineString","coordinates":[[19.882525,54.645212],[19.882571,54.645226],[19.882851,54.645447],[19.882849,54.64546],[19.882333,54.645364]]}},{"type":"Feature","properties":{"kind":"road","name":"","osm":"way/827697201","highway":"service","access":"","foot":""},"geometry":{"type":"LineString","coordinates":[[19.880886,54.645815],[19.88079,54.645727],[19.880624,54.645642],[19.880602,54.645551],[19.881294,54.64534],[19.881745,54.645317],[19.881945,54.645325],[19.882125,54.645439],[19.882157,54.64546]]}},{"type":"Feature","properties":{"kind":"road","name":"","osm":"way/827697203","highway":"footway","access":"","foot":""},"geometry":{"type":"LineString","coordinates":[[19.882317,54.644881],[19.882295,54.644785]]}},{"type":"Feature","properties":{"kind":"road","name":"","osm":"way/827697204","highway":"footway","access":"","foot":""},"geometry":{"type":"LineString","coordinates":[[19.882659,54.644879],[19.882701,54.644897],[19.882731,54.644911]]}},{"type":"Feature","properties":{"kind":"road","name":"","osm":"way/827697205","highway":"footway","access":"","foot":""},"geometry":{"type":"LineString","coordinates":[[19.882269,54.644903],[19.882317,54.644881],[19.882436,54.644856],[19.88254,54.644858],[19.882659,54.644879],[19.882773,54.644823],[19.883013,54.644701],[19.883099,54.644664]]}},{"type":"Feature","properties":{"kind":"road","name":"","osm":"way/827697206","highway":"footway","access":"","foot":""},"geometry":{"type":"LineString","coordinates":[[19.889678,54.645768],[19.889195,54.645786],[19.889101,54.645789],[19.888842,54.645798],[19.8886,54.645807],[19.888437,54.645813],[19.887476,54.645849],[19.88702,54.645876],[19.886533,54.645906],[19.885864,54.645946],[19.885105,54.645992],[19.884487,54.64603],[19.884023,54.646058],[19.883629,54.646056],[19.88351,54.646015],[19.883289,54.645756],[19.883073,54.645504],[19.882645,54.645191],[19.882639,54.64516],[19.882663,54.645132],[19.882708,54.645092],[19.882731,54.645067],[19.882748,54.645009],[19.882723,54.644949],[19.882731,54.644911],[19.883261,54.644646]]}},{"type":"Feature","properties":{"kind":"road","name":"","osm":"way/827697207","highway":"service","access":"","foot":""},"geometry":{"type":"LineString","coordinates":[[19.884046,54.646115],[19.884023,54.646058],[19.883991,54.645985],[19.883886,54.645669],[19.883902,54.645456]]}},{"type":"Feature","properties":{"kind":"road","name":"","osm":"way/827697208","highway":"service","access":"","foot":""},"geometry":{"type":"LineString","coordinates":[[19.884543,54.645496],[19.884734,54.645485],[19.885014,54.64547],[19.885399,54.645524]]}},{"type":"Feature","properties":{"kind":"road","name":"","osm":"way/827697209","highway":"service","access":"","foot":""},"geometry":{"type":"LineString","coordinates":[[19.884497,54.646092],[19.884487,54.64603],[19.884424,54.645664],[19.884543,54.645496],[19.884536,54.645294],[19.88472,54.645283]]}},{"type":"Feature","properties":{"kind":"road","name":"","osm":"way/827697210","highway":"service","access":"","foot":""},"geometry":{"type":"LineString","coordinates":[[19.886337,54.645599],[19.885983,54.645594],[19.885832,54.645592],[19.885509,54.645576],[19.885399,54.645524],[19.885439,54.645458],[19.885558,54.645408],[19.885554,54.645259]]}},{"type":"Feature","properties":{"kind":"road","name":"","osm":"way/827697211","highway":"service","access":"","foot":""},"geometry":{"type":"LineString","coordinates":[[19.886496,54.645666],[19.886337,54.645599],[19.886295,54.645438],[19.885994,54.645434],[19.885983,54.645594]]}},{"type":"Feature","properties":{"kind":"road","name":"","osm":"way/827697212","highway":"service","access":"","foot":""},"geometry":{"type":"LineString","coordinates":[[19.886545,54.645984],[19.886533,54.645906],[19.886508,54.645742],[19.886496,54.645666],[19.886651,54.645519],[19.886659,54.645338],[19.886426,54.645192]]}},{"type":"Feature","properties":{"kind":"road","name":"","osm":"way/827697213","highway":"service","access":"","foot":""},"geometry":{"type":"LineString","coordinates":[[19.885865,54.645149],[19.886087,54.645101],[19.886065,54.644949],[19.885899,54.644908],[19.885801,54.645038]]}},{"type":"Feature","properties":{"kind":"road","name":"","osm":"way/827697214","highway":"service","access":"","foot":""},"geometry":{"type":"LineString","coordinates":[[19.885871,54.646019],[19.885864,54.645946],[19.885832,54.645592],[19.885865,54.645149],[19.885801,54.645038]]}},{"type":"Feature","properties":{"kind":"building","name":"","osm":"way/827697215"},"geometry":{"type":"Polygon","coordinates":[[[19.884538,54.645271],[19.884606,54.645271],[19.884606,54.645218],[19.884538,54.645218],[19.884538,54.645271]]]}},{"type":"Feature","properties":{"kind":"building","name":"","osm":"way/827697217"},"geometry":{"type":"Polygon","coordinates":[[[19.888035,54.645562],[19.88795,54.645561],[19.887951,54.645491],[19.888037,54.645491],[19.888035,54.645562]]]}},{"type":"Feature","properties":{"kind":"building","name":"","osm":"way/827697218"},"geometry":{"type":"Polygon","coordinates":[[[19.887768,54.645416],[19.887779,54.645463],[19.88792,54.645452],[19.887909,54.645405],[19.887768,54.645416]]]}},{"type":"Feature","properties":{"kind":"building","name":"","osm":"way/827697219"},"geometry":{"type":"Polygon","coordinates":[[[19.888111,54.645456],[19.888252,54.64544],[19.888225,54.64536],[19.888084,54.645376],[19.888111,54.645456]]]}},{"type":"Feature","properties":{"kind":"building","name":"","osm":"way/827697220"},"geometry":{"type":"Polygon","coordinates":[[[19.887884,54.644706],[19.887934,54.644729],[19.888002,54.644681],[19.887952,54.644658],[19.887884,54.644706]]]}},{"type":"Feature","properties":{"kind":"building","name":"","osm":"way/827697221"},"geometry":{"type":"Polygon","coordinates":[[[19.887952,54.644658],[19.887891,54.644628],[19.887814,54.644682],[19.887875,54.644711],[19.887884,54.644706],[19.887952,54.644658]]]}},{"type":"Feature","properties":{"kind":"building","name":"","osm":"way/827697222"},"geometry":{"type":"Polygon","coordinates":[[[19.887666,54.645156],[19.887624,54.645069],[19.887965,54.645014],[19.888006,54.645101],[19.887666,54.645156]]]}},{"type":"Feature","properties":{"kind":"building","name":"","osm":"way/827697223"},"geometry":{"type":"Polygon","coordinates":[[[19.887262,54.645231],[19.887261,54.645281],[19.887408,54.645282],[19.887409,54.645232],[19.887262,54.645231]]]}},{"type":"Feature","properties":{"kind":"building","name":"","osm":"way/827697224"},"geometry":{"type":"Polygon","coordinates":[[[19.887517,54.645181],[19.88741,54.645246],[19.887577,54.645339],[19.887684,54.645274],[19.887617,54.645237],[19.887657,54.645212],[19.887607,54.645184],[19.887566,54.645209],[19.887517,54.645181]]]}},{"type":"Feature","properties":{"kind":"building","name":"","osm":"way/827697225"},"geometry":{"type":"Polygon","coordinates":[[[19.887288,54.645143],[19.887247,54.645064],[19.887505,54.645019],[19.887546,54.645098],[19.887288,54.645143]]]}},{"type":"Feature","properties":{"kind":"building","name":"","osm":"way/827697226"},"geometry":{"type":"Polygon","coordinates":[[[19.88671,54.645671],[19.886833,54.645705],[19.886796,54.64575],[19.886673,54.645716],[19.88671,54.645671]]]}},{"type":"Feature","properties":{"kind":"building","name":"","osm":"way/827697227"},"geometry":{"type":"Polygon","coordinates":[[[19.886581,54.645691],[19.886673,54.645716],[19.88671,54.645671],[19.886994,54.645325],[19.886902,54.6453],[19.886581,54.645691]]]}},{"type":"Feature","properties":{"kind":"building","name":"","osm":"way/827697228"},"geometry":{"type":"Polygon","coordinates":[[[19.886407,54.645168],[19.886467,54.645093],[19.886962,54.645225],[19.886902,54.6453],[19.886407,54.645168]]]}},{"type":"Feature","properties":{"kind":"building","name":"","osm":"way/827697229"},"geometry":{"type":"Polygon","coordinates":[[[19.886461,54.64555],[19.886506,54.645516],[19.886575,54.645546],[19.886483,54.645616],[19.886414,54.645586],[19.886461,54.64555]]]}},{"type":"Feature","properties":{"kind":"building","name":"","osm":"way/827697230"},"geometry":{"type":"Polygon","coordinates":[[[19.886295,54.64526],[19.886065,54.645304],[19.886034,54.645248],[19.886263,54.645204],[19.886295,54.64526]]]}},{"type":"Feature","properties":{"kind":"building","name":"","osm":"way/827697231"},"geometry":{"type":"Polygon","coordinates":[[[19.88631,54.645286],[19.886295,54.64526],[19.886263,54.645204],[19.886074,54.644874],[19.886187,54.644852],[19.886549,54.645483],[19.886506,54.645516],[19.886461,54.64555],[19.88635,54.645356],[19.88631,54.645286]]]}},{"type":"Feature","properties":{"kind":"building","name":"","osm":"way/827697232"},"geometry":{"type":"Polygon","coordinates":[[[19.886146,54.645318],[19.88631,54.645286],[19.88635,54.645356],[19.886186,54.645387],[19.886146,54.645318]]]}},{"type":"Feature","properties":{"kind":"building","name":"","osm":"way/827697233"},"geometry":{"type":"Polygon","coordinates":[[[19.885898,54.645354],[19.885918,54.645416],[19.886129,54.645393],[19.886108,54.64533],[19.885898,54.645354]]]}},{"type":"Feature","properties":{"kind":"building","name":"","osm":"way/827697234"},"geometry":{"type":"Polygon","coordinates":[[[19.886063,54.645476],[19.886065,54.645542],[19.886284,54.64554],[19.886282,54.645474],[19.886063,54.645476]]]}},{"type":"Feature","properties":{"kind":"building","name":"","osm":"way/827697235"},"geometry":{"type":"Polygon","coordinates":[[[19.88546,54.645166],[19.88548,54.645201],[19.885573,54.645184],[19.885553,54.645149],[19.88546,54.645166]]]}},{"type":"Feature","properties":{"kind":"building","name":"","osm":"way/827697236"},"geometry":{"type":"Polygon","coordinates":[[[19.885772,54.645295],[19.885686,54.645308],[19.885634,54.645197],[19.885721,54.645184],[19.885772,54.645295]]]}},{"type":"Feature","properties":{"kind":"building","name":"","osm":"way/827697238"},"geometry":{"type":"Polygon","coordinates":[[[19.885277,54.645217],[19.885265,54.645174],[19.885441,54.645158],[19.885452,54.645201],[19.885277,54.645217]]]}},{"type":"Feature","properties":{"kind":"building","name":"","osm":"way/827697239"},"geometry":{"type":"Polygon","coordinates":[[[19.884774,54.645254],[19.884833,54.645249],[19.884808,54.645153],[19.884748,54.645158],[19.884774,54.645254]]]}},{"type":"Feature","properties":{"kind":"building","name":"","osm":"way/827697240"},"geometry":{"type":"Polygon","coordinates":[[[19.884086,54.645534],[19.884191,54.645529],[19.884172,54.645395],[19.884067,54.6454],[19.884086,54.645534]]]}},{"type":"Feature","properties":{"kind":"building","name":"","osm":"way/827697241"},"geometry":{"type":"Polygon","coordinates":[[[19.88417,54.645813],[19.884287,54.645813],[19.88432,54.646027],[19.884204,54.646033],[19.88417,54.645813]]]}},{"type":"Feature","properties":{"kind":"building","name":"","osm":"way/827697242"},"geometry":{"type":"Polygon","coordinates":[[[19.884326,54.645526],[19.884215,54.645525],[19.884213,54.64578],[19.88417,54.64578],[19.88417,54.645813],[19.884287,54.645813],[19.884323,54.645813],[19.884326,54.645526]]]}},{"type":"Feature","properties":{"kind":"rail","name":"","osm":"way/827729210"},"geometry":{"type":"LineString","coordinates":[[19.895191,54.643266],[19.895438,54.643513],[19.903007,54.647742],[19.903592,54.648136]]}},{"type":"Feature","properties":{"kind":"rail","name":"","osm":"way/827729211"},"geometry":{"type":"LineString","coordinates":[[19.894963,54.643008],[19.895352,54.643315],[19.895922,54.64366],[19.897964,54.644776],[19.898488,54.645143]]}},{"type":"Feature","properties":{"kind":"rail","name":"","osm":"way/827729212"},"geometry":{"type":"LineString","coordinates":[[19.896323,54.642779],[19.896517,54.643143],[19.897859,54.644449]]}},{"type":"Feature","properties":{"kind":"rail","name":"","osm":"way/827729213"},"geometry":{"type":"LineString","coordinates":[[19.896404,54.642757],[19.896163,54.642504]]}},{"type":"Feature","properties":{"kind":"rail","name":"","osm":"way/827729214"},"geometry":{"type":"LineString","coordinates":[[19.903529,54.647915],[19.902822,54.647401],[19.89878,54.645057],[19.898437,54.644812],[19.896696,54.643124],[19.896404,54.642757],[19.895924,54.642034]]}},{"type":"Feature","properties":{"kind":"rail","name":"","osm":"way/827729215"},"geometry":{"type":"LineString","coordinates":[[19.895004,54.64327],[19.895288,54.643483],[19.895559,54.643643],[19.895991,54.643892],[19.896746,54.644313],[19.903592,54.648136],[19.903952,54.648344]]}},{"type":"Feature","properties":{"kind":"building","name":"","osm":"way/827729234"},"geometry":{"type":"Polygon","coordinates":[[[19.896942,54.643997],[19.896889,54.644027],[19.896949,54.644062],[19.897002,54.644033],[19.896942,54.643997]]]}},{"type":"Feature","properties":{"kind":"building","name":"","osm":"way/827729236"},"geometry":{"type":"Polygon","coordinates":[[[19.898638,54.644692],[19.898778,54.644658],[19.898611,54.644434],[19.898472,54.644469],[19.898638,54.644692]]]}},{"type":"Feature","properties":{"kind":"building","name":"","osm":"way/827729237"},"geometry":{"type":"Polygon","coordinates":[[[19.898423,54.644321],[19.898614,54.644273],[19.898515,54.644142],[19.898324,54.64419],[19.898423,54.644321]]]}},{"type":"Feature","properties":{"kind":"building","name":"","osm":"way/827729238"},"geometry":{"type":"Polygon","coordinates":[[[19.898198,54.643741],[19.897997,54.643795],[19.898284,54.644155],[19.898485,54.644101],[19.898198,54.643741]]]}},{"type":"Feature","properties":{"kind":"building","name":"","osm":"way/827729239"},"geometry":{"type":"Polygon","coordinates":[[[19.897874,54.643792],[19.897696,54.643841],[19.89789,54.644078],[19.898067,54.64403],[19.897874,54.643792]]]}},{"type":"Feature","properties":{"kind":"building","name":"","osm":"way/827729240"},"geometry":{"type":"Polygon","coordinates":[[[19.89797,54.643741],[19.898108,54.643706],[19.897877,54.643399],[19.89774,54.643434],[19.89797,54.643741]]]}},{"type":"Feature","properties":{"kind":"building","name":"","osm":"way/827729241"},"geometry":{"type":"Polygon","coordinates":[[[19.897694,54.643763],[19.89783,54.643721],[19.897553,54.643419],[19.897418,54.64346],[19.897694,54.643763]]]}},{"type":"Feature","properties":{"kind":"building","name":"","osm":"way/827729242"},"geometry":{"type":"Polygon","coordinates":[[[19.896881,54.642659],[19.897108,54.642605],[19.897245,54.642796],[19.897018,54.64285],[19.896881,54.642659]]]}},{"type":"Feature","properties":{"kind":"building","name":"","osm":"way/827729243"},"geometry":{"type":"Polygon","coordinates":[[[19.897026,54.642481],[19.896995,54.642435],[19.897216,54.642386],[19.897246,54.642431],[19.897026,54.642481]]]}},{"type":"Feature","properties":{"kind":"building","name":"","osm":"way/827729244"},"geometry":{"type":"Polygon","coordinates":[[[19.896694,54.642398],[19.896942,54.642344],[19.896998,54.642427],[19.896932,54.642442],[19.896968,54.642496],[19.896785,54.642537],[19.896694,54.642398]]]}},{"type":"Feature","properties":{"kind":"building","name":"","osm":"way/827729245"},"geometry":{"type":"Polygon","coordinates":[[[19.896801,54.642032],[19.897012,54.642314],[19.89712,54.642287],[19.897021,54.642155],[19.897141,54.642125],[19.89724,54.642257],[19.897377,54.642222],[19.897166,54.64194],[19.896801,54.642032]]]}},{"type":"Feature","properties":{"kind":"building","name":"","osm":"way/827729246"},"geometry":{"type":"Polygon","coordinates":[[[19.896421,54.64167],[19.896518,54.641645],[19.896446,54.641553],[19.896342,54.64158],[19.895964,54.641097],[19.895749,54.641154],[19.896127,54.641636],[19.896044,54.641658],[19.896116,54.64175],[19.896254,54.641714],[19.896602,54.642159],[19.89677,54.642116],[19.896421,54.64167]]]}},{"type":"Feature","properties":{"kind":"building","name":"","osm":"way/827729247"},"geometry":{"type":"Polygon","coordinates":[[[19.896482,54.642235],[19.896301,54.642297],[19.895735,54.641747],[19.895916,54.641684],[19.896482,54.642235]]]}},{"type":"Feature","properties":{"kind":"building","name":"","osm":"way/827729248"},"geometry":{"type":"Polygon","coordinates":[[[19.893738,54.642612],[19.893828,54.642749],[19.893946,54.642723],[19.893974,54.642717],[19.893958,54.642692],[19.894158,54.642648],[19.894175,54.642673],[19.894302,54.642645],[19.894212,54.642508],[19.894085,54.642536],[19.894101,54.64256],[19.8939,54.642604],[19.893884,54.64258],[19.893738,54.642612]]]}},{"type":"Feature","properties":{"kind":"building","name":"","osm":"way/827729249"},"geometry":{"type":"Polygon","coordinates":[[[19.895291,54.642727],[19.895179,54.642787],[19.895418,54.642935],[19.895529,54.642874],[19.895291,54.642727]]]}},{"type":"Feature","properties":{"kind":"building","name":"","osm":"way/827729250"},"geometry":{"type":"Polygon","coordinates":[[[19.895315,54.64266],[19.895135,54.642755],[19.894814,54.642552],[19.894993,54.642457],[19.895315,54.64266]]]}},{"type":"Feature","properties":{"kind":"building","name":"","osm":"way/827729251"},"geometry":{"type":"Polygon","coordinates":[[[19.895537,54.642591],[19.895713,54.642497],[19.895288,54.64223],[19.895113,54.642324],[19.895537,54.642591]]]}},{"type":"Feature","properties":{"kind":"building","name":"","osm":"way/827729252"},"geometry":{"type":"Polygon","coordinates":[[[19.895521,54.642153],[19.895461,54.642087],[19.895751,54.641999],[19.895811,54.642065],[19.895645,54.642116],[19.895521,54.642153]]]}},{"type":"Feature","properties":{"kind":"building","name":"","osm":"way/827729253"},"geometry":{"type":"Polygon","coordinates":[[[19.895521,54.642153],[19.895645,54.642116],[19.895971,54.642326],[19.89587,54.642378],[19.895521,54.642153]]]}},{"type":"Feature","properties":{"kind":"building","name":"","osm":"way/827729254"},"geometry":{"type":"Polygon","coordinates":[[[19.89572,54.641928],[19.895662,54.641867],[19.895206,54.642013],[19.895264,54.642074],[19.89572,54.641928]]]}},{"type":"Feature","properties":{"kind":"building","name":"","osm":"way/827729255"},"geometry":{"type":"Polygon","coordinates":[[[19.8955,54.641652],[19.895679,54.641611],[19.895508,54.641358],[19.895328,54.641399],[19.8955,54.641652]]]}},{"type":"Feature","properties":{"kind":"building","name":"","osm":"way/827729256"},"geometry":{"type":"Polygon","coordinates":[[[19.894746,54.641737],[19.895012,54.641671],[19.895176,54.641893],[19.89491,54.641959],[19.894746,54.641737]]]}},{"type":"Feature","properties":{"kind":"building","name":"","osm":"way/827729257"},"geometry":{"type":"Polygon","coordinates":[[[19.893494,54.642097],[19.893408,54.642125],[19.893483,54.642204],[19.893569,54.642176],[19.893494,54.642097]]]}},{"type":"Feature","properties":{"kind":"building","name":"","osm":"way/827729258"},"geometry":{"type":"Polygon","coordinates":[[[19.894432,54.642152],[19.894226,54.642206],[19.894108,54.642056],[19.894184,54.642037],[19.894228,54.642092],[19.89427,54.642081],[19.894239,54.642041],[19.894328,54.642018],[19.894432,54.642152]]]}},{"type":"Feature","properties":{"kind":"building","name":"","osm":"way/827729259"},"geometry":{"type":"Polygon","coordinates":[[[19.893722,54.641919],[19.893764,54.641977],[19.893936,54.641935],[19.893893,54.641877],[19.893722,54.641919]]]}},{"type":"Feature","properties":{"kind":"building","name":"","osm":"way/840823699"},"geometry":{"type":"Polygon","coordinates":[[[19.88816,54.640315],[19.888123,54.64027],[19.888211,54.640247],[19.888247,54.640292],[19.88816,54.640315]]]}},{"type":"Feature","properties":{"kind":"road","name":"","osm":"way/844455635","highway":"footway","access":"","foot":""},"geometry":{"type":"LineString","coordinates":[[19.882724,54.644422],[19.882648,54.64446]]}},{"type":"Feature","properties":{"kind":"building","name":"","osm":"way/853321361"},"geometry":{"type":"Polygon","coordinates":[[[19.895394,54.645734],[19.895537,54.645652],[19.895887,54.645858],[19.895873,54.645866],[19.895744,54.64594],[19.89571,54.64592],[19.895666,54.645894],[19.895582,54.645942],[19.895411,54.645842],[19.895495,54.645794],[19.895394,54.645734]]]}},{"type":"Feature","properties":{"kind":"building","name":"","osm":"way/860487787"},"geometry":{"type":"Polygon","coordinates":[[[19.897788,54.63881],[19.897686,54.638893],[19.897852,54.638961],[19.897954,54.638878],[19.897788,54.63881]]]}},{"type":"Feature","properties":{"kind":"building","name":"","osm":"way/860487791"},"geometry":{"type":"Polygon","coordinates":[[[19.89767,54.640098],[19.897737,54.640192],[19.897906,54.640152],[19.897839,54.640058],[19.89767,54.640098]]]}},{"type":"Feature","properties":{"kind":"building","name":"","osm":"way/860487792"},"geometry":{"type":"Polygon","coordinates":[[[19.89723,54.638187],[19.897304,54.638119],[19.897545,54.638206],[19.897471,54.638274],[19.89723,54.638187]]]}},{"type":"Feature","properties":{"kind":"building","name":"","osm":"way/860487793"},"geometry":{"type":"Polygon","coordinates":[[[19.898076,54.638472],[19.897813,54.638353],[19.898147,54.638106],[19.898409,54.638226],[19.898076,54.638472]]]}},{"type":"Feature","properties":{"kind":"building","name":"","osm":"way/860487794"},"geometry":{"type":"Polygon","coordinates":[[[19.897214,54.638565],[19.897322,54.638611],[19.89752,54.638455],[19.897412,54.638409],[19.897214,54.638565]]]}},{"type":"Feature","properties":{"kind":"building","name":"","osm":"way/860487795"},"geometry":{"type":"Polygon","coordinates":[[[19.897431,54.638771],[19.897264,54.638703],[19.897535,54.638481],[19.897702,54.638549],[19.897431,54.638771]]]}},{"type":"Feature","properties":{"kind":"building","name":"","osm":"way/860487796"},"geometry":{"type":"Polygon","coordinates":[[[19.898394,54.638628],[19.898237,54.638559],[19.898546,54.638326],[19.898702,54.638395],[19.898394,54.638628]]]}},{"type":"Feature","properties":{"kind":"rail","name":"","osm":"way/877518288"},"geometry":{"type":"LineString","coordinates":[[19.896689,54.644343],[19.895396,54.643621],[19.895256,54.643513],[19.895004,54.64327]]}},{"type":"Feature","properties":{"kind":"building","name":"","osm":"way/925363311"},"geometry":{"type":"Polygon","coordinates":[[[19.88302,54.645838],[19.882935,54.645858],[19.883028,54.645991],[19.883114,54.645971],[19.88302,54.645838]]]}},{"type":"Feature","properties":{"kind":"road","name":"","osm":"way/969922682","highway":"footway","access":"","foot":""},"geometry":{"type":"LineString","coordinates":[[19.891486,54.638983],[19.891442,54.638949],[19.891388,54.638913],[19.891374,54.638921]]}},{"type":"Feature","properties":{"kind":"road","name":"","osm":"way/969922685","highway":"service","access":"","foot":""},"geometry":{"type":"LineString","coordinates":[[19.889624,54.638839],[19.889849,54.638725]]}},{"type":"Feature","properties":{"kind":"road","name":"","osm":"way/969922687","highway":"tertiary","access":"customers","foot":""},"geometry":{"type":"LineString","coordinates":[[19.8915,54.638725],[19.8916,54.638549]]}},{"type":"Feature","properties":{"kind":"road","name":"","osm":"way/971795389","highway":"unclassified","access":"","foot":""},"geometry":{"type":"LineString","coordinates":[[19.882272,54.645414],[19.882157,54.64546]]}},{"type":"Feature","properties":{"kind":"road","name":"","osm":"way/971795390","highway":"tertiary","access":"","foot":""},"geometry":{"type":"LineString","coordinates":[[19.8825,54.644881],[19.882584,54.644896],[19.882652,54.644928]]}},{"type":"Feature","properties":{"kind":"road","name":"","osm":"way/971795391","highway":"tertiary","access":"","foot":""},"geometry":{"type":"LineString","coordinates":[[19.882652,54.644928],[19.882697,54.644973],[19.882709,54.645025],[19.882686,54.645076],[19.882632,54.645118],[19.882555,54.645145]]}},{"type":"Feature","properties":{"kind":"road","name":"","osm":"way/971795392","highway":"tertiary","access":"","foot":""},"geometry":{"type":"LineString","coordinates":[[19.882555,54.645145],[19.882484,54.645153],[19.882411,54.645148]]}},{"type":"Feature","properties":{"kind":"road","name":"Северный мол","osm":"way/971795393","highway":"unclassified","access":"","foot":""},"geometry":{"type":"LineString","coordinates":[[19.882805,54.644841],[19.883041,54.644719],[19.883159,54.644662],[19.883219,54.64463],[19.883266,54.644597],[19.883314,54.644557],[19.883352,54.644506],[19.883373,54.644472],[19.883524,54.643986]]}},{"type":"Feature","properties":{"kind":"road","name":"","osm":"way/971795394","highway":"unclassified","access":"","foot":""},"geometry":{"type":"LineString","coordinates":[[19.882157,54.64546],[19.881725,54.645631],[19.881513,54.645707],[19.88136,54.645756],[19.880886,54.645815],[19.880465,54.645868],[19.88006,54.645919],[19.879659,54.645904],[19.879155,54.645454],[19.879035,54.645347]]}},{"type":"Feature","properties":{"kind":"road","name":"Кронштадтская улица","osm":"way/987935095","highway":"tertiary","access":"","foot":""},"geometry":{"type":"LineString","coordinates":[[19.891207,54.640355],[19.891403,54.640244]]}},{"type":"Feature","properties":{"kind":"road","name":"Кронштадтская улица","osm":"way/987935098","highway":"tertiary","access":"","foot":""},"geometry":{"type":"LineString","coordinates":[[19.893174,54.639243],[19.893188,54.638709]]}},{"type":"Feature","properties":{"kind":"coastline","name":"","osm":"way/1026672051"},"geometry":{"type":"LineString","coordinates":[[19.897419,54.640554],[19.896636,54.639288],[19.896555,54.638826],[19.896406,54.638126],[19.89706,54.637571],[19.897763,54.637438],[19.897944,54.637391],[19.898049,54.637517],[19.89758,54.637787],[19.898784,54.638286],[19.900354,54.638978],[19.901688,54.639619],[19.901348,54.640184],[19.901252,54.641037],[19.901522,54.641441],[19.901627,54.641593],[19.901627,54.641734]]}},{"type":"Feature","properties":{"kind":"road","name":"Морской бульвар","osm":"way/1074565768","highway":"footway","access":"","foot":""},"geometry":{"type":"LineString","coordinates":[[19.881422,54.64358],[19.880927,54.643847],[19.880617,54.644014],[19.880535,54.644058],[19.879366,54.644648],[19.878551,54.64506],[19.878061,54.645307],[19.87661,54.646014],[19.875861,54.646378],[19.875307,54.646648]]}},{"type":"Feature","properties":{"kind":"building","name":"","osm":"way/1078912122"},"geometry":{"type":"Polygon","coordinates":[[[19.89695,54.646024],[19.896842,54.645961],[19.897001,54.645869],[19.897109,54.645933],[19.89695,54.646024]]]}},{"type":"Feature","properties":{"kind":"building","name":"","osm":"way/1078912123"},"geometry":{"type":"Polygon","coordinates":[[[19.895916,54.645018],[19.895985,54.64498],[19.896081,54.64504],[19.896011,54.645077],[19.895916,54.645018]]]}},{"type":"Feature","properties":{"kind":"building","name":"","osm":"way/1078912124"},"geometry":{"type":"Polygon","coordinates":[[[19.895921,54.645107],[19.895976,54.645078],[19.896039,54.645118],[19.895984,54.645147],[19.895921,54.645107]]]}},{"type":"Feature","properties":{"kind":"building","name":"","osm":"way/1078912125"},"geometry":{"type":"Polygon","coordinates":[[[19.895745,54.645677],[19.895853,54.645622],[19.895651,54.645491],[19.895544,54.645547],[19.895745,54.645677]]]}},{"type":"Feature","properties":{"kind":"building","name":"","osm":"way/1078912126"},"geometry":{"type":"Polygon","coordinates":[[[19.89603,54.645287],[19.895917,54.645346],[19.89609,54.645457],[19.896203,54.645397],[19.89603,54.645287]]]}},{"type":"Feature","properties":{"kind":"building","name":"","osm":"way/1078912127"},"geometry":{"type":"Polygon","coordinates":[[[19.896125,54.645897],[19.895757,54.645684],[19.895867,54.64562],[19.896235,54.645833],[19.896125,54.645897]]]}},{"type":"Feature","properties":{"kind":"building","name":"","osm":"way/1078912128"},"geometry":{"type":"Polygon","coordinates":[[[19.896125,54.645897],[19.896235,54.645833],[19.896503,54.645988],[19.896393,54.646052],[19.896125,54.645897]]]}},{"type":"Feature","properties":{"kind":"building","name":"","osm":"way/1078912130"},"geometry":{"type":"Polygon","coordinates":[[[19.896013,54.646132],[19.895919,54.646076],[19.896118,54.645964],[19.896213,54.646021],[19.896013,54.646132]]]}},{"type":"Feature","properties":{"kind":"building","name":"","osm":"way/1078912131"},"geometry":{"type":"Polygon","coordinates":[[[19.895866,54.646011],[19.895808,54.646045],[19.895652,54.645953],[19.89571,54.64592],[19.895744,54.64594],[19.895866,54.646011]]]}},{"type":"Feature","properties":{"kind":"building","name":"","osm":"way/1078912132"},"geometry":{"type":"Polygon","coordinates":[[[19.895873,54.645866],[19.895995,54.645938],[19.895866,54.646011],[19.895744,54.64594],[19.895873,54.645866]]]}},{"type":"Feature","properties":{"kind":"building","name":"","osm":"way/1078912133"},"geometry":{"type":"Polygon","coordinates":[[[19.883565,54.634885],[19.883537,54.634834],[19.883672,54.634809],[19.8837,54.63486],[19.883565,54.634885]]]}},{"type":"Feature","properties":{"kind":"road","name":"","osm":"way/1092012319","highway":"footway","access":"","foot":""},"geometry":{"type":"LineString","coordinates":[[19.892469,54.643344],[19.892764,54.64318]]}},{"type":"Feature","properties":{"kind":"road","name":"","osm":"way/1092012320","highway":"footway","access":"","foot":""},"geometry":{"type":"LineString","coordinates":[[19.893305,54.643123],[19.893366,54.64307]]}},{"type":"Feature","properties":{"kind":"building","name":"","osm":"way/1092012375"},"geometry":{"type":"Polygon","coordinates":[[[19.897119,54.644678],[19.897091,54.644693],[19.897227,54.644774],[19.897254,54.644759],[19.897119,54.644678]]]}},{"type":"Feature","properties":{"kind":"road","name":"","osm":"way/1092012377","highway":"footway","access":"","foot":""},"geometry":{"type":"LineString","coordinates":[[19.896521,54.644823],[19.896589,54.644855],[19.896637,54.644877]]}},{"type":"Feature","properties":{"kind":"road","name":"","osm":"way/1092012378","highway":"footway","access":"","foot":""},"geometry":{"type":"LineString","coordinates":[[19.896637,54.644877],[19.898708,54.646104],[19.898813,54.646166],[19.899229,54.646412],[19.899468,54.646553],[19.90141,54.647704],[19.901698,54.647875],[19.901975,54.648038],[19.902157,54.648146],[19.902599,54.648408],[19.902882,54.648576],[19.903862,54.649156],[19.904023,54.649251]]}},{"type":"Feature","properties":{"kind":"building","name":"","osm":"way/1092012379"},"geometry":{"type":"Polygon","coordinates":[[[19.89689,54.644964],[19.896854,54.644986],[19.897056,54.645098],[19.897091,54.645077],[19.89689,54.644964]]]}},{"type":"Feature","properties":{"kind":"building","name":"","osm":"way/1092012380"},"geometry":{"type":"Polygon","coordinates":[[[19.898912,54.646126],[19.898847,54.646162],[19.898764,54.646111],[19.898987,54.645989],[19.899069,54.64604],[19.898912,54.646126]]]}},{"type":"Feature","properties":{"kind":"road","name":"","osm":"way/1092012382","highway":"footway","access":"","foot":""},"geometry":{"type":"LineString","coordinates":[[19.889678,54.645768],[19.890193,54.645642],[19.890568,54.645459],[19.891108,54.645197],[19.891593,54.64496],[19.891709,54.644904],[19.891813,54.644821]]}},{"type":"Feature","properties":{"kind":"road","name":"","osm":"way/1092012383","highway":"path","access":"","foot":""},"geometry":{"type":"LineString","coordinates":[[19.890095,54.645212],[19.890366,54.645276]]}},{"type":"Feature","properties":{"kind":"road","name":"","osm":"way/1092012384","highway":"service","access":"","foot":""},"geometry":{"type":"LineString","coordinates":[[19.890263,54.644781],[19.890127,54.644771],[19.890053,54.644835],[19.890029,54.645127],[19.890095,54.645212],[19.890012,54.645314],[19.88999,54.64558],[19.890193,54.645642],[19.89029,54.645672]]}},{"type":"Feature","properties":{"kind":"road","name":"","osm":"way/1092012385","highway":"service","access":"","foot":""},"geometry":{"type":"LineString","coordinates":[[19.890802,54.645041],[19.890389,54.6452],[19.890366,54.645276],[19.890393,54.645339],[19.890568,54.645459],[19.890635,54.645506]]}},{"type":"Feature","properties":{"kind":"road","name":"","osm":"way/1092012386","highway":"service","access":"","foot":""},"geometry":{"type":"LineString","coordinates":[[19.891196,54.645241],[19.891108,54.645197],[19.890802,54.645041],[19.890686,54.644982],[19.890545,54.644773],[19.890569,54.644518]]}},{"type":"Feature","properties":{"kind":"road","name":"","osm":"way/1092012387","highway":"service","access":"","foot":""},"geometry":{"type":"LineString","coordinates":[[19.891692,54.644997],[19.891593,54.64496],[19.891496,54.644925]]}},{"type":"Feature","properties":{"kind":"road","name":"","osm":"way/1092012388","highway":"service","access":"","foot":""},"geometry":{"type":"LineString","coordinates":[[19.890068,54.644489],[19.890073,54.644376],[19.890332,54.644377],[19.890569,54.644518]]}},{"type":"Feature","properties":{"kind":"road","name":"","osm":"way/1092012389","highway":"service","access":"","foot":""},"geometry":{"type":"LineString","coordinates":[[19.890569,54.644518],[19.891985,54.644318],[19.892082,54.644313]]}},{"type":"Feature","properties":{"kind":"road","name":"","osm":"way/1092012391","highway":"footway","access":"","foot":""},"geometry":{"type":"LineString","coordinates":[[19.892513,54.646299],[19.892448,54.646056],[19.892332,54.645628]]}},{"type":"Feature","properties":{"kind":"road","name":"","osm":"way/1092012393","highway":"footway","access":"","foot":""},"geometry":{"type":"LineString","coordinates":[[19.892332,54.645628],[19.892137,54.644901],[19.891956,54.644884]]}},{"type":"Feature","properties":{"kind":"road","name":"","osm":"way/1092012394","highway":"footway","access":"","foot":""},"geometry":{"type":"LineString","coordinates":[[19.891956,54.644884],[19.891902,54.64486],[19.891813,54.644821]]}},{"type":"Feature","properties":{"kind":"road","name":"","osm":"way/1092012395","highway":"footway","access":"","foot":""},"geometry":{"type":"LineString","coordinates":[[19.892131,54.643974],[19.892245,54.64396],[19.89235,54.643947]]}},{"type":"Feature","properties":{"kind":"road","name":"","osm":"way/1092012396","highway":"footway","access":"","foot":""},"geometry":{"type":"LineString","coordinates":[[19.892093,54.644115],[19.8922,54.644149],[19.892285,54.644175]]}},{"type":"Feature","properties":{"kind":"road","name":"","osm":"way/1092012397","highway":"footway","access":"","foot":""},"geometry":{"type":"LineString","coordinates":[[19.891813,54.644821],[19.891982,54.644587],[19.891985,54.644318],[19.892093,54.644115],[19.892131,54.643974]]}},{"type":"Feature","properties":{"kind":"road","name":"","osm":"way/1092012398","highway":"footway","access":"","foot":""},"geometry":{"type":"LineString","coordinates":[[19.89451,54.643885],[19.894492,54.64379]]}},{"type":"Feature","properties":{"kind":"road","name":"","osm":"way/1092012399","highway":"footway","access":"","foot":""},"geometry":{"type":"LineString","coordinates":[[19.894536,54.643761],[19.894691,54.643768]]}},{"type":"Feature","properties":{"kind":"road","name":"","osm":"way/1092012400","highway":"footway","access":"","foot":""},"geometry":{"type":"LineString","coordinates":[[19.894324,54.643453],[19.894193,54.642814]]}},{"type":"Feature","properties":{"kind":"road","name":"","osm":"way/1092012401","highway":"service","access":"","foot":""},"geometry":{"type":"LineString","coordinates":[[19.893639,54.64402],[19.893623,54.643948],[19.893593,54.643804],[19.893741,54.643794],[19.893772,54.643938],[19.893787,54.64401]]}},{"type":"Feature","properties":{"kind":"road","name":"","osm":"way/1092012402","highway":"service","access":"","foot":""},"geometry":{"type":"LineString","coordinates":[[19.892876,54.643701],[19.893884,54.643632]]}},{"type":"Feature","properties":{"kind":"road","name":"","osm":"way/1092012403","highway":"footway","access":"","foot":""},"geometry":{"type":"LineString","coordinates":[[19.892764,54.64318],[19.893305,54.643123],[19.8938,54.643306],[19.893884,54.643632],[19.89401,54.643665]]}},{"type":"Feature","properties":{"kind":"road","name":"","osm":"way/1092012404","highway":"service","access":"","foot":""},"geometry":{"type":"LineString","coordinates":[[19.894669,54.642591],[19.89435,54.642765],[19.894299,54.642781],[19.894193,54.642814],[19.893366,54.64307]]}},{"type":"Feature","properties":{"kind":"road","name":"","osm":"way/1092012405","highway":"footway","access":"","foot":""},"geometry":{"type":"LineString","coordinates":[[19.894708,54.643844],[19.894691,54.643768],[19.89454,54.643061],[19.894299,54.642781]]}},{"type":"Feature","properties":{"kind":"road","name":"","osm":"way/1092012406","highway":"footway","access":"","foot":""},"geometry":{"type":"LineString","coordinates":[[19.89401,54.643665],[19.894384,54.643788],[19.894492,54.64379],[19.894536,54.643761]]}},{"type":"Feature","properties":{"kind":"road","name":"","osm":"way/1092012407","highway":"footway","access":"","foot":""},"geometry":{"type":"LineString","coordinates":[[19.896306,54.644885],[19.896372,54.644848],[19.896468,54.644793]]}},{"type":"Feature","properties":{"kind":"road","name":"","osm":"way/1092012408","highway":"footway","access":"","foot":""},"geometry":{"type":"LineString","coordinates":[[19.894708,54.643844],[19.894581,54.64388],[19.89451,54.643885],[19.893961,54.643924],[19.893772,54.643938],[19.893623,54.643948],[19.89294,54.643997],[19.892526,54.644026],[19.892441,54.643999],[19.89235,54.643947]]}},{"type":"Feature","properties":{"kind":"road","name":"проспект Ленина","osm":"way/1092012409","highway":"secondary","access":"","foot":""},"geometry":{"type":"LineString","coordinates":[[19.895723,54.644463],[19.896372,54.644848],[19.89651,54.64493]]}},{"type":"Feature","properties":{"kind":"road","name":"","osm":"way/1092012410","highway":"footway","access":"","foot":""},"geometry":{"type":"LineString","coordinates":[[19.895493,54.644225],[19.896468,54.644793],[19.896521,54.644823]]}},{"type":"Feature","properties":{"kind":"road","name":"","osm":"way/1092012411","highway":"footway","access":"","foot":""},"geometry":{"type":"LineString","coordinates":[[19.895359,54.644148],[19.895429,54.644188],[19.895493,54.644225]]}},{"type":"Feature","properties":{"kind":"road","name":"","osm":"way/1092012412","highway":"footway","access":"","foot":""},"geometry":{"type":"LineString","coordinates":[[19.894873,54.643839],[19.895017,54.643949],[19.895359,54.644148]]}},{"type":"Feature","properties":{"kind":"road","name":"","osm":"way/1092012413","highway":"footway","access":"","foot":""},"geometry":{"type":"LineString","coordinates":[[19.894708,54.643844],[19.894773,54.643842],[19.894873,54.643839]]}},{"type":"Feature","properties":{"kind":"road","name":"","osm":"way/1092012414","highway":"service","access":"","foot":""},"geometry":{"type":"LineString","coordinates":[[19.895346,54.644241],[19.895429,54.644188],[19.89552,54.64413]]}},{"type":"Feature","properties":{"kind":"road","name":"","osm":"way/1092012415","highway":"footway","access":"","foot":""},"geometry":{"type":"LineString","coordinates":[[19.894581,54.64388],[19.894596,54.643952],[19.894605,54.643995]]}},{"type":"Feature","properties":{"kind":"road","name":"","osm":"way/1092012416","highway":"footway","access":"","foot":""},"geometry":{"type":"LineString","coordinates":[[19.896389,54.644933],[19.896306,54.644885],[19.896095,54.644799],[19.894809,54.64403],[19.894719,54.644002],[19.894605,54.643995],[19.892285,54.644175]]}},{"type":"Feature","properties":{"kind":"road","name":"","osm":"way/1092012417","highway":"footway","access":"","foot":""},"geometry":{"type":"LineString","coordinates":[[19.896478,54.644985],[19.896444,54.644966],[19.896389,54.644933]]}},{"type":"Feature","properties":{"kind":"road","name":"","osm":"way/1092012418","highway":"footway","access":"","foot":""},"geometry":{"type":"LineString","coordinates":[[19.898327,54.646087],[19.898185,54.646004],[19.898073,54.645986],[19.897625,54.645724],[19.897586,54.645635],[19.896478,54.644985]]}},{"type":"Feature","properties":{"kind":"building","name":"","osm":"way/1092012420"},"geometry":{"type":"Polygon","coordinates":[[[19.8985,54.645815],[19.898508,54.645842],[19.898481,54.645865],[19.898435,54.645869],[19.898396,54.645854],[19.898388,54.645827],[19.898415,54.645804],[19.898461,54.6458],[19.8985,54.645815]]]}},{"type":"Feature","properties":{"kind":"road","name":"","osm":"way/1171890987","highway":"service","access":"","foot":""},"geometry":{"type":"LineString","coordinates":[[19.897992,54.638606],[19.89729,54.638328],[19.896512,54.638168],[19.896672,54.63919],[19.897268,54.64016]]}},{"type":"Feature","properties":{"kind":"road","name":"","osm":"way/1171890988","highway":"service","access":"","foot":""},"geometry":{"type":"LineString","coordinates":[[19.897996,54.641034],[19.89826,54.640792]]}},{"type":"Feature","properties":{"kind":"rail","name":"","osm":"way/1188763315"},"geometry":{"type":"LineString","coordinates":[[19.894557,54.642834],[19.895004,54.64327]]}},{"type":"Feature","properties":{"kind":"rail","name":"","osm":"way/1252547400"},"geometry":{"type":"LineString","coordinates":[[19.906026,54.649577],[19.903438,54.648111],[19.896689,54.644343]]}},{"type":"Feature","properties":{"kind":"building","name":"","osm":"way/1253345320"},"geometry":{"type":"Polygon","coordinates":[[[19.887229,54.642808],[19.887263,54.642827],[19.887299,54.642805],[19.887265,54.642786],[19.887229,54.642808]]]}},{"type":"Feature","properties":{"kind":"road","name":"","osm":"way/1253345321","highway":"footway","access":"","foot":""},"geometry":{"type":"LineString","coordinates":[[19.887302,54.641393],[19.887274,54.641531],[19.887315,54.641683],[19.887479,54.641871],[19.887398,54.642016],[19.887703,54.642237]]}},{"type":"Feature","properties":{"kind":"green","name":"","osm":"way/1262765151"},"geometry":{"type":"Polygon","coordinates":[[[19.883399,54.6432],[19.884396,54.643442],[19.884429,54.643517],[19.884364,54.643666],[19.883922,54.644914],[19.885823,54.644535],[19.886057,54.644504],[19.886282,54.644482],[19.88665,54.644318],[19.8861,54.644358],[19.885791,54.644398],[19.885158,54.644442],[19.884954,54.644436],[19.884718,54.64438],[19.884665,54.644293],[19.884708,54.643722],[19.884719,54.643491],[19.884729,54.643287],[19.884761,54.64302],[19.88459,54.642921],[19.884504,54.642852],[19.884364,54.642735],[19.883399,54.6432]]]}},{"type":"Feature","properties":{"kind":"green","name":"","osm":"way/1262765152"},"geometry":{"type":"Polygon","coordinates":[[[19.887229,54.644255],[19.886883,54.644489],[19.887163,54.644518],[19.886892,54.644756],[19.88655,54.644776],[19.886768,54.645016],[19.887347,54.644634],[19.887467,54.644498],[19.88757,54.644492],[19.887673,54.644582],[19.887773,54.644547],[19.887859,54.644487],[19.887401,54.64436],[19.887229,54.644255]]]}},{"type":"Feature","properties":{"kind":"green","name":"","osm":"way/1262765153"},"geometry":{"type":"Polygon","coordinates":[[[19.88655,54.644776],[19.886282,54.644482],[19.88665,54.644318],[19.887005,54.644173],[19.887038,54.644128],[19.887108,54.644108],[19.88719,54.644128],[19.887229,54.644255],[19.886883,54.644489],[19.887163,54.644518],[19.886892,54.644756],[19.88655,54.644776]]]}},{"type":"Feature","properties":{"kind":"road","name":"","osm":"way/1262765158","highway":"footway","access":"","foot":""},"geometry":{"type":"LineString","coordinates":[[19.886666,54.642178],[19.886713,54.642221],[19.887168,54.642097],[19.887398,54.642016]]}},{"type":"Feature","properties":{"kind":"road","name":"","osm":"way/1262765159","highway":"footway","access":"","foot":""},"geometry":{"type":"LineString","coordinates":[[19.886292,54.641806],[19.886417,54.641932]]}},{"type":"Feature","properties":{"kind":"road","name":"","osm":"way/1262765160","highway":"footway","access":"","foot":""},"geometry":{"type":"LineString","coordinates":[[19.886417,54.641932],[19.886666,54.642178]]}},{"type":"Feature","properties":{"kind":"green","name":"","osm":"way/1262765163"},"geometry":{"type":"Polygon","coordinates":[[[19.885869,54.641975],[19.886032,54.642297],[19.88578,54.642483],[19.885511,54.642437],[19.885245,54.642331],[19.885489,54.642178],[19.885444,54.642046],[19.885106,54.642198],[19.884762,54.642112],[19.884715,54.642187],[19.884917,54.642329],[19.885801,54.642573],[19.885879,54.642904],[19.885387,54.642987],[19.885351,54.642744],[19.885039,54.642721],[19.884481,54.642025],[19.885672,54.641901],[19.885869,54.641975]]]}},{"type":"Feature","properties":{"kind":"green","name":"","osm":"way/1262765164"},"geometry":{"type":"Polygon","coordinates":[[[19.885397,54.643059],[19.885904,54.643008],[19.886102,54.642992],[19.886198,54.643371],[19.886316,54.643439],[19.8871,54.643492],[19.887078,54.643613],[19.887926,54.643666],[19.888253,54.643797],[19.888379,54.643633],[19.888282,54.643543],[19.888924,54.642763],[19.888887,54.642737],[19.888746,54.642609],[19.888992,54.642556],[19.889062,54.642617],[19.889394,54.642571],[19.889504,54.642454],[19.889724,54.642451],[19.890484,54.642443],[19.889561,54.643006],[19.889148,54.643012],[19.888643,54.643478],[19.888831,54.643561],[19.888761,54.644428],[19.887335,54.643975],[19.887367,54.643844],[19.886465,54.643807],[19.886444,54.643931],[19.885071,54.644139],[19.885157,54.643348],[19.885437,54.643331],[19.885397,54.643059]]]}},{"type":"Feature","properties":{"kind":"green","name":"","osm":"way/1262765165"},"geometry":{"type":"Polygon","coordinates":[[[19.88578,54.642483],[19.88734,54.641946],[19.88738,54.641907],[19.887314,54.64185],[19.887373,54.641827],[19.88724,54.641604],[19.887248,54.641418],[19.887147,54.641369],[19.887231,54.641331],[19.887397,54.641239],[19.887406,54.64118],[19.887559,54.641104],[19.887722,54.64113],[19.887826,54.64125],[19.887916,54.641339],[19.887948,54.641357],[19.888027,54.641367],[19.888077,54.641345],[19.887662,54.640892],[19.887064,54.641298],[19.886647,54.641582],[19.886731,54.641692],[19.886383,54.641807],[19.886315,54.641798],[19.886292,54.641806],[19.886274,54.641811],[19.886221,54.641861],[19.885869,54.641975],[19.886032,54.642297],[19.88578,54.642483]]]}},{"type":"Feature","properties":{"kind":"green","name":"","osm":"way/1262765166"},"geometry":{"type":"Polygon","coordinates":[[[19.887485,54.641769],[19.887352,54.641679],[19.887346,54.6414],[19.887557,54.64135],[19.887811,54.641368],[19.887863,54.641434],[19.887978,54.641388],[19.888027,54.641367],[19.888077,54.641345],[19.888376,54.641672],[19.888161,54.64182],[19.888328,54.641918],[19.888351,54.642025],[19.888411,54.642053],[19.888658,54.642184],[19.888893,54.642233],[19.889199,54.642095],[19.889541,54.642187],[19.890484,54.642443],[19.889724,54.642451],[19.889738,54.642383],[19.889574,54.642336],[19.889595,54.642297],[19.889563,54.642291],[19.889526,54.642322],[19.889418,54.642307],[19.889363,54.642238],[19.889312,54.642232],[19.889344,54.642305],[19.889009,54.64246],[19.888781,54.642455],[19.88863,54.642411],[19.888251,54.642212],[19.888299,54.642183],[19.88828,54.64217],[19.888252,54.642157],[19.888207,54.642185],[19.888165,54.642182],[19.887825,54.642007],[19.887708,54.641952],[19.887529,54.641833],[19.887587,54.641743],[19.887552,54.641733],[19.88752,54.641777],[19.887485,54.641769]]]}},{"type":"Feature","properties":{"kind":"green","name":"","osm":"way/1262765167"},"geometry":{"type":"Polygon","coordinates":[[[19.888664,54.641362],[19.888776,54.64146],[19.888971,54.641417],[19.889023,54.641358],[19.889375,54.64138],[19.889583,54.641444],[19.889331,54.641495],[19.889357,54.641546],[19.889737,54.641498],[19.88989,54.641177],[19.888664,54.641362]]]}},{"type":"Feature","properties":{"kind":"road","name":"","osm":"way/1353842268","highway":"path","access":"","foot":""},"geometry":{"type":"LineString","coordinates":[[19.88376,54.642723],[19.883629,54.642665],[19.883548,54.642591],[19.883433,54.642476],[19.883297,54.642413],[19.883,54.642275]]}},{"type":"Feature","properties":{"kind":"road","name":"","osm":"way/1378875861","highway":"footway","access":"","foot":""},"geometry":{"type":"LineString","coordinates":[[19.882435,54.642758],[19.882866,54.642633],[19.882946,54.64261],[19.883297,54.642413],[19.883464,54.642319],[19.883801,54.642129]]}},{"type":"Feature","properties":{"kind":"road","name":"","osm":"way/1378875862","highway":"footway","access":"","foot":""},"geometry":{"type":"LineString","coordinates":[[19.883464,54.642319],[19.883738,54.642469]]}},{"type":"Feature","properties":{"kind":"road","name":"","osm":"way/1378875863","highway":"footway","access":"","foot":""},"geometry":{"type":"LineString","coordinates":[[19.883384,54.642894],[19.882866,54.642633],[19.882685,54.642543]]}},{"type":"Feature","properties":{"kind":"road","name":"","osm":"way/1378875864","highway":"footway","access":"","foot":""},"geometry":{"type":"LineString","coordinates":[[19.882928,54.643244],[19.882987,54.643316],[19.883081,54.643388]]}},{"type":"Feature","properties":{"kind":"road","name":"","osm":"way/1378875867","highway":"footway","access":"","foot":""},"geometry":{"type":"LineString","coordinates":[[19.883765,54.642054],[19.883811,54.641753]]}},{"type":"Feature","properties":{"kind":"green","name":"","osm":"way/1435740089"},"geometry":{"type":"Polygon","coordinates":[[[19.88234,54.635034],[19.882499,54.634866],[19.882377,54.63478],[19.883596,54.6342],[19.883661,54.634216],[19.883714,54.634699],[19.883773,54.634868],[19.883512,54.634917],[19.883482,54.634847],[19.883035,54.634904],[19.88316,54.635177],[19.883363,54.635153],[19.88335,54.635081],[19.883568,54.635048],[19.883808,54.634934],[19.884062,54.635041],[19.884071,54.635077],[19.883463,54.635535],[19.883225,54.635419],[19.883073,54.635517],[19.88282,54.635399],[19.882772,54.635422],[19.882444,54.635231],[19.88239,54.635258],[19.882348,54.635188],[19.88234,54.63518],[19.882331,54.635166],[19.882372,54.635078],[19.882376,54.635062],[19.88234,54.635034]]]}},{"type":"Feature","properties":{"kind":"building","name":"","osm":"way/1435740130"},"geometry":{"type":"Polygon","coordinates":[[[19.882744,54.635452],[19.882812,54.63541],[19.88306,54.635548],[19.882991,54.635589],[19.882744,54.635452]]]}},{"type":"Feature","properties":{"kind":"rail","name":"","osm":"way/48371999"},"geometry":{"type":"LineString","coordinates":[[19.904127,54.642514],[19.904724,54.642875],[19.905269,54.643138],[19.906637,54.643673],[19.907561,54.643994],[19.908213,54.64418],[19.909154,54.644277],[19.90988,54.644272],[19.910678,54.644138],[19.911458,54.643936],[19.912432,54.643675],[19.912816,54.643605],[19.91333,54.643571],[19.913718,54.643558],[19.914058,54.64358],[19.914287,54.6436],[19.914493,54.643629],[19.914903,54.643696],[19.915192,54.643769],[19.915457,54.643858],[19.915798,54.643982],[19.916089,54.644126],[19.916296,54.644249],[19.916462,54.644371],[19.916569,54.64447],[19.916744,54.644599],[19.916906,54.644736],[19.917019,54.644861],[19.917153,54.645014],[19.917284,54.645182],[19.917335,54.645279],[19.917385,54.645414],[19.917392,54.645664],[19.91736,54.645851],[19.917283,54.646035],[19.917209,54.646199],[19.917096,54.64639],[19.916874,54.646758],[19.916712,54.646941],[19.916604,54.647065],[19.916454,54.647227],[19.916248,54.647456],[19.916093,54.647567],[19.915832,54.647728],[19.914524,54.64853],[19.91422,54.648739],[19.913685,54.649106],[19.913456,54.649248],[19.913341,54.649319],[19.912934,54.649503],[19.912812,54.649542],[19.912558,54.649624],[19.912197,54.649709],[19.91202,54.649744],[19.911737,54.649787],[19.911384,54.649805],[19.91109,54.649799],[19.909318,54.649675],[19.908991,54.64965],[19.907719,54.649553],[19.907425,54.649534],[19.90653,54.649428],[19.906036,54.649325],[19.90557,54.649158],[19.904809,54.648823]]}},{"type":"Feature","properties":{"kind":"road","name":"Московская улица","osm":"way/80721090","highway":"residential","access":"","foot":""},"geometry":{"type":"LineString","coordinates":[[19.903491,54.650891],[19.903399,54.650836],[19.902716,54.650426],[19.902295,54.650174],[19.901977,54.649978],[19.901811,54.649875],[19.90154,54.649679],[19.901213,54.649419],[19.901123,54.649352],[19.900845,54.649139],[19.899932,54.648436],[19.899716,54.648274],[19.89769,54.646751],[19.898023,54.646287],[19.898368,54.646111],[19.898449,54.64607]]}},{"type":"Feature","properties":{"kind":"road","name":"улица Володи Дубинина","osm":"way/80721131","highway":"residential","access":"","foot":""},"geometry":{"type":"LineString","coordinates":[[19.887558,54.6485],[19.888497,54.648408],[19.889771,54.648292],[19.891169,54.648185],[19.893009,54.648044],[19.89405,54.647989],[19.896543,54.646905],[19.89769,54.646751]]}},{"type":"Feature","properties":{"kind":"road","name":"Балтийская улица","osm":"way/80721141","highway":"residential","access":"","foot":""},"geometry":{"type":"LineString","coordinates":[[19.90505,54.649997],[19.904982,54.650035],[19.904156,54.65051],[19.903951,54.650627],[19.903919,54.650646],[19.903491,54.650891],[19.903296,54.651003],[19.90238,54.651528]]}},{"type":"Feature","properties":{"kind":"green","name":"Парк Головко","osm":"way/103651517"},"geometry":{"type":"Polygon","coordinates":[[[19.898455,54.650101],[19.898171,54.649854],[19.897871,54.650028],[19.897669,54.650101],[19.894643,54.650101],[19.89439,54.64948],[19.893952,54.648558],[19.893725,54.648071],[19.892539,54.648125],[19.891161,54.648191],[19.88929,54.64839],[19.887592,54.648533],[19.887394,54.648871],[19.887132,54.649374],[19.88748,54.649981],[19.887548,54.650101],[19.898455,54.650101]]]}},{"type":"Feature","properties":{"kind":"building","name":"","osm":"way/136168441"},"geometry":{"type":"Polygon","coordinates":[[[19.905669,54.639852],[19.904234,54.640074],[19.903956,54.639474],[19.905849,54.639181],[19.905897,54.639285],[19.905897,54.639897],[19.905703,54.639927],[19.905669,54.639852]]]}},{"type":"Feature","properties":{"kind":"building","name":"","osm":"way/136177429"},"geometry":{"type":"Polygon","coordinates":[[[19.899343,54.648815],[19.899477,54.648923],[19.899716,54.648824],[19.899582,54.648715],[19.899343,54.648815]]]}},{"type":"Feature","properties":{"kind":"rail","name":"","osm":"way/136177436"},"geometry":{"type":"LineString","coordinates":[[19.902776,54.646949],[19.904618,54.647921],[19.9066,54.648968],[19.907174,54.649265],[19.907529,54.649392],[19.907984,54.649504],[19.908383,54.649564]]}},{"type":"Feature","properties":{"kind":"building","name":"","osm":"way/136177442"},"geometry":{"type":"Polygon","coordinates":[[[19.899099,54.649079],[19.898956,54.648972],[19.899187,54.648869],[19.89933,54.648977],[19.899099,54.649079]]]}},{"type":"Feature","properties":{"kind":"building","name":"","osm":"way/136177450"},"geometry":{"type":"Polygon","coordinates":[[[19.898939,54.649158],[19.898803,54.649051],[19.898574,54.649149],[19.89871,54.649255],[19.898939,54.649158]]]}},{"type":"Feature","properties":{"kind":"building","name":"","osm":"way/149995862"},"geometry":{"type":"Polygon","coordinates":[[[19.899034,54.646659],[19.899021,54.646666],[19.898928,54.646716],[19.899144,54.646851],[19.89925,54.646794],[19.899034,54.646659]]]}},{"type":"Feature","properties":{"kind":"building","name":"","osm":"way/149995866"},"geometry":{"type":"Polygon","coordinates":[[[19.904595,54.650037],[19.904482,54.649971],[19.904257,54.650101],[19.904484,54.650101],[19.904513,54.650084],[19.904595,54.650037]]]}},{"type":"Feature","properties":{"kind":"building","name":"Дом культуры","osm":"way/149995869"},"geometry":{"type":"Polygon","coordinates":[[[19.90202,54.64935],[19.901764,54.649192],[19.901511,54.649035],[19.901222,54.649192],[19.901385,54.649292],[19.901349,54.649314],[19.901323,54.649348],[19.901333,54.649395],[19.901375,54.649429],[19.901427,54.649442],[19.901502,54.649446],[19.901559,54.649432],[19.901583,54.649417],[19.901731,54.649507],[19.90202,54.64935]]]}},{"type":"Feature","properties":{"kind":"building","name":"","osm":"way/149995870"},"geometry":{"type":"Polygon","coordinates":[[[19.899594,54.646988],[19.899405,54.646876],[19.89929,54.646942],[19.899479,54.647053],[19.899594,54.646988]]]}},{"type":"Feature","properties":{"kind":"building","name":"","osm":"way/149995875"},"geometry":{"type":"Polygon","coordinates":[[[19.899621,54.647141],[19.900018,54.647376],[19.900133,54.647312],[19.899735,54.647076],[19.899621,54.647141]]]}},{"type":"Feature","properties":{"kind":"building","name":"","osm":"way/170843951"},"geometry":{"type":"Polygon","coordinates":[[[19.901778,54.649732],[19.901894,54.649802],[19.902315,54.649569],[19.902199,54.649499],[19.901778,54.649732]]]}},{"type":"Feature","properties":{"kind":"building","name":"","osm":"way/170843976"},"geometry":{"type":"Polygon","coordinates":[[[19.900354,54.648008],[19.900461,54.648071],[19.900564,54.648012],[19.900771,54.647894],[19.900874,54.647835],[19.900767,54.647772],[19.900354,54.648008]]]}},{"type":"Feature","properties":{"kind":"building","name":"","osm":"way/170843984"},"geometry":{"type":"Polygon","coordinates":[[[19.898043,54.646728],[19.898127,54.646596],[19.898,54.646569],[19.897958,54.646635],[19.897917,54.646701],[19.898043,54.646728]]]}},{"type":"Feature","properties":{"kind":"building","name":"","osm":"way/170843988"},"geometry":{"type":"Polygon","coordinates":[[[19.901328,54.648275],[19.901802,54.648549],[19.901951,54.648463],[19.901478,54.648188],[19.901328,54.648275]]]}},{"type":"Feature","properties":{"kind":"building","name":"","osm":"way/170844001"},"geometry":{"type":"Polygon","coordinates":[[[19.900477,54.647493],[19.900307,54.647604],[19.900478,54.647692],[19.900648,54.647581],[19.900477,54.647493]]]}},{"type":"Feature","properties":{"kind":"building","name":"","osm":"way/170844004"},"geometry":{"type":"Polygon","coordinates":[[[19.895934,54.647361],[19.896067,54.647316],[19.895987,54.647237],[19.895855,54.647282],[19.895934,54.647361]]]}},{"type":"Feature","properties":{"kind":"building","name":"","osm":"way/170844006"},"geometry":{"type":"Polygon","coordinates":[[[19.903247,54.648612],[19.903288,54.648588],[19.90311,54.648486],[19.902993,54.648554],[19.903244,54.648698],[19.90332,54.648654],[19.903247,54.648612]]]}},{"type":"Feature","properties":{"kind":"building","name":"","osm":"way/170844008"},"geometry":{"type":"Polygon","coordinates":[[[19.903813,54.649481],[19.903895,54.649534],[19.904001,54.649479],[19.903919,54.649426],[19.903813,54.649481]]]}},{"type":"Feature","properties":{"kind":"building","name":"","osm":"way/170844009"},"geometry":{"type":"Polygon","coordinates":[[[19.898273,54.646903],[19.89816,54.646951],[19.89823,54.647007],[19.89837,54.647117],[19.898441,54.647173],[19.898553,54.647125],[19.898273,54.646903]]]}},{"type":"Feature","properties":{"kind":"building","name":"","osm":"way/170844012"},"geometry":{"type":"Polygon","coordinates":[[[19.898641,54.647595],[19.898322,54.647358],[19.898229,54.6474],[19.898547,54.647637],[19.898641,54.647595]]]}},{"type":"Feature","properties":{"kind":"building","name":"","osm":"way/170844020"},"geometry":{"type":"Polygon","coordinates":[[[19.898923,54.647381],[19.898824,54.647426],[19.898899,54.647481],[19.89905,54.647592],[19.899125,54.647647],[19.899224,54.647602],[19.898923,54.647381]]]}},{"type":"Feature","properties":{"kind":"building","name":"","osm":"way/170844023"},"geometry":{"type":"Polygon","coordinates":[[[19.899693,54.647551],[19.899804,54.647615],[19.900002,54.647501],[19.899892,54.647436],[19.899693,54.647551]]]}},{"type":"Feature","properties":{"kind":"building","name":"","osm":"way/170844025"},"geometry":{"type":"Polygon","coordinates":[[[19.898873,54.648447],[19.898736,54.648317],[19.898505,54.648399],[19.898642,54.648528],[19.898873,54.648447]]]}},{"type":"Feature","properties":{"kind":"building","name":"","osm":"way/170844030"},"geometry":{"type":"Polygon","coordinates":[[[19.903301,54.649301],[19.903498,54.64942],[19.903682,54.649318],[19.903534,54.649229],[19.903484,54.649256],[19.903436,54.649227],[19.903301,54.649301]]]}},{"type":"Feature","properties":{"kind":"building","name":"","osm":"way/170844037"},"geometry":{"type":"Polygon","coordinates":[[[19.898186,54.647957],[19.89731,54.647299],[19.897154,54.647369],[19.897263,54.647451],[19.897482,54.647615],[19.897701,54.64778],[19.89792,54.647945],[19.898029,54.648027],[19.898186,54.647957]]]}},{"type":"Feature","properties":{"kind":"building","name":"","osm":"way/170844039"},"geometry":{"type":"Polygon","coordinates":[[[19.895723,54.647486],[19.895617,54.647396],[19.895494,54.647445],[19.8956,54.647535],[19.895723,54.647486]]]}},{"type":"Feature","properties":{"kind":"building","name":"","osm":"way/170844051"},"geometry":{"type":"Polygon","coordinates":[[[19.899086,54.648647],[19.898915,54.648507],[19.898712,54.64859],[19.898882,54.64873],[19.899086,54.648647]]]}},{"type":"Feature","properties":{"kind":"building","name":"","osm":"way/170844063"},"geometry":{"type":"Polygon","coordinates":[[[19.898721,54.646587],[19.898928,54.646716],[19.899021,54.646666],[19.89898,54.64664],[19.899034,54.646611],[19.898971,54.646572],[19.898907,54.646532],[19.898853,54.646561],[19.898814,54.646537],[19.898721,54.646587]]]}},{"type":"Feature","properties":{"kind":"building","name":"","osm":"way/170844077"},"geometry":{"type":"Polygon","coordinates":[[[19.895595,54.64839],[19.895071,54.648026],[19.894859,54.648128],[19.895382,54.648492],[19.895595,54.64839]]]}},{"type":"Feature","properties":{"kind":"building","name":"","osm":"way/170844102"},"geometry":{"type":"Polygon","coordinates":[[[19.90031,54.648463],[19.899987,54.648215],[19.899884,54.64826],[19.899965,54.648322],[19.900126,54.648446],[19.900206,54.648508],[19.90031,54.648463]]]}},{"type":"Feature","properties":{"kind":"building","name":"","osm":"way/170844129"},"geometry":{"type":"Polygon","coordinates":[[[19.903164,54.649009],[19.902939,54.649142],[19.903026,54.649192],[19.9031,54.649147],[19.903241,54.649227],[19.903393,54.649138],[19.903164,54.649009]]]}},{"type":"Feature","properties":{"kind":"building","name":"","osm":"way/170844139"},"geometry":{"type":"Polygon","coordinates":[[[19.898554,54.648211],[19.898285,54.648053],[19.89817,54.648119],[19.898439,54.648277],[19.898554,54.648211]]]}},{"type":"Feature","properties":{"kind":"building","name":"","osm":"way/170844148"},"geometry":{"type":"Polygon","coordinates":[[[19.90373,54.650101],[19.903965,54.650101],[19.903555,54.649849],[19.90343,54.649917],[19.90373,54.650101]]]}},{"type":"Feature","properties":{"kind":"building","name":"","osm":"way/170844160"},"geometry":{"type":"Polygon","coordinates":[[[19.900701,54.648707],[19.900589,54.648768],[19.90067,54.648818],[19.900831,54.648916],[19.900912,54.648966],[19.901023,54.648905],[19.900701,54.648707]]]}},{"type":"Feature","properties":{"kind":"building","name":"","osm":"way/170844163"},"geometry":{"type":"Polygon","coordinates":[[[19.901753,54.648875],[19.901868,54.648811],[19.902098,54.648682],[19.902213,54.648617],[19.902093,54.648546],[19.901633,54.648804],[19.901753,54.648875]]]}},{"type":"Feature","properties":{"kind":"building","name":"","osm":"way/170844179"},"geometry":{"type":"Polygon","coordinates":[[[19.902677,54.649353],[19.90256,54.649417],[19.902993,54.649683],[19.903109,54.649619],[19.902677,54.649353]]]}},{"type":"Feature","properties":{"kind":"building","name":"","osm":"way/170844197"},"geometry":{"type":"Polygon","coordinates":[[[19.903954,54.649106],[19.904065,54.649046],[19.903771,54.648864],[19.903704,54.6489],[19.903619,54.648946],[19.903834,54.649079],[19.903875,54.649057],[19.903954,54.649106]]]}},{"type":"Feature","properties":{"kind":"building","name":"","osm":"way/170844204"},"geometry":{"type":"Polygon","coordinates":[[[19.900057,54.648895],[19.900176,54.648846],[19.899865,54.648592],[19.899746,54.648641],[19.900057,54.648895]]]}},{"type":"Feature","properties":{"kind":"building","name":"","osm":"way/170844207"},"geometry":{"type":"Polygon","coordinates":[[[19.901048,54.64845],[19.900933,54.648515],[19.901043,54.64858],[19.901264,54.64871],[19.901374,54.648775],[19.901489,54.64871],[19.901048,54.64845]]]}},{"type":"Feature","properties":{"kind":"building","name":"","osm":"way/170844216"},"geometry":{"type":"Polygon","coordinates":[[[19.899481,54.647814],[19.899366,54.647864],[19.899442,54.647924],[19.899596,54.648043],[19.899673,54.648103],[19.899788,54.648053],[19.899481,54.647814]]]}},{"type":"Feature","properties":{"kind":"building","name":"","osm":"way/170844232"},"geometry":{"type":"Polygon","coordinates":[[[19.902552,54.647945],[19.902328,54.648068],[19.902549,54.648204],[19.902773,54.648081],[19.902552,54.647945]]]}},{"type":"Feature","properties":{"kind":"building","name":"","osm":"way/170844257"},"geometry":{"type":"Polygon","coordinates":[[[19.899692,54.648411],[19.899385,54.648177],[19.899278,54.648224],[19.899585,54.648458],[19.899692,54.648411]]]}},{"type":"Feature","properties":{"kind":"building","name":"","osm":"way/170844264"},"geometry":{"type":"Polygon","coordinates":[[[19.897711,54.64651],[19.897805,54.646367],[19.897666,54.646336],[19.897571,54.646479],[19.897711,54.64651]]]}},{"type":"Feature","properties":{"kind":"building","name":"","osm":"way/170844296"},"geometry":{"type":"Polygon","coordinates":[[[19.89705,54.646642],[19.8971,54.646752],[19.897506,54.646691],[19.897456,54.646581],[19.89705,54.646642]]]}},{"type":"Feature","properties":{"kind":"building","name":"","osm":"way/170844318"},"geometry":{"type":"Polygon","coordinates":[[[19.8953,54.647375],[19.895143,54.647254],[19.894948,54.64734],[19.895105,54.64746],[19.8953,54.647375]]]}},{"type":"Feature","properties":{"kind":"building","name":"","osm":"way/170844320"},"geometry":{"type":"Polygon","coordinates":[[[19.901725,54.647566],[19.901596,54.647636],[19.901828,54.64778],[19.901957,54.64771],[19.901725,54.647566]]]}},{"type":"Feature","properties":{"kind":"building","name":"","osm":"way/170844346"},"geometry":{"type":"Polygon","coordinates":[[[19.899183,54.647995],[19.898857,54.647751],[19.898747,54.6478],[19.899074,54.648043],[19.899183,54.647995]]]}},{"type":"Feature","properties":{"kind":"building","name":"","osm":"way/170844347"},"geometry":{"type":"Polygon","coordinates":[[[19.895314,54.647631],[19.895234,54.647569],[19.895108,54.647624],[19.895187,54.647686],[19.895314,54.647631]]]}},{"type":"Feature","properties":{"kind":"building","name":"","osm":"way/170844360"},"geometry":{"type":"Polygon","coordinates":[[[19.900085,54.647791],[19.900191,54.647849],[19.90029,54.647788],[19.90039,54.647727],[19.900284,54.647669],[19.900085,54.647791]]]}},{"type":"Feature","properties":{"kind":"building","name":"","osm":"way/170844394"},"geometry":{"type":"Polygon","coordinates":[[[19.897276,54.64686],[19.898023,54.647422],[19.898192,54.647347],[19.897445,54.646785],[19.897276,54.64686]]]}},{"type":"Feature","properties":{"kind":"building","name":"","osm":"way/170844402"},"geometry":{"type":"Polygon","coordinates":[[[19.896151,54.648079],[19.895856,54.647868],[19.895729,54.647927],[19.896024,54.648138],[19.896151,54.648079]]]}},{"type":"Feature","properties":{"kind":"building","name":"","osm":"way/170844416"},"geometry":{"type":"Polygon","coordinates":[[[19.903307,54.649666],[19.903416,54.649734],[19.903767,54.649546],[19.903658,54.649478],[19.903307,54.649666]]]}},{"type":"Feature","properties":{"kind":"building","name":"","osm":"way/170844430"},"geometry":{"type":"Polygon","coordinates":[[[19.895995,54.646262],[19.896162,54.646365],[19.89631,54.646284],[19.896143,54.646181],[19.895995,54.646262]]]}},{"type":"Feature","properties":{"kind":"building","name":"","osm":"way/170844444"},"geometry":{"type":"Polygon","coordinates":[[[19.902559,54.649227],[19.902904,54.649036],[19.902803,54.648974],[19.902458,54.649165],[19.902559,54.649227]]]}},{"type":"Feature","properties":{"kind":"building","name":"","osm":"way/170844447"},"geometry":{"type":"Polygon","coordinates":[[[19.896485,54.647178],[19.89663,54.64712],[19.896534,54.647039],[19.896388,54.647098],[19.896485,54.647178]]]}},{"type":"Feature","properties":{"kind":"building","name":"","osm":"way/170844450"},"geometry":{"type":"Polygon","coordinates":[[[19.905897,54.650101],[19.905897,54.649919],[19.905678,54.650042],[19.905778,54.650101],[19.905897,54.650101]]]}},{"type":"Feature","properties":{"kind":"building","name":"","osm":"way/170844467"},"geometry":{"type":"Polygon","coordinates":[[[19.90372,54.649438],[19.903793,54.6494],[19.903701,54.649343],[19.903629,54.649382],[19.90372,54.649438]]]}},{"type":"Feature","properties":{"kind":"building","name":"","osm":"way/170844471"},"geometry":{"type":"Polygon","coordinates":[[[19.904225,54.649958],[19.904477,54.649819],[19.904401,54.649773],[19.90438,54.64976],[19.904356,54.649773],[19.904251,54.649709],[19.904129,54.649636],[19.904153,54.649623],[19.904147,54.649619],[19.904138,54.649613],[19.904056,54.649564],[19.903804,54.649703],[19.903901,54.649762],[19.903924,54.649749],[19.904151,54.649886],[19.904127,54.649899],[19.904225,54.649958]]]}},{"type":"Feature","properties":{"kind":"building","name":"","osm":"way/170844494"},"geometry":{"type":"Polygon","coordinates":[[[19.900427,54.649036],[19.900284,54.649114],[19.900534,54.649268],[19.900677,54.64919],[19.900427,54.649036]]]}},{"type":"Feature","properties":{"kind":"building","name":"Детский сад №5","osm":"way/170844523"},"geometry":{"type":"Polygon","coordinates":[[[19.898138,54.648639],[19.89798,54.64871],[19.89819,54.648865],[19.898347,54.648793],[19.898138,54.648639]]]}},{"type":"Feature","properties":{"kind":"building","name":"","osm":"way/170844526"},"geometry":{"type":"Polygon","coordinates":[[[19.902256,54.650007],[19.902356,54.650067],[19.90246,54.650009],[19.902669,54.649893],[19.902773,54.649836],[19.902673,54.649775],[19.902256,54.650007]]]}},{"type":"Feature","properties":{"kind":"building","name":"","osm":"way/170844583"},"geometry":{"type":"Polygon","coordinates":[[[19.900783,54.6483],[19.900879,54.648355],[19.900988,54.648291],[19.901206,54.648164],[19.901315,54.6481],[19.901219,54.648045],[19.900783,54.6483]]]}},{"type":"Feature","properties":{"kind":"building","name":"","osm":"way/170844595"},"geometry":{"type":"Polygon","coordinates":[[[19.898365,54.646257],[19.898257,54.646315],[19.898707,54.646595],[19.898721,54.646587],[19.898814,54.646537],[19.898365,54.646257]]]}},{"type":"Feature","properties":{"kind":"building","name":"","osm":"way/170844613"},"geometry":{"type":"Polygon","coordinates":[[[19.896158,54.64648],[19.89629,54.64656],[19.896538,54.646422],[19.896406,54.646342],[19.896158,54.64648]]]}},{"type":"Feature","properties":{"kind":"building","name":"","osm":"way/170844669"},"geometry":{"type":"Polygon","coordinates":[[[19.895688,54.647166],[19.895585,54.647094],[19.89544,54.647163],[19.895542,54.647235],[19.895688,54.647166]]]}},{"type":"Feature","properties":{"kind":"building","name":"","osm":"way/170844678"},"geometry":{"type":"Polygon","coordinates":[[[19.897158,54.64733],[19.896791,54.647048],[19.896934,54.646986],[19.897012,54.647045],[19.897104,54.647005],[19.897329,54.647178],[19.897207,54.647232],[19.897271,54.647281],[19.897158,54.64733]]]}},{"type":"Feature","properties":{"kind":"road","name":"","osm":"way/185301492","highway":"residential","access":"","foot":""},"geometry":{"type":"LineString","coordinates":[[19.89405,54.647989],[19.894073,54.64804],[19.89474,54.648601],[19.895373,54.649046]]}},{"type":"Feature","properties":{"kind":"road","name":"Ленинградская улица","osm":"way/186121204","highway":"residential","access":"","foot":""},"geometry":{"type":"LineString","coordinates":[[19.904156,54.65051],[19.904121,54.650489],[19.903452,54.650089],[19.902911,54.649775],[19.90245,54.649507],[19.902146,54.64933],[19.901826,54.649144],[19.901655,54.649045],[19.901376,54.648883]]}},{"type":"Feature","properties":{"kind":"road","name":"","osm":"way/186121205","highway":"residential","access":"","foot":""},"geometry":{"type":"LineString","coordinates":[[19.901376,54.648883],[19.90109,54.649022],[19.900845,54.649139]]}},{"type":"Feature","properties":{"kind":"road","name":"улица Серебровской","osm":"way/201966772","highway":"unclassified","access":"","foot":""},"geometry":{"type":"LineString","coordinates":[[19.916685,54.64462],[19.916367,54.644401],[19.91603,54.644198],[19.915644,54.64399],[19.915122,54.643812],[19.914745,54.643721],[19.914302,54.643653],[19.913812,54.643605],[19.913297,54.643609],[19.912993,54.643633],[19.91266,54.643676],[19.912468,54.643715],[19.912216,54.643766],[19.911259,54.644034],[19.910797,54.644162],[19.910348,54.644245],[19.909885,54.644303],[19.909324,54.644316],[19.908833,54.644306],[19.908471,54.64427],[19.908197,54.644235],[19.907773,54.644135],[19.906966,54.643894],[19.906423,54.643722],[19.906148,54.643634],[19.905626,54.643439],[19.904786,54.643102],[19.904161,54.642794],[19.903938,54.642671]]}},{"type":"Feature","properties":{"kind":"rail","name":"","osm":"way/295214130"},"geometry":{"type":"LineString","coordinates":[[19.904604,54.641867],[19.906902,54.642841],[19.907603,54.643157],[19.907914,54.643273],[19.908161,54.643335],[19.908346,54.643387],[19.908672,54.643465]]}},{"type":"Feature","properties":{"kind":"rail","name":"","osm":"way/295214136"},"geometry":{"type":"LineString","coordinates":[[19.90467,54.641824],[19.906956,54.642805],[19.907724,54.643143],[19.907889,54.643209],[19.908308,54.643331],[19.908672,54.643465],[19.908951,54.643519],[19.909351,54.643601],[19.909877,54.643614],[19.910425,54.643598],[19.911154,54.643573],[19.911553,54.643552],[19.912329,54.643581],[19.912376,54.643583],[19.912808,54.643583],[19.913058,54.643578],[19.91333,54.643571]]}},{"type":"Feature","properties":{"kind":"green","name":"","osm":"way/342313011"},"geometry":{"type":"Polygon","coordinates":[[[19.897282,54.650101],[19.896714,54.650101],[19.895668,54.649282],[19.896412,54.648931],[19.897737,54.649949],[19.897282,54.650101]]]}},{"type":"Feature","properties":{"kind":"building","name":"","osm":"way/342313052"},"geometry":{"type":"Polygon","coordinates":[[[19.895032,54.649541],[19.895382,54.649391],[19.89526,54.649295],[19.89507,54.649377],[19.894686,54.649078],[19.894522,54.649148],[19.89466,54.649256],[19.894593,54.649284],[19.894718,54.649382],[19.894789,54.649352],[19.895032,54.649541]]]}},{"type":"Feature","properties":{"kind":"road","name":"","osm":"way/408004778","highway":"unclassified","access":"","foot":""},"geometry":{"type":"LineString","coordinates":[[19.902179,54.641672],[19.901523,54.641544]]}},{"type":"Feature","properties":{"kind":"road","name":"","osm":"way/467191123","highway":"service","access":"","foot":""},"geometry":{"type":"LineString","coordinates":[[19.900613,54.64306],[19.901172,54.642911]]}},{"type":"Feature","properties":{"kind":"road","name":"","osm":"way/467191124","highway":"service","access":"","foot":""},"geometry":{"type":"LineString","coordinates":[[19.911438,54.642758],[19.911189,54.642669],[19.909793,54.642331],[19.909611,54.642173],[19.909359,54.640783],[19.90919,54.640652],[19.907688,54.640897],[19.9072,54.639985],[19.906441,54.638776],[19.905746,54.63729],[19.905708,54.636984],[19.905583,54.636895],[19.905558,54.636801],[19.905539,54.636619]]}},{"type":"Feature","properties":{"kind":"road","name":"проспект Ленина","osm":"way/469054937","highway":"secondary","access":"","foot":""},"geometry":{"type":"LineString","coordinates":[[19.90505,54.649997],[19.905237,54.650105],[19.906156,54.650634],[19.906714,54.650961]]}},{"type":"Feature","properties":{"kind":"road","name":"проспект Ленина","osm":"way/469054938","highway":"secondary","access":"","foot":""},"geometry":{"type":"LineString","coordinates":[[19.898449,54.64607],[19.898606,54.646162],[19.89871,54.646223],[19.899124,54.646471],[19.899361,54.646613],[19.899828,54.646892],[19.90093,54.647549],[19.9013,54.647766],[19.901867,54.6481],[19.90205,54.648207],[19.902488,54.648465],[19.902579,54.648519],[19.902776,54.648636],[19.903755,54.649215],[19.90505,54.649997]]}},{"type":"Feature","properties":{"kind":"green","name":"","osm":"way/476653591"},"geometry":{"type":"Polygon","coordinates":[[[19.901579,54.647828],[19.899649,54.646696],[19.899958,54.646513],[19.901477,54.647253],[19.901213,54.647481],[19.901579,54.647828]]]}},{"type":"Feature","properties":{"kind":"building","name":"","osm":"way/476653609"},"geometry":{"type":"Polygon","coordinates":[[[19.901827,54.647851],[19.902077,54.647715],[19.902241,54.647816],[19.901991,54.647952],[19.901827,54.647851]]]}},{"type":"Feature","properties":{"kind":"road","name":"","osm":"way/477177072","highway":"footway","access":"","foot":""},"geometry":{"type":"LineString","coordinates":[[19.905697,54.650241],[19.905397,54.650065],[19.905048,54.649852],[19.904864,54.649744],[19.904492,54.649526],[19.904023,54.649251]]}},{"type":"Feature","properties":{"kind":"building","name":"Балтика","osm":"way/477177073"},"geometry":{"type":"Polygon","coordinates":[[[19.904284,54.649043],[19.904439,54.648959],[19.904557,54.649031],[19.904402,54.649116],[19.904284,54.649043]]]}},{"type":"Feature","properties":{"kind":"building","name":"","osm":"way/477177074"},"geometry":{"type":"Polygon","coordinates":[[[19.904664,54.649237],[19.904633,54.649231],[19.904608,54.64922],[19.90459,54.649203],[19.904583,54.649185],[19.90459,54.649163],[19.904607,54.649147],[19.904633,54.649136],[19.904656,54.649131],[19.904688,54.64913],[19.904719,54.649136],[19.904739,54.649144],[19.904758,54.649158],[19.904768,54.649177],[19.904766,54.649196],[19.904753,54.649213],[19.904731,54.649226],[19.904702,54.649235],[19.904664,54.649237]]]}},{"type":"Feature","properties":{"kind":"green","name":"","osm":"way/477177077"},"geometry":{"type":"Polygon","coordinates":[[[19.905321,54.650101],[19.904074,54.649366],[19.904717,54.649015],[19.905897,54.649688],[19.905897,54.649844],[19.905419,54.650101],[19.905321,54.650101]]]}},{"type":"Feature","properties":{"kind":"building","name":"","osm":"way/477181072"},"geometry":{"type":"Polygon","coordinates":[[[19.899817,54.643033],[19.899542,54.642855],[19.899653,54.642797],[19.899929,54.642975],[19.899817,54.643033]]]}},{"type":"Feature","properties":{"kind":"building","name":"","osm":"way/477181073"},"geometry":{"type":"Polygon","coordinates":[[[19.901406,54.643077],[19.901175,54.643003],[19.901239,54.642936],[19.90147,54.64301],[19.901406,54.643077]]]}},{"type":"Feature","properties":{"kind":"building","name":"","osm":"way/477181074"},"geometry":{"type":"Polygon","coordinates":[[[19.89936,54.642513],[19.899263,54.642372],[19.89941,54.642338],[19.899507,54.642479],[19.89936,54.642513]]]}},{"type":"Feature","properties":{"kind":"building","name":"","osm":"way/477181076"},"geometry":{"type":"Polygon","coordinates":[[[19.899988,54.642081],[19.899833,54.641929],[19.899967,54.641883],[19.900122,54.642036],[19.899988,54.642081]]]}},{"type":"Feature","properties":{"kind":"building","name":"","osm":"way/477181077"},"geometry":{"type":"Polygon","coordinates":[[[19.90115,54.64351],[19.901243,54.643397],[19.901432,54.64345],[19.901339,54.643563],[19.90115,54.64351]]]}},{"type":"Feature","properties":{"kind":"building","name":"","osm":"way/477181079"},"geometry":{"type":"Polygon","coordinates":[[[19.90093,54.64275],[19.900827,54.642803],[19.900649,54.642687],[19.900752,54.642634],[19.90093,54.64275]]]}},{"type":"Feature","properties":{"kind":"building","name":"","osm":"way/477181080"},"geometry":{"type":"Polygon","coordinates":[[[19.901355,54.642605],[19.90134,54.642434],[19.901144,54.64244],[19.901137,54.642355],[19.901384,54.642348],[19.901369,54.642172],[19.9011,54.642179],[19.901094,54.642109],[19.901293,54.642103],[19.901278,54.641924],[19.901442,54.64192],[19.901453,54.64205],[19.901714,54.642042],[19.901719,54.642102],[19.901464,54.64211],[19.901468,54.64215],[19.901592,54.642146],[19.901607,54.642323],[19.901477,54.642327],[19.901481,54.642378],[19.901745,54.642371],[19.901753,54.642456],[19.901471,54.642464],[19.901483,54.642601],[19.901355,54.642605]]]}},{"type":"Feature","properties":{"kind":"building","name":"","osm":"way/477181081"},"geometry":{"type":"Polygon","coordinates":[[[19.902359,54.643301],[19.902279,54.642872],[19.902501,54.642858],[19.902581,54.643287],[19.902359,54.643301]]]}},{"type":"Feature","properties":{"kind":"building","name":"","osm":"way/477181087"},"geometry":{"type":"Polygon","coordinates":[[[19.89913,54.64217],[19.899023,54.642022],[19.899175,54.641985],[19.899281,54.642133],[19.89913,54.64217]]]}},{"type":"Feature","properties":{"kind":"building","name":"","osm":"way/477181089"},"geometry":{"type":"Polygon","coordinates":[[[19.902383,54.643735],[19.902408,54.643612],[19.902594,54.643625],[19.902569,54.643747],[19.902383,54.643735]]]}},{"type":"Feature","properties":{"kind":"building","name":"","osm":"way/477181090"},"geometry":{"type":"Polygon","coordinates":[[[19.900619,54.643326],[19.900734,54.64322],[19.900904,54.643282],[19.900789,54.643388],[19.900619,54.643326]]]}},{"type":"Feature","properties":{"kind":"building","name":"","osm":"way/477181093"},"geometry":{"type":"Polygon","coordinates":[[[19.901751,54.643655],[19.901809,54.64353],[19.901983,54.643558],[19.901925,54.643682],[19.901751,54.643655]]]}},{"type":"Feature","properties":{"kind":"building","name":"","osm":"way/477184868"},"geometry":{"type":"Polygon","coordinates":[[[19.905897,54.649155],[19.905429,54.648914],[19.905536,54.648845],[19.905897,54.649031],[19.905897,54.649155]]]}},{"type":"Feature","properties":{"kind":"road","name":"","osm":"way/477184870","highway":"service","access":"","foot":""},"geometry":{"type":"LineString","coordinates":[[19.904415,54.648927],[19.904101,54.649105],[19.903862,54.649156],[19.903755,54.649215]]}},{"type":"Feature","properties":{"kind":"building","name":"","osm":"way/477559454"},"geometry":{"type":"Polygon","coordinates":[[[19.904097,54.643994],[19.904085,54.643918],[19.904362,54.643904],[19.904373,54.64398],[19.904097,54.643994]]]}},{"type":"Feature","properties":{"kind":"green","name":"","osm":"way/477559456"},"geometry":{"type":"Polygon","coordinates":[[[19.905499,54.637119],[19.905364,54.636851],[19.904628,54.63707],[19.904426,54.637616],[19.903627,54.637754],[19.903729,54.638782],[19.90387,54.63927],[19.904424,54.639276],[19.905897,54.639124],[19.905897,54.637802],[19.905819,54.637692],[19.905499,54.637119]]]}},{"type":"Feature","properties":{"kind":"building","name":"","osm":"way/663766431"},"geometry":{"type":"Polygon","coordinates":[[[19.902891,54.649311],[19.903202,54.649498],[19.903293,54.649447],[19.902982,54.64926],[19.902891,54.649311]]]}},{"type":"Feature","properties":{"kind":"building","name":"","osm":"way/697161225"},"geometry":{"type":"Polygon","coordinates":[[[19.899069,54.64604],[19.899154,54.646091],[19.899247,54.64604],[19.899472,54.646178],[19.899509,54.646157],[19.899564,54.64619],[19.899432,54.646262],[19.899478,54.64629],[19.899408,54.646328],[19.899365,54.646301],[19.899277,54.646349],[19.898912,54.646126],[19.899069,54.64604]]]}},{"type":"Feature","properties":{"kind":"building","name":"","osm":"way/697161226"},"geometry":{"type":"Polygon","coordinates":[[[19.89974,54.646622],[19.899579,54.64653],[19.899698,54.64646],[19.89986,54.646552],[19.89974,54.646622]]]}},{"type":"Feature","properties":{"kind":"building","name":"","osm":"way/697161232"},"geometry":{"type":"Polygon","coordinates":[[[19.900279,54.642351],[19.900424,54.642305],[19.900565,54.642453],[19.900419,54.642499],[19.900279,54.642351]]]}},{"type":"Feature","properties":{"kind":"building","name":"","osm":"way/697161233"},"geometry":{"type":"Polygon","coordinates":[[[19.899392,54.640529],[19.899693,54.640493],[19.899502,54.639949],[19.89929,54.639974],[19.899353,54.640154],[19.89923,54.640169],[19.899277,54.640301],[19.899402,54.640287],[19.899452,54.640428],[19.899361,54.640439],[19.899392,54.640529]]]}},{"type":"Feature","properties":{"kind":"building","name":"","osm":"way/697161234"},"geometry":{"type":"Polygon","coordinates":[[[19.900525,54.639961],[19.90078,54.640086],[19.901246,54.63977],[19.900862,54.63958],[19.900637,54.639732],[19.900767,54.639797],[19.900525,54.639961]]]}},{"type":"Feature","properties":{"kind":"building","name":"","osm":"way/697161235"},"geometry":{"type":"Polygon","coordinates":[[[19.899606,54.63952],[19.900079,54.639745],[19.900659,54.639337],[19.900358,54.639193],[19.900184,54.639316],[19.900012,54.639234],[19.899606,54.63952]]]}},{"type":"Feature","properties":{"kind":"building","name":"","osm":"way/697161236"},"geometry":{"type":"Polygon","coordinates":[[[19.89921,54.639123],[19.899524,54.639268],[19.899417,54.639346],[19.899603,54.639432],[19.900133,54.639048],[19.899633,54.638817],[19.89921,54.639123]]]}},{"type":"Feature","properties":{"kind":"building","name":"","osm":"way/697161242"},"geometry":{"type":"Polygon","coordinates":[[[19.902959,54.640842],[19.903066,54.640183],[19.903454,54.640204],[19.903359,54.640789],[19.90331,54.640786],[19.903298,54.640861],[19.902959,54.640842]]]}},{"type":"Feature","properties":{"kind":"building","name":"","osm":"way/697161243"},"geometry":{"type":"Polygon","coordinates":[[[19.905897,54.64139],[19.905853,54.641296],[19.905897,54.641289],[19.905897,54.64139]]]}},{"type":"Feature","properties":{"kind":"building","name":"","osm":"way/697161244"},"geometry":{"type":"Polygon","coordinates":[[[19.905107,54.643695],[19.905083,54.643571],[19.905322,54.643555],[19.905313,54.643509],[19.905482,54.643498],[19.905491,54.643544],[19.905699,54.64353],[19.905724,54.643654],[19.905107,54.643695]]]}},{"type":"Feature","properties":{"kind":"building","name":"","osm":"way/697161245"},"geometry":{"type":"Polygon","coordinates":[[[19.904332,54.643743],[19.904314,54.643625],[19.904876,54.643596],[19.904894,54.643714],[19.904332,54.643743]]]}},{"type":"Feature","properties":{"kind":"building","name":"","osm":"way/697161246"},"geometry":{"type":"Polygon","coordinates":[[[19.90387,54.643804],[19.903851,54.643663],[19.904135,54.64365],[19.904154,54.643791],[19.90387,54.643804]]]}},{"type":"Feature","properties":{"kind":"building","name":"","osm":"way/697161247"},"geometry":{"type":"Polygon","coordinates":[[[19.905122,54.644113],[19.905107,54.643967],[19.905274,54.643961],[19.905289,54.644107],[19.905122,54.644113]]]}},{"type":"Feature","properties":{"kind":"building","name":"","osm":"way/722763039"},"geometry":{"type":"Polygon","coordinates":[[[19.903446,54.642565],[19.90354,54.642622],[19.903685,54.642541],[19.903592,54.642485],[19.903446,54.642565]]]}},{"type":"Feature","properties":{"kind":"building","name":"","osm":"way/810736829"},"geometry":{"type":"Polygon","coordinates":[[[19.898264,54.649541],[19.89818,54.649457],[19.898431,54.649372],[19.898516,54.649456],[19.898264,54.649541]]]}},{"type":"Feature","properties":{"kind":"building","name":"","osm":"way/810736830"},"geometry":{"type":"Polygon","coordinates":[[[19.90141,54.648089],[19.901468,54.648053],[19.90172,54.648191],[19.901663,54.648227],[19.90141,54.648089]]]}},{"type":"Feature","properties":{"kind":"building","name":"","osm":"way/810736831"},"geometry":{"type":"Polygon","coordinates":[[[19.901884,54.64835],[19.901938,54.64832],[19.902116,54.648426],[19.902062,54.648456],[19.901884,54.64835]]]}},{"type":"Feature","properties":{"kind":"rail","name":"","osm":"way/827729216"},"geometry":{"type":"LineString","coordinates":[[19.906026,54.649577],[19.905831,54.649434],[19.905456,54.649206],[19.904809,54.648823],[19.904397,54.648572],[19.903952,54.648344],[19.903438,54.648111]]}},{"type":"Feature","properties":{"kind":"building","name":"","osm":"way/827729224"},"geometry":{"type":"Polygon","coordinates":[[[19.905897,54.648508],[19.905851,54.648482],[19.905897,54.648454],[19.905897,54.648508]]]}},{"type":"Feature","properties":{"kind":"building","name":"","osm":"way/827729225"},"geometry":{"type":"Polygon","coordinates":[[[19.904869,54.647956],[19.905057,54.647845],[19.905357,54.648016],[19.905169,54.648127],[19.904869,54.647956]]]}},{"type":"Feature","properties":{"kind":"building","name":"","osm":"way/827729226"},"geometry":{"type":"Polygon","coordinates":[[[19.905408,54.648659],[19.905549,54.648569],[19.904653,54.648103],[19.904512,54.648194],[19.905408,54.648659]]]}},{"type":"Feature","properties":{"kind":"building","name":"","osm":"way/827729227"},"geometry":{"type":"Polygon","coordinates":[[[19.903613,54.647463],[19.903535,54.647514],[19.90346,54.647476],[19.903344,54.647552],[19.904237,54.648009],[19.904431,54.647882],[19.903613,54.647463]]]}},{"type":"Feature","properties":{"kind":"building","name":"","osm":"way/827729228"},"geometry":{"type":"Polygon","coordinates":[[[19.903305,54.647429],[19.9034,54.647379],[19.903196,54.64725],[19.903101,54.6473],[19.903305,54.647429]]]}},{"type":"Feature","properties":{"kind":"building","name":"","osm":"way/827729229"},"geometry":{"type":"Polygon","coordinates":[[[19.903504,54.647222],[19.903611,54.647157],[19.903688,54.647199],[19.903746,54.647164],[19.90478,54.647733],[19.904614,54.647834],[19.903504,54.647222]]]}},{"type":"Feature","properties":{"kind":"building","name":"","osm":"way/827729230"},"geometry":{"type":"Polygon","coordinates":[[[19.902447,54.646626],[19.902604,54.64653],[19.903242,54.646879],[19.903085,54.646975],[19.902447,54.646626]]]}},{"type":"Feature","properties":{"kind":"building","name":"","osm":"way/827729231"},"geometry":{"type":"Polygon","coordinates":[[[19.90109,54.646181],[19.901199,54.646112],[19.900934,54.645971],[19.900824,54.64604],[19.90109,54.646181]]]}},{"type":"Feature","properties":{"kind":"building","name":"","osm":"way/827729232"},"geometry":{"type":"Polygon","coordinates":[[[19.901355,54.646392],[19.90147,54.646333],[19.901668,54.646464],[19.901554,54.646522],[19.901355,54.646392]]]}},{"type":"Feature","properties":{"kind":"building","name":"","osm":"way/827729233"},"geometry":{"type":"Polygon","coordinates":[[[19.90029,54.645804],[19.900437,54.645721],[19.900665,54.645856],[19.900518,54.645939],[19.90029,54.645804]]]}},{"type":"Feature","properties":{"kind":"building","name":"","osm":"way/827729235"},"geometry":{"type":"Polygon","coordinates":[[[19.900036,54.645265],[19.899957,54.645309],[19.900134,54.645415],[19.900213,54.645371],[19.900036,54.645265]]]}},{"type":"Feature","properties":{"kind":"building","name":"","osm":"way/853321362"},"geometry":{"type":"Polygon","coordinates":[[[19.89606,54.647018],[19.896357,54.646887],[19.895973,54.646594],[19.895828,54.646658],[19.8961,54.646865],[19.895948,54.646932],[19.89606,54.647018]]]}},{"type":"Feature","properties":{"kind":"building","name":"","osm":"way/860487786"},"geometry":{"type":"Polygon","coordinates":[[[19.899872,54.640146],[19.900086,54.640128],[19.900056,54.640014],[19.899842,54.640033],[19.899872,54.640146]]]}},{"type":"Feature","properties":{"kind":"building","name":"","osm":"way/860487788"},"geometry":{"type":"Polygon","coordinates":[[[19.900215,54.641487],[19.900301,54.641449],[19.900363,54.641496],[19.900277,54.641534],[19.900215,54.641487]]]}},{"type":"Feature","properties":{"kind":"building","name":"","osm":"way/860487789"},"geometry":{"type":"Polygon","coordinates":[[[19.900111,54.641431],[19.899923,54.641286],[19.899287,54.641562],[19.899476,54.641707],[19.900111,54.641431]]]}},{"type":"Feature","properties":{"kind":"building","name":"","osm":"way/860487790"},"geometry":{"type":"Polygon","coordinates":[[[19.900529,54.6408],[19.900366,54.640903],[19.901169,54.64133],[19.901332,54.641227],[19.900529,54.6408]]]}},{"type":"Feature","properties":{"kind":"building","name":"","osm":"way/860487797"},"geometry":{"type":"Polygon","coordinates":[[[19.900278,54.639822],[19.900518,54.639934],[19.90034,54.640063],[19.900165,54.639982],[19.900253,54.639919],[19.900187,54.639888],[19.900278,54.639822]]]}},{"type":"Feature","properties":{"kind":"building","name":"","osm":"way/860487798"},"geometry":{"type":"Polygon","coordinates":[[[19.900374,54.639758],[19.900447,54.639793],[19.900576,54.639701],[19.900502,54.639667],[19.900374,54.639758]]]}},{"type":"Feature","properties":{"kind":"building","name":"","osm":"way/860487799"},"geometry":{"type":"Polygon","coordinates":[[[19.900894,54.642192],[19.90081,54.642235],[19.900908,54.642299],[19.900883,54.642312],[19.90097,54.642369],[19.901054,54.642325],[19.900968,54.642269],[19.900992,54.642256],[19.900894,54.642192]]]}},{"type":"Feature","properties":{"kind":"building","name":"","osm":"way/860487800"},"geometry":{"type":"Polygon","coordinates":[[[19.903029,54.641113],[19.903062,54.641021],[19.9037,54.641097],[19.903667,54.641189],[19.903029,54.641113]]]}},{"type":"Feature","properties":{"kind":"building","name":"","osm":"way/860487801"},"geometry":{"type":"Polygon","coordinates":[[[19.903992,54.641512],[19.90419,54.641523],[19.904225,54.641304],[19.904027,54.641293],[19.903992,54.641512]]]}},{"type":"Feature","properties":{"kind":"building","name":"","osm":"way/860487803"},"geometry":{"type":"Polygon","coordinates":[[[19.902669,54.636137],[19.902718,54.636204],[19.90308,54.636117],[19.903032,54.63605],[19.902669,54.636137]]]}},{"type":"Feature","properties":{"kind":"building","name":"","osm":"way/860487804"},"geometry":{"type":"Polygon","coordinates":[[[19.9033,54.636859],[19.903326,54.636909],[19.903489,54.636881],[19.903463,54.636831],[19.9033,54.636859]]]}},{"type":"Feature","properties":{"kind":"building","name":"","osm":"way/860487805"},"geometry":{"type":"Polygon","coordinates":[[[19.904453,54.640398],[19.90425,54.640383],[19.904199,54.640611],[19.904515,54.640634],[19.904534,54.640547],[19.904422,54.640538],[19.904453,54.640398]]]}},{"type":"Feature","properties":{"kind":"building","name":"","osm":"way/860487806"},"geometry":{"type":"Polygon","coordinates":[[[19.904695,54.640539],[19.904818,54.640549],[19.904853,54.64041],[19.904729,54.640399],[19.904695,54.640539]]]}},{"type":"Feature","properties":{"kind":"building","name":"","osm":"way/860487809"},"geometry":{"type":"Polygon","coordinates":[[[19.904877,54.641133],[19.904947,54.641074],[19.905087,54.64113],[19.905016,54.641189],[19.904877,54.641133]]]}},{"type":"Feature","properties":{"kind":"building","name":"","osm":"way/860487810"},"geometry":{"type":"Polygon","coordinates":[[[19.905537,54.641549],[19.905613,54.641486],[19.905787,54.641556],[19.905711,54.641619],[19.905537,54.641549]]]}},{"type":"Feature","properties":{"kind":"building","name":"","osm":"way/860487811"},"geometry":{"type":"Polygon","coordinates":[[[19.90511,54.641587],[19.905204,54.641517],[19.905556,54.641675],[19.905462,54.641745],[19.90511,54.641587]]]}},{"type":"Feature","properties":{"kind":"building","name":"","osm":"way/860487816"},"geometry":{"type":"Polygon","coordinates":[[[19.90419,54.641705],[19.903941,54.641728],[19.903966,54.641816],[19.904063,54.641807],[19.904187,54.642249],[19.904338,54.642235],[19.90419,54.641705]]]}},{"type":"Feature","properties":{"kind":"road","name":"улица Серебровской","osm":"way/987949287","highway":"unclassified","access":"","foot":""},"geometry":{"type":"LineString","coordinates":[[19.903938,54.642671],[19.903662,54.642498],[19.903382,54.642323],[19.90298,54.642058],[19.902179,54.641672]]}},{"type":"Feature","properties":{"kind":"road","name":"","osm":"way/1026672049","highway":"track","access":"","foot":""},"geometry":{"type":"LineString","coordinates":[[19.905708,54.636984],[19.905797,54.636897],[19.905947,54.636795],[19.906046,54.636748],[19.906269,54.636722],[19.906513,54.636745],[19.906642,54.636789],[19.906816,54.636911],[19.907371,54.637141],[19.907556,54.637281],[19.90765,54.637388],[19.907736,54.637642],[19.907835,54.637798],[19.90787,54.637967],[19.907967,54.638052]]}},{"type":"Feature","properties":{"kind":"road","name":"","osm":"way/1026672050","highway":"track","access":"","foot":""},"geometry":{"type":"LineString","coordinates":[[19.903297,54.635615],[19.903447,54.635983],[19.903598,54.636123],[19.903793,54.636236],[19.903965,54.636272],[19.904319,54.636325],[19.905022,54.636529],[19.905539,54.636619],[19.905818,54.636675],[19.906046,54.636748]]}},{"type":"Feature","properties":{"kind":"coastline","name":"","osm":"way/1026672052"},"geometry":{"type":"LineString","coordinates":[[19.902739,54.639994],[19.903049,54.63844],[19.902753,54.63791],[19.902727,54.637868],[19.902938,54.63784],[19.902403,54.636774],[19.902355,54.636678],[19.902082,54.636435],[19.900918,54.635695],[19.900752,54.635593],[19.901138,54.635427],[19.902074,54.636042],[19.902117,54.636032],[19.903007,54.635844]]}},{"type":"Feature","properties":{"kind":"coastline","name":"","osm":"way/1026672053"},"geometry":{"type":"LineString","coordinates":[[19.903007,54.635844],[19.903222,54.635724],[19.902883,54.635275],[19.90234,54.634807],[19.902574,54.634712],[19.903039,54.635061],[19.903312,54.635352],[19.903546,54.635717],[19.903821,54.636125],[19.9049,54.636343],[19.905346,54.636284],[19.905396,54.636277],[19.905581,54.636326],[19.905815,54.636407],[19.907208,54.636246],[19.907464,54.636125],[19.907542,54.636216],[19.907474,54.636325],[19.908198,54.637462],[19.908396,54.638236],[19.909382,54.639724],[19.909573,54.640715],[19.909582,54.640758],[19.909865,54.64223],[19.910294,54.64233],[19.910374,54.642346],[19.911372,54.642593],[19.911424,54.64253],[19.912014,54.641816],[19.912043,54.64178],[19.91251,54.641214],[19.912375,54.641174],[19.912667,54.640838],[19.915346,54.641644],[19.919896,54.643012],[19.920975,54.641798],[19.915017,54.63976],[19.91577,54.638968],[19.922058,54.640619],[19.923119,54.639349],[19.915492,54.637117],[19.909127,54.635211],[19.908849,54.635094],[19.908708,54.63485],[19.908776,54.634805],[19.908911,54.634811],[19.909065,54.635005],[19.909139,54.635019],[19.910712,54.634616],[19.910825,54.634479],[19.911087,54.634416],[19.911305,54.634734],[19.912221,54.634742],[19.912221,54.634911],[19.912631,54.634994],[19.912724,54.63499],[19.912944,54.63498],[19.913526,54.634953],[19.913621,54.634949],[19.914641,54.635045],[19.917404,54.635807],[19.918592,54.636135],[19.918618,54.636145],[19.919469,54.636456],[19.919814,54.636446],[19.920093,54.6366],[19.920123,54.636708],[19.920851,54.63688],[19.921052,54.636875],[19.921318,54.636905],[19.921458,54.637046],[19.922169,54.637233],[19.922658,54.637147],[19.922983,54.636694],[19.923328,54.636254],[19.920692,54.635629],[19.920377,54.635554],[19.920553,54.635255],[19.919851,54.634644],[19.918928,54.633769],[19.919233,54.633592],[19.919582,54.633609],[19.922946,54.634467],[19.923121,54.634256]]}},{"type":"Feature","properties":{"kind":"building","name":"","osm":"way/1078912110"},"geometry":{"type":"Polygon","coordinates":[[[19.896708,54.646768],[19.896676,54.646712],[19.896889,54.64667],[19.896922,54.646726],[19.896708,54.646768]]]}},{"type":"Feature","properties":{"kind":"building","name":"","osm":"way/1078912111"},"geometry":{"type":"Polygon","coordinates":[[[19.899144,54.648434],[19.899077,54.648376],[19.899197,54.64833],[19.899264,54.648388],[19.899144,54.648434]]]}},{"type":"Feature","properties":{"kind":"building","name":"","osm":"way/1078912112"},"geometry":{"type":"Polygon","coordinates":[[[19.895959,54.648446],[19.896066,54.648507],[19.896146,54.64846],[19.896103,54.648435],[19.896217,54.648367],[19.896153,54.648331],[19.895959,54.648446]]]}},{"type":"Feature","properties":{"kind":"building","name":"","osm":"way/1078912121"},"geometry":{"type":"Polygon","coordinates":[[[19.896645,54.646478],[19.896853,54.646598],[19.897077,54.646468],[19.897134,54.646501],[19.897619,54.64622],[19.897353,54.646067],[19.896645,54.646478]]]}},{"type":"Feature","properties":{"kind":"building","name":"","osm":"way/1078912129"},"geometry":{"type":"Polygon","coordinates":[[[19.896185,54.646199],[19.896275,54.646255],[19.896547,54.646108],[19.896458,54.646053],[19.896185,54.646199]]]}},{"type":"Feature","properties":{"kind":"road","name":"","osm":"way/1092012360","highway":"footway","access":"","foot":""},"geometry":{"type":"LineString","coordinates":[[19.904492,54.649526],[19.904598,54.649468],[19.905108,54.649557],[19.905095,54.649613]]}},{"type":"Feature","properties":{"kind":"road","name":"","osm":"way/1092012361","highway":"footway","access":"","foot":""},"geometry":{"type":"LineString","coordinates":[[19.905397,54.650065],[19.905481,54.650019],[19.905581,54.649837],[19.905212,54.649622],[19.905095,54.649613],[19.904864,54.649744]]}},{"type":"Feature","properties":{"kind":"building","name":"","osm":"way/1092012364"},"geometry":{"type":"Polygon","coordinates":[[[19.904152,54.649269],[19.904228,54.649312],[19.904389,54.649217],[19.904313,54.649174],[19.904152,54.649269]]]}},{"type":"Feature","properties":{"kind":"building","name":"","osm":"way/1092012365"},"geometry":{"type":"Polygon","coordinates":[[[19.903704,54.6489],[19.903615,54.648844],[19.903828,54.64873],[19.903917,54.648785],[19.903771,54.648864],[19.903704,54.6489]]]}},{"type":"Feature","properties":{"kind":"road","name":"","osm":"way/1092012366","highway":"service","access":"","foot":""},"geometry":{"type":"LineString","coordinates":[[19.903123,54.648302],[19.903242,54.648373],[19.902882,54.648576],[19.902776,54.648636]]}},{"type":"Feature","properties":{"kind":"road","name":"","osm":"way/1092012367","highway":"service","access":"","foot":""},"geometry":{"type":"LineString","coordinates":[[19.90205,54.648207],[19.902157,54.648146],[19.90225,54.648093],[19.90254,54.648263]]}},{"type":"Feature","properties":{"kind":"road","name":"","osm":"way/1092012368","highway":"service","access":"","foot":""},"geometry":{"type":"LineString","coordinates":[[19.902496,54.64794],[19.902325,54.64784],[19.901975,54.648038],[19.901867,54.6481]]}},{"type":"Feature","properties":{"kind":"road","name":"","osm":"way/1092012369","highway":"footway","access":"","foot":""},"geometry":{"type":"LineString","coordinates":[[19.901788,54.647823],[19.901698,54.647875]]}},{"type":"Feature","properties":{"kind":"road","name":"","osm":"way/1092012370","highway":"service","access":"","foot":""},"geometry":{"type":"LineString","coordinates":[[19.901498,54.647653],[19.901788,54.647823]]}},{"type":"Feature","properties":{"kind":"road","name":"","osm":"way/1092012371","highway":"service","access":"","foot":""},"geometry":{"type":"LineString","coordinates":[[19.901715,54.64753],[19.901498,54.647653],[19.90141,54.647704],[19.9013,54.647766]]}},{"type":"Feature","properties":{"kind":"road","name":"","osm":"way/1092012373","highway":"service","access":"","foot":""},"geometry":{"type":"LineString","coordinates":[[19.899661,54.646445],[19.899468,54.646553],[19.899361,54.646613]]}},{"type":"Feature","properties":{"kind":"road","name":"","osm":"way/1092012374","highway":"service","access":"","foot":""},"geometry":{"type":"LineString","coordinates":[[19.899539,54.646454],[19.899353,54.646343],[19.899248,54.646402],[19.899229,54.646412],[19.899124,54.646471]]}},{"type":"Feature","properties":{"kind":"road","name":"","osm":"way/1092012376","highway":"service","access":"","foot":""},"geometry":{"type":"LineString","coordinates":[[19.899567,54.646144],[19.899109,54.645875],[19.898708,54.646104],[19.898606,54.646162]]}},{"type":"Feature","properties":{"kind":"building","name":"","osm":"way/1092012381"},"geometry":{"type":"Polygon","coordinates":[[[19.899573,54.646338],[19.899655,54.646289],[19.899791,54.646366],[19.899709,54.646415],[19.899677,54.646397],[19.899573,54.646338]]]}},{"type":"Feature","properties":{"kind":"road","name":"","osm":"way/1092012419","highway":"footway","access":"","foot":""},"geometry":{"type":"LineString","coordinates":[[19.898813,54.646166],[19.89871,54.646223],[19.898632,54.646267]]}},{"type":"Feature","properties":{"kind":"road","name":"","osm":"way/1092012421","highway":"footway","access":"","foot":""},"geometry":{"type":"LineString","coordinates":[[19.898327,54.646087],[19.898368,54.646111],[19.89842,54.646142]]}},{"type":"Feature","properties":{"kind":"road","name":"","osm":"way/1092012422","highway":"footway","access":"","foot":""},"geometry":{"type":"LineString","coordinates":[[19.89842,54.646142],[19.898632,54.646267],[19.898936,54.646445],[19.898948,54.646496],[19.899166,54.646634],[19.899262,54.646632],[19.899759,54.646934],[19.900843,54.647591],[19.902401,54.648508]]}},{"type":"Feature","properties":{"kind":"road","name":"","osm":"way/1092012423","highway":"footway","access":"","foot":""},"geometry":{"type":"LineString","coordinates":[[19.902546,54.648592],[19.902499,54.648565],[19.902401,54.648508]]}},{"type":"Feature","properties":{"kind":"road","name":"","osm":"way/1092012424","highway":"footway","access":"","foot":""},"geometry":{"type":"LineString","coordinates":[[19.902546,54.648592],[19.902686,54.648675],[19.902734,54.648703],[19.904925,54.650001]]}},{"type":"Feature","properties":{"kind":"road","name":"","osm":"way/1092012435","highway":"service","access":"","foot":""},"geometry":{"type":"LineString","coordinates":[[19.902368,54.650088],[19.902879,54.649793],[19.902911,54.649775]]}},{"type":"Feature","properties":{"kind":"road","name":"","osm":"way/1092012436","highway":"service","access":"","foot":""},"geometry":{"type":"LineString","coordinates":[[19.901811,54.649875],[19.902423,54.649522],[19.90245,54.649507]]}},{"type":"Feature","properties":{"kind":"road","name":"","osm":"way/1092012437","highway":"service","access":"","foot":""},"geometry":{"type":"LineString","coordinates":[[19.90154,54.649679],[19.90211,54.64935],[19.902146,54.64933]]}},{"type":"Feature","properties":{"kind":"road","name":"","osm":"way/1092012438","highway":"service","access":"","foot":""},"geometry":{"type":"LineString","coordinates":[[19.902579,54.648519],[19.902539,54.648542],[19.902499,54.648565],[19.901655,54.649045]]}},{"type":"Feature","properties":{"kind":"road","name":"","osm":"way/1092012439","highway":"service","access":"","foot":""},"geometry":{"type":"LineString","coordinates":[[19.899482,54.647099],[19.899223,54.646946]]}},{"type":"Feature","properties":{"kind":"road","name":"","osm":"way/1092012440","highway":"service","access":"","foot":""},"geometry":{"type":"LineString","coordinates":[[19.899828,54.646892],[19.899759,54.646934],[19.899482,54.647099],[19.899861,54.647332]]}},{"type":"Feature","properties":{"kind":"building","name":"","osm":"way/1092012441"},"geometry":{"type":"Polygon","coordinates":[[[19.899779,54.647691],[19.899644,54.647751],[19.899746,54.647828],[19.899767,54.647819],[19.899956,54.647962],[19.90007,54.647911],[19.899779,54.647691]]]}},{"type":"Feature","properties":{"kind":"road","name":"","osm":"way/1092012442","highway":"service","access":"","foot":""},"geometry":{"type":"LineString","coordinates":[[19.900077,54.647494],[19.899905,54.647614],[19.899916,54.647727],[19.900222,54.647895]]}},{"type":"Feature","properties":{"kind":"road","name":"","osm":"way/1092012443","highway":"service","access":"","foot":""},"geometry":{"type":"LineString","coordinates":[[19.901239,54.648374],[19.901586,54.648582],[19.901605,54.648672],[19.901543,54.648778],[19.901376,54.648883]]}},{"type":"Feature","properties":{"kind":"road","name":"","osm":"way/1092012444","highway":"service","access":"","foot":""},"geometry":{"type":"LineString","coordinates":[[19.900229,54.648046],[19.900156,54.647969],[19.900222,54.647895],[19.900843,54.647591],[19.90093,54.647549]]}},{"type":"Feature","properties":{"kind":"road","name":"","osm":"way/1092012445","highway":"service","access":"","foot":""},"geometry":{"type":"LineString","coordinates":[[19.900832,54.647913],[19.90043,54.64813],[19.900229,54.648046],[19.899716,54.648274]]}},{"type":"Feature","properties":{"kind":"road","name":"","osm":"way/1092012446","highway":"service","access":"","foot":""},"geometry":{"type":"LineString","coordinates":[[19.901376,54.648883],[19.900917,54.648582]]}},{"type":"Feature","properties":{"kind":"building","name":"","osm":"way/1248235322"},"geometry":{"type":"Polygon","coordinates":[[[19.89738,54.649641],[19.897095,54.649402],[19.897248,54.649341],[19.897532,54.64958],[19.89738,54.649641]]]}},{"type":"Feature","properties":{"kind":"building","name":"","osm":"way/1248235323"},"geometry":{"type":"Polygon","coordinates":[[[19.895573,54.649543],[19.895807,54.649446],[19.896259,54.649809],[19.896024,54.649906],[19.895573,54.649543]]]}},{"type":"Feature","properties":{"kind":"building","name":"","osm":"way/1370803442"},"geometry":{"type":"Polygon","coordinates":[[[19.900509,54.649989],[19.900542,54.650013],[19.900533,54.650017],[19.900605,54.650069],[19.9006,54.650071],[19.90064,54.650101],[19.900951,54.650101],[19.900911,54.650073],[19.900923,54.650066],[19.900886,54.650039],[19.900874,54.650044],[19.900842,54.650021],[19.900853,54.650016],[19.900802,54.649978],[19.900792,54.649984],[19.900761,54.649962],[19.900772,54.649956],[19.900733,54.649928],[19.900723,54.649933],[19.900686,54.649907],[19.900509,54.649989]]]}},{"type":"Feature","properties":{"kind":"building","name":"","osm":"way/1370803443"},"geometry":{"type":"Polygon","coordinates":[[[19.9,54.649661],[19.900141,54.649763],[19.900185,54.649742],[19.900195,54.649749],[19.900244,54.649726],[19.900236,54.64972],[19.900279,54.6497],[19.900276,54.649697],[19.900328,54.649673],[19.900332,54.649676],[19.900378,54.649654],[19.900387,54.649662],[19.900435,54.649639],[19.900426,54.649633],[19.900468,54.649614],[19.900497,54.649635],[19.900542,54.649614],[19.900551,54.649621],[19.900598,54.649599],[19.90059,54.649593],[19.900635,54.649571],[19.900632,54.649569],[19.900684,54.649545],[19.900688,54.649548],[19.900733,54.649527],[19.900743,54.649534],[19.900791,54.649512],[19.900782,54.649505],[19.900827,54.649484],[19.900685,54.649382],[19.900645,54.649401],[19.900637,54.649395],[19.900548,54.649436],[19.900544,54.649433],[19.900478,54.649464],[19.900481,54.649467],[19.900393,54.649508],[19.9004,54.649513],[19.90036,54.649531],[19.900331,54.649509],[19.900288,54.649529],[19.900281,54.649524],[19.900193,54.649565],[19.900188,54.649562],[19.900123,54.649592],[19.900127,54.649595],[19.900037,54.649636],[19.900044,54.649641],[19.9,54.649661]]]}},{"type":"Feature","properties":{"kind":"road","name":"","osm":"way/1410721331","highway":"service","access":"","foot":""},"geometry":{"type":"LineString","coordinates":[[19.900609,54.64967],[19.901397,54.650245],[19.901947,54.649992],[19.901977,54.649978]]}},{"type":"Feature","properties":{"kind":"road","name":"","osm":"way/1410721332","highway":"service","access":"","foot":""},"geometry":{"type":"LineString","coordinates":[[19.901213,54.649419],[19.900609,54.64967],[19.900307,54.649795]]}},{"type":"Feature","properties":{"kind":"building","name":"","osm":"way/1410721333"},"geometry":{"type":"Polygon","coordinates":[[[19.900949,54.649569],[19.900785,54.649645],[19.90129,54.650009],[19.901454,54.649933],[19.900949,54.649569]]]}},{"type":"Feature","properties":{"kind":"building","name":"","osm":"way/1488576111"},"geometry":{"type":"Polygon","coordinates":[[[19.903786,54.643807],[19.903716,54.643513],[19.903547,54.643527],[19.903617,54.643821],[19.903786,54.643807]]]}},{"type":"Feature","properties":{"kind":"building","name":"","osm":"way/1488576112"},"geometry":{"type":"Polygon","coordinates":[[[19.904573,54.643273],[19.904748,54.643153],[19.904831,54.643194],[19.904656,54.643314],[19.904573,54.643273]]]}},{"type":"Feature","properties":{"kind":"building","name":"","osm":"way/1488576113"},"geometry":{"type":"Polygon","coordinates":[[[19.90395,54.643445],[19.903938,54.643271],[19.904035,54.643269],[19.904046,54.643443],[19.90395,54.643445]]]}},{"type":"Feature","properties":{"kind":"building","name":"","osm":"way/1488576114"},"geometry":{"type":"Polygon","coordinates":[[[19.903745,54.643449],[19.903733,54.643275],[19.90383,54.643273],[19.903841,54.643447],[19.903745,54.643449]]]}},{"type":"Feature","properties":{"kind":"road","name":"","osm":"way/1488576117","highway":"path","access":"","foot":""},"geometry":{"type":"LineString","coordinates":[[19.903439,54.643329],[19.903451,54.643515],[19.903489,54.64374],[19.903527,54.643909]]}},{"type":"Feature","properties":{"kind":"road","name":"","osm":"way/1550890589","highway":"footway","access":"","foot":""},"geometry":{"type":"LineString","coordinates":[[19.901527,54.649003],[19.901773,54.64915],[19.901793,54.649161],[19.90211,54.64935],[19.902423,54.649522],[19.902879,54.649793],[19.903415,54.650112],[19.90408,54.650514]]}},{"type":"Feature","properties":{"kind":"road","name":"","osm":"way/1550890594","highway":"footway","access":"","foot":""},"geometry":{"type":"LineString","coordinates":[[19.901947,54.649992],[19.903369,54.65085],[19.903434,54.650889]]}},{"type":"Feature","properties":{"kind":"road","name":"","osm":"way/1552895974","highway":"footway","access":"","foot":""},"geometry":{"type":"LineString","coordinates":[[19.902401,54.648508],[19.902488,54.648465],[19.902599,54.648408]]}},{"type":"Feature","properties":{"kind":"road","name":"","osm":"way/1552895975","highway":"footway","access":"","foot":""},"geometry":{"type":"LineString","coordinates":[[19.901976,54.649064],[19.901826,54.649144],[19.901793,54.649161]]}},{"type":"Feature","properties":{"kind":"road","name":"","osm":"way/1552895976","highway":"footway","access":"","foot":""},"geometry":{"type":"LineString","coordinates":[[19.902341,54.648918],[19.902294,54.64889]]}},{"type":"Feature","properties":{"kind":"road","name":"","osm":"way/1552895977","highway":"footway","access":"","foot":""},"geometry":{"type":"LineString","coordinates":[[19.902294,54.648944],[19.902247,54.648916]]}},{"type":"Feature","properties":{"kind":"road","name":"","osm":"way/1552895978","highway":"footway","access":"","foot":""},"geometry":{"type":"LineString","coordinates":[[19.902022,54.649093],[19.901976,54.649064]]}},{"type":"Feature","properties":{"kind":"road","name":"","osm":"way/1552895979","highway":"footway","access":"","foot":""},"geometry":{"type":"LineString","coordinates":[[19.901976,54.649064],[19.902247,54.648916],[19.902294,54.64889],[19.902686,54.648675]]}},{"type":"Feature","properties":{"kind":"road","name":"","osm":"way/1552895980","highway":"footway","access":"","foot":""},"geometry":{"type":"LineString","coordinates":[[19.902734,54.648703],[19.902341,54.648918],[19.902294,54.648944],[19.902022,54.649093]]}},{"type":"Feature","properties":{"kind":"road","name":"","osm":"way/79400188","highway":"unclassified","access":"","foot":""},"geometry":{"type":"LineString","coordinates":[[19.88589,54.649842],[19.885925,54.64976],[19.886008,54.649729],[19.886955,54.649684],[19.887592,54.6496]]}},{"type":"Feature","properties":{"kind":"road","name":"","osm":"way/79400230","highway":"path","access":"","foot":""},"geometry":{"type":"LineString","coordinates":[[19.883441,54.650317],[19.883913,54.650166],[19.884597,54.650072],[19.88541,54.649949],[19.88589,54.649842]]}},{"type":"Feature","properties":{"kind":"road","name":"","osm":"way/79400273","highway":"residential","access":"","foot":""},"geometry":{"type":"LineString","coordinates":[[19.894516,54.658201],[19.893338,54.657692],[19.893032,54.657487],[19.892726,54.657217],[19.892397,54.6569],[19.892228,54.656668],[19.891321,54.655475],[19.891108,54.655193],[19.889517,54.653434],[19.88798,54.651708],[19.887964,54.651601],[19.888006,54.651524],[19.888123,54.651305],[19.88817,54.651059],[19.888143,54.650824],[19.887895,54.650168],[19.887592,54.6496],[19.887542,54.648714],[19.887558,54.6485]]}},{"type":"Feature","properties":{"kind":"road","name":"улица Чайковского","osm":"way/80721080","highway":"residential","access":"","foot":""},"geometry":{"type":"LineString","coordinates":[[19.889406,54.647032],[19.889477,54.647053],[19.891088,54.647517],[19.891332,54.647588],[19.891929,54.647738],[19.892182,54.647739],[19.892872,54.64769],[19.892939,54.647685]]}},{"type":"Feature","properties":{"kind":"road","name":"переулок Пушкина","osm":"way/170843916","highway":"residential","access":"","foot":""},"geometry":{"type":"LineString","coordinates":[[19.892556,54.646295],[19.892513,54.646299],[19.891052,54.646431]]}},{"type":"Feature","properties":{"kind":"road","name":"","osm":"way/342313040","highway":"footway","access":"","foot":""},"geometry":{"type":"LineString","coordinates":[[19.883913,54.650166],[19.88362,54.650036],[19.88342,54.649948],[19.883352,54.649918],[19.883121,54.649795],[19.8827,54.649172],[19.882556,54.649218],[19.882474,54.649227],[19.882407,54.649222],[19.882285,54.649188],[19.882097,54.649059]]}},{"type":"Feature","properties":{"kind":"road","name":"","osm":"way/700437400","highway":"path","access":"","foot":""},"geometry":{"type":"LineString","coordinates":[[19.882576,54.650761],[19.882176,54.65043],[19.880447,54.649187],[19.879606,54.648624]]}},{"type":"Feature","properties":{"kind":"road","name":"","osm":"way/700437677","highway":"footway","access":"","foot":""},"geometry":{"type":"LineString","coordinates":[[19.88342,54.649948],[19.883718,54.649816],[19.883799,54.649779],[19.883836,54.649707],[19.883874,54.649551],[19.883802,54.64933],[19.88378,54.649209],[19.883791,54.649144],[19.883775,54.649126],[19.883742,54.649121],[19.883693,54.649121],[19.883356,54.649162],[19.883005,54.649137],[19.8827,54.649172]]}},{"type":"Feature","properties":{"kind":"road","name":"","osm":"way/723587094","highway":"footway","access":"","foot":""},"geometry":{"type":"LineString","coordinates":[[19.893749,54.650956],[19.893089,54.648357],[19.893023,54.648099],[19.893009,54.648044]]}},{"type":"Feature","properties":{"kind":"road","name":"","osm":"way/727332675","highway":"unclassified","access":"","foot":""},"geometry":{"type":"LineString","coordinates":[[19.88589,54.649842],[19.885866,54.650442],[19.885871,54.650557]]}},{"type":"Feature","properties":{"kind":"road","name":"","osm":"way/827515506","highway":"service","access":"","foot":""},"geometry":{"type":"LineString","coordinates":[[19.883472,54.646113],[19.883448,54.646191],[19.884168,54.647337]]}},{"type":"Feature","properties":{"kind":"road","name":"","osm":"way/827515507","highway":"service","access":"private","foot":""},"geometry":{"type":"LineString","coordinates":[[19.886821,54.646811],[19.887343,54.646792],[19.887445,54.647571]]}},{"type":"Feature","properties":{"kind":"road","name":"","osm":"way/827515508","highway":"service","access":"private","foot":""},"geometry":{"type":"LineString","coordinates":[[19.886928,54.647703],[19.886,54.647737]]}},{"type":"Feature","properties":{"kind":"road","name":"","osm":"way/827515509","highway":"service","access":"private","foot":""},"geometry":{"type":"LineString","coordinates":[[19.886916,54.6476],[19.886595,54.64747],[19.885873,54.647501]]}},{"type":"Feature","properties":{"kind":"road","name":"","osm":"way/827515510","highway":"service","access":"private","foot":""},"geometry":{"type":"LineString","coordinates":[[19.886936,54.647762],[19.886488,54.648142],[19.886563,54.648509]]}},{"type":"Feature","properties":{"kind":"road","name":"","osm":"way/827515511","highway":"service","access":"private","foot":""},"geometry":{"type":"LineString","coordinates":[[19.887695,54.646321],[19.886767,54.646366],[19.886821,54.646811],[19.886916,54.6476],[19.886928,54.647703],[19.886936,54.647762],[19.887271,54.64786],[19.887407,54.648483],[19.887558,54.6485]]}},{"type":"Feature","properties":{"kind":"road","name":"","osm":"way/827697166","highway":"service","access":"","foot":""},"geometry":{"type":"LineString","coordinates":[[19.88884,54.646729],[19.889032,54.646711],[19.889153,54.646613],[19.889314,54.646603]]}},{"type":"Feature","properties":{"kind":"road","name":"","osm":"way/1078912108","highway":"service","access":"","foot":""},"geometry":{"type":"LineString","coordinates":[[19.891169,54.648185],[19.891029,54.647691],[19.891088,54.647517]]}},{"type":"Feature","properties":{"kind":"road","name":"","osm":"way/1092012358","highway":"footway","access":"","foot":""},"geometry":{"type":"LineString","coordinates":[[19.905481,54.650019],[19.905775,54.650198],[19.905947,54.650303]]}},{"type":"Feature","properties":{"kind":"road","name":"","osm":"way/1092012390","highway":"footway","access":"","foot":""},"geometry":{"type":"LineString","coordinates":[[19.892492,54.646052],[19.892448,54.646056]]}},{"type":"Feature","properties":{"kind":"road","name":"","osm":"way/1092012392","highway":"footway","access":"","foot":""},"geometry":{"type":"LineString","coordinates":[[19.892872,54.64769],[19.892513,54.646299]]}},{"type":"Feature","properties":{"kind":"road","name":"","osm":"way/1092012425","highway":"footway","access":"","foot":""},"geometry":{"type":"LineString","coordinates":[[19.90503,54.650064],[19.904982,54.650035],[19.904925,54.650001]]}},{"type":"Feature","properties":{"kind":"road","name":"","osm":"way/1092012427","highway":"footway","access":"","foot":""},"geometry":{"type":"LineString","coordinates":[[19.90503,54.650064],[19.905879,54.650572],[19.906552,54.650974]]}},{"type":"Feature","properties":{"kind":"road","name":"","osm":"way/1092012447","highway":"service","access":"","foot":""},"geometry":{"type":"LineString","coordinates":[[19.902716,54.650426],[19.902986,54.650278],[19.903278,54.650196],[19.903415,54.650112],[19.903452,54.650089]]}},{"type":"Feature","properties":{"kind":"road","name":"","osm":"way/1411350034","highway":"footway","access":"","foot":""},"geometry":{"type":"LineString","coordinates":[[19.893089,54.648357],[19.892877,54.648367]]}},{"type":"Feature","properties":{"kind":"road","name":"","osm":"way/1550890597","highway":"footway","access":"","foot":""},"geometry":{"type":"LineString","coordinates":[[19.904925,54.650001],[19.904121,54.650489],[19.90408,54.650514],[19.903486,54.650861],[19.903428,54.650822]]}},{"type":"Feature","properties":{"kind":"road","name":"","osm":"way/1553066367","highway":"footway","access":"","foot":""},"geometry":{"type":"LineString","coordinates":[[19.88182,54.648163],[19.882654,54.647981],[19.882972,54.647939],[19.883037,54.647907],[19.883076,54.647858],[19.883062,54.647764],[19.882688,54.647173],[19.882629,54.647139],[19.882545,54.647131],[19.881984,54.647204],[19.881914,54.647238],[19.881865,54.64727],[19.881357,54.64789]]}},{"type":"Feature","properties":{"kind":"road","name":"","osm":"way/1553066368","highway":"path","access":"","foot":""},"geometry":{"type":"LineString","coordinates":[[19.8827,54.649172],[19.88225,54.648676],[19.882167,54.648601]]}},{"type":"Feature","properties":{"kind":"road","name":"","osm":"way/1558512603","highway":"path","access":"","foot":""},"geometry":{"type":"LineString","coordinates":[[19.883441,54.650317],[19.88303,54.650037],[19.883011,54.649939],[19.882904,54.649823],[19.882764,54.649731],[19.882535,54.649639],[19.882386,54.649537],[19.882096,54.649386],[19.881783,54.649237],[19.881629,54.649132],[19.881508,54.648991],[19.88133,54.648699],[19.88112,54.648356],[19.881013,54.64817],[19.88084,54.647994],[19.880583,54.64787],[19.88041,54.647754],[19.880261,54.647653],[19.88003,54.647548],[19.879971,54.647521],[19.879528,54.647202],[19.879406,54.647183],[19.879261,54.647162],[19.879149,54.647129],[19.879047,54.64707],[19.879042,54.64701],[19.879084,54.646932],[19.879224,54.64677],[19.879294,54.64667],[19.879294,54.646521],[19.879275,54.64637],[19.879318,54.646278],[19.879376,54.64617]]}}],"bbox":[19.881321966535637,54.63330173295005,19.905897233464362,54.65010106704995],"route":"baltiysk-ot-vokzala-k-mayaku","source":"OpenStreetMap","checked_at":"2026-10-01","license":"ODbL-1.0","license_url":"https://opendatacommons.org/licenses/odbl/1-0/"}
