{"type":"FeatureCollection","features":[{"type":"Feature","properties":{"kind":"building","name":"","osm":"relation/1309857"},"geometry":{"type":"Polygon","coordinates":[[[20.510023,54.703585],[20.509999,54.703341],[20.509965,54.702989],[20.51064,54.702967],[20.510697,54.703564],[20.510023,54.703585]],[[20.51018,54.70346],[20.510168,54.703336],[20.510157,54.703212],[20.510469,54.703202],[20.51048,54.703326],[20.510492,54.70345],[20.51018,54.70346]]]}},{"type":"Feature","properties":{"kind":"building","name":"","osm":"relation/1383565"},"geometry":{"type":"Polygon","coordinates":[[[20.501935,54.712185],[20.502257,54.712154],[20.502214,54.712004],[20.501892,54.712035],[20.501935,54.712185]]]}},{"type":"Feature","properties":{"kind":"building","name":"Блеск-авто","osm":"relation/1471460"},"geometry":{"type":"Polygon","coordinates":[[[20.51565,54.709562],[20.515656,54.709454],[20.51589,54.709453],[20.515893,54.709393],[20.515781,54.70933],[20.515786,54.709019],[20.515899,54.709019],[20.515936,54.709018],[20.515964,54.709554],[20.51565,54.709562]]]}},{"type":"Feature","properties":{"kind":"green","name":"","osm":"relation/1471461"},"geometry":{"type":"Polygon","coordinates":[[[20.515362,54.708863],[20.515294,54.708819],[20.51528,54.708805],[20.51528,54.708779],[20.515312,54.70876],[20.515822,54.708775],[20.515854,54.708799],[20.515859,54.708817],[20.515811,54.70884],[20.515739,54.708867],[20.515362,54.708863]]]}},{"type":"Feature","properties":{"kind":"green","name":"","osm":"relation/1471462"},"geometry":{"type":"Polygon","coordinates":[[[20.516682,54.710686],[20.516554,54.710701],[20.516189,54.710561],[20.516061,54.710541],[20.515959,54.710526],[20.515784,54.710513],[20.515258,54.710458],[20.515133,54.710471],[20.514295,54.710557],[20.51428,54.710524],[20.514221,54.710398],[20.514151,54.710251],[20.514067,54.710117],[20.514052,54.710089],[20.515375,54.709877],[20.515201,54.709443],[20.515311,54.709437],[20.515466,54.709433],[20.515509,54.709459],[20.515526,54.709593],[20.515621,54.709589],[20.51565,54.709562],[20.515964,54.709554],[20.516317,54.709384],[20.516364,54.709487],[20.516385,54.709535],[20.516573,54.709873],[20.516482,54.70989],[20.516614,54.710116],[20.516378,54.710149],[20.516682,54.710686]]]}},{"type":"Feature","properties":{"kind":"building","name":"","osm":"relation/1858343"},"geometry":{"type":"Polygon","coordinates":[[[20.503501,54.704048],[20.503324,54.704072],[20.503478,54.704403],[20.503853,54.704344],[20.5037,54.704017],[20.503501,54.704048]],[[20.503586,54.704262],[20.503519,54.704109],[20.503638,54.704092],[20.503705,54.704244],[20.503586,54.704262]]]}},{"type":"Feature","properties":{"kind":"green","name":"Музей мирового океана","osm":"relation/1948840"},"geometry":{"type":"Polygon","coordinates":[[[20.494193,54.707158],[20.494492,54.70717],[20.495327,54.707159],[20.495631,54.707145],[20.495985,54.707127],[20.49604,54.707123],[20.496327,54.7071],[20.49727,54.707027],[20.498053,54.706966],[20.498755,54.70691],[20.498799,54.706908],[20.499096,54.706878],[20.499172,54.706871],[20.500945,54.706688],[20.501013,54.706681],[20.501331,54.706636],[20.501846,54.706622],[20.502224,54.706653],[20.502356,54.706705],[20.502499,54.706717],[20.502619,54.706699],[20.502904,54.706706],[20.504012,54.706634],[20.504002,54.706414],[20.503892,54.706381],[20.503919,54.70632],[20.503983,54.70618],[20.503926,54.706146],[20.503926,54.706123],[20.503926,54.706096],[20.503796,54.706105],[20.502998,54.706163],[20.501784,54.706235],[20.501529,54.706248],[20.500608,54.706237],[20.500141,54.706287],[20.500066,54.706295],[20.499443,54.70637],[20.499166,54.706402],[20.499165,54.706418],[20.499067,54.706423],[20.498841,54.70642],[20.498793,54.706426],[20.49873,54.706433],[20.49868,54.70644],[20.498624,54.706425],[20.498508,54.706428],[20.497682,54.706475],[20.497362,54.706496],[20.496237,54.706563],[20.496131,54.706571],[20.494878,54.706665],[20.493902,54.706668],[20.493262,54.706669],[20.492374,54.706675],[20.492329,54.706772],[20.49225,54.706947],[20.492362,54.70696],[20.492713,54.707006],[20.493322,54.707074],[20.494193,54.707158]]]}},{"type":"Feature","properties":{"kind":"green","name":"Ландшафтный парк","osm":"relation/5754984"},"geometry":{"type":"Polygon","coordinates":[[[20.495545,54.713089],[20.496924,54.71316],[20.497964,54.71316],[20.49798,54.713002],[20.497985,54.712829],[20.498007,54.712646],[20.497987,54.712195],[20.498231,54.712185],[20.498095,54.711971],[20.498138,54.71173],[20.497976,54.711601],[20.495825,54.711669],[20.494592,54.711774],[20.494913,54.712172],[20.495065,54.712338],[20.495158,54.712508],[20.495265,54.712867],[20.495545,54.713089]]]}},{"type":"Feature","properties":{"kind":"building","name":"ФГБУ АМП Балтийского моря в морском порту Калининград","osm":"relation/5851431"},"geometry":{"type":"Polygon","coordinates":[[[20.495314,54.707122],[20.495617,54.707098],[20.49586,54.707078],[20.495782,54.706757],[20.495236,54.706801],[20.495314,54.707122]],[[20.495462,54.707009],[20.495663,54.706993],[20.495634,54.706871],[20.495433,54.706887],[20.495462,54.707009]]]}},{"type":"Feature","properties":{"kind":"building","name":"Юность","osm":"relation/6454972"},"geometry":{"type":"Polygon","coordinates":[[[20.503413,54.708813],[20.503105,54.708274],[20.503499,54.708198],[20.503688,54.708162],[20.503748,54.708151],[20.504056,54.70869],[20.503413,54.708813]]]}},{"type":"Feature","properties":{"kind":"building","name":"Юность","osm":"relation/6454973"},"geometry":{"type":"Polygon","coordinates":[[[20.503688,54.708162],[20.503499,54.708198],[20.503386,54.708001],[20.503339,54.70801],[20.503189,54.707746],[20.503373,54.707711],[20.503359,54.707685],[20.503444,54.707669],[20.503425,54.707635],[20.503607,54.707601],[20.503311,54.707084],[20.504331,54.706889],[20.504441,54.707082],[20.504524,54.707066],[20.504663,54.70731],[20.504577,54.707327],[20.504821,54.707754],[20.503589,54.707989],[20.503688,54.708162]]]}},{"type":"Feature","properties":{"kind":"green","name":"","osm":"relation/6492192"},"geometry":{"type":"Polygon","coordinates":[[[20.516987,54.708469],[20.516844,54.70846],[20.51686,54.708345],[20.517242,54.708365],[20.516987,54.708469]]]}},{"type":"Feature","properties":{"kind":"green","name":"","osm":"relation/6492193"},"geometry":{"type":"Polygon","coordinates":[[[20.516743,54.708454],[20.515607,54.708396],[20.515477,54.708382],[20.515362,54.708358],[20.515273,54.708325],[20.515193,54.708284],[20.515129,54.708235],[20.515085,54.70819],[20.515062,54.708136],[20.515254,54.708144],[20.515263,54.708181],[20.515321,54.70822],[20.515429,54.708258],[20.51549,54.708277],[20.515566,54.708284],[20.516755,54.708343],[20.516743,54.708454]]]}},{"type":"Feature","properties":{"kind":"building","name":"Речной Вокзал","osm":"relation/6517940"},"geometry":{"type":"Polygon","coordinates":[[[20.514862,54.70476],[20.51503,54.704823],[20.514777,54.705049],[20.514596,54.704982],[20.514849,54.704755],[20.514862,54.70476]]]}},{"type":"Feature","properties":{"kind":"building","name":"Шкиперская","osm":"relation/6517941"},"geometry":{"type":"Polygon","coordinates":[[[20.51503,54.704823],[20.515042,54.704813],[20.515091,54.704769],[20.515225,54.704649],[20.515057,54.704586],[20.514862,54.70476],[20.51503,54.704823]]]}},{"type":"Feature","properties":{"kind":"green","name":"","osm":"relation/9750989"},"geometry":{"type":"Polygon","coordinates":[[[20.513496,54.705827],[20.513496,54.705795],[20.513494,54.70577],[20.513493,54.705756],[20.513497,54.705742],[20.513513,54.705748],[20.513563,54.705633],[20.513589,54.705488],[20.513588,54.705342],[20.513437,54.705324],[20.512532,54.705362],[20.512254,54.705385],[20.512254,54.705388],[20.511619,54.705438],[20.508839,54.705644],[20.508034,54.705709],[20.507194,54.705782],[20.506901,54.705815],[20.506072,54.705987],[20.506006,54.705999],[20.50597,54.706011],[20.505941,54.706031],[20.505926,54.706049],[20.50592,54.706066],[20.506161,54.706639],[20.506354,54.707136],[20.506426,54.707329],[20.506462,54.707433],[20.506537,54.707574],[20.506993,54.708122],[20.507057,54.708175],[20.507113,54.70821],[20.507175,54.708238],[20.507242,54.708262],[20.507341,54.708292],[20.507433,54.708313],[20.507527,54.708321],[20.507648,54.708328],[20.507777,54.708325],[20.508161,54.708266],[20.508139,54.708232],[20.50923,54.70801],[20.509247,54.708039],[20.510197,54.707725],[20.510276,54.707701],[20.51029,54.707711],[20.510291,54.70771],[20.510309,54.70772],[20.510323,54.707721],[20.510336,54.707718],[20.510521,54.70763],[20.510524,54.707617],[20.510516,54.707603],[20.510515,54.707602],[20.510683,54.707521],[20.511275,54.707252],[20.51152,54.707177],[20.512237,54.707027],[20.51253,54.70698],[20.512911,54.706935],[20.513372,54.706871],[20.5134,54.706867],[20.513421,54.70686],[20.513437,54.706849],[20.513449,54.706836],[20.513458,54.70682],[20.513459,54.7068],[20.513462,54.706731],[20.513465,54.706662],[20.513479,54.706247],[20.513507,54.705962],[20.513497,54.70585],[20.513496,54.705827]]]}},{"type":"Feature","properties":{"kind":"building","name":"","osm":"relation/12867817"},"geometry":{"type":"Polygon","coordinates":[[[20.508916,54.704556],[20.508875,54.704454],[20.508793,54.704252],[20.50871,54.70405],[20.508628,54.703847],[20.508545,54.703645],[20.508504,54.703544],[20.508307,54.70357],[20.508413,54.703831],[20.508232,54.703856],[20.508248,54.703893],[20.50834,54.70412],[20.508363,54.704177],[20.508313,54.704183],[20.508328,54.70422],[20.508343,54.704257],[20.508393,54.704251],[20.508437,54.704358],[20.508451,54.704394],[20.508402,54.704401],[20.508414,54.704431],[20.508426,54.704461],[20.508476,54.704454],[20.508557,54.704653],[20.508507,54.70466],[20.50854,54.704739],[20.508949,54.704683],[20.508944,54.704665],[20.508919,54.704561],[20.508916,54.704556]]]}},{"type":"Feature","properties":{"kind":"green","name":"Набережная Генерала Карбышева","osm":"relation/14452424"},"geometry":{"type":"Polygon","coordinates":[[[20.522354,54.707244],[20.522353,54.707231],[20.522352,54.707223],[20.522348,54.707176],[20.522326,54.706922],[20.522283,54.706924],[20.522252,54.706925],[20.521794,54.706942],[20.521551,54.70695],[20.521276,54.706956],[20.520979,54.706958],[20.520581,54.706959],[20.520108,54.706958],[20.519209,54.70695],[20.519067,54.706948],[20.519048,54.706948],[20.519019,54.706947],[20.518722,54.706945],[20.517883,54.706938],[20.517521,54.706937],[20.517304,54.70693],[20.517143,54.706921],[20.516948,54.706912],[20.516693,54.706887],[20.516074,54.706804],[20.516063,54.706802],[20.516015,54.706793],[20.515972,54.706788],[20.515783,54.706764],[20.514952,54.706664],[20.514918,54.70666],[20.514857,54.706653],[20.51471,54.706635],[20.514687,54.706634],[20.514659,54.706635],[20.514621,54.706646],[20.514606,54.706656],[20.514596,54.706668],[20.514588,54.706691],[20.514595,54.706791],[20.5146,54.706847],[20.51463,54.706851],[20.514661,54.706854],[20.514748,54.706865],[20.514734,54.706886],[20.514727,54.706899],[20.514712,54.706931],[20.514708,54.706941],[20.514703,54.70695],[20.515175,54.707041],[20.515543,54.707113],[20.515861,54.707167],[20.516121,54.707201],[20.516328,54.70722],[20.516683,54.707237],[20.517089,54.707256],[20.517388,54.70727],[20.51768,54.707278],[20.51815,54.707284],[20.518749,54.707288],[20.519657,54.707299],[20.520225,54.707304],[20.520661,54.707294],[20.521191,54.70728],[20.522354,54.707244]]]}},{"type":"Feature","properties":{"kind":"building","name":"","osm":"relation/17365647"},"geometry":{"type":"Polygon","coordinates":[[[20.506005,54.708605],[20.505965,54.708617],[20.505988,54.708645],[20.505999,54.708646],[20.506,54.708644],[20.506064,54.70865],[20.506092,54.70869],[20.506094,54.708694],[20.506153,54.708832],[20.506141,54.708833],[20.506144,54.708841],[20.506248,54.708825],[20.506249,54.708828],[20.506261,54.708826],[20.506259,54.708823],[20.506808,54.708743],[20.506803,54.708731],[20.506794,54.708733],[20.506387,54.708526],[20.506362,54.708533],[20.506342,54.70851],[20.506328,54.708513],[20.506307,54.708509],[20.506286,54.708483],[20.506292,54.708481],[20.506283,54.70847],[20.506267,54.70844],[20.506262,54.708435],[20.506243,54.708437],[20.506194,54.708402],[20.506202,54.708398],[20.506194,54.708392],[20.506185,54.708396],[20.505944,54.708217],[20.505939,54.708214],[20.505894,54.708151],[20.505661,54.707788],[20.505658,54.707789],[20.505647,54.707773],[20.505534,54.707797],[20.505544,54.707811],[20.505446,54.707829],[20.505676,54.708189],[20.505683,54.70819],[20.505685,54.708193],[20.505727,54.708257],[20.505727,54.70826],[20.505746,54.708257],[20.505859,54.708341],[20.505811,54.708363],[20.505806,54.708359],[20.505791,54.708366],[20.505804,54.708376],[20.505813,54.708373],[20.505855,54.708404],[20.505847,54.708407],[20.505861,54.708418],[20.505869,54.708414],[20.505914,54.708447],[20.50591,54.708448],[20.50591,54.708451],[20.505899,54.708484],[20.505953,54.708525],[20.505976,54.708554],[20.505985,54.708566],[20.50599,54.708564],[20.506013,54.708593],[20.505999,54.708597],[20.506005,54.708605]]]}},{"type":"Feature","properties":{"kind":"building","name":"","osm":"relation/17986552"},"geometry":{"type":"Polygon","coordinates":[[[20.493941,54.708807],[20.493826,54.708817],[20.493833,54.708844],[20.493617,54.708863],[20.493593,54.708769],[20.493577,54.708709],[20.493793,54.70869],[20.49385,54.708685],[20.493908,54.70868],[20.493976,54.708674],[20.494042,54.708668],[20.494109,54.708663],[20.494199,54.708655],[20.494356,54.708641],[20.49439,54.708768],[20.494075,54.708796],[20.494009,54.708801],[20.493941,54.708807]]]}},{"type":"Feature","properties":{"kind":"building","name":"Шиндорадо","osm":"relation/21362446"},"geometry":{"type":"Polygon","coordinates":[[[20.516473,54.709322],[20.516526,54.709313],[20.516895,54.709245],[20.516829,54.709143],[20.516737,54.709163],[20.516617,54.709166],[20.516547,54.709174],[20.516483,54.709189],[20.516429,54.709204],[20.516388,54.70923],[20.516275,54.709195],[20.516215,54.709226],[20.516175,54.709264],[20.516168,54.709296],[20.516173,54.709322],[20.516189,54.709339],[20.516221,54.709346],[20.516305,54.709347],[20.516473,54.709322]]]}},{"type":"Feature","properties":{"kind":"building","name":"КГТУ","osm":"relation/1307518"},"geometry":{"type":"Polygon","coordinates":[[[20.510195,54.700455],[20.510196,54.700493],[20.5103,54.700491],[20.510301,54.700523],[20.510425,54.700521],[20.510423,54.700472],[20.510855,54.700464],[20.510857,54.700513],[20.511081,54.700509],[20.511083,54.700547],[20.511191,54.700545],[20.5112,54.700706],[20.510458,54.700719],[20.510452,54.700603],[20.510123,54.700609],[20.510129,54.700717],[20.510243,54.700716],[20.510256,54.700968],[20.5102,54.700969],[20.510205,54.701059],[20.510591,54.701052],[20.510586,54.700958],[20.510515,54.700959],[20.510509,54.700855],[20.511075,54.700845],[20.51108,54.700929],[20.511193,54.700927],[20.511192,54.701101],[20.511437,54.701102],[20.511439,54.700997],[20.51144,54.700887],[20.511422,54.70033],[20.511348,54.700329],[20.510814,54.700324],[20.510212,54.700321],[20.510195,54.700455]]]}},{"type":"Feature","properties":{"kind":"building","name":"","osm":"relation/1307533"},"geometry":{"type":"Polygon","coordinates":[[[20.517443,54.698353],[20.517642,54.698257],[20.517753,54.698334],[20.517587,54.698423],[20.517443,54.698353]]]}},{"type":"Feature","properties":{"kind":"building","name":"","osm":"relation/1307534"},"geometry":{"type":"Polygon","coordinates":[[[20.517587,54.698423],[20.517808,54.698787],[20.517642,54.698829],[20.517384,54.698436],[20.517443,54.698353],[20.517587,54.698423]]]}},{"type":"Feature","properties":{"kind":"building","name":"","osm":"relation/1333758"},"geometry":{"type":"Polygon","coordinates":[[[20.511693,54.697779],[20.511534,54.697781],[20.511536,54.697835],[20.511695,54.697833],[20.511693,54.697779]]]}},{"type":"Feature","properties":{"kind":"building","name":"","osm":"relation/1333761"},"geometry":{"type":"Polygon","coordinates":[[[20.51188,54.698029],[20.511881,54.698226],[20.511845,54.698226],[20.511845,54.698299],[20.51186,54.698299],[20.51188,54.698299],[20.511881,54.698362],[20.511986,54.698361],[20.512046,54.698361],[20.512043,54.698027],[20.51188,54.698029]]]}},{"type":"Feature","properties":{"kind":"building","name":"ЖК \"Рыбная Деревня\"","osm":"relation/14471216"},"geometry":{"type":"Polygon","coordinates":[[[20.516621,54.700969],[20.516498,54.701161],[20.516519,54.701165],[20.516502,54.701192],[20.516485,54.701218],[20.51658,54.701239],[20.516511,54.701347],[20.516444,54.701452],[20.515767,54.701307],[20.515748,54.701338],[20.515594,54.701305],[20.515572,54.701338],[20.515429,54.701308],[20.515418,54.701324],[20.515304,54.701299],[20.515294,54.701315],[20.515147,54.701283],[20.515193,54.701212],[20.515142,54.701201],[20.51523,54.701062],[20.5152,54.701056],[20.515287,54.70092],[20.515328,54.700928],[20.515399,54.700817],[20.515687,54.700667],[20.515671,54.700657],[20.515786,54.700597],[20.515845,54.700635],[20.515852,54.700629],[20.516423,54.700841],[20.516405,54.700857],[20.516615,54.700935],[20.516591,54.700957],[20.516621,54.700969]],[[20.516301,54.701253],[20.516359,54.701161],[20.516372,54.701141],[20.516262,54.701118],[20.516283,54.701084],[20.516262,54.70108],[20.516298,54.701024],[20.516336,54.701032],[20.516304,54.701012],[20.516251,54.700992],[20.516266,54.700979],[20.515977,54.700871],[20.51599,54.700859],[20.515887,54.700821],[20.515877,54.700826],[20.515801,54.700798],[20.515795,54.700801],[20.515828,54.700822],[20.515747,54.700864],[20.515731,54.700854],[20.515662,54.700889],[20.51564,54.700885],[20.51553,54.701057],[20.515495,54.70105],[20.515441,54.701134],[20.515523,54.701152],[20.515533,54.701136],[20.515633,54.701158],[20.515623,54.701173],[20.515682,54.701186],[20.515692,54.70117],[20.515776,54.701188],[20.515793,54.70116],[20.515871,54.701177],[20.515864,54.701189],[20.515944,54.701206],[20.515961,54.70118],[20.516069,54.701203],[20.51606,54.701217],[20.516181,54.701243],[20.51619,54.701229],[20.516301,54.701253]]]}},{"type":"Feature","properties":{"kind":"building","name":"ЖК \"Рыбная Деревня\"","osm":"relation/14471216"},"geometry":{"type":"Polygon","coordinates":[[[20.516824,54.700801],[20.516665,54.70076],[20.516176,54.700443],[20.516213,54.700424],[20.516191,54.700411],[20.516292,54.700359],[20.516307,54.700369],[20.517001,54.700136],[20.517201,54.700084],[20.517208,54.700093],[20.517369,54.700048],[20.517407,54.700073],[20.517494,54.70013],[20.517036,54.700562],[20.516951,54.700636],[20.516824,54.700801]],[[20.51653,54.700489],[20.516692,54.700595],[20.51681,54.700534],[20.517093,54.700269],[20.517061,54.70025],[20.516532,54.700431],[20.516578,54.700464],[20.51653,54.700489]]]}},{"type":"Feature","properties":{"kind":"road","name":"","osm":"way/32454235","highway":"unclassified","access":"","foot":""},"geometry":{"type":"LineString","coordinates":[[20.514588,54.705785],[20.514557,54.705782],[20.514533,54.705779],[20.514523,54.705778]]}},{"type":"Feature","properties":{"kind":"water","name":"Нижний пруд","osm":"way/32454242"},"geometry":{"type":"Polygon","coordinates":[[[20.513141,54.71156],[20.513165,54.711614],[20.51348,54.712044],[20.513584,54.712055],[20.513669,54.712091],[20.513723,54.712126],[20.513733,54.712186],[20.513703,54.712241],[20.513823,54.712363],[20.513905,54.712498],[20.514023,54.712618],[20.514048,54.712662],[20.51408,54.712764],[20.514158,54.712881],[20.514228,54.713],[20.51424,54.713138],[20.514261,54.71316],[20.515368,54.71316],[20.515088,54.712574],[20.515093,54.712415],[20.515174,54.712308],[20.515122,54.712185],[20.515004,54.71204],[20.514902,54.711899],[20.514657,54.711663],[20.514509,54.711574],[20.514323,54.71147],[20.514237,54.711436],[20.514051,54.711399],[20.513935,54.711372],[20.513759,54.711343],[20.513287,54.711432],[20.513213,54.71147],[20.513167,54.711509],[20.513141,54.71156]]]}},{"type":"Feature","properties":{"kind":"road","name":"Юбилейный мост","osm":"way/39386698","highway":"pedestrian","access":"","foot":""},"geometry":{"type":"LineString","coordinates":[[20.515198,54.702459],[20.514604,54.702426],[20.514012,54.702396]]}},{"type":"Feature","properties":{"kind":"road","name":"Ленинский проспект","osm":"way/41911957","highway":"primary","access":"","foot":"no"},"geometry":{"type":"LineString","coordinates":[[20.505852,54.70418],[20.505938,54.704335]]}},{"type":"Feature","properties":{"kind":"road","name":"Парусная улица","osm":"way/42322347","highway":"tertiary","access":"","foot":""},"geometry":{"type":"LineString","coordinates":[[20.506236,54.7041],[20.507627,54.703922]]}},{"type":"Feature","properties":{"kind":"road","name":"Парусная улица","osm":"way/42322348","highway":"tertiary_link","access":"","foot":"no"},"geometry":{"type":"LineString","coordinates":[[20.505739,54.703977],[20.505899,54.704057],[20.506003,54.704082],[20.506105,54.704095],[20.506236,54.7041]]}},{"type":"Feature","properties":{"kind":"road","name":"Парусная улица","osm":"way/42322349","highway":"tertiary_link","access":"","foot":"no"},"geometry":{"type":"LineString","coordinates":[[20.506236,54.7041],[20.506056,54.704178],[20.505985,54.704217],[20.505947,54.704264],[20.505938,54.704335]]}},{"type":"Feature","properties":{"kind":"road","name":"Московский проспект","osm":"way/42449783","highway":"primary","access":"","foot":"no"},"geometry":{"type":"LineString","coordinates":[[20.495082,54.711058],[20.494833,54.711185]]}},{"type":"Feature","properties":{"kind":"road","name":"Московский проспект","osm":"way/42449785","highway":"primary","access":"","foot":"no"},"geometry":{"type":"LineString","coordinates":[[20.494885,54.710699],[20.495258,54.710668],[20.49544,54.710652]]}},{"type":"Feature","properties":{"kind":"road","name":"улица Румянцева","osm":"way/42452217","highway":"primary","access":"","foot":""},"geometry":{"type":"LineString","coordinates":[[20.493885,54.711633],[20.49331,54.711912],[20.492994,54.712045],[20.492874,54.71209],[20.492667,54.71215],[20.492126,54.712258],[20.491321,54.712402],[20.490928,54.712474]]}},{"type":"Feature","properties":{"kind":"road","name":"улица Румянцева","osm":"way/42452218","highway":"primary","access":"","foot":""},"geometry":{"type":"LineString","coordinates":[[20.492446,54.712107],[20.492648,54.712063],[20.492822,54.712],[20.493141,54.711859],[20.49369,54.711557],[20.493855,54.711429],[20.49395,54.711317],[20.494051,54.711086]]}},{"type":"Feature","properties":{"kind":"road","name":"","osm":"way/42455794","highway":"service","access":"","foot":""},"geometry":{"type":"LineString","coordinates":[[20.516315,54.708751],[20.516025,54.708786],[20.515904,54.708825],[20.515889,54.70883],[20.515837,54.708868],[20.515622,54.70897],[20.515629,54.70914],[20.515525,54.709142]]}},{"type":"Feature","properties":{"kind":"road","name":"Ботаническая улица","osm":"way/42596792","highway":"residential","access":"","foot":""},"geometry":{"type":"LineString","coordinates":[[20.49436,54.711699],[20.495883,54.711654]]}},{"type":"Feature","properties":{"kind":"road","name":"Житомирская улица","osm":"way/42597246","highway":"tertiary","access":"","foot":""},"geometry":{"type":"LineString","coordinates":[[20.506616,54.713051],[20.506777,54.713079],[20.507014,54.713068]]}},{"type":"Feature","properties":{"kind":"road","name":"улица Бесселя","osm":"way/42597737","highway":"tertiary","access":"","foot":""},"geometry":{"type":"LineString","coordinates":[[20.495547,54.713189],[20.49566,54.713162],[20.49707,54.713204],[20.497355,54.713213],[20.497411,54.713214],[20.497928,54.71323],[20.498074,54.713219],[20.498167,54.713189],[20.49857,54.712584],[20.49864,54.712491],[20.49883,54.712366]]}},{"type":"Feature","properties":{"kind":"road","name":"улица Вагнера","osm":"way/42597785","highway":"tertiary","access":"","foot":""},"geometry":{"type":"LineString","coordinates":[[20.49883,54.712366],[20.498887,54.71235],[20.499012,54.712345],[20.499088,54.712342],[20.50006,54.712333],[20.500185,54.712332],[20.500938,54.712325]]}},{"type":"Feature","properties":{"kind":"road","name":"Больничная улица","osm":"way/42599306","highway":"steps","access":"","foot":""},"geometry":{"type":"LineString","coordinates":[[20.503351,54.71007],[20.503356,54.71018],[20.503427,54.710785]]}},{"type":"Feature","properties":{"kind":"road","name":"","osm":"way/42599755","highway":"footway","access":"","foot":""},"geometry":{"type":"LineString","coordinates":[[20.50601,54.710182],[20.506492,54.710283]]}},{"type":"Feature","properties":{"kind":"road","name":"улица Коперника","osm":"way/42600189","highway":"residential","access":"","foot":""},"geometry":{"type":"LineString","coordinates":[[20.506858,54.710632],[20.506748,54.710475],[20.506671,54.710463]]}},{"type":"Feature","properties":{"kind":"green","name":"","osm":"way/42614951"},"geometry":{"type":"Polygon","coordinates":[[[20.494506,54.710671],[20.494674,54.710699],[20.494815,54.710736],[20.494894,54.710774],[20.494978,54.710825],[20.495012,54.710926],[20.494964,54.711002],[20.494856,54.71107],[20.494757,54.711117],[20.494627,54.711163],[20.494504,54.711185],[20.494381,54.711179],[20.494267,54.711147],[20.494184,54.711104],[20.494138,54.711022],[20.494122,54.710924],[20.494129,54.710826],[20.494203,54.710725],[20.494351,54.710673],[20.494506,54.710671]]]}},{"type":"Feature","properties":{"kind":"road","name":"улица Генерала Буткова","osm":"way/42990364","highway":"primary","access":"","foot":"no"},"geometry":{"type":"LineString","coordinates":[[20.494013,54.710924],[20.493948,54.710818],[20.493854,54.710694],[20.493804,54.710645],[20.492907,54.710127],[20.49255,54.709923],[20.491651,54.709408],[20.49074,54.708837],[20.490555,54.708721],[20.490451,54.708625],[20.490273,54.708454],[20.490106,54.708252],[20.489983,54.708072]]}},{"type":"Feature","properties":{"kind":"road","name":"Портовая улица","osm":"way/42991877","highway":"secondary_link","access":"","foot":""},"geometry":{"type":"LineString","coordinates":[[20.505738,54.704382],[20.505699,54.704359],[20.505658,54.704335],[20.505593,54.7043],[20.505514,54.704265],[20.505408,54.704225]]}},{"type":"Feature","properties":{"kind":"road","name":"Пролетарская улица","osm":"way/43569989","highway":"secondary","access":"","foot":"no"},"geometry":{"type":"LineString","coordinates":[[20.512336,54.711367],[20.512735,54.712035],[20.512784,54.712114],[20.512999,54.71247],[20.513158,54.712743],[20.513489,54.713338],[20.513521,54.713472],[20.513536,54.713622],[20.513544,54.713701],[20.513549,54.713869],[20.513579,54.714763],[20.513577,54.714916]]}},{"type":"Feature","properties":{"kind":"road","name":"улица Шевченко","osm":"way/43570453","highway":"secondary","access":"","foot":"no"},"geometry":{"type":"LineString","coordinates":[[20.509192,54.710978],[20.509329,54.711176],[20.50941,54.711265],[20.509503,54.711346],[20.509554,54.711368],[20.509774,54.711407]]}},{"type":"Feature","properties":{"kind":"road","name":"улица Шевченко","osm":"way/43570902","highway":"secondary","access":"","foot":""},"geometry":{"type":"LineString","coordinates":[[20.517784,54.711948],[20.517339,54.711612],[20.517165,54.711488],[20.516785,54.711233]]}},{"type":"Feature","properties":{"kind":"road","name":"улица Шевченко","osm":"way/43570906","highway":"secondary","access":"","foot":"no"},"geometry":{"type":"LineString","coordinates":[[20.510078,54.711537],[20.509578,54.711621],[20.509499,54.711637],[20.509247,54.711695]]}},{"type":"Feature","properties":{"kind":"road","name":"улица Шевченко","osm":"way/43570908","highway":"secondary","access":"","foot":"no"},"geometry":{"type":"LineString","coordinates":[[20.509774,54.711407],[20.510859,54.711236]]}},{"type":"Feature","properties":{"kind":"road","name":"Пролетарская улица","osm":"way/43570911","highway":"secondary","access":"","foot":"no"},"geometry":{"type":"LineString","coordinates":[[20.51256,54.711129],[20.512448,54.711203],[20.512369,54.711271],[20.512336,54.711367]]}},{"type":"Feature","properties":{"kind":"road","name":"Пролетарская улица","osm":"way/43570916","highway":"secondary","access":"","foot":"no"},"geometry":{"type":"LineString","coordinates":[[20.512336,54.711367],[20.512225,54.711298],[20.512099,54.711251],[20.511984,54.711225]]}},{"type":"Feature","properties":{"kind":"road","name":"Загорская улица","osm":"way/43950569","highway":"residential","access":"","foot":""},"geometry":{"type":"LineString","coordinates":[[20.49883,54.712366],[20.498665,54.711911],[20.498546,54.711789],[20.498332,54.71173],[20.498212,54.71171]]}},{"type":"Feature","properties":{"kind":"road","name":"Загорская улица","osm":"way/43950571","highway":"service","access":"","foot":""},"geometry":{"type":"LineString","coordinates":[[20.498212,54.71171],[20.498154,54.711926],[20.498202,54.712037],[20.498388,54.712246],[20.49864,54.712491]]}},{"type":"Feature","properties":{"kind":"road","name":"","osm":"way/43950572","highway":"footway","access":"no","foot":"yes"},"geometry":{"type":"LineString","coordinates":[[20.495883,54.711654],[20.49785,54.711568]]}},{"type":"Feature","properties":{"kind":"road","name":"Ботаническая улица","osm":"way/43950573","highway":"service","access":"","foot":""},"geometry":{"type":"LineString","coordinates":[[20.495883,54.711654],[20.495869,54.711563],[20.495836,54.71137],[20.497597,54.711241],[20.497619,54.711373],[20.498002,54.711347],[20.497945,54.710937],[20.497893,54.710663],[20.497872,54.710552]]}},{"type":"Feature","properties":{"kind":"road","name":"Барнаульская улица","osm":"way/43951253","highway":"footway","access":"","foot":""},"geometry":{"type":"LineString","coordinates":[[20.500676,54.711466],[20.500548,54.711502],[20.500433,54.711628],[20.50056,54.711778],[20.500646,54.71186],[20.500981,54.712223],[20.501003,54.712259],[20.50104,54.712319]]}},{"type":"Feature","properties":{"kind":"road","name":"","osm":"way/43951254","highway":"footway","access":"","foot":""},"geometry":{"type":"LineString","coordinates":[[20.498212,54.71171],[20.498033,54.711558]]}},{"type":"Feature","properties":{"kind":"road","name":"","osm":"way/43951255","highway":"steps","access":"","foot":""},"geometry":{"type":"LineString","coordinates":[[20.498002,54.711347],[20.498033,54.711558]]}},{"type":"Feature","properties":{"kind":"road","name":"","osm":"way/43951258","highway":"footway","access":"","foot":""},"geometry":{"type":"LineString","coordinates":[[20.498634,54.71147],[20.498653,54.711731],[20.498658,54.711775]]}},{"type":"Feature","properties":{"kind":"road","name":"","osm":"way/43951260","highway":"footway","access":"","foot":""},"geometry":{"type":"LineString","coordinates":[[20.500655,54.710878],[20.500794,54.710934],[20.500751,54.711031],[20.500723,54.711176],[20.500751,54.71136],[20.500676,54.711466]]}},{"type":"Feature","properties":{"kind":"road","name":"","osm":"way/43951261","highway":"steps","access":"","foot":""},"geometry":{"type":"LineString","coordinates":[[20.500615,54.710803],[20.500655,54.710878]]}},{"type":"Feature","properties":{"kind":"road","name":"Барнаульская улица","osm":"way/43951262","highway":"residential","access":"","foot":""},"geometry":{"type":"LineString","coordinates":[[20.502402,54.713892],[20.502184,54.713726],[20.501822,54.713406],[20.501495,54.713031],[20.501274,54.712741],[20.501136,54.712565],[20.500972,54.712375],[20.500938,54.712325]]}},{"type":"Feature","properties":{"kind":"road","name":"улица Салтыкова-Щедрина","osm":"way/43951437","highway":"residential","access":"","foot":""},"geometry":{"type":"LineString","coordinates":[[20.505653,54.71085],[20.505619,54.711308],[20.505602,54.711943]]}},{"type":"Feature","properties":{"kind":"road","name":"","osm":"way/43951438","highway":"service","access":"","foot":""},"geometry":{"type":"LineString","coordinates":[[20.505619,54.711308],[20.506367,54.711253],[20.506815,54.711241]]}},{"type":"Feature","properties":{"kind":"road","name":"Сибирская улица","osm":"way/43951856","highway":"residential","access":"","foot":""},"geometry":{"type":"LineString","coordinates":[[20.503714,54.713003],[20.502597,54.713075]]}},{"type":"Feature","properties":{"kind":"road","name":"Космическая улица","osm":"way/43952127","highway":"footway","access":"","foot":""},"geometry":{"type":"LineString","coordinates":[[20.500419,54.714216],[20.499397,54.713153],[20.498881,54.713079],[20.498882,54.712989],[20.498887,54.71235]]}},{"type":"Feature","properties":{"kind":"green","name":"","osm":"way/44013513"},"geometry":{"type":"Polygon","coordinates":[[[20.507486,54.706872],[20.506448,54.706989],[20.506056,54.706105],[20.506105,54.706067],[20.506343,54.705992],[20.507021,54.705856],[20.509105,54.705696],[20.512434,54.705411],[20.513439,54.705372],[20.513504,54.705394],[20.513486,54.705619],[20.513444,54.705745],[20.513272,54.705734],[20.513063,54.705664],[20.512829,54.705778],[20.512535,54.705834],[20.512341,54.705859],[20.512335,54.705817],[20.512202,54.705855],[20.51222,54.705902],[20.511958,54.705919],[20.511957,54.705939],[20.511835,54.705958],[20.511818,54.705923],[20.51107,54.706139],[20.511087,54.706159],[20.510848,54.706226],[20.510513,54.706308],[20.510466,54.706317],[20.510447,54.70631],[20.510338,54.706325],[20.509853,54.70642],[20.509373,54.706513],[20.50822,54.706737],[20.507933,54.706791],[20.50769,54.706836],[20.507561,54.706859],[20.507486,54.706872]]]}},{"type":"Feature","properties":{"kind":"road","name":"Ленинский проспект","osm":"way/44022248","highway":"primary","access":"","foot":"no"},"geometry":{"type":"LineString","coordinates":[[20.505938,54.704335],[20.506212,54.704896],[20.508499,54.709583]]}},{"type":"Feature","properties":{"kind":"road","name":"Эпроновская улица","osm":"way/44794756","highway":"residential","access":"","foot":""},"geometry":{"type":"LineString","coordinates":[[20.513436,54.702218],[20.513479,54.70238],[20.51354,54.702559],[20.513752,54.703174],[20.513831,54.703406],[20.513912,54.70364]]}},{"type":"Feature","properties":{"kind":"road","name":"","osm":"way/44794757","highway":"footway","access":"","foot":""},"geometry":{"type":"LineString","coordinates":[[20.509893,54.704196],[20.509979,54.704407],[20.509995,54.704473]]}},{"type":"Feature","properties":{"kind":"road","name":"улица Новый Вал","osm":"way/44794758","highway":"residential","access":"","foot":""},"geometry":{"type":"LineString","coordinates":[[20.509562,54.701715],[20.509579,54.701837],[20.509642,54.702275],[20.509801,54.703444],[20.509893,54.704196]]}},{"type":"Feature","properties":{"kind":"road","name":"Малый переулок","osm":"way/44795254","highway":"residential","access":"","foot":""},"geometry":{"type":"LineString","coordinates":[[20.511462,54.702319],[20.511619,54.702322],[20.512462,54.702336],[20.513431,54.702379],[20.513479,54.70238]]}},{"type":"Feature","properties":{"kind":"road","name":"","osm":"way/44795256","highway":"tertiary","access":"","foot":""},"geometry":{"type":"LineString","coordinates":[[20.508163,54.70454],[20.50819,54.704606],[20.508204,54.704639],[20.508183,54.704715]]}},{"type":"Feature","properties":{"kind":"road","name":"","osm":"way/44795266","highway":"pedestrian","access":"","foot":""},"geometry":{"type":"LineString","coordinates":[[20.516228,54.702515],[20.516203,54.702513],[20.516018,54.702503],[20.515984,54.702498],[20.515777,54.702488],[20.515687,54.702484],[20.515464,54.702473],[20.515405,54.70247]]}},{"type":"Feature","properties":{"kind":"road","name":"","osm":"way/44795267","highway":"pedestrian","access":"","foot":""},"geometry":{"type":"LineString","coordinates":[[20.513479,54.70238],[20.513613,54.702384],[20.513929,54.702392],[20.514012,54.702396]]}},{"type":"Feature","properties":{"kind":"road","name":"Октябрьская улица","osm":"way/44921241","highway":"secondary","access":"","foot":""},"geometry":{"type":"LineString","coordinates":[[20.514734,54.707636],[20.514847,54.708115],[20.514926,54.708247],[20.515115,54.708376],[20.515222,54.708416]]}},{"type":"Feature","properties":{"kind":"road","name":"набережная Генерала Карбышева","osm":"way/48754755","highway":"tertiary","access":"","foot":""},"geometry":{"type":"LineString","coordinates":[[20.51443,54.706568],[20.514466,54.706569],[20.514498,54.70657],[20.514516,54.706571],[20.514541,54.706572]]}},{"type":"Feature","properties":{"kind":"road","name":"","osm":"way/48762215","highway":"service","access":"","foot":""},"geometry":{"type":"LineString","coordinates":[[20.516445,54.704397],[20.516902,54.704544],[20.516898,54.704687],[20.516894,54.704863],[20.516987,54.704919],[20.516959,54.704954],[20.516812,54.704985],[20.516765,54.704995],[20.516471,54.705057],[20.516321,54.705079],[20.516208,54.705077],[20.515883,54.705006],[20.515714,54.704954]]}},{"type":"Feature","properties":{"kind":"road","name":"Октябрьская улица","osm":"way/48762218","highway":"residential","access":"","foot":""},"geometry":{"type":"LineString","coordinates":[[20.516036,54.704239],[20.516084,54.704248],[20.51613,54.704257],[20.516178,54.704267],[20.516254,54.704282],[20.516325,54.704295],[20.516383,54.704302],[20.516433,54.704304]]}},{"type":"Feature","properties":{"kind":"building","name":"Виктория","osm":"way/48762219"},"geometry":{"type":"Polygon","coordinates":[[[20.517929,54.704163],[20.516934,54.704377],[20.517088,54.704604],[20.517028,54.704634],[20.517013,54.70466],[20.517009,54.704693],[20.517005,54.704719],[20.517028,54.704743],[20.517054,54.70476],[20.516994,54.704782],[20.517032,54.704808],[20.517077,54.704832],[20.517137,54.70485],[20.517205,54.704852],[20.517266,54.704854],[20.517326,54.704843],[20.517337,54.704872],[20.517398,54.704863],[20.517439,54.704843],[20.517473,54.704822],[20.517499,54.7048],[20.517518,54.704765],[20.518365,54.70459],[20.51825,54.704416],[20.518108,54.704446],[20.517929,54.704163]]]}},{"type":"Feature","properties":{"kind":"road","name":"","osm":"way/48762222","highway":"service","access":"","foot":""},"geometry":{"type":"LineString","coordinates":[[20.515996,54.704884],[20.516471,54.705057]]}},{"type":"Feature","properties":{"kind":"road","name":"","osm":"way/48762223","highway":"service","access":"","foot":""},"geometry":{"type":"LineString","coordinates":[[20.516109,54.704761],[20.516765,54.704995]]}},{"type":"Feature","properties":{"kind":"road","name":"","osm":"way/48762224","highway":"service","access":"","foot":""},"geometry":{"type":"LineString","coordinates":[[20.516231,54.704628],[20.516894,54.704863]]}},{"type":"Feature","properties":{"kind":"road","name":"","osm":"way/48762225","highway":"service","access":"","foot":""},"geometry":{"type":"LineString","coordinates":[[20.516433,54.704304],[20.516445,54.704397],[20.516345,54.704505],[20.516231,54.704628],[20.516109,54.704761],[20.515996,54.704884],[20.515883,54.705006]]}},{"type":"Feature","properties":{"kind":"road","name":"","osm":"way/48762226","highway":"service","access":"","foot":""},"geometry":{"type":"LineString","coordinates":[[20.516345,54.704505],[20.516898,54.704687]]}},{"type":"Feature","properties":{"kind":"road","name":"","osm":"way/48765604","highway":"service","access":"","foot":""},"geometry":{"type":"LineString","coordinates":[[20.516266,54.706765],[20.516285,54.706714],[20.516309,54.706516]]}},{"type":"Feature","properties":{"kind":"road","name":"","osm":"way/48765605","highway":"service","access":"","foot":""},"geometry":{"type":"LineString","coordinates":[[20.516309,54.706516],[20.515521,54.706441]]}},{"type":"Feature","properties":{"kind":"green","name":"","osm":"way/48765607"},"geometry":{"type":"Polygon","coordinates":[[[20.517122,54.706771],[20.51832,54.706798],[20.518398,54.706321],[20.518615,54.706141],[20.518249,54.70583],[20.518358,54.705458],[20.518132,54.705107],[20.518372,54.705019],[20.518294,54.704899],[20.517996,54.704978],[20.516959,54.705213],[20.516956,54.705552],[20.517027,54.705591],[20.517305,54.705605],[20.517264,54.705719],[20.517391,54.705736],[20.517122,54.706771]]]}},{"type":"Feature","properties":{"kind":"building","name":"Калининград","osm":"way/48817194"},"geometry":{"type":"Polygon","coordinates":[[[20.509025,54.71233],[20.508924,54.712398],[20.508906,54.71241],[20.508747,54.712335],[20.508766,54.712323],[20.508849,54.712272],[20.508823,54.712224],[20.50926,54.712148],[20.509217,54.712064],[20.50935,54.71204],[20.509496,54.712017],[20.50954,54.712099],[20.510104,54.712001],[20.510195,54.711985],[20.510256,54.712114],[20.509443,54.712256],[20.509473,54.712323],[20.509277,54.712353],[20.509251,54.712294],[20.509025,54.71233]]]}},{"type":"Feature","properties":{"kind":"road","name":"","osm":"way/48817195","highway":"service","access":"","foot":""},"geometry":{"type":"LineString","coordinates":[[20.513549,54.713869],[20.513306,54.713847],[20.512173,54.713744],[20.512095,54.713736],[20.512026,54.713729],[20.511842,54.713702],[20.511762,54.713674],[20.511663,54.713639],[20.511465,54.71353],[20.51144,54.713517],[20.510911,54.713227],[20.510373,54.712958],[20.510166,54.712834],[20.509926,54.712691],[20.510219,54.712617],[20.510247,54.712604],[20.510347,54.712558],[20.510375,54.712536],[20.510427,54.712494],[20.510481,54.712445],[20.510504,54.712424],[20.510585,54.712342],[20.510649,54.7123],[20.510722,54.712264],[20.510854,54.71223],[20.511004,54.712203]]}},{"type":"Feature","properties":{"kind":"road","name":"Университетская улица","osm":"way/48817199","highway":"footway","access":"","foot":""},"geometry":{"type":"LineString","coordinates":[[20.507924,54.712799],[20.507949,54.712811]]}},{"type":"Feature","properties":{"kind":"road","name":"","osm":"way/48817202","highway":"service","access":"","foot":""},"geometry":{"type":"LineString","coordinates":[[20.509926,54.712691],[20.50983,54.712717],[20.509733,54.712743],[20.509535,54.712784],[20.509435,54.712748],[20.509381,54.71273],[20.509151,54.71239],[20.509018,54.712443],[20.50865,54.712696],[20.508522,54.712789],[20.508443,54.712843],[20.508427,54.712854]]}},{"type":"Feature","properties":{"kind":"road","name":"","osm":"way/48817203","highway":"footway","access":"","foot":""},"geometry":{"type":"LineString","coordinates":[[20.509018,54.712443],[20.508924,54.712398]]}},{"type":"Feature","properties":{"kind":"green","name":"","osm":"way/48822504"},"geometry":{"type":"Polygon","coordinates":[[[20.510742,54.71316],[20.510373,54.712958],[20.510108,54.712813],[20.509519,54.71316],[20.510504,54.71316],[20.510506,54.713159],[20.510508,54.71316],[20.510742,54.71316]]]}},{"type":"Feature","properties":{"kind":"green","name":"","osm":"way/49211513"},"geometry":{"type":"Polygon","coordinates":[[[20.506032,54.701748],[20.506231,54.702119],[20.50518,54.702274],[20.504995,54.701938],[20.506032,54.701748]]]}},{"type":"Feature","properties":{"kind":"road","name":"","osm":"way/49211515","highway":"footway","access":"","foot":""},"geometry":{"type":"LineString","coordinates":[[20.506134,54.701732],[20.505653,54.702223]]}},{"type":"Feature","properties":{"kind":"road","name":"","osm":"way/49211519","highway":"footway","access":"","foot":""},"geometry":{"type":"LineString","coordinates":[[20.505226,54.70191],[20.505479,54.701948],[20.505583,54.702142],[20.50538,54.702126],[20.505317,54.702195],[20.505247,54.70219],[20.5052,54.702187],[20.505232,54.702032],[20.505089,54.701935],[20.505226,54.70191]]}},{"type":"Feature","properties":{"kind":"road","name":"","osm":"way/49211520","highway":"footway","access":"","foot":""},"geometry":{"type":"LineString","coordinates":[[20.505247,54.70219],[20.505212,54.702294]]}},{"type":"Feature","properties":{"kind":"road","name":"Мореходная улица","osm":"way/49211522","highway":"unclassified","access":"","foot":""},"geometry":{"type":"LineString","coordinates":[[20.506988,54.702105],[20.506957,54.70204],[20.506712,54.701526]]}},{"type":"Feature","properties":{"kind":"road","name":"","osm":"way/49211523","highway":"service","access":"","foot":""},"geometry":{"type":"LineString","coordinates":[[20.506356,54.702192],[20.506326,54.702129],[20.506134,54.701732],[20.506095,54.701648]]}},{"type":"Feature","properties":{"kind":"road","name":"Малый переулок","osm":"way/49212395","highway":"residential","access":"","foot":""},"geometry":{"type":"LineString","coordinates":[[20.511533,54.70058],[20.511538,54.700856],[20.511543,54.701265],[20.511544,54.701321],[20.511539,54.701399],[20.511474,54.702167]]}},{"type":"Feature","properties":{"kind":"road","name":"Московский проспект","osm":"way/52985292","highway":"primary_link","access":"","foot":"no"},"geometry":{"type":"LineString","coordinates":[[20.501694,54.710213],[20.501657,54.710114],[20.501644,54.710081]]}},{"type":"Feature","properties":{"kind":"road","name":"Серпуховская улица","osm":"way/53574851","highway":"tertiary","access":"","foot":""},"geometry":{"type":"LineString","coordinates":[[20.503374,54.704484],[20.503345,54.704438],[20.503162,54.704019],[20.502988,54.703622],[20.502698,54.70296]]}},{"type":"Feature","properties":{"kind":"road","name":"Полоцкая улица","osm":"way/53574852","highway":"tertiary","access":"","foot":""},"geometry":{"type":"LineString","coordinates":[[20.498515,54.703652],[20.498352,54.703782],[20.498119,54.703946],[20.498116,54.704109],[20.498162,54.704231],[20.498464,54.704876]]}},{"type":"Feature","properties":{"kind":"road","name":"","osm":"way/53576014","highway":"service","access":"","foot":""},"geometry":{"type":"LineString","coordinates":[[20.500315,54.703114],[20.5003,54.703087],[20.499528,54.701607],[20.499209,54.700807],[20.499166,54.700693],[20.498939,54.700159]]}},{"type":"Feature","properties":{"kind":"rail","name":"","osm":"way/53579140"},"geometry":{"type":"LineString","coordinates":[[20.494053,54.702119],[20.493675,54.701289],[20.493517,54.701],[20.493332,54.700719],[20.493177,54.700421]]}},{"type":"Feature","properties":{"kind":"rail","name":"","osm":"way/53579141"},"geometry":{"type":"LineString","coordinates":[[20.492516,54.704187],[20.492328,54.703407],[20.492258,54.703116],[20.492206,54.702894],[20.492212,54.702671],[20.492269,54.702428],[20.492496,54.701915],[20.492987,54.701161],[20.49312,54.700852],[20.493147,54.700499],[20.493073,54.700072]]}},{"type":"Feature","properties":{"kind":"rail","name":"","osm":"way/53579142"},"geometry":{"type":"LineString","coordinates":[[20.497463,54.704319],[20.497153,54.703364],[20.49682,54.702447],[20.496656,54.702182],[20.496422,54.701928],[20.496072,54.701613],[20.495716,54.701299],[20.495477,54.701089],[20.494916,54.700622],[20.494449,54.700238]]}},{"type":"Feature","properties":{"kind":"rail","name":"","osm":"way/53579143"},"geometry":{"type":"LineString","coordinates":[[20.496222,54.703895],[20.494871,54.700967],[20.494819,54.700873],[20.494719,54.700716],[20.49464,54.700605],[20.494452,54.700404],[20.494229,54.700208],[20.493744,54.699816]]}},{"type":"Feature","properties":{"kind":"rail","name":"","osm":"way/53579145"},"geometry":{"type":"LineString","coordinates":[[20.495553,54.704655],[20.494513,54.701491],[20.494177,54.700445],[20.494123,54.700325],[20.494034,54.700205],[20.49389,54.700035],[20.493718,54.699865],[20.493543,54.699719],[20.49321,54.699467],[20.49262,54.69904]]}},{"type":"Feature","properties":{"kind":"rail","name":"","osm":"way/53579146"},"geometry":{"type":"LineString","coordinates":[[20.497252,54.702994],[20.497129,54.702669],[20.497015,54.702416],[20.49693,54.702281],[20.496835,54.702145],[20.496601,54.701887],[20.496135,54.701459],[20.495871,54.701253],[20.495589,54.701027],[20.494933,54.700565],[20.494449,54.700238],[20.493744,54.699816],[20.4935,54.699655],[20.49321,54.699467]]}},{"type":"Feature","properties":{"kind":"rail","name":"","osm":"way/53579147"},"geometry":{"type":"LineString","coordinates":[[20.494908,54.704711],[20.494397,54.703471],[20.493877,54.702197],[20.493602,54.701501],[20.493177,54.700421],[20.493073,54.700072],[20.493045,54.699929],[20.492951,54.699668],[20.492818,54.699426],[20.492686,54.699232],[20.492483,54.699004],[20.49234,54.698835],[20.49211,54.698594],[20.49211,54.698582],[20.492023,54.698497]]}},{"type":"Feature","properties":{"kind":"rail","name":"","osm":"way/53579148"},"geometry":{"type":"LineString","coordinates":[[20.495387,54.704702],[20.494346,54.701511],[20.494176,54.701015],[20.494115,54.700856],[20.494035,54.700695],[20.493904,54.700479],[20.493742,54.700262],[20.493407,54.699891],[20.493106,54.699506],[20.492932,54.699318],[20.49262,54.69904],[20.49211,54.698594]]}},{"type":"Feature","properties":{"kind":"road","name":"","osm":"way/54990304","highway":"steps","access":"","foot":""},"geometry":{"type":"LineString","coordinates":[[20.516965,54.709067],[20.516598,54.709046]]}},{"type":"Feature","properties":{"kind":"road","name":"Зарайская улица","osm":"way/54990305","highway":"steps","access":"","foot":""},"geometry":{"type":"LineString","coordinates":[[20.516446,54.709522],[20.516518,54.709647]]}},{"type":"Feature","properties":{"kind":"road","name":"","osm":"way/55799426","highway":"footway","access":"","foot":""},"geometry":{"type":"LineString","coordinates":[[20.495268,54.712933],[20.495195,54.712944],[20.494501,54.713132]]}},{"type":"Feature","properties":{"kind":"road","name":"","osm":"way/55799432","highway":"footway","access":"","foot":""},"geometry":{"type":"LineString","coordinates":[[20.494791,54.712208],[20.494374,54.712364],[20.49386,54.712549],[20.49372,54.712625],[20.4937,54.712765],[20.493652,54.713345]]}},{"type":"Feature","properties":{"kind":"green","name":"","osm":"way/55799435"},"geometry":{"type":"Polygon","coordinates":[[[20.495239,54.71316],[20.49532,54.713028],[20.495459,54.71316],[20.495239,54.71316]]]}},{"type":"Feature","properties":{"kind":"rail","name":"","osm":"way/55800466"},"geometry":{"type":"LineString","coordinates":[[20.494758,54.717127],[20.494582,54.717017],[20.494419,54.7169],[20.493988,54.716539],[20.493701,54.716296],[20.49328,54.715969],[20.492827,54.715644],[20.491876,54.715111],[20.489998,54.714223],[20.489585,54.714012],[20.489193,54.713793],[20.48881,54.713555],[20.488458,54.713293],[20.48792,54.712742],[20.487716,54.712514],[20.487543,54.71232],[20.487403,54.712161],[20.487278,54.712026],[20.487041,54.711744],[20.486949,54.711631],[20.486827,54.71146],[20.48676,54.711347],[20.486677,54.711194],[20.486631,54.711095],[20.486564,54.710929],[20.486526,54.71082],[20.486484,54.710657],[20.486467,54.710518],[20.486454,54.710358],[20.486452,54.710219]]}},{"type":"Feature","properties":{"kind":"road","name":"","osm":"way/56222114","highway":"service","access":"","foot":""},"geometry":{"type":"LineString","coordinates":[[20.493032,54.705073],[20.493039,54.705001],[20.493048,54.704888],[20.493105,54.70423],[20.49324,54.704218],[20.493358,54.704223],[20.493939,54.704375],[20.494226,54.704396]]}},{"type":"Feature","properties":{"kind":"road","name":"","osm":"way/56222115","highway":"service","access":"","foot":""},"geometry":{"type":"LineString","coordinates":[[20.493876,54.705146],[20.493896,54.705075],[20.493953,54.704873],[20.494233,54.704844]]}},{"type":"Feature","properties":{"kind":"waterline","name":"Преголя","osm":"way/58211526"},"geometry":{"type":"LineString","coordinates":[[20.505553,54.705745],[20.500501,54.705817],[20.497883,54.706038],[20.495279,54.706212],[20.49303,54.70617],[20.489532,54.705662]]}},{"type":"Feature","properties":{"kind":"green","name":"","osm":"way/59388619"},"geometry":{"type":"Polygon","coordinates":[[[20.515563,54.708249],[20.515572,54.708165],[20.515305,54.708148],[20.515324,54.708177],[20.515391,54.708211],[20.515499,54.708245],[20.515563,54.708249]]]}},{"type":"Feature","properties":{"kind":"green","name":"","osm":"way/59388621"},"geometry":{"type":"Polygon","coordinates":[[[20.516339,54.708291],[20.516348,54.708204],[20.516533,54.708211],[20.516524,54.708298],[20.516339,54.708291]]]}},{"type":"Feature","properties":{"kind":"green","name":"","osm":"way/59388623"},"geometry":{"type":"Polygon","coordinates":[[[20.515635,54.708256],[20.515644,54.708169],[20.515829,54.708176],[20.515819,54.708263],[20.515635,54.708256]]]}},{"type":"Feature","properties":{"kind":"green","name":"","osm":"way/59388627"},"geometry":{"type":"Polygon","coordinates":[[[20.5161,54.708277],[20.516109,54.708189],[20.516294,54.708196],[20.516285,54.708283],[20.5161,54.708277]]]}},{"type":"Feature","properties":{"kind":"green","name":"","osm":"way/59388628"},"geometry":{"type":"Polygon","coordinates":[[[20.516587,54.708304],[20.516597,54.708216],[20.516782,54.708223],[20.516772,54.70831],[20.516587,54.708304]]]}},{"type":"Feature","properties":{"kind":"green","name":"","osm":"way/59388632"},"geometry":{"type":"Polygon","coordinates":[[[20.515858,54.708267],[20.515867,54.70818],[20.516052,54.708187],[20.516043,54.708274],[20.515858,54.708267]]]}},{"type":"Feature","properties":{"kind":"green","name":"","osm":"way/59388633"},"geometry":{"type":"Polygon","coordinates":[[[20.514989,54.707749],[20.514992,54.707675],[20.515457,54.707707],[20.515926,54.707728],[20.516576,54.70773],[20.516592,54.707837],[20.514989,54.707749]]]}},{"type":"Feature","properties":{"kind":"road","name":"улица Маршала Баграмяна","osm":"way/59848155","highway":"tertiary","access":"","foot":""},"geometry":{"type":"LineString","coordinates":[[20.493299,54.707146],[20.492692,54.707082],[20.492327,54.707043],[20.492109,54.707019],[20.491031,54.706902]]}},{"type":"Feature","properties":{"kind":"road","name":"улица Генерала Буткова","osm":"way/59848199","highway":"primary","access":"","foot":"no"},"geometry":{"type":"LineString","coordinates":[[20.489983,54.708072],[20.490248,54.708217],[20.490589,54.70859],[20.490731,54.708696],[20.49209,54.709538],[20.492727,54.709812]]}},{"type":"Feature","properties":{"kind":"road","name":"улица Юрия Савенко","osm":"way/59848201","highway":"residential","access":"","foot":""},"geometry":{"type":"LineString","coordinates":[[20.494504,54.707256],[20.49451,54.70731],[20.494525,54.707579],[20.494552,54.7077],[20.494648,54.70818],[20.494657,54.708226],[20.494702,54.708396],[20.494719,54.708463]]}},{"type":"Feature","properties":{"kind":"road","name":"улица Виктора Гюго","osm":"way/59848740","highway":"tertiary","access":"","foot":"no"},"geometry":{"type":"LineString","coordinates":[[20.505819,54.709628],[20.505937,54.709533],[20.505975,54.709478]]}},{"type":"Feature","properties":{"kind":"road","name":"Мариупольская улица","osm":"way/59848741","highway":"residential","access":"","foot":""},"geometry":{"type":"LineString","coordinates":[[20.499536,54.706894],[20.49956,54.706958],[20.499605,54.707077],[20.499707,54.707346],[20.499824,54.707509],[20.499958,54.707655],[20.499961,54.707805],[20.499786,54.707965]]}},{"type":"Feature","properties":{"kind":"road","name":"улица Виктора Гюго","osm":"way/59848742","highway":"tertiary","access":"","foot":""},"geometry":{"type":"LineString","coordinates":[[20.504518,54.70676],[20.504617,54.706893]]}},{"type":"Feature","properties":{"kind":"road","name":"улица Виктора Гюго","osm":"way/59848743","highway":"tertiary","access":"","foot":"no"},"geometry":{"type":"LineString","coordinates":[[20.506148,54.709454],[20.506189,54.70947],[20.506287,54.709495],[20.506507,54.709532]]}},{"type":"Feature","properties":{"kind":"road","name":"Мариупольская улица","osm":"way/59848744","highway":"residential","access":"","foot":""},"geometry":{"type":"LineString","coordinates":[[20.500201,54.710221],[20.500177,54.710127],[20.500166,54.710091],[20.500135,54.709975],[20.500098,54.709815],[20.500084,54.709752]]}},{"type":"Feature","properties":{"kind":"road","name":"Красноярская улица","osm":"way/59848780","highway":"residential","access":"","foot":""},"geometry":{"type":"LineString","coordinates":[[20.501593,54.707778],[20.501678,54.708277],[20.501736,54.708415],[20.501854,54.7087]]}},{"type":"Feature","properties":{"kind":"road","name":"","osm":"way/59850661","highway":"service","access":"","foot":""},"geometry":{"type":"LineString","coordinates":[[20.504518,54.70676],[20.504572,54.706712],[20.504644,54.70664]]}},{"type":"Feature","properties":{"kind":"road","name":"","osm":"way/59852045","highway":"footway","access":"","foot":""},"geometry":{"type":"LineString","coordinates":[[20.509038,54.708623],[20.508798,54.708846],[20.508606,54.709022]]}},{"type":"Feature","properties":{"kind":"road","name":"","osm":"way/59852046","highway":"footway","access":"","foot":""},"geometry":{"type":"LineString","coordinates":[[20.513414,54.708454],[20.513134,54.708355],[20.512974,54.70825],[20.512693,54.708104],[20.51199,54.70774],[20.511635,54.708298],[20.51136,54.708639]]}},{"type":"Feature","properties":{"kind":"road","name":"","osm":"way/59852047","highway":"footway","access":"","foot":""},"geometry":{"type":"LineString","coordinates":[[20.514567,54.707693],[20.513821,54.707916],[20.512974,54.70825],[20.512269,54.708535]]}},{"type":"Feature","properties":{"kind":"road","name":"","osm":"way/59852050","highway":"footway","access":"","foot":""},"geometry":{"type":"LineString","coordinates":[[20.509831,54.708365],[20.509178,54.708994]]}},{"type":"Feature","properties":{"kind":"road","name":"","osm":"way/59852051","highway":"footway","access":"","foot":""},"geometry":{"type":"LineString","coordinates":[[20.512269,54.708535],[20.512693,54.708104],[20.513179,54.707611],[20.513821,54.707916],[20.513945,54.707965],[20.514126,54.708054],[20.514476,54.708202]]}},{"type":"Feature","properties":{"kind":"green","name":"","osm":"way/59852053"},"geometry":{"type":"Polygon","coordinates":[[[20.507774,54.709177],[20.507574,54.708695],[20.508498,54.708547],[20.50898,54.708453],[20.50945,54.708335],[20.510378,54.708047],[20.511799,54.707623],[20.512344,54.707533],[20.512988,54.707455],[20.51322,54.707456],[20.513687,54.707493],[20.514535,54.707592],[20.51447,54.708116],[20.514384,54.708229],[20.5142,54.708325],[20.513965,54.708365],[20.513069,54.708415],[20.512328,54.708464],[20.511369,54.708584],[20.507774,54.709177]]]}},{"type":"Feature","properties":{"kind":"road","name":"","osm":"way/59852054","highway":"footway","access":"","foot":""},"geometry":{"type":"LineString","coordinates":[[20.508474,54.708751],[20.508798,54.708846],[20.509178,54.708994]]}},{"type":"Feature","properties":{"kind":"road","name":"","osm":"way/59852058","highway":"footway","access":"","foot":""},"geometry":{"type":"LineString","coordinates":[[20.510873,54.708055],[20.511635,54.708298],[20.512269,54.708535]]}},{"type":"Feature","properties":{"kind":"green","name":"","osm":"way/59853795"},"geometry":{"type":"Polygon","coordinates":[[[20.505086,54.707297],[20.504805,54.706882],[20.504964,54.706846],[20.505245,54.70726],[20.505086,54.707297]]]}},{"type":"Feature","properties":{"kind":"road","name":"","osm":"way/60732556","highway":"steps","access":"","foot":""},"geometry":{"type":"LineString","coordinates":[[20.51355,54.711193],[20.514032,54.71111]]}},{"type":"Feature","properties":{"kind":"green","name":"","osm":"way/60732558"},"geometry":{"type":"Polygon","coordinates":[[[20.512796,54.711378],[20.512525,54.711458],[20.513538,54.71316],[20.514016,54.71316],[20.513965,54.713024],[20.51284,54.71146],[20.512796,54.711378]]]}},{"type":"Feature","properties":{"kind":"road","name":"","osm":"way/60732560","highway":"steps","access":"","foot":""},"geometry":{"type":"LineString","coordinates":[[20.512767,54.711329],[20.512661,54.711334],[20.51254,54.711339]]}},{"type":"Feature","properties":{"kind":"green","name":"Парк Маринеско","osm":"way/60732869"},"geometry":{"type":"Polygon","coordinates":[[[20.513783,54.711187],[20.51405,54.711133],[20.514248,54.711081],[20.514255,54.710991],[20.514695,54.710926],[20.515021,54.710904],[20.515417,54.710912],[20.515852,54.710989],[20.516231,54.711103],[20.516571,54.711275],[20.517292,54.711805],[20.517324,54.711859],[20.515992,54.712199],[20.515948,54.712345],[20.516016,54.712425],[20.516087,54.712488],[20.516037,54.712593],[20.515982,54.712786],[20.516257,54.712984],[20.516362,54.713059],[20.516456,54.713013],[20.516664,54.71316],[20.516721,54.71316],[20.516882,54.713094],[20.51696,54.713155],[20.516947,54.71316],[20.515428,54.71316],[20.515301,54.712908],[20.515144,54.712611],[20.515208,54.712287],[20.515158,54.712063],[20.514848,54.711724],[20.514633,54.711573],[20.514388,54.711448],[20.513908,54.711312],[20.513783,54.711187]]]}},{"type":"Feature","properties":{"kind":"road","name":"","osm":"way/60733159","highway":"footway","access":"","foot":""},"geometry":{"type":"LineString","coordinates":[[20.514032,54.71111],[20.514248,54.711081],[20.515308,54.711274],[20.515481,54.711314]]}},{"type":"Feature","properties":{"kind":"road","name":"","osm":"way/60733161","highway":"pedestrian","access":"","foot":""},"geometry":{"type":"LineString","coordinates":[[20.515539,54.711528],[20.515449,54.711508],[20.515372,54.711474],[20.515325,54.711431],[20.515294,54.711388],[20.515289,54.711335],[20.515308,54.711274],[20.515321,54.711251],[20.515437,54.711275],[20.515504,54.71126],[20.515563,54.711251],[20.515606,54.71124],[20.515656,54.711248],[20.515703,54.711252],[20.515771,54.711332],[20.515999,54.711374],[20.515992,54.711402],[20.515957,54.711423],[20.515897,54.711456],[20.515794,54.711489],[20.515753,54.711501],[20.515625,54.711528],[20.515563,54.711528],[20.515539,54.711528]]}},{"type":"Feature","properties":{"kind":"road","name":"","osm":"way/60733162","highway":"footway","access":"","foot":""},"geometry":{"type":"LineString","coordinates":[[20.515301,54.712863],[20.515302,54.712694],[20.515432,54.712192],[20.515563,54.711528],[20.515585,54.711441]]}},{"type":"Feature","properties":{"kind":"road","name":"","osm":"way/60733163","highway":"footway","access":"","foot":""},"geometry":{"type":"LineString","coordinates":[[20.516098,54.712522],[20.516608,54.712305],[20.516803,54.712252],[20.51711,54.712231],[20.517246,54.712221]]}},{"type":"Feature","properties":{"kind":"road","name":"","osm":"way/60733164","highway":"footway","access":"","foot":""},"geometry":{"type":"LineString","coordinates":[[20.515732,54.71135],[20.515992,54.711402],[20.517091,54.711594]]}},{"type":"Feature","properties":{"kind":"road","name":"","osm":"way/60733166","highway":"footway","access":"","foot":""},"geometry":{"type":"LineString","coordinates":[[20.516411,54.711887],[20.516653,54.711984],[20.517246,54.712221],[20.517405,54.712285]]}},{"type":"Feature","properties":{"kind":"road","name":"","osm":"way/60733168","highway":"footway","access":"","foot":""},"geometry":{"type":"LineString","coordinates":[[20.514455,54.711429],[20.514432,54.71135],[20.514248,54.711081]]}},{"type":"Feature","properties":{"kind":"road","name":"","osm":"way/60733646","highway":"pedestrian","access":"","foot":""},"geometry":{"type":"LineString","coordinates":[[20.513218,54.712198],[20.513171,54.712126],[20.513277,54.712139],[20.513317,54.712156],[20.513391,54.712257],[20.513338,54.712344],[20.513265,54.712268],[20.513206,54.712258],[20.513188,54.712232],[20.513218,54.712198]]}},{"type":"Feature","properties":{"kind":"road","name":"","osm":"way/60733649","highway":"steps","access":"","foot":""},"geometry":{"type":"LineString","coordinates":[[20.513496,54.712205],[20.513383,54.712419]]}},{"type":"Feature","properties":{"kind":"road","name":"","osm":"way/60733654","highway":"steps","access":"","foot":""},"geometry":{"type":"LineString","coordinates":[[20.51345,54.712141],[20.513135,54.71208]]}},{"type":"Feature","properties":{"kind":"road","name":"","osm":"way/60733655","highway":"footway","access":"","foot":""},"geometry":{"type":"LineString","coordinates":[[20.513731,54.713461],[20.51408,54.713017]]}},{"type":"Feature","properties":{"kind":"road","name":"","osm":"way/60733656","highway":"pedestrian","access":"","foot":""},"geometry":{"type":"LineString","coordinates":[[20.513415,54.712086],[20.513464,54.712081],[20.513533,54.712091],[20.513573,54.712114],[20.513602,54.71214],[20.513619,54.712173],[20.513604,54.712205],[20.513576,54.712226],[20.513533,54.712245],[20.513496,54.712205],[20.51345,54.712141],[20.513415,54.712086]]}},{"type":"Feature","properties":{"kind":"building","name":"ВГТРК","osm":"way/60733984"},"geometry":{"type":"Polygon","coordinates":[[[20.516684,54.71311],[20.516433,54.712923],[20.516376,54.712948],[20.516078,54.712726],[20.516134,54.712701],[20.516191,54.712676],[20.516131,54.712631],[20.516193,54.712603],[20.516254,54.712649],[20.51634,54.712611],[20.516311,54.712589],[20.516463,54.712521],[20.516436,54.712501],[20.516834,54.712323],[20.516913,54.712382],[20.516953,54.712415],[20.517068,54.712367],[20.517116,54.712406],[20.517165,54.712445],[20.51705,54.712493],[20.517296,54.712691],[20.51741,54.712776],[20.517334,54.71281],[20.517413,54.712869],[20.517347,54.712898],[20.517276,54.712846],[20.516684,54.71311]]]}},{"type":"Feature","properties":{"kind":"road","name":"","osm":"way/60742052","highway":"steps","access":"","foot":""},"geometry":{"type":"LineString","coordinates":[[20.508993,54.710105],[20.508964,54.71]]}},{"type":"Feature","properties":{"kind":"road","name":"","osm":"way/60742053","highway":"steps","access":"","foot":""},"geometry":{"type":"LineString","coordinates":[[20.508393,54.710208],[20.508467,54.71036]]}},{"type":"Feature","properties":{"kind":"road","name":"","osm":"way/60742054","highway":"steps","access":"","foot":""},"geometry":{"type":"LineString","coordinates":[[20.508993,54.710105],[20.509088,54.710275]]}},{"type":"Feature","properties":{"kind":"road","name":"","osm":"way/60742055","highway":"footway","access":"","foot":""},"geometry":{"type":"LineString","coordinates":[[20.508993,54.710105],[20.508393,54.710208]]}},{"type":"Feature","properties":{"kind":"road","name":"","osm":"way/60742057","highway":"steps","access":"","foot":""},"geometry":{"type":"LineString","coordinates":[[20.508393,54.710208],[20.508315,54.7101]]}},{"type":"Feature","properties":{"kind":"road","name":"","osm":"way/60747133","highway":"service","access":"","foot":""},"geometry":{"type":"LineString","coordinates":[[20.511959,54.710767],[20.511627,54.710821],[20.509643,54.71112]]}},{"type":"Feature","properties":{"kind":"road","name":"Калининградская область, г. Калининград, Центральная площадь","osm":"way/60747144","highway":"service","access":"","foot":""},"geometry":{"type":"LineString","coordinates":[[20.512075,54.711031],[20.512046,54.710957],[20.511959,54.710767]]}},{"type":"Feature","properties":{"kind":"road","name":"","osm":"way/60748109","highway":"footway","access":"","foot":""},"geometry":{"type":"LineString","coordinates":[[20.515888,54.710228],[20.516393,54.710174]]}},{"type":"Feature","properties":{"kind":"road","name":"","osm":"way/60748110","highway":"path","access":"","foot":""},"geometry":{"type":"LineString","coordinates":[[20.515407,54.710068],[20.515072,54.710275],[20.51483,54.710444]]}},{"type":"Feature","properties":{"kind":"road","name":"","osm":"way/60748112","highway":"footway","access":"","foot":""},"geometry":{"type":"LineString","coordinates":[[20.51483,54.710444],[20.514765,54.710315],[20.514703,54.710177]]}},{"type":"Feature","properties":{"kind":"road","name":"","osm":"way/60748115","highway":"footway","access":"","foot":""},"geometry":{"type":"LineString","coordinates":[[20.514151,54.710251],[20.514422,54.71021],[20.514703,54.710177],[20.51501,54.710132],[20.515407,54.710068],[20.515787,54.710019]]}},{"type":"Feature","properties":{"kind":"road","name":"","osm":"way/60748117","highway":"path","access":"","foot":""},"geometry":{"type":"LineString","coordinates":[[20.515273,54.710352],[20.515888,54.710228]]}},{"type":"Feature","properties":{"kind":"road","name":"","osm":"way/60748118","highway":"footway","access":"","foot":""},"geometry":{"type":"LineString","coordinates":[[20.515991,54.710619],[20.515959,54.710526],[20.515888,54.710228],[20.515851,54.710147],[20.515787,54.710019]]}},{"type":"Feature","properties":{"kind":"road","name":"","osm":"way/60748119","highway":"footway","access":"","foot":""},"geometry":{"type":"LineString","coordinates":[[20.515638,54.711287],[20.515656,54.711248],[20.515706,54.710992],[20.515745,54.710927],[20.515841,54.710852]]}},{"type":"Feature","properties":{"kind":"road","name":"","osm":"way/60748120","highway":"footway","access":"","foot":""},"geometry":{"type":"LineString","coordinates":[[20.514221,54.710398],[20.514494,54.710354],[20.514765,54.710315],[20.515072,54.710275],[20.515851,54.710147]]}},{"type":"Feature","properties":{"kind":"road","name":"","osm":"way/60748121","highway":"footway","access":"","foot":""},"geometry":{"type":"LineString","coordinates":[[20.51519,54.710519],[20.515122,54.710381],[20.515072,54.710275],[20.51501,54.710132]]}},{"type":"Feature","properties":{"kind":"road","name":"","osm":"way/60748122","highway":"footway","access":"","foot":""},"geometry":{"type":"LineString","coordinates":[[20.51428,54.710524],[20.514555,54.710479],[20.51483,54.710444],[20.515122,54.710381],[20.515273,54.710352]]}},{"type":"Feature","properties":{"kind":"road","name":"","osm":"way/64310804","highway":"primary_link","access":"","foot":"no"},"geometry":{"type":"LineString","coordinates":[[20.510897,54.708995],[20.510828,54.708965],[20.510797,54.708924],[20.510782,54.708887],[20.510773,54.708863],[20.510788,54.708821]]}},{"type":"Feature","properties":{"kind":"road","name":"","osm":"way/64310805","highway":"primary_link","access":"","foot":"no"},"geometry":{"type":"LineString","coordinates":[[20.514008,54.708516],[20.514074,54.708567],[20.514088,54.708593],[20.51409,54.70863],[20.514062,54.708667],[20.514006,54.708706]]}},{"type":"Feature","properties":{"kind":"building","name":"","osm":"way/77691333"},"geometry":{"type":"Polygon","coordinates":[[[20.503292,54.71287],[20.503319,54.713],[20.503401,54.712994],[20.50367,54.712976],[20.503654,54.712895],[20.50365,54.712873],[20.503463,54.712886],[20.503468,54.712911],[20.50337,54.712917],[20.503359,54.712865],[20.503292,54.71287]]]}},{"type":"Feature","properties":{"kind":"road","name":"","osm":"way/77752661","highway":"footway","access":"","foot":""},"geometry":{"type":"LineString","coordinates":[[20.507704,54.706922],[20.50773,54.706917],[20.507981,54.70687],[20.509282,54.706628],[20.509902,54.706512],[20.510367,54.706425],[20.510564,54.706389]]}},{"type":"Feature","properties":{"kind":"road","name":"","osm":"way/77754321","highway":"footway","access":"","foot":""},"geometry":{"type":"LineString","coordinates":[[20.505784,54.709537],[20.505819,54.709628]]}},{"type":"Feature","properties":{"kind":"green","name":"","osm":"way/78049358"},"geometry":{"type":"Polygon","coordinates":[[[20.494001,54.710711],[20.494266,54.71059],[20.49389,54.710318],[20.493722,54.710228],[20.49354,54.710147],[20.493365,54.71009],[20.492775,54.709893],[20.492461,54.709769],[20.492284,54.709683],[20.492558,54.70985],[20.492901,54.710041],[20.493429,54.710339],[20.493884,54.71061],[20.493927,54.710633],[20.494001,54.710711]]]}},{"type":"Feature","properties":{"kind":"road","name":"","osm":"way/78049361","highway":"residential","access":"","foot":""},"geometry":{"type":"LineString","coordinates":[[20.492613,54.710126],[20.492549,54.710125],[20.492408,54.710125],[20.491299,54.710124],[20.491273,54.710167],[20.490423,54.71018],[20.489927,54.710181]]}},{"type":"Feature","properties":{"kind":"green","name":"","osm":"way/78049366"},"geometry":{"type":"Polygon","coordinates":[[[20.493885,54.711201],[20.493903,54.711138],[20.493905,54.711052],[20.493898,54.71094],[20.49387,54.710847],[20.493828,54.71078],[20.493772,54.710713],[20.493729,54.710677],[20.493372,54.710443],[20.493039,54.710251],[20.492945,54.710204],[20.492797,54.710205],[20.493885,54.711201]]]}},{"type":"Feature","properties":{"kind":"road","name":"улица Генерала Галицкого","osm":"way/78049369","highway":"residential","access":"","foot":""},"geometry":{"type":"LineString","coordinates":[[20.49395,54.711317],[20.493876,54.711256],[20.493399,54.71083],[20.493254,54.7107],[20.492838,54.710327],[20.492613,54.710126],[20.492475,54.70997],[20.49255,54.709923]]}},{"type":"Feature","properties":{"kind":"road","name":"","osm":"way/78227735","highway":"footway","access":"","foot":""},"geometry":{"type":"LineString","coordinates":[[20.500433,54.711628],[20.498658,54.711775]]}},{"type":"Feature","properties":{"kind":"road","name":"","osm":"way/78227738","highway":"footway","access":"","foot":""},"geometry":{"type":"LineString","coordinates":[[20.498887,54.71235],[20.498658,54.711775]]}},{"type":"Feature","properties":{"kind":"road","name":"","osm":"way/78227741","highway":"service","access":"","foot":"yes"},"geometry":{"type":"LineString","coordinates":[[20.498438,54.710505],[20.498459,54.710615],[20.498474,54.710685],[20.498518,54.710896]]}},{"type":"Feature","properties":{"kind":"road","name":"","osm":"way/78227752","highway":"steps","access":"","foot":""},"geometry":{"type":"LineString","coordinates":[[20.502622,54.710841],[20.502578,54.710616]]}},{"type":"Feature","properties":{"kind":"road","name":"","osm":"way/78227755","highway":"service","access":"","foot":""},"geometry":{"type":"LineString","coordinates":[[20.498518,54.710896],[20.500243,54.710794]]}},{"type":"Feature","properties":{"kind":"road","name":"","osm":"way/78370200","highway":"footway","access":"","foot":""},"geometry":{"type":"LineString","coordinates":[[20.500305,54.711157],[20.500548,54.711502]]}},{"type":"Feature","properties":{"kind":"road","name":"","osm":"way/78370202","highway":"footway","access":"","foot":""},"geometry":{"type":"LineString","coordinates":[[20.497945,54.710937],[20.498518,54.710896]]}},{"type":"Feature","properties":{"kind":"road","name":"","osm":"way/79366364","highway":"service","access":"","foot":"yes"},"geometry":{"type":"LineString","coordinates":[[20.512919,54.705844],[20.512949,54.706029],[20.51299,54.706293],[20.513021,54.706492],[20.512985,54.706548],[20.51294,54.706619],[20.512531,54.706662],[20.512118,54.706705],[20.512024,54.706715],[20.511527,54.706753],[20.511405,54.706763],[20.511194,54.706626]]}},{"type":"Feature","properties":{"kind":"building","name":"","osm":"way/87474393"},"geometry":{"type":"Polygon","coordinates":[[[20.495327,54.711534],[20.495241,54.711161],[20.497738,54.71097],[20.497748,54.711015],[20.497907,54.711003],[20.49795,54.711189],[20.497742,54.711205],[20.497723,54.711123],[20.497508,54.71114],[20.497239,54.71116],[20.496969,54.711181],[20.496699,54.711201],[20.49643,54.711222],[20.49616,54.711242],[20.495891,54.711263],[20.495606,54.711284],[20.495632,54.711397],[20.495658,54.711509],[20.495327,54.711534]]]}},{"type":"Feature","properties":{"kind":"building","name":"","osm":"way/87474612"},"geometry":{"type":"Polygon","coordinates":[[[20.494263,54.712012],[20.494508,54.712227],[20.493968,54.712432],[20.493723,54.712217],[20.493853,54.712168],[20.493956,54.712258],[20.494215,54.71216],[20.494112,54.712069],[20.494263,54.712012]]]}},{"type":"Feature","properties":{"kind":"building","name":"","osm":"way/87474790"},"geometry":{"type":"Polygon","coordinates":[[[20.493676,54.712293],[20.493484,54.712099],[20.49301,54.712253],[20.493111,54.712352],[20.49323,54.712312],[20.493413,54.71225],[20.49347,54.712303],[20.493517,54.712347],[20.493676,54.712293]]]}},{"type":"Feature","properties":{"kind":"building","name":"Лукойл","osm":"way/87476289"},"geometry":{"type":"Polygon","coordinates":[[[20.494671,54.710267],[20.494794,54.710257],[20.494753,54.710094],[20.494719,54.709961],[20.494604,54.70997],[20.494515,54.709993],[20.494462,54.710046],[20.494453,54.710077],[20.494558,54.710066],[20.494612,54.710037],[20.494629,54.710103],[20.494671,54.710267]]]}},{"type":"Feature","properties":{"kind":"building","name":"","osm":"way/87476666"},"geometry":{"type":"Polygon","coordinates":[[[20.4992,54.708001],[20.498952,54.707605],[20.499133,54.707567],[20.499196,54.707666],[20.49932,54.707864],[20.499382,54.707963],[20.4992,54.708001]]]}},{"type":"Feature","properties":{"kind":"building","name":"","osm":"way/87476892"},"geometry":{"type":"Polygon","coordinates":[[[20.499949,54.707453],[20.500135,54.707411],[20.500404,54.707806],[20.500218,54.707848],[20.500151,54.707749],[20.500016,54.707552],[20.499949,54.707453]]]}},{"type":"Feature","properties":{"kind":"building","name":"","osm":"way/87478025"},"geometry":{"type":"Polygon","coordinates":[[[20.49519,54.709336],[20.495118,54.709067],[20.495264,54.709056],[20.495256,54.709008],[20.495446,54.708993],[20.495466,54.708999],[20.495483,54.709008],[20.495501,54.709036],[20.49559,54.709029],[20.495586,54.709013],[20.495631,54.708978],[20.495729,54.708969],[20.495743,54.709017],[20.49614,54.708984],[20.496208,54.709253],[20.49519,54.709336]]]}},{"type":"Feature","properties":{"kind":"building","name":"","osm":"way/87478027"},"geometry":{"type":"Polygon","coordinates":[[[20.495148,54.708227],[20.495082,54.707982],[20.495146,54.707975],[20.495107,54.707822],[20.495041,54.707828],[20.494974,54.707582],[20.495092,54.707572],[20.495095,54.707584],[20.495178,54.707577],[20.49516,54.707511],[20.495355,54.707494],[20.495373,54.70756],[20.495457,54.707552],[20.495453,54.707539],[20.495571,54.707529],[20.495637,54.707773],[20.495576,54.70778],[20.49562,54.707941],[20.495685,54.707935],[20.495745,54.708173],[20.495626,54.708184],[20.495623,54.708175],[20.495538,54.708182],[20.495554,54.708245],[20.495363,54.708262],[20.495349,54.708198],[20.495258,54.708207],[20.49526,54.708217],[20.495148,54.708227]]]}},{"type":"Feature","properties":{"kind":"building","name":"","osm":"way/87480065"},"geometry":{"type":"Polygon","coordinates":[[[20.497652,54.707861],[20.498362,54.707725],[20.498417,54.707822],[20.498303,54.707844],[20.498316,54.707866],[20.498268,54.707874],[20.498234,54.707881],[20.498222,54.707861],[20.497979,54.707908],[20.497991,54.70793],[20.497944,54.70794],[20.497904,54.707947],[20.497891,54.707924],[20.497708,54.707959],[20.497652,54.707861]]]}},{"type":"Feature","properties":{"kind":"building","name":"Виктория","osm":"way/87481344"},"geometry":{"type":"Polygon","coordinates":[[[20.498955,54.708834],[20.498847,54.708799],[20.498299,54.708619],[20.498762,54.708143],[20.498897,54.708186],[20.499417,54.708357],[20.499142,54.708642],[20.498955,54.708834]]]}},{"type":"Feature","properties":{"kind":"building","name":"Балтийский бизнес центр","osm":"way/88358992"},"geometry":{"type":"Polygon","coordinates":[[[20.502249,54.709615],[20.502207,54.709469],[20.502115,54.709159],[20.502538,54.709119],[20.5027,54.709103],[20.502695,54.709089],[20.502793,54.709079],[20.502797,54.709094],[20.502834,54.70909],[20.50288,54.709086],[20.50291,54.709198],[20.502916,54.709198],[20.502918,54.709207],[20.502887,54.70921],[20.502896,54.709241],[20.50291,54.70924],[20.502916,54.70924],[20.502921,54.709242],[20.502926,54.709244],[20.502929,54.709246],[20.502931,54.709249],[20.502932,54.709253],[20.502931,54.709255],[20.502927,54.709256],[20.502928,54.709259],[20.502944,54.70932],[20.502945,54.709363],[20.502933,54.709404],[20.50296,54.709408],[20.502952,54.709426],[20.502944,54.709424],[20.502937,54.709436],[20.502944,54.709437],[20.502942,54.709442],[20.502935,54.709449],[20.502924,54.709456],[20.502913,54.709458],[20.502904,54.709458],[20.502898,54.709456],[20.502834,54.709508],[20.502841,54.709513],[20.502843,54.709519],[20.50284,54.709528],[20.50283,54.709534],[20.502816,54.709539],[20.502812,54.709536],[20.502796,54.709543],[20.5028,54.709547],[20.502775,54.709557],[20.502759,54.709543],[20.502713,54.709558],[20.502644,54.709572],[20.502515,54.709585],[20.502516,54.709588],[20.502499,54.70959],[20.502494,54.709572],[20.502439,54.709577],[20.502442,54.709589],[20.502438,54.709594],[20.502429,54.709597],[20.502415,54.709598],[20.50234,54.709602],[20.502341,54.709605],[20.502249,54.709615]]]}},{"type":"Feature","properties":{"kind":"building","name":"Атлантика","osm":"way/88360212"},"geometry":{"type":"Polygon","coordinates":[[[20.503708,54.702433],[20.504166,54.702339],[20.504136,54.702291],[20.503912,54.701926],[20.503764,54.701957],[20.50367,54.701802],[20.503625,54.701811],[20.503429,54.701852],[20.503713,54.702313],[20.503642,54.702327],[20.503708,54.702433]]]}},{"type":"Feature","properties":{"kind":"building","name":"","osm":"way/88520898"},"geometry":{"type":"Polygon","coordinates":[[[20.501217,54.702785],[20.501058,54.702463],[20.501248,54.702433],[20.501327,54.702595],[20.501412,54.702581],[20.501405,54.702565],[20.501494,54.702551],[20.501502,54.702567],[20.501595,54.702551],[20.501516,54.70239],[20.501703,54.70236],[20.501861,54.702679],[20.501802,54.702688],[20.501808,54.702701],[20.501775,54.702706],[20.501768,54.702694],[20.501673,54.70271],[20.501621,54.702606],[20.501355,54.70265],[20.501366,54.702673],[20.501375,54.702671],[20.501377,54.702676],[20.501369,54.702677],[20.501406,54.702755],[20.501339,54.702766],[20.501345,54.702779],[20.501314,54.702784],[20.501309,54.702771],[20.501217,54.702785]]]}},{"type":"Feature","properties":{"kind":"building","name":"","osm":"way/88528087"},"geometry":{"type":"Polygon","coordinates":[[[20.510546,54.702004],[20.510561,54.701667],[20.51076,54.70167],[20.510752,54.701842],[20.511008,54.701846],[20.511015,54.701689],[20.511234,54.701692],[20.51122,54.702019],[20.511016,54.702016],[20.51102,54.70191],[20.510767,54.701906],[20.510763,54.702008],[20.510546,54.702004]]]}},{"type":"Feature","properties":{"kind":"building","name":"","osm":"way/88700760"},"geometry":{"type":"Polygon","coordinates":[[[20.504565,54.71316],[20.504541,54.713029],[20.504764,54.713016],[20.504791,54.71316],[20.505032,54.71316],[20.505006,54.713018],[20.505236,54.713004],[20.505265,54.71316],[20.504565,54.71316]]]}},{"type":"Feature","properties":{"kind":"building","name":"","osm":"way/89558756"},"geometry":{"type":"Polygon","coordinates":[[[20.507782,54.703145],[20.507759,54.703081],[20.507689,54.703089],[20.507649,54.702979],[20.506987,54.70306],[20.507027,54.703172],[20.506953,54.703181],[20.506976,54.703244],[20.507125,54.703226],[20.507108,54.703179],[20.507614,54.703117],[20.507631,54.703164],[20.507782,54.703145]]]}},{"type":"Feature","properties":{"kind":"building","name":"","osm":"way/89558764"},"geometry":{"type":"Polygon","coordinates":[[[20.511841,54.712268],[20.511605,54.711818],[20.5114,54.711854],[20.511636,54.712303],[20.511841,54.712268]]]}},{"type":"Feature","properties":{"kind":"building","name":"","osm":"way/89634558"},"geometry":{"type":"Polygon","coordinates":[[[20.505183,54.712433],[20.505164,54.712326],[20.504945,54.712338],[20.504924,54.712216],[20.505145,54.712203],[20.505127,54.712095],[20.504649,54.712122],[20.504666,54.712225],[20.504829,54.712216],[20.504852,54.712347],[20.504687,54.712356],[20.504705,54.71246],[20.505183,54.712433]]]}},{"type":"Feature","properties":{"kind":"building","name":"Детская школа искусств имени Чайковского","osm":"way/89634950"},"geometry":{"type":"Polygon","coordinates":[[[20.513499,54.703682],[20.51336,54.703405],[20.513596,54.703365],[20.513639,54.703659],[20.513499,54.703682]]]}},{"type":"Feature","properties":{"kind":"road","name":"","osm":"way/89970226","highway":"service","access":"","foot":""},"geometry":{"type":"LineString","coordinates":[[20.498518,54.710896],[20.498608,54.711318]]}},{"type":"Feature","properties":{"kind":"building","name":"Лицей №23","osm":"way/89970253"},"geometry":{"type":"Polygon","coordinates":[[[20.498774,54.71158],[20.498753,54.711472],[20.499192,54.711443],[20.499137,54.71117],[20.498738,54.711197],[20.498712,54.711068],[20.499765,54.710997],[20.499791,54.711123],[20.499356,54.711152],[20.49941,54.711421],[20.499863,54.711391],[20.499886,54.711505],[20.498774,54.71158]]]}},{"type":"Feature","properties":{"kind":"building","name":"","osm":"way/90306879"},"geometry":{"type":"Polygon","coordinates":[[[20.501628,54.704384],[20.503063,54.704164],[20.503112,54.704272],[20.502917,54.704301],[20.502725,54.704331],[20.502533,54.70436],[20.502341,54.70439],[20.50215,54.704419],[20.501957,54.704448],[20.501678,54.704491],[20.501628,54.704384]]]}},{"type":"Feature","properties":{"kind":"building","name":"","osm":"way/90306880"},"geometry":{"type":"Polygon","coordinates":[[[20.502131,54.704102],[20.502334,54.704067],[20.502148,54.703702],[20.501946,54.703737],[20.502131,54.704102]]]}},{"type":"Feature","properties":{"kind":"building","name":"","osm":"way/90442353"},"geometry":{"type":"Polygon","coordinates":[[[20.506361,54.71316],[20.506468,54.713036],[20.506269,54.712979],[20.506176,54.713086],[20.506112,54.71316],[20.506361,54.71316]]]}},{"type":"Feature","properties":{"kind":"building","name":"","osm":"way/90442539"},"geometry":{"type":"Polygon","coordinates":[[[20.50396,54.71316],[20.504185,54.71316],[20.504174,54.713089],[20.50416,54.713006],[20.503937,54.713018],[20.50396,54.71316]]]}},{"type":"Feature","properties":{"kind":"building","name":"","osm":"way/90443433"},"geometry":{"type":"Polygon","coordinates":[[[20.504122,54.712886],[20.504101,54.712796],[20.504066,54.712638],[20.50405,54.712568],[20.503838,54.712584],[20.503909,54.712902],[20.504122,54.712886]]]}},{"type":"Feature","properties":{"kind":"building","name":"","osm":"way/90443440"},"geometry":{"type":"Polygon","coordinates":[[[20.512663,54.712772],[20.512853,54.712736],[20.512512,54.712134],[20.512321,54.71217],[20.512358,54.712235],[20.512446,54.71239],[20.512515,54.712512],[20.512616,54.712689],[20.512663,54.712772]]]}},{"type":"Feature","properties":{"kind":"building","name":"","osm":"way/90443442"},"geometry":{"type":"Polygon","coordinates":[[[20.511767,54.712761],[20.512014,54.712723],[20.51196,54.712607],[20.511713,54.712645],[20.511767,54.712761]]]}},{"type":"Feature","properties":{"kind":"building","name":"","osm":"way/90443443"},"geometry":{"type":"Polygon","coordinates":[[[20.512076,54.712789],[20.512245,54.713084],[20.512434,54.713048],[20.512388,54.712967],[20.512302,54.712818],[20.512265,54.712753],[20.512076,54.712789]]]}},{"type":"Feature","properties":{"kind":"building","name":"","osm":"way/90443445"},"geometry":{"type":"Polygon","coordinates":[[[20.510636,54.712568],[20.510794,54.712651],[20.510952,54.712734],[20.51111,54.712818],[20.511267,54.7129],[20.511408,54.712811],[20.510777,54.712479],[20.510636,54.712568]]]}},{"type":"Feature","properties":{"kind":"building","name":"ВТБ","osm":"way/90443448"},"geometry":{"type":"Polygon","coordinates":[[[20.50731,54.712083],[20.507863,54.7121],[20.507872,54.711998],[20.50732,54.711981],[20.50731,54.712083]]]}},{"type":"Feature","properties":{"kind":"building","name":"","osm":"way/90443449"},"geometry":{"type":"Polygon","coordinates":[[[20.501762,54.712537],[20.50227,54.71311],[20.502466,54.713052],[20.502403,54.712981],[20.502276,54.712837],[20.502149,54.712694],[20.502022,54.71255],[20.501958,54.712479],[20.501762,54.712537]]]}},{"type":"Feature","properties":{"kind":"building","name":"","osm":"way/90681610"},"geometry":{"type":"Polygon","coordinates":[[[20.498915,54.702907],[20.499128,54.702793],[20.498392,54.702343],[20.498188,54.702451],[20.498915,54.702907]]]}},{"type":"Feature","properties":{"kind":"building","name":"","osm":"way/90681614"},"geometry":{"type":"Polygon","coordinates":[[[20.50044,54.70343],[20.500749,54.704052],[20.500973,54.704015],[20.500925,54.703919],[20.500855,54.703777],[20.500788,54.703642],[20.500714,54.703494],[20.500664,54.703393],[20.50044,54.70343]]]}},{"type":"Feature","properties":{"kind":"building","name":"","osm":"way/90681620"},"geometry":{"type":"Polygon","coordinates":[[[20.503556,54.702956],[20.503673,54.702937],[20.503968,54.702891],[20.504245,54.702847],[20.50435,54.70283],[20.504301,54.702726],[20.503771,54.70281],[20.503507,54.702852],[20.503556,54.702956]]]}},{"type":"Feature","properties":{"kind":"building","name":"","osm":"way/90681639"},"geometry":{"type":"Polygon","coordinates":[[[20.499818,54.70398],[20.500131,54.70393],[20.500089,54.703842],[20.500035,54.70385],[20.500013,54.703803],[20.49996,54.703792],[20.499835,54.703812],[20.499795,54.703836],[20.499818,54.703886],[20.499776,54.703892],[20.499818,54.70398]]]}},{"type":"Feature","properties":{"kind":"building","name":"","osm":"way/90681649"},"geometry":{"type":"Polygon","coordinates":[[[20.505717,54.702527],[20.50577,54.702638],[20.505868,54.702622],[20.506152,54.702576],[20.506373,54.702541],[20.506667,54.702494],[20.506793,54.702473],[20.50674,54.702363],[20.505717,54.702527]]]}},{"type":"Feature","properties":{"kind":"building","name":"","osm":"way/90681681"},"geometry":{"type":"Polygon","coordinates":[[[20.502282,54.701707],[20.502801,54.702594],[20.503033,54.702549],[20.502976,54.702452],[20.502889,54.702302],[20.502819,54.702183],[20.502744,54.702056],[20.502667,54.701923],[20.502576,54.701769],[20.502514,54.701661],[20.502282,54.701707]]]}},{"type":"Feature","properties":{"kind":"building","name":"","osm":"way/90681695"},"geometry":{"type":"Polygon","coordinates":[[[20.49748,54.702008],[20.498188,54.702451],[20.498392,54.702343],[20.498884,54.70208],[20.498176,54.701636],[20.49748,54.702008]]]}},{"type":"Feature","properties":{"kind":"building","name":"Музей изобразительных искусств","osm":"way/90681702"},"geometry":{"type":"Polygon","coordinates":[[[20.506765,54.705337],[20.507841,54.705227],[20.50781,54.705126],[20.507755,54.704945],[20.507745,54.704914],[20.506669,54.705024],[20.506703,54.705134],[20.506765,54.705337]]]}},{"type":"Feature","properties":{"kind":"building","name":"","osm":"way/90681714"},"geometry":{"type":"Polygon","coordinates":[[[20.505249,54.703955],[20.50524,54.703936],[20.505118,54.70368],[20.504807,54.703029],[20.504656,54.702715],[20.504444,54.702749],[20.504511,54.702885],[20.504576,54.703024],[20.504642,54.703163],[20.504708,54.7033],[20.504774,54.703437],[20.504839,54.703575],[20.504905,54.703713],[20.504971,54.70385],[20.505037,54.703988],[20.505249,54.703955]]]}},{"type":"Feature","properties":{"kind":"building","name":"","osm":"way/90681716"},"geometry":{"type":"Polygon","coordinates":[[[20.499691,54.70471],[20.499899,54.704678],[20.500107,54.704646],[20.500314,54.704614],[20.500522,54.704581],[20.50073,54.704549],[20.500937,54.704517],[20.501145,54.704485],[20.50109,54.704366],[20.499636,54.704591],[20.499691,54.70471]]]}},{"type":"Feature","properties":{"kind":"building","name":"","osm":"way/90681725"},"geometry":{"type":"Polygon","coordinates":[[[20.506888,54.702307],[20.507683,54.702152],[20.507951,54.702579],[20.507732,54.702621],[20.507562,54.702372],[20.50701,54.702494],[20.506888,54.702307]]]}},{"type":"Feature","properties":{"kind":"building","name":"","osm":"way/90681732"},"geometry":{"type":"Polygon","coordinates":[[[20.505448,54.702656],[20.505546,54.702844],[20.505739,54.703216],[20.505983,54.703174],[20.505925,54.703062],[20.505867,54.70295],[20.505809,54.702838],[20.505751,54.702726],[20.505693,54.702614],[20.505448,54.702656]]]}},{"type":"Feature","properties":{"kind":"building","name":"","osm":"way/90681741"},"geometry":{"type":"Polygon","coordinates":[[[20.503201,54.703521],[20.503423,54.703487],[20.503396,54.70343],[20.503323,54.703273],[20.503262,54.70314],[20.503182,54.70297],[20.503142,54.702882],[20.50292,54.702917],[20.503201,54.703521]]]}},{"type":"Feature","properties":{"kind":"building","name":"","osm":"way/90681743"},"geometry":{"type":"Polygon","coordinates":[[[20.499931,54.703709],[20.500254,54.703662],[20.500212,54.703566],[20.500159,54.703574],[20.500134,54.703514],[20.500097,54.70352],[20.500087,54.703497],[20.499939,54.703518],[20.499951,54.703545],[20.499922,54.70355],[20.499947,54.703607],[20.49989,54.703616],[20.499931,54.703709]]]}},{"type":"Feature","properties":{"kind":"building","name":"","osm":"way/90681751"},"geometry":{"type":"Polygon","coordinates":[[[20.505828,54.70328],[20.505966,54.703594],[20.50609,54.703876],[20.506268,54.70385],[20.506235,54.703776],[20.506169,54.703627],[20.506104,54.703477],[20.506038,54.703328],[20.506006,54.703254],[20.505828,54.70328]]]}},{"type":"Feature","properties":{"kind":"building","name":"","osm":"way/90681756"},"geometry":{"type":"Polygon","coordinates":[[[20.506453,54.703935],[20.506511,54.703926],[20.506584,54.703915],[20.506845,54.703877],[20.506976,54.703858],[20.507107,54.703839],[20.507237,54.70382],[20.507368,54.7038],[20.507499,54.703781],[20.507629,54.703762],[20.50776,54.703743],[20.507891,54.703724],[20.507956,54.703714],[20.508022,54.703705],[20.507975,54.7036],[20.507845,54.703619],[20.507583,54.703657],[20.507322,54.703696],[20.507061,54.703734],[20.506799,54.703772],[20.506538,54.703811],[20.506407,54.70383],[20.506453,54.703935]]]}},{"type":"Feature","properties":{"kind":"building","name":"","osm":"way/90681761"},"geometry":{"type":"Polygon","coordinates":[[[20.508704,54.703369],[20.508919,54.703343],[20.508873,54.703218],[20.508769,54.702935],[20.508715,54.702788],[20.5085,54.702815],[20.508704,54.703369]]]}},{"type":"Feature","properties":{"kind":"building","name":"Рыбная Биржа","osm":"way/90861288"},"geometry":{"type":"Polygon","coordinates":[[[20.515478,54.702399],[20.515968,54.702433],[20.516053,54.702141],[20.516062,54.702109],[20.516022,54.702074],[20.515601,54.702042],[20.515581,54.702097],[20.515533,54.702238],[20.515478,54.702399]]]}},{"type":"Feature","properties":{"kind":"building","name":"","osm":"way/90861289"},"geometry":{"type":"Polygon","coordinates":[[[20.512991,54.702702],[20.513133,54.703327],[20.513334,54.703312],[20.513311,54.70321],[20.513265,54.703007],[20.513217,54.7028],[20.513192,54.702687],[20.512991,54.702702]]]}},{"type":"Feature","properties":{"kind":"building","name":"","osm":"way/90861317"},"geometry":{"type":"Polygon","coordinates":[[[20.513615,54.702203],[20.513645,54.702325],[20.513824,54.70231],[20.513794,54.702188],[20.513615,54.702203]]]}},{"type":"Feature","properties":{"kind":"rail","name":"","osm":"way/91265031"},"geometry":{"type":"LineString","coordinates":[[20.522346,54.711952],[20.522359,54.711901],[20.52238,54.711799],[20.522443,54.711399],[20.522522,54.710836],[20.522527,54.710744],[20.522519,54.710693],[20.522504,54.710643],[20.522485,54.710581],[20.522447,54.710499],[20.522401,54.71043],[20.522142,54.710133],[20.522079,54.710056],[20.522064,54.71002],[20.52206,54.709981],[20.522064,54.709946],[20.522194,54.709378],[20.522209,54.709312],[20.522212,54.70928],[20.522193,54.709254],[20.522098,54.709148],[20.521998,54.709075],[20.521856,54.709029],[20.521721,54.709012],[20.520783,54.708959],[20.520318,54.70893],[20.518042,54.708775],[20.51787,54.708763],[20.516635,54.708681],[20.515312,54.708635],[20.51524,54.708629],[20.515179,54.708619],[20.515129,54.708606],[20.515075,54.70859],[20.515006,54.708564],[20.514893,54.708497],[20.51487,54.708475],[20.514842,54.708447],[20.514813,54.708412],[20.514799,54.708391],[20.514787,54.708362],[20.514773,54.708308]]}},{"type":"Feature","properties":{"kind":"rail","name":"","osm":"way/91277927"},"geometry":{"type":"LineString","coordinates":[[20.51467,54.707568],[20.51474,54.707886],[20.514803,54.708287],[20.514814,54.708321],[20.514838,54.708364],[20.514855,54.708393],[20.514879,54.708421],[20.514904,54.708449],[20.514919,54.708461],[20.514936,54.708474],[20.514977,54.708499],[20.515017,54.70852],[20.51506,54.708539],[20.5151,54.708556],[20.515145,54.708571],[20.515186,54.708583],[20.51523,54.708592],[20.515311,54.708602],[20.51541,54.708607],[20.515515,54.70861],[20.516641,54.708652],[20.517593,54.708715],[20.51787,54.708737],[20.520325,54.708902],[20.521144,54.708956],[20.521815,54.708992],[20.521953,54.709027],[20.522055,54.709061],[20.522191,54.709155],[20.522252,54.709257],[20.522247,54.709325],[20.522099,54.709923],[20.522097,54.709981],[20.522103,54.71002],[20.522119,54.710054],[20.52218,54.710138],[20.52243,54.7104],[20.52251,54.710515],[20.522552,54.710609],[20.52257,54.710674],[20.522577,54.710738],[20.522577,54.710794],[20.522555,54.710909],[20.522407,54.711902],[20.522399,54.711961]]}},{"type":"Feature","properties":{"kind":"rail","name":"","osm":"way/91277978"},"geometry":{"type":"LineString","coordinates":[[20.514523,54.706913],[20.514466,54.706569],[20.514478,54.706502],[20.514487,54.706456],[20.514668,54.705742],[20.514749,54.70562],[20.515014,54.705338],[20.515125,54.705205],[20.515175,54.705148],[20.51528,54.705037],[20.515381,54.704929],[20.51551,54.704794],[20.515615,54.704666],[20.515726,54.704532],[20.515939,54.704257],[20.516058,54.704055],[20.516139,54.703409],[20.516232,54.70287],[20.516289,54.702515],[20.516294,54.702494],[20.516475,54.70205],[20.516898,54.70133],[20.517287,54.700766],[20.517353,54.70069],[20.517432,54.700601],[20.517488,54.700538],[20.517587,54.700461],[20.517664,54.700388],[20.517987,54.700071],[20.518072,54.699978],[20.518115,54.699908],[20.518128,54.699857]]}},{"type":"Feature","properties":{"kind":"building","name":"","osm":"way/93893091"},"geometry":{"type":"Polygon","coordinates":[[[20.505202,54.703724],[20.505179,54.703667],[20.505234,54.703659],[20.505256,54.703717],[20.505202,54.703724]]]}},{"type":"Feature","properties":{"kind":"rail","name":"","osm":"way/93893092"},"geometry":{"type":"LineString","coordinates":[[20.509703,54.711529],[20.509544,54.711557],[20.509524,54.71156],[20.509381,54.711595],[20.509309,54.711621],[20.509252,54.711654],[20.509204,54.711691],[20.508948,54.711866]]}},{"type":"Feature","properties":{"kind":"building","name":"","osm":"way/93893093"},"geometry":{"type":"Polygon","coordinates":[[[20.505554,54.703106],[20.505501,54.703],[20.505548,54.702992],[20.505601,54.703098],[20.505554,54.703106]]]}},{"type":"Feature","properties":{"kind":"rail","name":"","osm":"way/93893099"},"geometry":{"type":"LineString","coordinates":[[20.521802,54.71212],[20.52148,54.712097],[20.521026,54.712062],[20.520993,54.712058],[20.520639,54.712017],[20.518918,54.711818],[20.51871,54.711808],[20.51848,54.711791],[20.51809,54.711735],[20.517883,54.711687],[20.517827,54.711675],[20.51769,54.711634],[20.517519,54.711566],[20.517477,54.711542],[20.517178,54.711365],[20.516747,54.711088],[20.516541,54.710983],[20.51632,54.710898],[20.516154,54.710839],[20.515968,54.710791],[20.515887,54.710778],[20.515742,54.710754],[20.515488,54.71072],[20.515182,54.710694],[20.514899,54.7107],[20.514764,54.71071],[20.514637,54.710715],[20.514372,54.710755],[20.513862,54.710841],[20.513602,54.710886],[20.512754,54.71103]]}},{"type":"Feature","properties":{"kind":"building","name":"","osm":"way/95813829"},"geometry":{"type":"Polygon","coordinates":[[[20.493789,54.709533],[20.493804,54.709586],[20.493902,54.709576],[20.494132,54.709555],[20.494382,54.709531],[20.494484,54.709521],[20.494492,54.709552],[20.494775,54.709525],[20.494856,54.709518],[20.494784,54.709266],[20.494411,54.709301],[20.494447,54.709427],[20.493767,54.709492],[20.493748,54.709426],[20.493397,54.709459],[20.4922,54.70897],[20.492145,54.708756],[20.492055,54.708764],[20.492002,54.708559],[20.491915,54.708567],[20.491854,54.708333],[20.491796,54.708338],[20.49176,54.70818],[20.491575,54.708191],[20.491592,54.708264],[20.491612,54.708344],[20.491687,54.708338],[20.491721,54.708466],[20.491749,54.708572],[20.491809,54.708566],[20.491837,54.708675],[20.491864,54.708778],[20.49194,54.708772],[20.491971,54.70889],[20.49201,54.70904],[20.492173,54.709107],[20.492495,54.70924],[20.492954,54.709429],[20.493203,54.709531],[20.493291,54.709567],[20.493434,54.709554],[20.493438,54.709567],[20.493582,54.709553],[20.493789,54.709533]]]}},{"type":"Feature","properties":{"kind":"building","name":"","osm":"way/95935523"},"geometry":{"type":"Polygon","coordinates":[[[20.50107,54.711948],[20.501288,54.711933],[20.501256,54.711777],[20.501038,54.711792],[20.50107,54.711948]]]}},{"type":"Feature","properties":{"kind":"building","name":"","osm":"way/95935529"},"geometry":{"type":"Polygon","coordinates":[[[20.501311,54.712116],[20.501269,54.711987],[20.501612,54.71195],[20.501654,54.712079],[20.501311,54.712116]]]}},{"type":"Feature","properties":{"kind":"building","name":"","osm":"way/95935541"},"geometry":{"type":"Polygon","coordinates":[[[20.501483,54.711864],[20.50144,54.711719],[20.502658,54.711598],[20.502733,54.711849],[20.502546,54.711868],[20.50252,54.711779],[20.50215,54.711816],[20.502136,54.711766],[20.50199,54.71178],[20.502012,54.711854],[20.501744,54.71188],[20.501724,54.711811],[20.501586,54.711824],[20.501594,54.711853],[20.501483,54.711864]]]}},{"type":"Feature","properties":{"kind":"building","name":"","osm":"way/95935544"},"geometry":{"type":"Polygon","coordinates":[[[20.501577,54.712171],[20.50156,54.712124],[20.501669,54.712111],[20.501687,54.712158],[20.501577,54.712171]]]}},{"type":"Feature","properties":{"kind":"road","name":"","osm":"way/96833699","highway":"footway","access":"","foot":""},"geometry":{"type":"LineString","coordinates":[[20.514567,54.707693],[20.513945,54.707965],[20.513134,54.708355],[20.51283,54.708493]]}},{"type":"Feature","properties":{"kind":"road","name":"","osm":"way/96833718","highway":"footway","access":"","foot":""},"geometry":{"type":"LineString","coordinates":[[20.514385,54.706759],[20.514335,54.706742],[20.514294,54.706717],[20.514286,54.706678],[20.514276,54.706631],[20.514225,54.706527],[20.514216,54.706369],[20.514227,54.706187],[20.514259,54.705836],[20.51434,54.705766]]}},{"type":"Feature","properties":{"kind":"road","name":"","osm":"way/96833749","highway":"footway","access":"","foot":""},"geometry":{"type":"LineString","coordinates":[[20.514567,54.707693],[20.513179,54.707611],[20.512907,54.707622],[20.512571,54.707636],[20.51199,54.70774],[20.510969,54.708027],[20.510873,54.708055],[20.510323,54.708213],[20.509831,54.708365],[20.509038,54.708623],[20.508474,54.708751],[20.507756,54.708812],[20.507542,54.70883],[20.507125,54.708847]]}},{"type":"Feature","properties":{"kind":"building","name":"","osm":"way/98888794"},"geometry":{"type":"Polygon","coordinates":[[[20.517068,54.703895],[20.517256,54.703854],[20.516777,54.703135],[20.51668,54.703157],[20.516633,54.703086],[20.516543,54.703106],[20.516605,54.7032],[20.516732,54.70339],[20.516868,54.703595],[20.517002,54.703796],[20.517068,54.703895]]]}},{"type":"Feature","properties":{"kind":"building","name":"","osm":"way/98888799"},"geometry":{"type":"Polygon","coordinates":[[[20.516595,54.703075],[20.516505,54.702935],[20.51663,54.702908],[20.516564,54.702806],[20.516737,54.702768],[20.516893,54.70301],[20.516595,54.703075]]]}},{"type":"Feature","properties":{"kind":"building","name":"","osm":"way/98888807"},"geometry":{"type":"Polygon","coordinates":[[[20.516833,54.702796],[20.51711,54.702736],[20.517027,54.702607],[20.517131,54.702584],[20.517081,54.702507],[20.516837,54.70256],[20.516883,54.70263],[20.516745,54.70266],[20.516833,54.702796]]]}},{"type":"Feature","properties":{"kind":"building","name":"","osm":"way/98888814"},"geometry":{"type":"Polygon","coordinates":[[[20.517136,54.702473],[20.516991,54.702219],[20.516799,54.702275],[20.516719,54.702392],[20.516738,54.702546],[20.517136,54.702473]]]}},{"type":"Feature","properties":{"kind":"road","name":"","osm":"way/99757353","highway":"secondary_link","access":"","foot":"no"},"geometry":{"type":"LineString","coordinates":[[20.513555,54.710786],[20.513588,54.710856],[20.513602,54.710886],[20.513637,54.710957]]}},{"type":"Feature","properties":{"kind":"building","name":"","osm":"way/100116585"},"geometry":{"type":"Polygon","coordinates":[[[20.50931,54.70244],[20.509345,54.70256],[20.509373,54.702651],[20.509568,54.702631],[20.509486,54.702358],[20.509311,54.702376],[20.509296,54.70233],[20.508509,54.702429],[20.508548,54.702534],[20.508756,54.702509],[20.509101,54.702466],[20.50931,54.70244]]]}},{"type":"Feature","properties":{"kind":"road","name":"Ленинский проспект","osm":"way/101322252","highway":"primary","access":"","foot":"no"},"geometry":{"type":"LineString","coordinates":[[20.505739,54.703977],[20.505852,54.70418]]}},{"type":"Feature","properties":{"kind":"road","name":"Ленинский проспект","osm":"way/101331081","highway":"primary","access":"","foot":"no"},"geometry":{"type":"LineString","coordinates":[[20.508811,54.710245],[20.508864,54.710358]]}},{"type":"Feature","properties":{"kind":"road","name":"Ленинский проспект","osm":"way/101331082","highway":"primary","access":"","foot":"no"},"geometry":{"type":"LineString","coordinates":[[20.508499,54.709583],[20.50854,54.709676]]}},{"type":"Feature","properties":{"kind":"road","name":"Ленинский проспект","osm":"way/101365833","highway":"primary","access":"","foot":"no"},"geometry":{"type":"LineString","coordinates":[[20.505005,54.702385],[20.505269,54.702945],[20.505739,54.703977]]}},{"type":"Feature","properties":{"kind":"road","name":"","osm":"way/102438756","highway":"secondary_link","access":"","foot":"no"},"geometry":{"type":"LineString","coordinates":[[20.510934,54.711393],[20.510908,54.711338],[20.510892,54.711305],[20.510859,54.711236]]}},{"type":"Feature","properties":{"kind":"building","name":"","osm":"way/102611477"},"geometry":{"type":"Polygon","coordinates":[[[20.506335,54.712735],[20.50645,54.712738],[20.506547,54.71274],[20.506554,54.71265],[20.506569,54.712427],[20.506356,54.712422],[20.50635,54.71251],[20.506339,54.71268],[20.506335,54.712735]]]}},{"type":"Feature","properties":{"kind":"building","name":"","osm":"way/102611479"},"geometry":{"type":"Polygon","coordinates":[[[20.506353,54.712272],[20.506564,54.712273],[20.506568,54.711967],[20.506357,54.711966],[20.506356,54.712041],[20.506354,54.712211],[20.506353,54.712272]]]}},{"type":"Feature","properties":{"kind":"building","name":"","osm":"way/102611488"},"geometry":{"type":"Polygon","coordinates":[[[20.505593,54.712041],[20.50559,54.712683],[20.505802,54.712683],[20.505802,54.712606],[20.505803,54.712441],[20.505803,54.712308],[20.505804,54.712155],[20.505804,54.712041],[20.505593,54.712041]]]}},{"type":"Feature","properties":{"kind":"building","name":"","osm":"way/103842729"},"geometry":{"type":"Polygon","coordinates":[[[20.515363,54.709373],[20.515362,54.70929],[20.515341,54.709292],[20.515335,54.709145],[20.515328,54.708962],[20.515515,54.708955],[20.515525,54.709142],[20.515529,54.709237],[20.515608,54.709237],[20.515647,54.709255],[20.515665,54.709283],[20.515669,54.709311],[20.515668,54.709339],[20.515646,54.709364],[20.515613,54.709371],[20.515363,54.709373]]]}},{"type":"Feature","properties":{"kind":"road","name":"","osm":"way/103842753","highway":"service","access":"","foot":""},"geometry":{"type":"LineString","coordinates":[[20.515277,54.708862],[20.515224,54.708808],[20.51521,54.708803],[20.515124,54.708768],[20.515033,54.708748],[20.514693,54.708708]]}},{"type":"Feature","properties":{"kind":"building","name":"","osm":"way/105154976"},"geometry":{"type":"Polygon","coordinates":[[[20.513105,54.71316],[20.512942,54.712877],[20.512749,54.712914],[20.512817,54.713027],[20.512887,54.713154],[20.51289,54.71316],[20.513105,54.71316]]]}},{"type":"Feature","properties":{"kind":"building","name":"","osm":"way/105154977"},"geometry":{"type":"Polygon","coordinates":[[[20.509771,54.712855],[20.509689,54.712815],[20.509624,54.712783],[20.509523,54.712852],[20.50934,54.712978],[20.509278,54.71302],[20.509426,54.713092],[20.509771,54.712855]]]}},{"type":"Feature","properties":{"kind":"building","name":"","osm":"way/105154979"},"geometry":{"type":"Polygon","coordinates":[[[20.511814,54.71316],[20.511913,54.71316],[20.511859,54.713132],[20.511814,54.71316]]]}},{"type":"Feature","properties":{"kind":"building","name":"","osm":"way/105154980"},"geometry":{"type":"Polygon","coordinates":[[[20.510247,54.712679],[20.510109,54.712768],[20.510861,54.71316],[20.511167,54.71316],[20.511139,54.713146],[20.51096,54.713051],[20.510782,54.712959],[20.510603,54.712864],[20.510426,54.712773],[20.510247,54.712679]]]}},{"type":"Feature","properties":{"kind":"building","name":"ЗАГС №1 (города Калининграда)","osm":"way/105730134"},"geometry":{"type":"Polygon","coordinates":[[[20.517076,54.710771],[20.517157,54.710757],[20.517215,54.710746],[20.517393,54.711082],[20.517562,54.711129],[20.517067,54.710172],[20.516925,54.710203],[20.516981,54.710308],[20.517037,54.710413],[20.517173,54.710668],[20.517114,54.710679],[20.517035,54.710693],[20.517076,54.710771]]]}},{"type":"Feature","properties":{"kind":"building","name":"","osm":"way/105730142"},"geometry":{"type":"Polygon","coordinates":[[[20.5168,54.709682],[20.516927,54.709923],[20.516957,54.70998],[20.516956,54.709975],[20.517128,54.709944],[20.517156,54.709885],[20.517076,54.709735],[20.517029,54.709643],[20.5168,54.709682]]]}},{"type":"Feature","properties":{"kind":"building","name":"","osm":"way/105730147"},"geometry":{"type":"Polygon","coordinates":[[[20.517647,54.711286],[20.517941,54.711313],[20.5182,54.711336],[20.518458,54.711359],[20.518731,54.711383],[20.51876,54.711274],[20.517816,54.71119],[20.517809,54.711177],[20.517749,54.711062],[20.517642,54.710856],[20.517539,54.710658],[20.517434,54.710455],[20.517325,54.710245],[20.517219,54.710041],[20.517157,54.70994],[20.517128,54.709944],[20.516956,54.709975],[20.517067,54.710172],[20.517562,54.711129],[20.51762,54.711238],[20.517647,54.711286]]]}},{"type":"Feature","properties":{"kind":"road","name":"Ленинский проспект","osm":"way/106485878","highway":"primary","access":"","foot":"no"},"geometry":{"type":"LineString","coordinates":[[20.509298,54.711317],[20.509298,54.711413],[20.50929,54.711453],[20.509275,54.711533],[20.509259,54.711607],[20.509252,54.711654],[20.509247,54.711695]]}},{"type":"Feature","properties":{"kind":"road","name":"Ленинский проспект","osm":"way/106609551","highway":"primary","access":"","foot":"no"},"geometry":{"type":"LineString","coordinates":[[20.508864,54.710358],[20.509192,54.710978]]}},{"type":"Feature","properties":{"kind":"road","name":"Московский проспект","osm":"way/106748628","highway":"primary","access":"","foot":"no"},"geometry":{"type":"LineString","coordinates":[[20.494885,54.710699],[20.494992,54.710755],[20.495057,54.710837],[20.495098,54.710915],[20.495082,54.711058]]}},{"type":"Feature","properties":{"kind":"road","name":"Московский проспект","osm":"way/106748631","highway":"primary","access":"","foot":"no"},"geometry":{"type":"LineString","coordinates":[[20.51697,54.7086],[20.517871,54.708664],[20.517979,54.708672]]}},{"type":"Feature","properties":{"kind":"road","name":"Московский проспект","osm":"way/106748633","highway":"primary","access":"","foot":"no"},"geometry":{"type":"LineString","coordinates":[[20.514008,54.708516],[20.51428,54.708495],[20.514616,54.70849],[20.514635,54.70849],[20.514893,54.708497],[20.514977,54.708499],[20.515731,54.708528]]}},{"type":"Feature","properties":{"kind":"road","name":"Московский проспект","osm":"way/106764629","highway":"primary","access":"","foot":"no"},"geometry":{"type":"LineString","coordinates":[[20.509846,54.709185],[20.507655,54.709553],[20.507242,54.709616]]}},{"type":"Feature","properties":{"kind":"road","name":"Московский проспект","osm":"way/106764631","highway":"primary","access":"","foot":""},"geometry":{"type":"LineString","coordinates":[[20.507242,54.709616],[20.50589,54.709805],[20.504632,54.709955]]}},{"type":"Feature","properties":{"kind":"road","name":"улица Шевченко","osm":"way/107174498","highway":"secondary","access":"","foot":""},"geometry":{"type":"LineString","coordinates":[[20.511984,54.711225],[20.511841,54.711246],[20.511763,54.711259]]}},{"type":"Feature","properties":{"kind":"road","name":"улица Шевченко","osm":"way/107174500","highway":"secondary","access":"","foot":"no"},"geometry":{"type":"LineString","coordinates":[[20.510934,54.711393],[20.510078,54.711537]]}},{"type":"Feature","properties":{"kind":"road","name":"улица Шевченко","osm":"way/107174502","highway":"secondary","access":"","foot":"no"},"geometry":{"type":"LineString","coordinates":[[20.513637,54.710957],[20.51256,54.711129]]}},{"type":"Feature","properties":{"kind":"road","name":"улица Шевченко","osm":"way/107174503","highway":"secondary","access":"","foot":"no"},"geometry":{"type":"LineString","coordinates":[[20.510859,54.711236],[20.511754,54.711081],[20.512075,54.711031]]}},{"type":"Feature","properties":{"kind":"road","name":"улица Шевченко","osm":"way/107174505","highway":"secondary","access":"","foot":"no"},"geometry":{"type":"LineString","coordinates":[[20.513555,54.710786],[20.514632,54.71062]]}},{"type":"Feature","properties":{"kind":"road","name":"улица Шевченко","osm":"way/107174507","highway":"secondary","access":"","foot":"no"},"geometry":{"type":"LineString","coordinates":[[20.51256,54.711129],[20.511984,54.711225]]}},{"type":"Feature","properties":{"kind":"road","name":"Московский проспект","osm":"way/107299012","highway":"primary","access":"","foot":"no"},"geometry":{"type":"LineString","coordinates":[[20.494051,54.711086],[20.494013,54.710924]]}},{"type":"Feature","properties":{"kind":"road","name":"Московский проспект","osm":"way/107299015","highway":"primary","access":"","foot":"no"},"geometry":{"type":"LineString","coordinates":[[20.494833,54.711185],[20.494654,54.711233],[20.494466,54.711248],[20.494331,54.711232],[20.494167,54.711179],[20.494051,54.711086]]}},{"type":"Feature","properties":{"kind":"road","name":"Московский проспект","osm":"way/107300740","highway":"primary","access":"","foot":"no"},"geometry":{"type":"LineString","coordinates":[[20.494501,54.710622],[20.494709,54.710645],[20.494885,54.710699]]}},{"type":"Feature","properties":{"kind":"road","name":"Московский проспект","osm":"way/107300745","highway":"primary","access":"","foot":"no"},"geometry":{"type":"LineString","coordinates":[[20.494013,54.710924],[20.494057,54.710802],[20.494123,54.71072],[20.494277,54.710661],[20.494501,54.710622]]}},{"type":"Feature","properties":{"kind":"road","name":"Московский проспект","osm":"way/107444056","highway":"primary","access":"","foot":"no"},"geometry":{"type":"LineString","coordinates":[[20.49544,54.710652],[20.496716,54.710523],[20.497268,54.71047],[20.498412,54.710374],[20.499641,54.710271]]}},{"type":"Feature","properties":{"kind":"road","name":"улица Маршала Баграмяна","osm":"way/107444057","highway":"tertiary","access":"","foot":""},"geometry":{"type":"LineString","coordinates":[[20.500966,54.70676],[20.501401,54.706724],[20.50153,54.706721],[20.50182,54.706721],[20.502106,54.706743],[20.50251,54.706781],[20.502721,54.706797],[20.502923,54.706798],[20.50324,54.706781],[20.503468,54.706765],[20.504177,54.706713],[20.504331,54.70671]]}},{"type":"Feature","properties":{"kind":"road","name":"Московский проспект","osm":"way/107444058","highway":"primary","access":"","foot":"no"},"geometry":{"type":"LineString","coordinates":[[20.514006,54.708706],[20.513204,54.708756],[20.512742,54.70879]]}},{"type":"Feature","properties":{"kind":"road","name":"улица Маршала Баграмяна","osm":"way/107444059","highway":"tertiary","access":"","foot":""},"geometry":{"type":"LineString","coordinates":[[20.494743,54.707249],[20.494904,54.707244],[20.495298,54.707232],[20.495648,54.707214],[20.495928,54.707201],[20.49641,54.707177],[20.496824,54.707144],[20.498071,54.707034],[20.498169,54.707025],[20.498284,54.707015],[20.498712,54.706976]]}},{"type":"Feature","properties":{"kind":"road","name":"Московский проспект","osm":"way/107444062","highway":"primary","access":"","foot":"no"},"geometry":{"type":"LineString","coordinates":[[20.506507,54.709532],[20.507114,54.709438]]}},{"type":"Feature","properties":{"kind":"rail","name":"","osm":"way/108649426"},"geometry":{"type":"LineString","coordinates":[[20.51239,54.711057],[20.513588,54.710856],[20.514297,54.710738],[20.514607,54.710683],[20.514921,54.710664],[20.515158,54.710662],[20.515523,54.710683],[20.515914,54.710735],[20.515967,54.710744],[20.516209,54.710807],[20.51645,54.710894],[20.516626,54.710965],[20.516759,54.711045],[20.516922,54.711149],[20.517058,54.711239],[20.517205,54.711325],[20.517269,54.711365],[20.517429,54.71146],[20.517513,54.711506],[20.517572,54.711538],[20.517954,54.71166],[20.518215,54.711716],[20.518461,54.711762],[20.518639,54.711779],[20.518921,54.711795],[20.519143,54.711812],[20.520499,54.711966],[20.520652,54.711984],[20.521009,54.712025],[20.521821,54.712092]]}},{"type":"Feature","properties":{"kind":"rail","name":"","osm":"way/108649429"},"geometry":{"type":"LineString","coordinates":[[20.512754,54.71103],[20.51181,54.711188],[20.510908,54.711338],[20.510716,54.711371],[20.509703,54.711529]]}},{"type":"Feature","properties":{"kind":"building","name":"","osm":"way/108817961"},"geometry":{"type":"Polygon","coordinates":[[[20.498718,54.71316],[20.498716,54.713068],[20.498831,54.713069],[20.498833,54.71294],[20.498621,54.712939],[20.49862,54.713018],[20.498439,54.71302],[20.498443,54.71316],[20.498718,54.71316]]]}},{"type":"Feature","properties":{"kind":"building","name":"","osm":"way/108817963"},"geometry":{"type":"Polygon","coordinates":[[[20.499849,54.712665],[20.499951,54.712665],[20.499951,54.712515],[20.499666,54.712515],[20.499666,54.71266],[20.499558,54.71266],[20.499558,54.712813],[20.499849,54.712812],[20.499849,54.712665]]]}},{"type":"Feature","properties":{"kind":"road","name":"","osm":"way/128052451","highway":"primary_link","access":"","foot":"no"},"geometry":{"type":"LineString","coordinates":[[20.511836,54.708873],[20.511644,54.708936],[20.511506,54.708983],[20.511357,54.709048],[20.511324,54.709062],[20.511177,54.709168],[20.510788,54.709488],[20.510655,54.709552],[20.510505,54.70959],[20.509175,54.709795],[20.509092,54.709812],[20.508945,54.709874],[20.508872,54.709935],[20.508827,54.70999],[20.5088,54.710045],[20.508811,54.710245]]}},{"type":"Feature","properties":{"kind":"road","name":"","osm":"way/128052452","highway":"primary_link","access":"","foot":""},"geometry":{"type":"LineString","coordinates":[[20.507242,54.709616],[20.506873,54.709718],[20.506557,54.70976],[20.506345,54.709802],[20.506224,54.709841],[20.506176,54.709883],[20.506149,54.709949],[20.506146,54.710008],[20.506184,54.710061],[20.506245,54.710109],[20.506337,54.710149],[20.506451,54.710171],[20.506595,54.710166],[20.508113,54.709907],[20.508189,54.709869],[20.508251,54.709826],[20.508311,54.709767],[20.508361,54.70967]]}},{"type":"Feature","properties":{"kind":"road","name":"","osm":"way/128052453","highway":"primary_link","access":"","foot":"no"},"geometry":{"type":"LineString","coordinates":[[20.508499,54.709583],[20.508596,54.709654],[20.508652,54.709687],[20.50871,54.709709],[20.508827,54.709738],[20.508929,54.709755],[20.509068,54.709757]]}},{"type":"Feature","properties":{"kind":"road","name":"Московский проспект","osm":"way/128167913","highway":"primary","access":"","foot":"no"},"geometry":{"type":"LineString","coordinates":[[20.511836,54.708873],[20.511169,54.708956],[20.510897,54.708995]]}},{"type":"Feature","properties":{"kind":"road","name":"Московский проспект","osm":"way/128167914","highway":"primary","access":"","foot":"no"},"geometry":{"type":"LineString","coordinates":[[20.498011,54.71054],[20.497872,54.710552],[20.497468,54.71059],[20.496926,54.710641],[20.496465,54.710686],[20.496037,54.710753],[20.495513,54.710892],[20.495409,54.710928]]}},{"type":"Feature","properties":{"kind":"road","name":"Ленинский проспект","osm":"way/128167915","highway":"primary","access":"","foot":"no"},"geometry":{"type":"LineString","coordinates":[[20.50854,54.709676],[20.508811,54.710245]]}},{"type":"Feature","properties":{"kind":"road","name":"","osm":"way/128167916","highway":"primary_link","access":"","foot":""},"geometry":{"type":"LineString","coordinates":[[20.508555,54.710115],[20.508453,54.710045],[20.508335,54.709992],[20.508223,54.709968],[20.50814,54.709971],[20.506626,54.710217],[20.506458,54.710227],[20.506293,54.710212],[20.506013,54.710146]]}},{"type":"Feature","properties":{"kind":"road","name":"Московский проспект","osm":"way/131390536","highway":"primary","access":"","foot":"no"},"geometry":{"type":"LineString","coordinates":[[20.507114,54.709438],[20.508332,54.709246],[20.509365,54.709066],[20.509746,54.708996],[20.510788,54.708821]]}},{"type":"Feature","properties":{"kind":"road","name":"Ленинский проспект","osm":"way/132322810","highway":"primary","access":"","foot":"no"},"geometry":{"type":"LineString","coordinates":[[20.50805,54.712576],[20.507974,54.712628]]}},{"type":"Feature","properties":{"kind":"building","name":"","osm":"way/132690531"},"geometry":{"type":"Polygon","coordinates":[[[20.505037,54.703988],[20.505004,54.703994],[20.505068,54.704127],[20.505313,54.704088],[20.505273,54.704004],[20.505249,54.703955],[20.505037,54.703988]]]}},{"type":"Feature","properties":{"kind":"road","name":"","osm":"way/132690534","highway":"service","access":"","foot":""},"geometry":{"type":"LineString","coordinates":[[20.50362,54.702614],[20.503561,54.702512],[20.503246,54.701862]]}},{"type":"Feature","properties":{"kind":"building","name":"Spar","osm":"way/132692411"},"geometry":{"type":"Polygon","coordinates":[[[20.50674,54.702363],[20.506703,54.702275],[20.506329,54.702334],[20.506305,54.702286],[20.506211,54.7023],[20.506148,54.70231],[20.506046,54.702325],[20.506075,54.702375],[20.505696,54.702441],[20.505694,54.70247],[20.505717,54.702527],[20.50674,54.702363]]]}},{"type":"Feature","properties":{"kind":"road","name":"","osm":"way/132692412","highway":"service","access":"","foot":""},"geometry":{"type":"LineString","coordinates":[[20.50505,54.704271],[20.505005,54.704174],[20.504413,54.702863],[20.504238,54.702508]]}},{"type":"Feature","properties":{"kind":"building","name":"","osm":"way/133035089"},"geometry":{"type":"Polygon","coordinates":[[[20.501076,54.712994],[20.500863,54.713055],[20.500937,54.71314],[20.500867,54.71316],[20.500782,54.71316],[20.500637,54.712993],[20.501173,54.712838],[20.501452,54.71316],[20.501187,54.71316],[20.501255,54.713141],[20.501204,54.713081],[20.501162,54.713094],[20.501076,54.712994]]]}},{"type":"Feature","properties":{"kind":"building","name":"","osm":"way/133035090"},"geometry":{"type":"Polygon","coordinates":[[[20.500272,54.708179],[20.50033,54.708282],[20.500565,54.708237],[20.50051,54.708141],[20.500699,54.708105],[20.500754,54.708202],[20.500967,54.708161],[20.500913,54.708066],[20.501109,54.708029],[20.501196,54.708183],[20.500982,54.708224],[20.50104,54.708326],[20.500864,54.70836],[20.500808,54.70826],[20.500547,54.70831],[20.500602,54.708405],[20.50044,54.708436],[20.500381,54.708332],[20.500154,54.708375],[20.500066,54.708219],[20.500272,54.708179]]]}},{"type":"Feature","properties":{"kind":"building","name":"","osm":"way/133035091"},"geometry":{"type":"Polygon","coordinates":[[[20.501915,54.709458],[20.501942,54.709588],[20.501654,54.709614],[20.501366,54.709639],[20.501077,54.709664],[20.500789,54.70969],[20.500501,54.709715],[20.5002,54.709738],[20.500084,54.709752],[20.49971,54.709784],[20.499651,54.709792],[20.499631,54.709842],[20.499587,54.709883],[20.499531,54.709911],[20.499457,54.709931],[20.499418,54.709936],[20.499371,54.709938],[20.499327,54.709935],[20.499289,54.709928],[20.499238,54.709914],[20.499163,54.709874],[20.499128,54.709837],[20.498848,54.709862],[20.498516,54.709892],[20.498166,54.709929],[20.497879,54.709958],[20.497572,54.709988],[20.49731,54.710014],[20.49733,54.710144],[20.497025,54.710168],[20.496996,54.710053],[20.496955,54.709915],[20.497142,54.709901],[20.497135,54.709855],[20.497015,54.709451],[20.497231,54.709437],[20.497255,54.709524],[20.497305,54.709691],[20.497349,54.709835],[20.497361,54.709877],[20.498977,54.709716],[20.499091,54.709704],[20.499079,54.709675],[20.499607,54.709624],[20.499621,54.709662],[20.499709,54.709656],[20.500046,54.709629],[20.501915,54.709458]]]}},{"type":"Feature","properties":{"kind":"building","name":"","osm":"way/133035092"},"geometry":{"type":"Polygon","coordinates":[[[20.505298,54.710297],[20.50409,54.710336],[20.504101,54.710455],[20.504403,54.710445],[20.504705,54.710435],[20.505008,54.710425],[20.505309,54.710416],[20.505298,54.710297]]]}},{"type":"Feature","properties":{"kind":"building","name":"","osm":"way/133035093"},"geometry":{"type":"Polygon","coordinates":[[[20.503758,54.711966],[20.503953,54.711959],[20.503944,54.711884],[20.503926,54.711714],[20.503905,54.711526],[20.503899,54.711469],[20.503704,54.711476],[20.503758,54.711966]]]}},{"type":"Feature","properties":{"kind":"building","name":"","osm":"way/133035094"},"geometry":{"type":"Polygon","coordinates":[[[20.506414,54.711723],[20.506594,54.711726],[20.506621,54.711279],[20.506441,54.711275],[20.506437,54.71134],[20.506426,54.711517],[20.506419,54.71164],[20.506414,54.711723]]]}},{"type":"Feature","properties":{"kind":"building","name":"","osm":"way/133035095"},"geometry":{"type":"Polygon","coordinates":[[[20.502693,54.707867],[20.5022,54.707086],[20.502015,54.707119],[20.502078,54.707219],[20.502197,54.707407],[20.502307,54.707584],[20.502428,54.707775],[20.50251,54.707906],[20.502693,54.707867]]]}},{"type":"Feature","properties":{"kind":"building","name":"","osm":"way/133035096"},"geometry":{"type":"Polygon","coordinates":[[[20.506469,54.711174],[20.506655,54.711179],[20.506687,54.710707],[20.506501,54.710703],[20.506494,54.710807],[20.506482,54.710974],[20.506472,54.711124],[20.506469,54.711174]]]}},{"type":"Feature","properties":{"kind":"building","name":"","osm":"way/133035097"},"geometry":{"type":"Polygon","coordinates":[[[20.498681,54.709088],[20.497965,54.709222],[20.498034,54.709345],[20.498192,54.709315],[20.498593,54.70924],[20.49875,54.70921],[20.498681,54.709088]]]}},{"type":"Feature","properties":{"kind":"building","name":"","osm":"way/133035098"},"geometry":{"type":"Polygon","coordinates":[[[20.49625,54.710224],[20.4962,54.709989],[20.495808,54.710017],[20.495823,54.710088],[20.495859,54.710251],[20.495946,54.710245],[20.495985,54.710242],[20.49625,54.710224]]]}},{"type":"Feature","properties":{"kind":"building","name":"","osm":"way/133035099"},"geometry":{"type":"Polygon","coordinates":[[[20.495952,54.709866],[20.495913,54.709685],[20.495476,54.709716],[20.495514,54.709897],[20.495952,54.709866]]]}},{"type":"Feature","properties":{"kind":"building","name":"","osm":"way/133035100"},"geometry":{"type":"Polygon","coordinates":[[[20.501913,54.708476],[20.501977,54.708559],[20.502115,54.708739],[20.502256,54.708922],[20.502319,54.709004],[20.502474,54.708965],[20.502067,54.708436],[20.501913,54.708476]]]}},{"type":"Feature","properties":{"kind":"building","name":"","osm":"way/133035101"},"geometry":{"type":"Polygon","coordinates":[[[20.505704,54.711517],[20.505693,54.711589],[20.505672,54.711735],[20.505663,54.711799],[20.50584,54.711808],[20.505881,54.711525],[20.505704,54.711517]]]}},{"type":"Feature","properties":{"kind":"building","name":"","osm":"way/133035102"},"geometry":{"type":"Polygon","coordinates":[[[20.504053,54.710451],[20.503619,54.710476],[20.503645,54.710629],[20.504079,54.710604],[20.504053,54.710451]]]}},{"type":"Feature","properties":{"kind":"building","name":"МЧС","osm":"way/133035103"},"geometry":{"type":"Polygon","coordinates":[[[20.501427,54.710868],[20.501735,54.710854],[20.50172,54.71074],[20.501412,54.710753],[20.501427,54.710868]]]}},{"type":"Feature","properties":{"kind":"building","name":"","osm":"way/133035104"},"geometry":{"type":"Polygon","coordinates":[[[20.505538,54.709273],[20.505482,54.709145],[20.504636,54.709268],[20.504692,54.709396],[20.505538,54.709273]]]}},{"type":"Feature","properties":{"kind":"building","name":"","osm":"way/133035105"},"geometry":{"type":"Polygon","coordinates":[[[20.503229,54.70932],[20.503117,54.709019],[20.504131,54.708893],[20.504233,54.709165],[20.503835,54.709264],[20.503229,54.70932]]]}},{"type":"Feature","properties":{"kind":"building","name":"","osm":"way/133035106"},"geometry":{"type":"Polygon","coordinates":[[[20.505706,54.710908],[20.505703,54.710999],[20.505699,54.711146],[20.505697,54.711207],[20.505879,54.711209],[20.505888,54.71091],[20.505706,54.710908]]]}},{"type":"Feature","properties":{"kind":"building","name":"","osm":"way/133035107"},"geometry":{"type":"Polygon","coordinates":[[[20.506174,54.710442],[20.506166,54.710316],[20.505795,54.710323],[20.505803,54.71045],[20.506174,54.710442]]]}},{"type":"Feature","properties":{"kind":"building","name":"","osm":"way/133035108"},"geometry":{"type":"Polygon","coordinates":[[[20.50517,54.710794],[20.50515,54.710688],[20.504624,54.710721],[20.504645,54.710828],[20.504759,54.710821],[20.50503,54.710803],[20.50517,54.710794]]]}},{"type":"Feature","properties":{"kind":"building","name":"","osm":"way/133035109"},"geometry":{"type":"Polygon","coordinates":[[[20.494305,54.708886],[20.494369,54.70916],[20.49456,54.709145],[20.494546,54.709089],[20.49451,54.708931],[20.494495,54.708871],[20.494305,54.708886]]]}},{"type":"Feature","properties":{"kind":"building","name":"","osm":"way/133035110"},"geometry":{"type":"Polygon","coordinates":[[[20.493596,54.70819],[20.493811,54.70817],[20.493723,54.707855],[20.493508,54.707875],[20.493596,54.70819]]]}},{"type":"Feature","properties":{"kind":"building","name":"","osm":"way/133035111"},"geometry":{"type":"Polygon","coordinates":[[[20.505796,54.710406],[20.505775,54.71029],[20.505298,54.710297],[20.505309,54.710416],[20.505796,54.710406]]]}},{"type":"Feature","properties":{"kind":"building","name":"","osm":"way/133035112"},"geometry":{"type":"Polygon","coordinates":[[[20.500348,54.708776],[20.500404,54.708898],[20.500551,54.708876],[20.500879,54.708825],[20.501217,54.708772],[20.501364,54.70875],[20.501308,54.708627],[20.500348,54.708776]]]}},{"type":"Feature","properties":{"kind":"building","name":"","osm":"way/133035113"},"geometry":{"type":"Polygon","coordinates":[[[20.506675,54.710657],[20.506669,54.710606],[20.506663,54.710559],[20.50638,54.710571],[20.506145,54.71058],[20.506157,54.710679],[20.506675,54.710657]]]}},{"type":"Feature","properties":{"kind":"building","name":"","osm":"way/133035114"},"geometry":{"type":"Polygon","coordinates":[[[20.497915,54.709157],[20.497248,54.709286],[20.497327,54.709423],[20.497486,54.709392],[20.497833,54.709325],[20.497994,54.709294],[20.497915,54.709157]]]}},{"type":"Feature","properties":{"kind":"building","name":"","osm":"way/133035115"},"geometry":{"type":"Polygon","coordinates":[[[20.497174,54.708368],[20.497332,54.708343],[20.497746,54.708278],[20.49792,54.708251],[20.497853,54.708107],[20.497106,54.708224],[20.497174,54.708368]]]}},{"type":"Feature","properties":{"kind":"building","name":"","osm":"way/133035116"},"geometry":{"type":"Polygon","coordinates":[[[20.497461,54.707421],[20.497629,54.707394],[20.498057,54.707326],[20.498476,54.707259],[20.49865,54.707231],[20.498579,54.707082],[20.49739,54.707271],[20.497461,54.707421]]]}},{"type":"Feature","properties":{"kind":"building","name":"","osm":"way/133035117"},"geometry":{"type":"Polygon","coordinates":[[[20.505008,54.711843],[20.505193,54.711845],[20.505206,54.711537],[20.505021,54.711535],[20.505018,54.711617],[20.505012,54.711761],[20.505008,54.711843]]]}},{"type":"Feature","properties":{"kind":"building","name":"","osm":"way/133035119"},"geometry":{"type":"Polygon","coordinates":[[[20.504364,54.7119],[20.504545,54.711903],[20.504557,54.711607],[20.504376,54.711604],[20.504374,54.711674],[20.504367,54.711825],[20.504364,54.7119]]]}},{"type":"Feature","properties":{"kind":"building","name":"","osm":"way/133035120"},"geometry":{"type":"Polygon","coordinates":[[[20.50317,54.710522],[20.503135,54.710396],[20.501631,54.710533],[20.501663,54.710647],[20.501965,54.710622],[20.502266,54.710597],[20.502567,54.710572],[20.502868,54.710547],[20.50317,54.710522]]]}},{"type":"Feature","properties":{"kind":"building","name":"","osm":"way/133035121"},"geometry":{"type":"Polygon","coordinates":[[[20.501941,54.708171],[20.50277,54.708069],[20.502723,54.70794],[20.502529,54.707963],[20.502013,54.708027],[20.501894,54.708041],[20.5019,54.708057],[20.501941,54.708171]]]}},{"type":"Feature","properties":{"kind":"building","name":"","osm":"way/133035122"},"geometry":{"type":"Polygon","coordinates":[[[20.501007,54.70728],[20.501252,54.707716],[20.501467,54.707676],[20.50142,54.707592],[20.501267,54.70732],[20.501222,54.70724],[20.501007,54.70728]]]}},{"type":"Feature","properties":{"kind":"building","name":"","osm":"way/133035123"},"geometry":{"type":"Polygon","coordinates":[[[20.50067,54.710555],[20.500708,54.710715],[20.501193,54.710677],[20.501155,54.710517],[20.50067,54.710555]]]}},{"type":"Feature","properties":{"kind":"building","name":"","osm":"way/133035126"},"geometry":{"type":"Polygon","coordinates":[[[20.499447,54.709141],[20.499384,54.709024],[20.49872,54.709143],[20.498783,54.70926],[20.498901,54.709239],[20.499304,54.709166],[20.499447,54.709141]]]}},{"type":"Feature","properties":{"kind":"building","name":"","osm":"way/133035127"},"geometry":{"type":"Polygon","coordinates":[[[20.492417,54.708291],[20.492607,54.708273],[20.492531,54.707994],[20.492341,54.708011],[20.492417,54.708291]]]}},{"type":"Feature","properties":{"kind":"building","name":"","osm":"way/133035128"},"geometry":{"type":"Polygon","coordinates":[[[20.500206,54.709341],[20.500399,54.709327],[20.500376,54.709218],[20.500339,54.709038],[20.50032,54.708948],[20.500127,54.708961],[20.500206,54.709341]]]}},{"type":"Feature","properties":{"kind":"building","name":"","osm":"way/133035129"},"geometry":{"type":"Polygon","coordinates":[[[20.496805,54.708358],[20.497015,54.708327],[20.496965,54.708215],[20.496867,54.707997],[20.496766,54.707771],[20.49672,54.707668],[20.496617,54.707679],[20.496509,54.707699],[20.496805,54.708358]]]}},{"type":"Feature","properties":{"kind":"building","name":"","osm":"way/133035130"},"geometry":{"type":"Polygon","coordinates":[[[20.503587,54.711238],[20.503496,54.710857],[20.503898,54.710825],[20.503936,54.710979],[20.503781,54.710992],[20.503835,54.711218],[20.503587,54.711238]]]}},{"type":"Feature","properties":{"kind":"building","name":"","osm":"way/133035131"},"geometry":{"type":"Polygon","coordinates":[[[20.502465,54.712374],[20.502761,54.71234],[20.5028,54.71266],[20.502613,54.71267],[20.502566,54.712474],[20.50247,54.712479],[20.502465,54.712374]]]}},{"type":"Feature","properties":{"kind":"building","name":"","osm":"way/133035132"},"geometry":{"type":"Polygon","coordinates":[[[20.496601,54.70737],[20.496673,54.707496],[20.496784,54.707474],[20.496827,54.707549],[20.496873,54.70763],[20.496617,54.707679],[20.496547,54.707556],[20.496443,54.707576],[20.496353,54.707417],[20.496601,54.70737]]]}},{"type":"Feature","properties":{"kind":"building","name":"","osm":"way/133035133"},"geometry":{"type":"Polygon","coordinates":[[[20.49928,54.707099],[20.499353,54.707258],[20.49946,54.707242],[20.499468,54.707259],[20.49953,54.707396],[20.499258,54.707437],[20.499216,54.707342],[20.499106,54.707359],[20.499007,54.70714],[20.49928,54.707099]]]}},{"type":"Feature","properties":{"kind":"building","name":"","osm":"way/133035134"},"geometry":{"type":"Polygon","coordinates":[[[20.503021,54.71179],[20.503121,54.711784],[20.503228,54.711778],[20.50318,54.711491],[20.503012,54.7115],[20.502996,54.711407],[20.502849,54.711415],[20.502876,54.711576],[20.502984,54.71157],[20.503021,54.71179]]]}},{"type":"Feature","properties":{"kind":"building","name":"","osm":"way/133035135"},"geometry":{"type":"Polygon","coordinates":[[[20.500323,54.712617],[20.500256,54.712541],[20.500723,54.712403],[20.501016,54.712736],[20.500517,54.712883],[20.500455,54.712812],[20.500711,54.712737],[20.500547,54.712552],[20.500323,54.712617]]]}},{"type":"Feature","properties":{"kind":"building","name":"","osm":"way/133035136"},"geometry":{"type":"Polygon","coordinates":[[[20.501583,54.706849],[20.501812,54.706801],[20.501919,54.70697],[20.502089,54.706935],[20.502182,54.707084],[20.502015,54.707119],[20.501893,54.707144],[20.501856,54.707084],[20.501827,54.707039],[20.501717,54.707062],[20.501583,54.706849]]]}},{"type":"Feature","properties":{"kind":"building","name":"Центральная Городская Библиотека им. А.П.Чехова","osm":"way/133733225"},"geometry":{"type":"Polygon","coordinates":[[[20.505529,54.710195],[20.505521,54.710115],[20.505227,54.710127],[20.505215,54.71009],[20.505022,54.710106],[20.504027,54.710158],[20.504045,54.710222],[20.504235,54.71021],[20.504238,54.710243],[20.505123,54.710176],[20.505126,54.710216],[20.505529,54.710195]]]}},{"type":"Feature","properties":{"kind":"road","name":"","osm":"way/133733227","highway":"service","access":"","foot":""},"geometry":{"type":"LineString","coordinates":[[20.517035,54.708794],[20.517021,54.708877],[20.517013,54.708936],[20.516742,54.708926],[20.516582,54.708916],[20.516415,54.708918],[20.516354,54.708946],[20.516348,54.709023]]}},{"type":"Feature","properties":{"kind":"building","name":"Volkswagen","osm":"way/133834747"},"geometry":{"type":"Polygon","coordinates":[[[20.491756,54.709967],[20.491535,54.709968],[20.491535,54.709811],[20.491755,54.709809],[20.491756,54.709967]]]}},{"type":"Feature","properties":{"kind":"road","name":"","osm":"way/134502535","highway":"service","access":"","foot":""},"geometry":{"type":"LineString","coordinates":[[20.495329,54.710328],[20.49512,54.71032],[20.494923,54.710331],[20.49468,54.710312],[20.494362,54.710123]]}},{"type":"Feature","properties":{"kind":"building","name":"","osm":"way/134757756"},"geometry":{"type":"Polygon","coordinates":[[[20.507828,54.71289],[20.508015,54.712986],[20.50814,54.712905],[20.50826,54.712827],[20.508073,54.71273],[20.507949,54.712811],[20.507828,54.71289]]]}},{"type":"Feature","properties":{"kind":"building","name":"","osm":"way/134757757"},"geometry":{"type":"Polygon","coordinates":[[[20.508208,54.712688],[20.508392,54.712775],[20.508521,54.712684],[20.508649,54.712592],[20.508778,54.712501],[20.508906,54.71241],[20.508747,54.712335],[20.508741,54.712333],[20.508722,54.712324],[20.508519,54.712468],[20.508208,54.712688]]]}},{"type":"Feature","properties":{"kind":"building","name":"","osm":"way/134757758"},"geometry":{"type":"Polygon","coordinates":[[[20.507449,54.71316],[20.507472,54.713145],[20.507656,54.713018],[20.507723,54.712971],[20.507969,54.71309],[20.507868,54.71316],[20.507831,54.71316],[20.507778,54.713135],[20.507741,54.71316],[20.507449,54.71316]]]}},{"type":"Feature","properties":{"kind":"building","name":"","osm":"way/135629137"},"geometry":{"type":"Polygon","coordinates":[[[20.512627,54.704388],[20.512763,54.704394],[20.512919,54.704378],[20.513105,54.704344],[20.513334,54.704278],[20.513477,54.704208],[20.513633,54.704092],[20.513672,54.704059],[20.513741,54.704002],[20.513985,54.704149],[20.513922,54.704225],[20.513929,54.704295],[20.513852,54.704371],[20.513779,54.704354],[20.513633,54.704427],[20.513587,54.70449],[20.51349,54.704537],[20.513384,54.704537],[20.513305,54.704524],[20.513155,54.704547],[20.513075,54.704583],[20.512929,54.70461],[20.512863,54.704593],[20.5128,54.704563],[20.512621,54.704554],[20.512627,54.704388]]]}},{"type":"Feature","properties":{"kind":"building","name":"","osm":"way/135629145"},"geometry":{"type":"Polygon","coordinates":[[[20.512152,54.703515],[20.51221,54.70364],[20.512945,54.703525],[20.512887,54.7034],[20.512152,54.703515]]]}},{"type":"Feature","properties":{"kind":"building","name":"","osm":"way/135629159"},"geometry":{"type":"Polygon","coordinates":[[[20.508944,54.704665],[20.509124,54.70465],[20.509483,54.704621],[20.509841,54.704592],[20.510021,54.704578],[20.5102,54.704563],[20.510559,54.704534],[20.510918,54.704505],[20.511277,54.704476],[20.511636,54.704447],[20.511995,54.704417],[20.512174,54.704403],[20.512149,54.704299],[20.510269,54.704451],[20.509995,54.704473],[20.508919,54.704561],[20.508944,54.704665]]]}},{"type":"Feature","properties":{"kind":"building","name":"","osm":"way/136496191"},"geometry":{"type":"Polygon","coordinates":[[[20.504444,54.702749],[20.504631,54.702717],[20.504571,54.702597],[20.504384,54.702628],[20.504444,54.702749]]]}},{"type":"Feature","properties":{"kind":"road","name":"","osm":"way/137240565","highway":"service","access":"","foot":""},"geometry":{"type":"LineString","coordinates":[[20.499327,54.703286],[20.499278,54.703226],[20.499022,54.703007],[20.499368,54.702879],[20.499604,54.702794],[20.498988,54.702011],[20.498214,54.701506],[20.498248,54.701405],[20.498337,54.701352],[20.498155,54.701245],[20.498108,54.701217],[20.49801,54.701216],[20.4971,54.701677]]}},{"type":"Feature","properties":{"kind":"road","name":"","osm":"way/137240567","highway":"service","access":"","foot":""},"geometry":{"type":"LineString","coordinates":[[20.499368,54.702879],[20.499266,54.702712],[20.498748,54.702282]]}},{"type":"Feature","properties":{"kind":"road","name":"","osm":"way/137240568","highway":"service","access":"","foot":""},"geometry":{"type":"LineString","coordinates":[[20.499022,54.703007],[20.498907,54.702998],[20.49877,54.702973],[20.497538,54.702201],[20.497401,54.70201],[20.497424,54.701908]]}},{"type":"Feature","properties":{"kind":"building","name":"","osm":"way/137240569"},"geometry":{"type":"Polygon","coordinates":[[[20.501911,54.703107],[20.5019,54.703082],[20.501748,54.703105],[20.501611,54.703127],[20.501623,54.703154],[20.501456,54.703181],[20.501444,54.703153],[20.50125,54.703183],[20.501531,54.703792],[20.501725,54.703762],[20.501687,54.70368],[20.501596,54.703483],[20.50152,54.703319],[20.501491,54.703256],[20.501658,54.703229],[20.501736,54.703397],[20.502025,54.703352],[20.501946,54.703181],[20.502101,54.703156],[20.502132,54.703222],[20.502213,54.703381],[20.502309,54.703597],[20.502343,54.70367],[20.502538,54.70364],[20.502248,54.703024],[20.502053,54.703054],[20.502066,54.703082],[20.501911,54.703107]]]}},{"type":"Feature","properties":{"kind":"building","name":"","osm":"way/137240572"},"geometry":{"type":"Polygon","coordinates":[[[20.4974,54.702206],[20.497288,54.701935],[20.497112,54.701959],[20.497223,54.70223],[20.4974,54.702206]]]}},{"type":"Feature","properties":{"kind":"building","name":"ТЦ \"Полоцкая - 1\"","osm":"way/137240573"},"geometry":{"type":"Polygon","coordinates":[[[20.498307,54.703519],[20.499126,54.703242],[20.498924,54.703043],[20.498105,54.70332],[20.498307,54.703519]]]}},{"type":"Feature","properties":{"kind":"building","name":"","osm":"way/137240575"},"geometry":{"type":"Polygon","coordinates":[[[20.498132,54.703267],[20.498269,54.703196],[20.498199,54.703151],[20.498189,54.703145],[20.497955,54.702992],[20.497818,54.703063],[20.498132,54.703267]]]}},{"type":"Feature","properties":{"kind":"building","name":"","osm":"way/137240576"},"geometry":{"type":"Polygon","coordinates":[[[20.499221,54.703061],[20.499339,54.703168],[20.49977,54.70301],[20.499652,54.702903],[20.499221,54.703061]]]}},{"type":"Feature","properties":{"kind":"building","name":"","osm":"way/137240577"},"geometry":{"type":"Polygon","coordinates":[[[20.498189,54.703145],[20.498349,54.703063],[20.497783,54.702694],[20.497623,54.702776],[20.497955,54.702992],[20.498189,54.703145]]]}},{"type":"Feature","properties":{"kind":"building","name":"Мастер","osm":"way/137240578"},"geometry":{"type":"Polygon","coordinates":[[[20.497569,54.702347],[20.49739,54.702439],[20.497783,54.702694],[20.498433,54.703117],[20.498612,54.703026],[20.497569,54.702347]]]}},{"type":"Feature","properties":{"kind":"building","name":"","osm":"way/137240580"},"geometry":{"type":"Polygon","coordinates":[[[20.499417,54.701846],[20.49927,54.701875],[20.499131,54.701902],[20.499393,54.70236],[20.499694,54.702297],[20.499417,54.701846]]]}},{"type":"Feature","properties":{"kind":"building","name":"","osm":"way/137943735"},"geometry":{"type":"Polygon","coordinates":[[[20.49807,54.705059],[20.497873,54.705081],[20.497866,54.70506],[20.497689,54.70508],[20.497696,54.705103],[20.497507,54.705125],[20.497468,54.705009],[20.497846,54.704967],[20.498032,54.704946],[20.49807,54.705059]]]}},{"type":"Feature","properties":{"kind":"building","name":"","osm":"way/137943736"},"geometry":{"type":"Polygon","coordinates":[[[20.497089,54.70502],[20.497246,54.70501],[20.497221,54.704874],[20.497063,54.704884],[20.497089,54.70502]]]}},{"type":"Feature","properties":{"kind":"building","name":"","osm":"way/137943738"},"geometry":{"type":"Polygon","coordinates":[[[20.496671,54.70504],[20.49687,54.705027],[20.496829,54.70482],[20.496661,54.704831],[20.49663,54.704833],[20.496671,54.70504]]]}},{"type":"Feature","properties":{"kind":"building","name":"","osm":"way/137943743"},"geometry":{"type":"Polygon","coordinates":[[[20.502735,54.705239],[20.50252,54.705262],[20.502496,54.70519],[20.502465,54.705192],[20.502452,54.705143],[20.502423,54.705148],[20.502411,54.705108],[20.502402,54.705076],[20.502431,54.705072],[20.502411,54.705016],[20.502521,54.705002],[20.502496,54.704925],[20.502375,54.704939],[20.502356,54.704887],[20.502397,54.70488],[20.502383,54.704846],[20.50237,54.704813],[20.502408,54.704807],[20.502381,54.704752],[20.502575,54.704722],[20.502636,54.704909],[20.502593,54.704914],[20.502617,54.704992],[20.502651,54.704987],[20.502735,54.705239]]]}},{"type":"Feature","properties":{"kind":"building","name":"","osm":"way/137943773"},"geometry":{"type":"Polygon","coordinates":[[[20.499367,54.70545],[20.500935,54.705289],[20.500832,54.704952],[20.499263,54.705112],[20.499367,54.70545]]]}},{"type":"Feature","properties":{"kind":"building","name":"","osm":"way/137943776"},"geometry":{"type":"Polygon","coordinates":[[[20.504107,54.704072],[20.504585,54.704002],[20.504529,54.703872],[20.504051,54.703942],[20.504107,54.704072]]]}},{"type":"Feature","properties":{"kind":"building","name":"ТРК \"Калининград Плаза\"","osm":"way/138936592"},"geometry":{"type":"Polygon","coordinates":[[[20.507831,54.711645],[20.507975,54.710714],[20.508022,54.710705],[20.508349,54.710637],[20.508417,54.710764],[20.508649,54.711183],[20.50866,54.711203],[20.508644,54.711438],[20.508636,54.711507],[20.508627,54.71159],[20.508524,54.711621],[20.508486,54.71162],[20.508482,54.711684],[20.507831,54.711645]]]}},{"type":"Feature","properties":{"kind":"building","name":"","osm":"way/138936600"},"geometry":{"type":"Polygon","coordinates":[[[20.50715,54.711594],[20.507398,54.711607],[20.507712,54.711624],[20.507751,54.711383],[20.507189,54.711353],[20.50717,54.711467],[20.50715,54.711594]]]}},{"type":"Feature","properties":{"kind":"building","name":"","osm":"way/138936603"},"geometry":{"type":"Polygon","coordinates":[[[20.509416,54.712663],[20.509612,54.712633],[20.509473,54.712323],[20.509277,54.712353],[20.509312,54.712429],[20.50938,54.712585],[20.509416,54.712663]]]}},{"type":"Feature","properties":{"kind":"road","name":"","osm":"way/141913197","highway":"unclassified","access":"","foot":""},"geometry":{"type":"LineString","coordinates":[[20.495299,54.70962],[20.495809,54.709557],[20.496126,54.709513],[20.496371,54.709459],[20.496652,54.709374],[20.496879,54.709305],[20.49722,54.70917],[20.49769,54.709001],[20.498042,54.708866]]}},{"type":"Feature","properties":{"kind":"waterline","name":"Новая Преголя","osm":"way/143600530"},"geometry":{"type":"LineString","coordinates":[[20.598918,54.693051],[20.588533,54.692615],[20.583041,54.692723],[20.578084,54.693498],[20.572779,54.693219],[20.565303,54.693916],[20.560775,54.693684],[20.557211,54.693204],[20.555255,54.693312],[20.554344,54.693931],[20.554291,54.696223],[20.553943,54.697895],[20.552228,54.699784],[20.549093,54.701937],[20.545101,54.703578],[20.541055,54.705358],[20.533231,54.706612],[20.524148,54.707401],[20.520075,54.707494],[20.516251,54.707426],[20.513752,54.707138],[20.512652,54.707192],[20.512475,54.707213]]}},{"type":"Feature","properties":{"kind":"waterline","name":"Старая Преголя","osm":"way/143600548"},"geometry":{"type":"LineString","coordinates":[[20.719747,54.664716],[20.718752,54.664731],[20.716903,54.664855],[20.716474,54.664979],[20.715295,54.665738],[20.71425,54.666559],[20.713018,54.667148],[20.710526,54.667877],[20.708651,54.668197],[20.706989,54.668481],[20.704015,54.669116],[20.699433,54.67158],[20.697424,54.672649],[20.695655,54.673377],[20.693056,54.674198],[20.690886,54.67536],[20.689291,54.676833],[20.68743,54.678551],[20.683625,54.682656],[20.675801,54.687659],[20.669665,54.689843],[20.663851,54.692383],[20.657083,54.696056],[20.655716,54.696599],[20.654393,54.697044],[20.653042,54.697417],[20.65166,54.69766],[20.650877,54.697708],[20.650159,54.697632],[20.63336,54.694257],[20.62441,54.692878],[20.622079,54.692166],[20.61798,54.689905],[20.61664,54.689223],[20.613077,54.688898],[20.606057,54.690354],[20.603521,54.690429],[20.596464,54.689874],[20.592124,54.68944],[20.590416,54.688854],[20.586256,54.687427],[20.583309,54.686606],[20.572859,54.685228],[20.568224,54.685243],[20.558953,54.686838],[20.548423,54.68958],[20.545824,54.691051],[20.545602,54.691396],[20.544779,54.692677],[20.544657,54.693046],[20.542448,54.694365],[20.541007,54.694906],[20.538812,54.695377],[20.533525,54.695852],[20.530431,54.696039],[20.529071,54.696164],[20.527845,54.696409],[20.52534,54.697082],[20.523103,54.697911],[20.520048,54.698793],[20.516244,54.699722],[20.515249,54.700193],[20.514711,54.700457],[20.514257,54.700844],[20.51418,54.701286],[20.51485,54.703655],[20.514818,54.70403],[20.514599,54.70432],[20.513865,54.704953],[20.505553,54.705745]]}},{"type":"Feature","properties":{"kind":"building","name":"","osm":"way/144329641"},"geometry":{"type":"Polygon","coordinates":[[[20.50332,54.712726],[20.503558,54.712719],[20.503533,54.712442],[20.503372,54.712447],[20.503295,54.71245],[20.50332,54.712726]]]}},{"type":"Feature","properties":{"kind":"building","name":"","osm":"way/144329642"},"geometry":{"type":"Polygon","coordinates":[[[20.501515,54.712366],[20.501237,54.712431],[20.50136,54.712607],[20.501638,54.712542],[20.501515,54.712366]]]}},{"type":"Feature","properties":{"kind":"road","name":"","osm":"way/144329643","highway":"service","access":"","foot":""},"geometry":{"type":"LineString","coordinates":[[20.502479,54.712907],[20.502863,54.71288]]}},{"type":"Feature","properties":{"kind":"road","name":"","osm":"way/144329644","highway":"living_street","access":"","foot":""},"geometry":{"type":"LineString","coordinates":[[20.504215,54.712933],[20.504185,54.712935],[20.50371,54.712969]]}},{"type":"Feature","properties":{"kind":"road","name":"","osm":"way/144329645","highway":"living_street","access":"","foot":""},"geometry":{"type":"LineString","coordinates":[[20.504215,54.712933],[20.504284,54.713371],[20.503796,54.713393]]}},{"type":"Feature","properties":{"kind":"road","name":"","osm":"way/144329647","highway":"living_street","access":"","foot":""},"geometry":{"type":"LineString","coordinates":[[20.502597,54.713075],[20.502563,54.713016],[20.502479,54.712907],[20.501972,54.712298],[20.501926,54.712243]]}},{"type":"Feature","properties":{"kind":"road","name":"","osm":"way/144329649","highway":"living_street","access":"","foot":""},"geometry":{"type":"LineString","coordinates":[[20.503653,54.712511],[20.503856,54.712512],[20.504107,54.712513],[20.504185,54.712935]]}},{"type":"Feature","properties":{"kind":"building","name":"","osm":"way/144329653"},"geometry":{"type":"Polygon","coordinates":[[[20.503372,54.712447],[20.503533,54.712442],[20.50358,54.712441],[20.503559,54.712217],[20.503552,54.712132],[20.503405,54.712136],[20.503213,54.712149],[20.50322,54.712222],[20.503359,54.712211],[20.503369,54.712316],[20.50316,54.712323],[20.503166,54.712389],[20.503214,54.712387],[20.503366,54.712383],[20.503367,54.712403],[20.503372,54.712447]]]}},{"type":"Feature","properties":{"kind":"building","name":"","osm":"way/144329656"},"geometry":{"type":"Polygon","coordinates":[[[20.503292,54.71287],[20.502916,54.712895],[20.502921,54.712921],[20.502867,54.712924],[20.502648,54.712939],[20.502669,54.713043],[20.503067,54.713017],[20.503319,54.713],[20.503292,54.71287]]]}},{"type":"Feature","properties":{"kind":"building","name":"","osm":"way/146355571"},"geometry":{"type":"Polygon","coordinates":[[[20.500299,54.703041],[20.500372,54.703029],[20.500304,54.702886],[20.500232,54.702898],[20.500299,54.703041]]]}},{"type":"Feature","properties":{"kind":"building","name":"","osm":"way/146355572"},"geometry":{"type":"Polygon","coordinates":[[[20.498762,54.703897],[20.498932,54.703953],[20.498985,54.7039],[20.499031,54.703915],[20.499161,54.703784],[20.498992,54.703728],[20.498873,54.703849],[20.498825,54.703833],[20.498762,54.703897]]]}},{"type":"Feature","properties":{"kind":"building","name":"","osm":"way/146355573"},"geometry":{"type":"Polygon","coordinates":[[[20.498294,54.704186],[20.49862,54.704288],[20.498692,54.704211],[20.498583,54.704177],[20.498739,54.70401],[20.498711,54.704001],[20.498769,54.703939],[20.498594,54.703885],[20.498536,54.703947],[20.498522,54.703942],[20.498294,54.704186]]]}},{"type":"Feature","properties":{"kind":"building","name":"яблонка","osm":"way/146355574"},"geometry":{"type":"Polygon","coordinates":[[[20.499125,54.703557],[20.499072,54.703507],[20.499479,54.703363],[20.499562,54.703441],[20.49947,54.703474],[20.499439,54.703445],[20.499361,54.703472],[20.499402,54.703511],[20.499319,54.70354],[20.499285,54.703508],[20.499246,54.703522],[20.499281,54.703555],[20.499197,54.703585],[20.499156,54.703546],[20.499125,54.703557]]]}},{"type":"Feature","properties":{"kind":"building","name":"","osm":"way/146355576"},"geometry":{"type":"Polygon","coordinates":[[[20.499206,54.704746],[20.499411,54.704713],[20.499297,54.704478],[20.499093,54.704511],[20.499206,54.704746]]]}},{"type":"Feature","properties":{"kind":"building","name":"Торговый дом Европа","osm":"way/146462879"},"geometry":{"type":"Polygon","coordinates":[[[20.511069,54.70373],[20.511053,54.703501],[20.511216,54.703497],[20.511224,54.703616],[20.511478,54.703598],[20.511505,54.703682],[20.511255,54.703707],[20.511263,54.703851],[20.511337,54.703844],[20.511349,54.7039],[20.511447,54.703887],[20.511517,54.704031],[20.511279,54.704063],[20.511003,54.704073],[20.51098,54.703732],[20.511069,54.70373]]]}},{"type":"Feature","properties":{"kind":"building","name":"","osm":"way/146462881"},"geometry":{"type":"Polygon","coordinates":[[[20.512281,54.702248],[20.512294,54.702111],[20.512235,54.70207],[20.511833,54.702065],[20.511832,54.702103],[20.511621,54.702101],[20.511621,54.702143],[20.511634,54.702177],[20.511677,54.702204],[20.511733,54.702223],[20.511796,54.70224],[20.511872,54.702244],[20.512281,54.702248]]]}},{"type":"Feature","properties":{"kind":"building","name":"","osm":"way/146462886"},"geometry":{"type":"Polygon","coordinates":[[[20.508359,54.702072],[20.50865,54.702102],[20.508913,54.702084],[20.508825,54.701929],[20.50833,54.702013],[20.508359,54.702072]]]}},{"type":"Feature","properties":{"kind":"building","name":"","osm":"way/146462887"},"geometry":{"type":"Polygon","coordinates":[[[20.511572,54.702101],[20.511621,54.702101],[20.511832,54.702103],[20.511833,54.702065],[20.511842,54.701565],[20.511582,54.701563],[20.511572,54.702101]]]}},{"type":"Feature","properties":{"kind":"building","name":"","osm":"way/146462889"},"geometry":{"type":"Polygon","coordinates":[[[20.512609,54.702267],[20.512579,54.702101],[20.512763,54.70209],[20.512749,54.702011],[20.512966,54.701997],[20.512991,54.702135],[20.512869,54.702142],[20.512889,54.702249],[20.512609,54.702267]]]}},{"type":"Feature","properties":{"kind":"building","name":"","osm":"way/146462890"},"geometry":{"type":"Polygon","coordinates":[[[20.510369,54.702698],[20.510873,54.702732],[20.510885,54.702676],[20.510708,54.702664],[20.510734,54.702534],[20.510869,54.702543],[20.510881,54.702484],[20.510399,54.702452],[20.510388,54.702509],[20.510646,54.702526],[20.51062,54.702657],[20.51038,54.702641],[20.510369,54.702698]]]}},{"type":"Feature","properties":{"kind":"building","name":"","osm":"way/146462893"},"geometry":{"type":"Polygon","coordinates":[[[20.510122,54.704067],[20.510495,54.704062],[20.510492,54.703961],[20.510015,54.703967],[20.510017,54.704018],[20.51012,54.704016],[20.510122,54.704067]]]}},{"type":"Feature","properties":{"kind":"building","name":"","osm":"way/146462895"},"geometry":{"type":"Polygon","coordinates":[[[20.512889,54.702249],[20.512945,54.702245],[20.512951,54.702311],[20.513256,54.702304],[20.513234,54.702121],[20.512991,54.702135],[20.512869,54.702142],[20.512889,54.702249]]]}},{"type":"Feature","properties":{"kind":"road","name":"","osm":"way/146462896","highway":"service","access":"","foot":""},"geometry":{"type":"LineString","coordinates":[[20.506096,54.703193],[20.505719,54.703249]]}},{"type":"Feature","properties":{"kind":"road","name":"","osm":"way/146462898","highway":"service","access":"","foot":""},"geometry":{"type":"LineString","coordinates":[[20.508699,54.702569],[20.508768,54.702721],[20.508987,54.703297]]}},{"type":"Feature","properties":{"kind":"road","name":"","osm":"way/146462900","highway":"service","access":"","foot":""},"geometry":{"type":"LineString","coordinates":[[20.512462,54.702336],[20.512425,54.702048],[20.51253,54.701941]]}},{"type":"Feature","properties":{"kind":"road","name":"","osm":"way/146462904","highway":"service","access":"","foot":""},"geometry":{"type":"LineString","coordinates":[[20.513752,54.703174],[20.513451,54.703209],[20.513305,54.70257],[20.51354,54.702559]]}},{"type":"Feature","properties":{"kind":"road","name":"","osm":"way/146462906","highway":"service","access":"","foot":""},"geometry":{"type":"LineString","coordinates":[[20.505839,54.702682],[20.505748,54.702658],[20.50568,54.702539]]}},{"type":"Feature","properties":{"kind":"road","name":"","osm":"way/146462907","highway":"service","access":"","foot":""},"geometry":{"type":"LineString","coordinates":[[20.508156,54.702635],[20.508699,54.702569],[20.509155,54.702511],[20.509202,54.702636]]}},{"type":"Feature","properties":{"kind":"road","name":"Старопрегольская набережная","osm":"way/146462909","highway":"residential","access":"","foot":""},"geometry":{"type":"LineString","coordinates":[[20.513912,54.70364],[20.512622,54.703868],[20.51254,54.703889],[20.512244,54.703958],[20.51221,54.703966],[20.512086,54.703994]]}},{"type":"Feature","properties":{"kind":"road","name":"","osm":"way/146462910","highway":"service","access":"","foot":""},"geometry":{"type":"LineString","coordinates":[[20.50679,54.702528],[20.505839,54.702682],[20.506096,54.703193],[20.50611,54.703221],[20.506365,54.703729],[20.506825,54.703669],[20.508188,54.703502],[20.508263,54.703492],[20.508626,54.703454],[20.508647,54.703509],[20.508924,54.704231],[20.509009,54.704481]]}},{"type":"Feature","properties":{"kind":"building","name":"","osm":"way/146462919"},"geometry":{"type":"Polygon","coordinates":[[[20.511368,54.703436],[20.511653,54.703423],[20.511642,54.703345],[20.511357,54.703358],[20.511368,54.703436]]]}},{"type":"Feature","properties":{"kind":"building","name":"","osm":"way/146462921"},"geometry":{"type":"Polygon","coordinates":[[[20.511743,54.703862],[20.511938,54.703845],[20.511856,54.703534],[20.511661,54.703551],[20.511743,54.703862]]]}},{"type":"Feature","properties":{"kind":"building","name":"","osm":"way/148051186"},"geometry":{"type":"Polygon","coordinates":[[[20.495236,54.708778],[20.495215,54.708689],[20.495194,54.708598],[20.495044,54.708609],[20.495085,54.708789],[20.495236,54.708778]]]}},{"type":"Feature","properties":{"kind":"building","name":"Эдкар","osm":"way/148052916"},"geometry":{"type":"Polygon","coordinates":[[[20.501843,54.708317],[20.502827,54.708197],[20.50278,54.708068],[20.501941,54.708171],[20.5019,54.708057],[20.501754,54.708075],[20.501843,54.708317]]]}},{"type":"Feature","properties":{"kind":"building","name":"","osm":"way/148062515"},"geometry":{"type":"Polygon","coordinates":[[[20.498209,54.711978],[20.498251,54.71188],[20.498618,54.711934],[20.498641,54.712009],[20.498692,54.712172],[20.498711,54.712234],[20.498509,54.712252],[20.498441,54.712019],[20.498312,54.711996],[20.498209,54.711978]]]}},{"type":"Feature","properties":{"kind":"building","name":"Смотровая башня «Маяк»","osm":"way/148564494"},"geometry":{"type":"Polygon","coordinates":[[[20.514567,54.705092],[20.514582,54.70507],[20.514614,54.705056],[20.514653,54.705052],[20.514691,54.705061],[20.514716,54.705079],[20.514722,54.705102],[20.514707,54.705124],[20.514676,54.705138],[20.514636,54.705142],[20.514598,54.705133],[20.514573,54.705115],[20.514567,54.705092]]]}},{"type":"Feature","properties":{"kind":"building","name":"","osm":"way/148564502"},"geometry":{"type":"Polygon","coordinates":[[[20.514318,54.705287],[20.51442,54.705315],[20.514506,54.705339],[20.514624,54.705196],[20.51453,54.70517],[20.514436,54.705144],[20.514318,54.705287]]]}},{"type":"Feature","properties":{"kind":"building","name":"","osm":"way/148564504"},"geometry":{"type":"Polygon","coordinates":[[[20.514922,54.706011],[20.514869,54.70618],[20.514767,54.70617],[20.514734,54.706276],[20.51497,54.7063],[20.514986,54.706247],[20.515039,54.706253],[20.515109,54.706031],[20.515083,54.706028],[20.51505,54.706024],[20.514922,54.706011]]]}},{"type":"Feature","properties":{"kind":"road","name":"","osm":"way/148565195","highway":"service","access":"","foot":""},"geometry":{"type":"LineString","coordinates":[[20.516287,54.70298],[20.51632,54.703028],[20.516369,54.703101],[20.51704,54.704087],[20.517153,54.704253]]}},{"type":"Feature","properties":{"kind":"road","name":"Мариупольская улица","osm":"way/149701473","highway":"residential","access":"","foot":""},"geometry":{"type":"LineString","coordinates":[[20.500084,54.709752],[20.500046,54.709629]]}},{"type":"Feature","properties":{"kind":"road","name":"","osm":"way/149701474","highway":"service","access":"","foot":""},"geometry":{"type":"LineString","coordinates":[[20.4998,54.708764],[20.499805,54.708842],[20.499858,54.709066],[20.49987,54.70918]]}},{"type":"Feature","properties":{"kind":"road","name":"Московский проспект","osm":"way/149703660","highway":"residential","access":"","foot":""},"geometry":{"type":"LineString","coordinates":[[20.497135,54.709855],[20.497349,54.709835]]}},{"type":"Feature","properties":{"kind":"road","name":"Мариупольская улица","osm":"way/149703802","highway":"residential","access":"","foot":""},"geometry":{"type":"LineString","coordinates":[[20.49987,54.70918],[20.498946,54.709322],[20.49867,54.70933],[20.498251,54.709401],[20.497982,54.709409],[20.497523,54.709479]]}},{"type":"Feature","properties":{"kind":"road","name":"Московский проспект","osm":"way/149703804","highway":"residential","access":"","foot":""},"geometry":{"type":"LineString","coordinates":[[20.497349,54.709835],[20.497456,54.709818],[20.497506,54.709777],[20.497459,54.709551],[20.49747,54.709508],[20.497523,54.709479]]}},{"type":"Feature","properties":{"kind":"road","name":"Московский проспект","osm":"way/149705036","highway":"residential","access":"","foot":""},"geometry":{"type":"LineString","coordinates":[[20.500135,54.709975],[20.500078,54.70998],[20.499174,54.710056],[20.49905,54.709904],[20.497507,54.710059]]}},{"type":"Feature","properties":{"kind":"building","name":"","osm":"way/149705038"},"geometry":{"type":"Polygon","coordinates":[[[20.499446,54.709467],[20.49943,54.709462],[20.499392,54.709381],[20.499388,54.709381],[20.499386,54.709378],[20.49939,54.709377],[20.499377,54.709349],[20.499468,54.709335],[20.499467,54.709333],[20.499473,54.709332],[20.499474,54.709334],[20.499756,54.709291],[20.499769,54.709297],[20.499784,54.709376],[20.499786,54.709376],[20.499789,54.709376],[20.49979,54.709379],[20.499786,54.70938],[20.499795,54.709435],[20.499751,54.709437],[20.499751,54.709439],[20.499744,54.70944],[20.499744,54.709438],[20.499446,54.709467]]]}},{"type":"Feature","properties":{"kind":"road","name":"","osm":"way/149709677","highway":"service","access":"","foot":""},"geometry":{"type":"LineString","coordinates":[[20.503575,54.710181],[20.503569,54.710152],[20.503545,54.710053]]}},{"type":"Feature","properties":{"kind":"road","name":"улица Генерала Буткова","osm":"way/150454602","highway":"service","access":"","foot":""},"geometry":{"type":"LineString","coordinates":[[20.495053,54.709637],[20.493841,54.709693],[20.493221,54.709625],[20.49191,54.709094],[20.491439,54.70826],[20.491196,54.70811],[20.491184,54.707935]]}},{"type":"Feature","properties":{"kind":"road","name":"","osm":"way/150605268","highway":"service","access":"","foot":""},"geometry":{"type":"LineString","coordinates":[[20.494362,54.710123],[20.49421,54.710111],[20.494114,54.710137],[20.494093,54.710157],[20.494084,54.710179],[20.494062,54.710236],[20.494077,54.710357]]}},{"type":"Feature","properties":{"kind":"road","name":"","osm":"way/150605269","highway":"service","access":"","foot":""},"geometry":{"type":"LineString","coordinates":[[20.49349,54.710081],[20.493728,54.710079],[20.493869,54.710061],[20.493952,54.710037],[20.494287,54.709941],[20.494574,54.709883],[20.494661,54.709868],[20.494751,54.709867],[20.494826,54.709883],[20.494873,54.709924],[20.494867,54.710085]]}},{"type":"Feature","properties":{"kind":"road","name":"","osm":"way/151706642","highway":"service","access":"","foot":""},"geometry":{"type":"LineString","coordinates":[[20.499784,54.713261],[20.500462,54.713087],[20.500591,54.712939],[20.501182,54.71277],[20.501274,54.712741]]}},{"type":"Feature","properties":{"kind":"road","name":"","osm":"way/152196499","highway":"service","access":"","foot":""},"geometry":{"type":"LineString","coordinates":[[20.501668,54.712979],[20.501495,54.713031]]}},{"type":"Feature","properties":{"kind":"road","name":"","osm":"way/152196501","highway":"service","access":"","foot":""},"geometry":{"type":"LineString","coordinates":[[20.501795,54.713128],[20.501668,54.712979],[20.501621,54.712924]]}},{"type":"Feature","properties":{"kind":"building","name":"","osm":"way/152196502"},"geometry":{"type":"Polygon","coordinates":[[[20.502236,54.71316],[20.502226,54.713154],[20.502205,54.71316],[20.502236,54.71316]]]}},{"type":"Feature","properties":{"kind":"building","name":"","osm":"way/152625407"},"geometry":{"type":"Polygon","coordinates":[[[20.510954,54.711697],[20.51099,54.711766],[20.511005,54.711795],[20.511252,54.711752],[20.511241,54.711732],[20.5112,54.711654],[20.510954,54.711697]]]}},{"type":"Feature","properties":{"kind":"road","name":"","osm":"way/152625414","highway":"living_street","access":"","foot":""},"geometry":{"type":"LineString","coordinates":[[20.512662,54.712839],[20.512283,54.712217]]}},{"type":"Feature","properties":{"kind":"road","name":"","osm":"way/152625420","highway":"living_street","access":"","foot":""},"geometry":{"type":"LineString","coordinates":[[20.512735,54.712035],[20.512526,54.712074],[20.512259,54.712124],[20.511988,54.711664]]}},{"type":"Feature","properties":{"kind":"road","name":"","osm":"way/152625422","highway":"living_street","access":"","foot":""},"geometry":{"type":"LineString","coordinates":[[20.513158,54.712743],[20.512939,54.712787],[20.512662,54.712839],[20.512826,54.713124]]}},{"type":"Feature","properties":{"kind":"building","name":"","osm":"way/152625428"},"geometry":{"type":"Polygon","coordinates":[[[20.510124,54.711802],[20.510078,54.711714],[20.510525,54.711636],[20.510515,54.711617],[20.510793,54.711568],[20.510786,54.711555],[20.510967,54.711523],[20.511159,54.71149],[20.511169,54.71151],[20.511721,54.711418],[20.511736,54.711441],[20.51195,54.711404],[20.512013,54.711399],[20.512059,54.711406],[20.512089,54.71142],[20.512171,54.711553],[20.512006,54.711582],[20.51196,54.711492],[20.511186,54.711627],[20.5112,54.711654],[20.510954,54.711697],[20.510935,54.711661],[20.510124,54.711802]]]}},{"type":"Feature","properties":{"kind":"building","name":"","osm":"way/152625438"},"geometry":{"type":"Polygon","coordinates":[[[20.51225,54.71205],[20.512415,54.712021],[20.512171,54.711553],[20.512006,54.711582],[20.512015,54.711598],[20.512053,54.711672],[20.512131,54.711821],[20.512216,54.711984],[20.51225,54.71205]]]}},{"type":"Feature","properties":{"kind":"building","name":"","osm":"way/152625439"},"geometry":{"type":"Polygon","coordinates":[[[20.510179,54.711907],[20.510385,54.711872],[20.510572,54.711839],[20.510804,54.711799],[20.51099,54.711766],[20.510954,54.711697],[20.510935,54.711661],[20.510124,54.711802],[20.510179,54.711907]]]}},{"type":"Feature","properties":{"kind":"building","name":"","osm":"way/152625440"},"geometry":{"type":"Polygon","coordinates":[[[20.512015,54.711598],[20.512006,54.711582],[20.51196,54.711492],[20.511186,54.711627],[20.5112,54.711654],[20.511241,54.711732],[20.511366,54.711711],[20.511632,54.711664],[20.511913,54.711615],[20.512015,54.711598]]]}},{"type":"Feature","properties":{"kind":"road","name":"Зарайская улица","osm":"way/155144050","highway":"service","access":"","foot":""},"geometry":{"type":"LineString","coordinates":[[20.517377,54.711327],[20.517369,54.711266],[20.517354,54.71117],[20.51715,54.711045],[20.516774,54.710433]]}},{"type":"Feature","properties":{"kind":"road","name":"Московский проспект","osm":"way/155154858","highway":"primary","access":"","foot":"no"},"geometry":{"type":"LineString","coordinates":[[20.510897,54.708995],[20.509846,54.709185]]}},{"type":"Feature","properties":{"kind":"road","name":"Московский проспект","osm":"way/155154862","highway":"primary","access":"","foot":"no"},"geometry":{"type":"LineString","coordinates":[[20.511933,54.708678],[20.512405,54.708623],[20.512591,54.708601],[20.513285,54.708555],[20.514008,54.708516]]}},{"type":"Feature","properties":{"kind":"road","name":"","osm":"way/159826312","highway":"footway","access":"","foot":""},"geometry":{"type":"LineString","coordinates":[[20.515565,54.702022],[20.515405,54.70247],[20.515363,54.702633],[20.515333,54.702752],[20.515256,54.702749],[20.515289,54.702915],[20.515361,54.70322],[20.51538,54.703299],[20.515396,54.703482],[20.515375,54.703891],[20.515343,54.704153],[20.515213,54.704385],[20.515136,54.704448]]}},{"type":"Feature","properties":{"kind":"road","name":"","osm":"way/159826313","highway":"footway","access":"","foot":""},"geometry":{"type":"LineString","coordinates":[[20.513247,54.705814],[20.513057,54.70568],[20.512663,54.705429],[20.511401,54.705585],[20.509958,54.705702],[20.50873,54.705815],[20.508671,54.705819],[20.508343,54.705846],[20.508089,54.705857],[20.507225,54.705937],[20.506967,54.705961],[20.507474,54.706851],[20.507486,54.706872],[20.507497,54.706894],[20.507525,54.706951],[20.507564,54.707027],[20.507575,54.707051],[20.507623,54.707158],[20.507641,54.707196],[20.507887,54.70773],[20.508106,54.708179]]}},{"type":"Feature","properties":{"kind":"road","name":"","osm":"way/159826315","highway":"steps","access":"","foot":""},"geometry":{"type":"LineString","coordinates":[[20.513401,54.705758],[20.513458,54.705757]]}},{"type":"Feature","properties":{"kind":"road","name":"","osm":"way/159826316","highway":"footway","access":"","foot":""},"geometry":{"type":"LineString","coordinates":[[20.508189,54.706466],[20.508343,54.706488],[20.508761,54.706284],[20.508897,54.706268],[20.509105,54.706332],[20.509321,54.706281],[20.509374,54.706279],[20.509498,54.706327],[20.509579,54.706334],[20.509792,54.706305],[20.510095,54.706247]]}},{"type":"Feature","properties":{"kind":"road","name":"","osm":"way/159826317","highway":"steps","access":"","foot":""},"geometry":{"type":"LineString","coordinates":[[20.51344,54.705861],[20.51339,54.705862]]}},{"type":"Feature","properties":{"kind":"road","name":"","osm":"way/159826318","highway":"footway","access":"","foot":""},"geometry":{"type":"LineString","coordinates":[[20.508726,54.705836],[20.508189,54.706466],[20.507933,54.706791]]}},{"type":"Feature","properties":{"kind":"road","name":"","osm":"way/159826319","highway":"footway","access":"","foot":""},"geometry":{"type":"LineString","coordinates":[[20.51339,54.705862],[20.513398,54.705801],[20.513401,54.705758]]}},{"type":"Feature","properties":{"kind":"road","name":"","osm":"way/159826320","highway":"footway","access":"","foot":""},"geometry":{"type":"LineString","coordinates":[[20.513458,54.705757],[20.51347,54.705718],[20.51353,54.705617],[20.513549,54.705364],[20.513441,54.705347],[20.512608,54.705382],[20.510729,54.705531],[20.508661,54.705697],[20.508515,54.705709],[20.507367,54.705796],[20.507041,54.70583],[20.506819,54.705864],[20.506024,54.70603],[20.505994,54.706088],[20.50611,54.706398],[20.506313,54.706878],[20.506436,54.707134],[20.506474,54.707227],[20.506477,54.707322],[20.506486,54.707351],[20.50656,54.707538],[20.506635,54.707639],[20.506833,54.707873],[20.507019,54.708083],[20.507091,54.708164],[20.507245,54.708232],[20.507473,54.708264],[20.508106,54.708179],[20.508717,54.708071],[20.50937,54.707949],[20.509872,54.707769],[20.510142,54.707668],[20.510551,54.707515],[20.510897,54.707348],[20.511286,54.707183],[20.511999,54.707044],[20.51248,54.706952],[20.513343,54.70681],[20.513382,54.706792],[20.51339,54.706747],[20.513419,54.706178],[20.513424,54.705892],[20.51344,54.705861]]}},{"type":"Feature","properties":{"kind":"road","name":"","osm":"way/159826321","highway":"footway","access":"","foot":""},"geometry":{"type":"LineString","coordinates":[[20.509622,54.70749],[20.509144,54.707346],[20.508519,54.70713],[20.508039,54.706965]]}},{"type":"Feature","properties":{"kind":"road","name":"","osm":"way/159826322","highway":"footway","access":"","foot":""},"geometry":{"type":"LineString","coordinates":[[20.509576,54.707541],[20.509634,54.707569],[20.509919,54.707523],[20.510268,54.70742],[20.510511,54.707351],[20.510708,54.707313],[20.510861,54.707237],[20.511286,54.707183]]}},{"type":"Feature","properties":{"kind":"road","name":"","osm":"way/159826323","highway":"footway","access":"","foot":""},"geometry":{"type":"LineString","coordinates":[[20.510397,54.706527],[20.51012,54.706888],[20.509886,54.707164],[20.509622,54.70749]]}},{"type":"Feature","properties":{"kind":"road","name":"","osm":"way/159826324","highway":"footway","access":"","foot":""},"geometry":{"type":"LineString","coordinates":[[20.508671,54.705819],[20.508726,54.705836],[20.509689,54.706115],[20.510095,54.706247],[20.510338,54.706325]]}},{"type":"Feature","properties":{"kind":"road","name":"","osm":"way/159826326","highway":"footway","access":"","foot":""},"geometry":{"type":"LineString","coordinates":[[20.507225,54.705937],[20.50769,54.706836],[20.507702,54.70686],[20.50773,54.706917],[20.507777,54.707012],[20.507966,54.70741],[20.508294,54.708049]]}},{"type":"Feature","properties":{"kind":"building","name":"","osm":"way/159826327"},"geometry":{"type":"Polygon","coordinates":[[[20.514171,54.705568],[20.514257,54.705386],[20.514458,54.705418],[20.514373,54.7056],[20.514171,54.705568]]]}},{"type":"Feature","properties":{"kind":"building","name":"","osm":"way/162101508"},"geometry":{"type":"Polygon","coordinates":[[[20.491637,54.711024],[20.491846,54.711015],[20.491747,54.71021],[20.491535,54.710219],[20.491535,54.710348],[20.491603,54.710345],[20.491621,54.710494],[20.491572,54.710496],[20.491637,54.711024]]]}},{"type":"Feature","properties":{"kind":"building","name":"","osm":"way/162101510"},"geometry":{"type":"Polygon","coordinates":[[[20.4919,54.711396],[20.49196,54.711372],[20.4922,54.711283],[20.492172,54.711258],[20.492216,54.711241],[20.49216,54.711194],[20.492321,54.711131],[20.49213,54.710968],[20.491629,54.711163],[20.4919,54.711396]]]}},{"type":"Feature","properties":{"kind":"building","name":"Спорткомплекс","osm":"way/162101511"},"geometry":{"type":"Polygon","coordinates":[[[20.491535,54.712088],[20.491782,54.712081],[20.491747,54.711652],[20.491602,54.711393],[20.491535,54.711395],[20.491535,54.712088]]]}},{"type":"Feature","properties":{"kind":"building","name":"","osm":"way/162101512"},"geometry":{"type":"Polygon","coordinates":[[[20.493183,54.710999],[20.493316,54.710944],[20.49338,54.710918],[20.493265,54.710825],[20.493068,54.710906],[20.493183,54.710999]]]}},{"type":"Feature","properties":{"kind":"building","name":"","osm":"way/162101513"},"geometry":{"type":"Polygon","coordinates":[[[20.492675,54.711699],[20.492866,54.711627],[20.492795,54.711565],[20.492842,54.711547],[20.492707,54.711429],[20.492638,54.711368],[20.492409,54.711168],[20.492216,54.711241],[20.492172,54.711258],[20.4922,54.711283],[20.492553,54.711592],[20.492675,54.711699]]]}},{"type":"Feature","properties":{"kind":"building","name":"","osm":"way/162101514"},"geometry":{"type":"Polygon","coordinates":[[[20.492707,54.711429],[20.493517,54.71112],[20.493316,54.710944],[20.493183,54.710999],[20.493306,54.711101],[20.492638,54.711368],[20.492707,54.711429]]]}},{"type":"Feature","properties":{"kind":"road","name":"","osm":"way/166105007","highway":"footway","access":"","foot":""},"geometry":{"type":"LineString","coordinates":[[20.507159,54.712384],[20.507133,54.7124],[20.507118,54.712421],[20.507115,54.712441],[20.507122,54.712461],[20.507139,54.712478],[20.507164,54.712492],[20.507195,54.712502],[20.507235,54.712505],[20.507275,54.712501],[20.50731,54.712488],[20.507333,54.712473],[20.507347,54.712454],[20.50735,54.712434],[20.507343,54.712414],[20.507326,54.712396],[20.507301,54.712382],[20.507269,54.712372],[20.507231,54.712369],[20.507193,54.712373],[20.507159,54.712384]]}},{"type":"Feature","properties":{"kind":"road","name":"","osm":"way/166105008","highway":"footway","access":"","foot":""},"geometry":{"type":"LineString","coordinates":[[20.50731,54.712488],[20.507498,54.712619]]}},{"type":"Feature","properties":{"kind":"road","name":"","osm":"way/166105009","highway":"footway","access":"","foot":""},"geometry":{"type":"LineString","coordinates":[[20.507269,54.712372],[20.507558,54.712138]]}},{"type":"Feature","properties":{"kind":"road","name":"","osm":"way/166105010","highway":"footway","access":"","foot":""},"geometry":{"type":"LineString","coordinates":[[20.506945,54.712415],[20.507118,54.712421]]}},{"type":"Feature","properties":{"kind":"road","name":"","osm":"way/166105011","highway":"living_street","access":"","foot":""},"geometry":{"type":"LineString","coordinates":[[20.506303,54.712345],[20.506278,54.711959]]}},{"type":"Feature","properties":{"kind":"road","name":"","osm":"way/166105012","highway":"footway","access":"","foot":""},"geometry":{"type":"LineString","coordinates":[[20.507195,54.712502],[20.506897,54.712983]]}},{"type":"Feature","properties":{"kind":"road","name":"","osm":"way/166105013","highway":"living_street","access":"","foot":""},"geometry":{"type":"LineString","coordinates":[[20.506708,54.712342],[20.506303,54.712345],[20.506269,54.712836]]}},{"type":"Feature","properties":{"kind":"road","name":"","osm":"way/166105014","highway":"living_street","access":"","foot":""},"geometry":{"type":"LineString","coordinates":[[20.506302,54.71189],[20.506367,54.711253],[20.506422,54.710729]]}},{"type":"Feature","properties":{"kind":"road","name":"","osm":"way/166105015","highway":"living_street","access":"","foot":""},"geometry":{"type":"LineString","coordinates":[[20.506637,54.712834],[20.506269,54.712836],[20.506113,54.712837],[20.505884,54.712842],[20.505945,54.712027]]}},{"type":"Feature","properties":{"kind":"road","name":"","osm":"way/166105016","highway":"living_street","access":"","foot":""},"geometry":{"type":"LineString","coordinates":[[20.506732,54.712121],[20.506882,54.712122],[20.507558,54.712138],[20.5081,54.712144]]}},{"type":"Feature","properties":{"kind":"building","name":"Сбербанк","osm":"way/170084159"},"geometry":{"type":"Polygon","coordinates":[[[20.495946,54.710245],[20.495958,54.710299],[20.495814,54.710309],[20.49567,54.71032],[20.495622,54.710103],[20.495823,54.710088],[20.495859,54.710251],[20.495946,54.710245]]]}},{"type":"Feature","properties":{"kind":"road","name":"Медовый мост","osm":"way/172879462","highway":"service","access":"","foot":"yes"},"geometry":{"type":"LineString","coordinates":[[20.514066,54.70576],[20.513854,54.705773]]}},{"type":"Feature","properties":{"kind":"road","name":"","osm":"way/172879465","highway":"service","access":"","foot":"yes"},"geometry":{"type":"LineString","coordinates":[[20.511194,54.706626],[20.511176,54.706497],[20.511205,54.706244],[20.51121,54.706206]]}},{"type":"Feature","properties":{"kind":"road","name":"","osm":"way/172879466","highway":"steps","access":"","foot":""},"geometry":{"type":"LineString","coordinates":[[20.506608,54.707013],[20.506739,54.706992],[20.506869,54.706971],[20.506901,54.707037]]}},{"type":"Feature","properties":{"kind":"road","name":"","osm":"way/172879468","highway":"steps","access":"","foot":""},"geometry":{"type":"LineString","coordinates":[[20.510655,54.706375],[20.510564,54.706389]]}},{"type":"Feature","properties":{"kind":"road","name":"","osm":"way/172879469","highway":"steps","access":"","foot":""},"geometry":{"type":"LineString","coordinates":[[20.507497,54.706894],[20.507427,54.706906],[20.507357,54.706918],[20.50738,54.706965]]}},{"type":"Feature","properties":{"kind":"road","name":"","osm":"way/172879470","highway":"steps","access":"","foot":""},"geometry":{"type":"LineString","coordinates":[[20.506436,54.707134],[20.506652,54.707104]]}},{"type":"Feature","properties":{"kind":"road","name":"","osm":"way/172879472","highway":"footway","access":"","foot":""},"geometry":{"type":"LineString","coordinates":[[20.507623,54.707158],[20.507558,54.707253],[20.507016,54.707334],[20.506729,54.707268],[20.506685,54.707175],[20.506652,54.707104],[20.506608,54.707013]]}},{"type":"Feature","properties":{"kind":"road","name":"улица Канта","osm":"way/172879474","highway":"service","access":"","foot":"yes"},"geometry":{"type":"LineString","coordinates":[[20.510655,54.706375],[20.510998,54.70627],[20.51121,54.706206]]}},{"type":"Feature","properties":{"kind":"building","name":"Научно-исследовательское судно \"Космонавт Виктор Пацаев\"","osm":"way/173638032"},"geometry":{"type":"Polygon","coordinates":[[[20.498039,54.706345],[20.496841,54.706429],[20.496728,54.706431],[20.496639,54.706417],[20.49659,54.706399],[20.496574,54.706378],[20.496575,54.706352],[20.496613,54.706324],[20.49669,54.7063],[20.4968,54.706281],[20.498009,54.706196],[20.498157,54.706194],[20.49828,54.706202],[20.498367,54.706214],[20.4984,54.706224],[20.498422,54.706242],[20.498412,54.706262],[20.498383,54.706282],[20.498304,54.706305],[20.498187,54.706329],[20.498039,54.706345]]]}},{"type":"Feature","properties":{"kind":"building","name":"Научно-исследовательское судно \"Витязь\"","osm":"way/173639308"},"geometry":{"type":"Polygon","coordinates":[[[20.500608,54.706123],[20.500221,54.706181],[20.499555,54.706256],[20.499229,54.706284],[20.499133,54.706276],[20.499091,54.70625],[20.499109,54.706219],[20.499191,54.706189],[20.499513,54.706136],[20.500183,54.706057],[20.500569,54.706026],[20.500668,54.70603],[20.500782,54.706054],[20.500694,54.706095],[20.500608,54.706123]]]}},{"type":"Feature","properties":{"kind":"building","name":"Подводная лодка Б-413","osm":"way/173639895"},"geometry":{"type":"Polygon","coordinates":[[[20.494343,54.706496],[20.493951,54.706516],[20.493795,54.706517],[20.493374,54.706518],[20.493366,54.706518],[20.492881,54.706499],[20.493362,54.706473],[20.493957,54.706475],[20.494343,54.706496]]]}},{"type":"Feature","properties":{"kind":"building","name":"СРТ-129","osm":"way/173642988"},"geometry":{"type":"Polygon","coordinates":[[[20.50454,54.706109],[20.504119,54.706035],[20.504059,54.706036],[20.504045,54.70606],[20.50409,54.706086],[20.50451,54.706158],[20.504609,54.706151],[20.50454,54.706109]]]}},{"type":"Feature","properties":{"kind":"building","name":"Ростелеком","osm":"way/175963318"},"geometry":{"type":"Polygon","coordinates":[[[20.507516,54.710645],[20.508157,54.710537],[20.507972,54.710174],[20.507332,54.710283],[20.507516,54.710645]]]}},{"type":"Feature","properties":{"kind":"building","name":"","osm":"way/177144575"},"geometry":{"type":"Polygon","coordinates":[[[20.504077,54.712384],[20.50405,54.712262],[20.503773,54.712282],[20.503799,54.712404],[20.504077,54.712384]]]}},{"type":"Feature","properties":{"kind":"building","name":"","osm":"way/177144576"},"geometry":{"type":"Polygon","coordinates":[[[20.503341,54.711798],[20.503355,54.711892],[20.503426,54.711888],[20.503436,54.711923],[20.503548,54.711917],[20.503525,54.711787],[20.503341,54.711798]]]}},{"type":"Feature","properties":{"kind":"building","name":"","osm":"way/177144577"},"geometry":{"type":"Polygon","coordinates":[[[20.503396,54.711443],[20.503389,54.71134],[20.503252,54.711343],[20.503259,54.711446],[20.503396,54.711443]]]}},{"type":"Feature","properties":{"kind":"building","name":"","osm":"way/177144578"},"geometry":{"type":"Polygon","coordinates":[[[20.505367,54.710661],[20.505357,54.710595],[20.505609,54.710582],[20.505623,54.710671],[20.505527,54.710676],[20.505523,54.710653],[20.505367,54.710661]]]}},{"type":"Feature","properties":{"kind":"road","name":"","osm":"way/177144579","highway":"steps","access":"","foot":""},"geometry":{"type":"LineString","coordinates":[[20.506492,54.710283],[20.506659,54.710318]]}},{"type":"Feature","properties":{"kind":"road","name":"","osm":"way/177144580","highway":"footway","access":"","foot":""},"geometry":{"type":"LineString","coordinates":[[20.506659,54.710318],[20.506845,54.710519],[20.506858,54.710632]]}},{"type":"Feature","properties":{"kind":"road","name":"","osm":"way/177144581","highway":"service","access":"","foot":""},"geometry":{"type":"LineString","coordinates":[[20.503502,54.711416],[20.50428,54.711408]]}},{"type":"Feature","properties":{"kind":"road","name":"","osm":"way/177144582","highway":"living_street","access":"","foot":""},"geometry":{"type":"LineString","coordinates":[[20.504494,54.710657],[20.504616,54.710897],[20.505653,54.71085],[20.506058,54.710835],[20.506317,54.710744]]}},{"type":"Feature","properties":{"kind":"building","name":"","osm":"way/177144583"},"geometry":{"type":"Polygon","coordinates":[[[20.504898,54.711416],[20.505191,54.711414],[20.505191,54.711179],[20.504895,54.711173],[20.504898,54.711416]]]}},{"type":"Feature","properties":{"kind":"building","name":"","osm":"way/177144584"},"geometry":{"type":"Polygon","coordinates":[[[20.504359,54.71114],[20.504717,54.711145],[20.504725,54.710991],[20.504369,54.710984],[20.504359,54.71114]]]}},{"type":"Feature","properties":{"kind":"building","name":"","osm":"way/177144585"},"geometry":{"type":"Polygon","coordinates":[[[20.504397,54.710833],[20.504383,54.71075],[20.504152,54.710763],[20.504166,54.710847],[20.504397,54.710833]]]}},{"type":"Feature","properties":{"kind":"building","name":"","osm":"way/177144586"},"geometry":{"type":"Polygon","coordinates":[[[20.505661,54.710566],[20.505676,54.710621],[20.506345,54.71056],[20.50633,54.710505],[20.506184,54.710519],[20.505797,54.710554],[20.505661,54.710566]]]}},{"type":"Feature","properties":{"kind":"building","name":"","osm":"way/177144587"},"geometry":{"type":"Polygon","coordinates":[[[20.504717,54.711145],[20.504843,54.711148],[20.504842,54.711173],[20.504895,54.711173],[20.505191,54.711179],[20.505201,54.710999],[20.504725,54.710991],[20.504717,54.711145]]]}},{"type":"Feature","properties":{"kind":"road","name":"улица Коперника","osm":"way/177144588","highway":"residential","access":"","foot":""},"geometry":{"type":"LineString","coordinates":[[20.505646,54.710546],[20.506455,54.710468]]}},{"type":"Feature","properties":{"kind":"road","name":"улица Коперника","osm":"way/177144645","highway":"residential","access":"","foot":""},"geometry":{"type":"LineString","coordinates":[[20.505342,54.710575],[20.504494,54.710657],[20.504251,54.71068],[20.503849,54.710719],[20.503427,54.710785]]}},{"type":"Feature","properties":{"kind":"road","name":"","osm":"way/185405605","highway":"service","access":"","foot":""},"geometry":{"type":"LineString","coordinates":[[20.492107,54.707884],[20.492181,54.708231]]}},{"type":"Feature","properties":{"kind":"road","name":"","osm":"way/185405606","highway":"service","access":"","foot":""},"geometry":{"type":"LineString","coordinates":[[20.493036,54.707853],[20.493145,54.708181]]}},{"type":"Feature","properties":{"kind":"road","name":"","osm":"way/185405607","highway":"service","access":"","foot":""},"geometry":{"type":"LineString","coordinates":[[20.494552,54.7077],[20.494158,54.707734],[20.493036,54.707853],[20.492524,54.707879],[20.492107,54.707884],[20.491342,54.707891],[20.491194,54.707894],[20.491184,54.707935]]}},{"type":"Feature","properties":{"kind":"building","name":"","osm":"way/185426194"},"geometry":{"type":"Polygon","coordinates":[[[20.50496,54.708899],[20.505164,54.708868],[20.505178,54.708896],[20.505181,54.708896],[20.505207,54.708954],[20.505204,54.708955],[20.505217,54.708984],[20.505012,54.709016],[20.50496,54.708899]]]}},{"type":"Feature","properties":{"kind":"road","name":"","osm":"way/185598412","highway":"steps","access":"","foot":""},"geometry":{"type":"LineString","coordinates":[[20.506685,54.707175],[20.506816,54.707154],[20.506947,54.707134],[20.506921,54.70708]]}},{"type":"Feature","properties":{"kind":"road","name":"","osm":"way/186435910","highway":"footway","access":"","foot":""},"geometry":{"type":"LineString","coordinates":[[20.498658,54.711775],[20.498033,54.711558],[20.49785,54.711568]]}},{"type":"Feature","properties":{"kind":"road","name":"Мариупольская улица","osm":"way/188173822","highway":"living_street","access":"","foot":""},"geometry":{"type":"LineString","coordinates":[[20.498524,54.707915],[20.497936,54.708084],[20.498034,54.708328],[20.497322,54.70843],[20.497292,54.708434]]}},{"type":"Feature","properties":{"kind":"road","name":"","osm":"way/188173823","highway":"living_street","access":"","foot":""},"geometry":{"type":"LineString","coordinates":[[20.496824,54.707144],[20.496859,54.707193],[20.496905,54.707257],[20.497149,54.7076],[20.498346,54.707391],[20.498748,54.707339]]}},{"type":"Feature","properties":{"kind":"road","name":"улица Маршала Баграмяна","osm":"way/188173824","highway":"living_street","access":"","foot":""},"geometry":{"type":"LineString","coordinates":[[20.497149,54.7076],[20.497148,54.707649],[20.497025,54.70769],[20.496912,54.707717],[20.497108,54.708084]]}},{"type":"Feature","properties":{"kind":"building","name":"Выставочный корпус «Пакгауз»","osm":"way/188173825"},"geometry":{"type":"Polygon","coordinates":[[[20.497599,54.706656],[20.497603,54.706677],[20.497613,54.706722],[20.497617,54.706741],[20.498038,54.706711],[20.49802,54.706626],[20.497599,54.706656]]]}},{"type":"Feature","properties":{"kind":"building","name":"","osm":"way/188173827"},"geometry":{"type":"Polygon","coordinates":[[[20.497521,54.706729],[20.497613,54.706722],[20.497603,54.706677],[20.497511,54.706683],[20.497521,54.706729]]]}},{"type":"Feature","properties":{"kind":"building","name":"Музей Мирового океана – экспозиционный корпус Глубина","osm":"way/188173828"},"geometry":{"type":"Polygon","coordinates":[[[20.4992,54.706606],[20.499265,54.706826],[20.499534,54.706799],[20.50026,54.706727],[20.500889,54.706665],[20.500837,54.706491],[20.500209,54.706553],[20.500195,54.706508],[20.49988,54.706539],[20.4992,54.706606]]]}},{"type":"Feature","properties":{"kind":"building","name":"Выставочный корпус «Морской Кёнигсберг-Калининград»","osm":"way/188173831"},"geometry":{"type":"Polygon","coordinates":[[[20.497577,54.706993],[20.497521,54.706729],[20.497511,54.706683],[20.49739,54.706692],[20.497251,54.706702],[20.497303,54.706945],[20.497464,54.706934],[20.497471,54.706965],[20.497488,54.706964],[20.497495,54.706999],[20.497577,54.706993]]]}},{"type":"Feature","properties":{"kind":"road","name":"улица Генерала Галицкого","osm":"way/204024687","highway":"tertiary","access":"","foot":""},"geometry":{"type":"LineString","coordinates":[[20.495547,54.713189],[20.495314,54.712976],[20.495268,54.712933],[20.495207,54.712871],[20.495167,54.712806],[20.495142,54.712736],[20.495129,54.712584]]}},{"type":"Feature","properties":{"kind":"road","name":"","osm":"way/206266642","highway":"steps","access":"","foot":""},"geometry":{"type":"LineString","coordinates":[[20.498608,54.711318],[20.498634,54.71147]]}},{"type":"Feature","properties":{"kind":"road","name":"","osm":"way/206267117","highway":"service","access":"","foot":""},"geometry":{"type":"LineString","coordinates":[[20.495288,54.71023],[20.495419,54.710248],[20.49553,54.710311],[20.495666,54.710339],[20.495873,54.710323]]}},{"type":"Feature","properties":{"kind":"road","name":"","osm":"way/206267118","highway":"footway","access":"","foot":""},"geometry":{"type":"LineString","coordinates":[[20.491491,54.712429],[20.49119,54.712485],[20.49111,54.712519],[20.491094,54.712555],[20.491107,54.7126],[20.491253,54.712846],[20.491549,54.71331],[20.491695,54.713527],[20.491866,54.713764],[20.492163,54.714095],[20.493818,54.715557],[20.494245,54.715897],[20.494539,54.716128],[20.494891,54.716392],[20.495275,54.716663],[20.496309,54.717355],[20.496595,54.717544],[20.497173,54.717925],[20.497241,54.717937],[20.497848,54.717731],[20.498039,54.717677],[20.49823,54.717617],[20.500247,54.717012],[20.500318,54.71698],[20.501217,54.71663],[20.502385,54.716181]]}},{"type":"Feature","properties":{"kind":"road","name":"","osm":"way/206268440","highway":"footway","access":"","foot":""},"geometry":{"type":"LineString","coordinates":[[20.493903,54.71174],[20.494255,54.711736],[20.494791,54.712208],[20.494959,54.712377],[20.495021,54.712425],[20.495078,54.712539],[20.495104,54.712831],[20.49514,54.71289],[20.495195,54.712944]]}},{"type":"Feature","properties":{"kind":"road","name":"","osm":"way/207079687","highway":"service","access":"","foot":""},"geometry":{"type":"LineString","coordinates":[[20.511624,54.702609],[20.511619,54.702322]]}},{"type":"Feature","properties":{"kind":"road","name":"","osm":"way/208276042","highway":"living_street","access":"","foot":""},"geometry":{"type":"LineString","coordinates":[[20.502394,54.708307],[20.50271,54.708253]]}},{"type":"Feature","properties":{"kind":"road","name":"","osm":"way/208276043","highway":"service","access":"","foot":""},"geometry":{"type":"LineString","coordinates":[[20.504167,54.709294],[20.503251,54.709457],[20.503235,54.709395]]}},{"type":"Feature","properties":{"kind":"road","name":"","osm":"way/208276044","highway":"service","access":"","foot":""},"geometry":{"type":"LineString","coordinates":[[20.505667,54.709044],[20.505711,54.709147],[20.505788,54.709312],[20.504712,54.709478]]}},{"type":"Feature","properties":{"kind":"road","name":"","osm":"way/208276045","highway":"footway","access":"","foot":""},"geometry":{"type":"LineString","coordinates":[[20.504047,54.708466],[20.503834,54.708108],[20.503805,54.708058]]}},{"type":"Feature","properties":{"kind":"road","name":"","osm":"way/208276046","highway":"service","access":"","foot":""},"geometry":{"type":"LineString","coordinates":[[20.502477,54.709998],[20.502454,54.709899],[20.502423,54.709777],[20.504256,54.709588],[20.504167,54.709294],[20.504407,54.709252]]}},{"type":"Feature","properties":{"kind":"road","name":"","osm":"way/208276047","highway":"living_street","access":"","foot":""},"geometry":{"type":"LineString","coordinates":[[20.499986,54.709529],[20.500114,54.709513],[20.500609,54.709466],[20.500643,54.709447],[20.500668,54.709424],[20.500606,54.709073],[20.500624,54.709032],[20.500676,54.709],[20.501883,54.708778],[20.501854,54.7087]]}},{"type":"Feature","properties":{"kind":"road","name":"","osm":"way/208276048","highway":"footway","access":"","foot":""},"geometry":{"type":"LineString","coordinates":[[20.501736,54.708415],[20.499954,54.708725],[20.499956,54.708849],[20.500114,54.709513],[20.50012,54.709552],[20.501921,54.709386]]}},{"type":"Feature","properties":{"kind":"road","name":"","osm":"way/208276049","highway":"service","access":"","foot":""},"geometry":{"type":"LineString","coordinates":[[20.503054,54.709006],[20.50421,54.708846],[20.504407,54.709252],[20.505667,54.709044],[20.505878,54.708996],[20.506023,54.708972]]}},{"type":"Feature","properties":{"kind":"road","name":"","osm":"way/208276050","highway":"service","access":"","foot":""},"geometry":{"type":"LineString","coordinates":[[20.500098,54.709815],[20.500127,54.709812],[20.502004,54.709651],[20.501933,54.709424],[20.501921,54.709386]]}},{"type":"Feature","properties":{"kind":"road","name":"","osm":"way/208276053","highway":"footway","access":"","foot":""},"geometry":{"type":"LineString","coordinates":[[20.504668,54.70836],[20.504047,54.708466],[20.504174,54.708712],[20.503291,54.708871]]}},{"type":"Feature","properties":{"kind":"road","name":"","osm":"way/208277715","highway":"service","access":"","foot":""},"geometry":{"type":"LineString","coordinates":[[20.500166,54.710091],[20.499783,54.710102],[20.499427,54.710132],[20.499195,54.710155]]}},{"type":"Feature","properties":{"kind":"road","name":"","osm":"way/211044266","highway":"footway","access":"","foot":""},"geometry":{"type":"LineString","coordinates":[[20.505819,54.709628],[20.50584,54.709673],[20.50589,54.709805],[20.505949,54.709934],[20.506013,54.710146],[20.50601,54.710182]]}},{"type":"Feature","properties":{"kind":"road","name":"Старопрегольская набережная","osm":"way/211419989","highway":"tertiary","access":"","foot":""},"geometry":{"type":"LineString","coordinates":[[20.507284,54.704843],[20.50718,54.704853],[20.507122,54.704858]]}},{"type":"Feature","properties":{"kind":"road","name":"","osm":"way/211892181","highway":"service","access":"","foot":""},"geometry":{"type":"LineString","coordinates":[[20.502047,54.703205],[20.502242,54.703655]]}},{"type":"Feature","properties":{"kind":"road","name":"","osm":"way/211892182","highway":"service","access":"","foot":""},"geometry":{"type":"LineString","coordinates":[[20.498119,54.703946],[20.497888,54.703773],[20.497766,54.703461],[20.497764,54.703426],[20.498018,54.703329],[20.498907,54.702998]]}},{"type":"Feature","properties":{"kind":"road","name":"","osm":"way/211892183","highway":"service","access":"","foot":""},"geometry":{"type":"LineString","coordinates":[[20.504413,54.702863],[20.503574,54.703]]}},{"type":"Feature","properties":{"kind":"road","name":"","osm":"way/211892185","highway":"service","access":"","foot":""},"geometry":{"type":"LineString","coordinates":[[20.501058,54.70405],[20.50071,54.703307],[20.500617,54.70327],[20.500525,54.703114]]}},{"type":"Feature","properties":{"kind":"road","name":"","osm":"way/211892187","highway":"service","access":"","foot":""},"geometry":{"type":"LineString","coordinates":[[20.501603,54.703282],[20.501806,54.703721],[20.502242,54.703655],[20.502334,54.703712],[20.502988,54.703622]]}},{"type":"Feature","properties":{"kind":"building","name":"","osm":"way/211892194"},"geometry":{"type":"Polygon","coordinates":[[[20.498269,54.703196],[20.498361,54.703149],[20.498291,54.703103],[20.498199,54.703151],[20.498269,54.703196]]]}},{"type":"Feature","properties":{"kind":"building","name":"","osm":"way/211895079"},"geometry":{"type":"Polygon","coordinates":[[[20.50276,54.712102],[20.502832,54.712096],[20.502825,54.712065],[20.502752,54.71207],[20.50276,54.712102]]]}},{"type":"Feature","properties":{"kind":"road","name":"","osm":"way/211895080","highway":"living_street","access":"","foot":""},"geometry":{"type":"LineString","coordinates":[[20.502887,54.712154],[20.502875,54.712108],[20.502866,54.71207],[20.502827,54.712018],[20.502704,54.71198],[20.502372,54.71191],[20.502189,54.711898],[20.502012,54.71191],[20.501777,54.71193]]}},{"type":"Feature","properties":{"kind":"road","name":"","osm":"way/213775809","highway":"footway","access":"","foot":""},"geometry":{"type":"LineString","coordinates":[[20.508958,54.712113],[20.508703,54.712293],[20.508498,54.712433],[20.508126,54.712684],[20.508112,54.712694],[20.507924,54.712799],[20.507151,54.713342]]}},{"type":"Feature","properties":{"kind":"road","name":"","osm":"way/213775810","highway":"footway","access":"","foot":""},"geometry":{"type":"LineString","coordinates":[[20.506461,54.713096],[20.505887,54.713745],[20.50549,54.714048],[20.504103,54.714956],[20.503998,54.715018],[20.503943,54.715065],[20.5039,54.715099],[20.503685,54.715268],[20.503676,54.715275],[20.503497,54.715493]]}},{"type":"Feature","properties":{"kind":"road","name":"улица Шевченко","osm":"way/214752255","highway":"secondary","access":"","foot":"no"},"geometry":{"type":"LineString","coordinates":[[20.512075,54.711031],[20.513555,54.710786]]}},{"type":"Feature","properties":{"kind":"road","name":"","osm":"way/218975314","highway":"footway","access":"","foot":""},"geometry":{"type":"LineString","coordinates":[[20.512386,54.704759],[20.512361,54.704631],[20.512296,54.704296],[20.512284,54.704238],[20.51221,54.703966]]}},{"type":"Feature","properties":{"kind":"road","name":"","osm":"way/218975315","highway":"footway","access":"","foot":""},"geometry":{"type":"LineString","coordinates":[[20.509979,54.704407],[20.510439,54.704374],[20.512284,54.704238]]}},{"type":"Feature","properties":{"kind":"road","name":"","osm":"way/218975451","highway":"service","access":"","foot":""},"geometry":{"type":"LineString","coordinates":[[20.510032,54.704622],[20.512192,54.704458]]}},{"type":"Feature","properties":{"kind":"building","name":"","osm":"way/218993879"},"geometry":{"type":"Polygon","coordinates":[[[20.506232,54.703294],[20.506355,54.703278],[20.506323,54.703193],[20.5062,54.703208],[20.506232,54.703294]]]}},{"type":"Feature","properties":{"kind":"road","name":"","osm":"way/218993880","highway":"footway","access":"","foot":""},"geometry":{"type":"LineString","coordinates":[[20.50611,54.703221],[20.506185,54.703209],[20.506246,54.703364],[20.506825,54.703669]]}},{"type":"Feature","properties":{"kind":"road","name":"Старопрегольская набережная","osm":"way/218996710","highway":"pedestrian","access":"","foot":""},"geometry":{"type":"LineString","coordinates":[[20.514269,54.704019],[20.514257,54.704043],[20.513916,54.704496],[20.513638,54.704642],[20.513313,54.704698],[20.512657,54.704751],[20.512386,54.704759],[20.511975,54.704771],[20.510215,54.704942],[20.508822,54.705077],[20.508556,54.705103]]}},{"type":"Feature","properties":{"kind":"road","name":"","osm":"way/218996711","highway":"steps","access":"","foot":""},"geometry":{"type":"LineString","coordinates":[[20.508411,54.705118],[20.508556,54.705103]]}},{"type":"Feature","properties":{"kind":"road","name":"","osm":"way/218997095","highway":"path","access":"","foot":""},"geometry":{"type":"LineString","coordinates":[[20.513929,54.702392],[20.514032,54.702578],[20.514245,54.70346],[20.514294,54.703672],[20.514269,54.704019]]}},{"type":"Feature","properties":{"kind":"road","name":"","osm":"way/218997441","highway":"footway","access":"","foot":""},"geometry":{"type":"LineString","coordinates":[[20.508628,54.705014],[20.508822,54.705077]]}},{"type":"Feature","properties":{"kind":"road","name":"","osm":"way/218997757","highway":"steps","access":"","foot":""},"geometry":{"type":"LineString","coordinates":[[20.513902,54.702288],[20.513929,54.702392]]}},{"type":"Feature","properties":{"kind":"road","name":"Эпроновская улица","osm":"way/218997758","highway":"pedestrian","access":"","foot":""},"geometry":{"type":"LineString","coordinates":[[20.513902,54.702288],[20.513954,54.702242],[20.513596,54.701139],[20.513691,54.700837],[20.513943,54.700616],[20.513691,54.700524]]}},{"type":"Feature","properties":{"kind":"road","name":"","osm":"way/219385426","highway":"service","access":"","foot":""},"geometry":{"type":"LineString","coordinates":[[20.511512,54.703448],[20.51163,54.70401],[20.511651,54.704074]]}},{"type":"Feature","properties":{"kind":"road","name":"","osm":"way/219385431","highway":"service","access":"","foot":""},"geometry":{"type":"LineString","coordinates":[[20.510964,54.704076],[20.510973,54.704159]]}},{"type":"Feature","properties":{"kind":"road","name":"","osm":"way/220225386","highway":"service","access":"","foot":""},"geometry":{"type":"LineString","coordinates":[[20.513318,54.70109],[20.513429,54.701113],[20.51355,54.701522],[20.513733,54.702139]]}},{"type":"Feature","properties":{"kind":"road","name":"","osm":"way/220226533","highway":"footway","access":"","foot":""},"geometry":{"type":"LineString","coordinates":[[20.514269,54.704019],[20.514001,54.703745],[20.513944,54.703733]]}},{"type":"Feature","properties":{"kind":"green","name":"","osm":"way/220227981"},"geometry":{"type":"Polygon","coordinates":[[[20.513479,54.70238],[20.513613,54.702384],[20.513929,54.702392],[20.514012,54.702396],[20.514019,54.702423],[20.51403,54.702468],[20.514314,54.703663],[20.514285,54.704055],[20.514257,54.704043],[20.514228,54.704022],[20.513971,54.703753],[20.513944,54.703733],[20.513912,54.70364],[20.513831,54.703406],[20.513752,54.703174],[20.51354,54.702559],[20.513479,54.70238]]]}},{"type":"Feature","properties":{"kind":"road","name":"","osm":"way/220229383","highway":"footway","access":"","foot":""},"geometry":{"type":"LineString","coordinates":[[20.509995,54.704473],[20.510021,54.704578]]}},{"type":"Feature","properties":{"kind":"road","name":"улица Новый Вал","osm":"way/220229384","highway":"residential","access":"","foot":""},"geometry":{"type":"LineString","coordinates":[[20.510032,54.704622],[20.510075,54.704801]]}},{"type":"Feature","properties":{"kind":"road","name":"","osm":"way/220328418","highway":"service","access":"","foot":""},"geometry":{"type":"LineString","coordinates":[[20.510324,54.704193],[20.510523,54.704093],[20.510516,54.703977],[20.510613,54.703977],[20.510628,54.704186]]}},{"type":"Feature","properties":{"kind":"green","name":"","osm":"way/220328688"},"geometry":{"type":"Polygon","coordinates":[[[20.512149,54.704299],[20.512252,54.704289],[20.512193,54.704018],[20.512148,54.704027],[20.512164,54.704162],[20.511448,54.704209],[20.511443,54.70417],[20.510033,54.704259],[20.510054,54.704381],[20.510258,54.70437],[20.510269,54.704451],[20.512149,54.704299]]]}},{"type":"Feature","properties":{"kind":"green","name":"","osm":"way/220329109"},"geometry":{"type":"Polygon","coordinates":[[[20.512124,54.704503],[20.512148,54.704588],[20.510124,54.704758],[20.510105,54.704656],[20.512124,54.704503]]]}},{"type":"Feature","properties":{"kind":"green","name":"","osm":"way/220330806"},"geometry":{"type":"Polygon","coordinates":[[[20.509968,54.704662],[20.509984,54.704775],[20.508999,54.704838],[20.508978,54.704729],[20.509968,54.704662]]]}},{"type":"Feature","properties":{"kind":"building","name":"","osm":"way/220332421"},"geometry":{"type":"Polygon","coordinates":[[[20.508175,54.704956],[20.508289,54.704944],[20.508307,54.705001],[20.508193,54.705013],[20.508175,54.704956]]]}},{"type":"Feature","properties":{"kind":"building","name":"","osm":"way/220336562"},"geometry":{"type":"Polygon","coordinates":[[[20.512763,54.704394],[20.512768,54.704344],[20.512778,54.704236],[20.512782,54.704184],[20.512914,54.704167],[20.51305,54.704136],[20.513176,54.7041],[20.513307,54.704045],[20.513372,54.704007],[20.513428,54.703963],[20.513491,54.703988],[20.513672,54.704059],[20.513633,54.704092],[20.513477,54.704208],[20.513334,54.704278],[20.513105,54.704344],[20.512919,54.704378],[20.512763,54.704394]]]}},{"type":"Feature","properties":{"kind":"building","name":"","osm":"way/220337585"},"geometry":{"type":"Polygon","coordinates":[[[20.512566,54.704063],[20.512587,54.704105],[20.512511,54.704118],[20.512489,54.704076],[20.512566,54.704063]]]}},{"type":"Feature","properties":{"kind":"road","name":"","osm":"way/220338094","highway":"service","access":"","foot":""},"geometry":{"type":"LineString","coordinates":[[20.514072,54.704118],[20.514018,54.704232],[20.513963,54.704324],[20.513866,54.704424],[20.513749,54.704494],[20.513643,54.704541],[20.513522,54.704583],[20.5134,54.704609],[20.51325,54.704628],[20.513073,54.704646],[20.512879,54.70466],[20.512673,54.704662],[20.51254,54.704658],[20.512433,54.704616],[20.512346,54.704289],[20.512312,54.704165],[20.512277,54.704059],[20.512261,54.704008],[20.512244,54.703958]]}},{"type":"Feature","properties":{"kind":"road","name":"","osm":"way/220338243","highway":"service","access":"","foot":""},"geometry":{"type":"LineString","coordinates":[[20.512312,54.704165],[20.512351,54.704205],[20.512385,54.704229],[20.51246,54.704235],[20.512533,54.704237],[20.512778,54.704236]]}},{"type":"Feature","properties":{"kind":"road","name":"","osm":"way/220338244","highway":"service","access":"","foot":""},"geometry":{"type":"LineString","coordinates":[[20.512346,54.704289],[20.512382,54.704317],[20.512419,54.704331],[20.512482,54.70434],[20.512554,54.704345],[20.512625,54.704344],[20.512768,54.704344]]}},{"type":"Feature","properties":{"kind":"road","name":"","osm":"way/220340964","highway":"footway","access":"","foot":""},"geometry":{"type":"LineString","coordinates":[[20.513944,54.703733],[20.512415,54.704033],[20.512261,54.704008]]}},{"type":"Feature","properties":{"kind":"road","name":"","osm":"way/220341163","highway":"footway","access":"","foot":""},"geometry":{"type":"LineString","coordinates":[[20.512415,54.704033],[20.512418,54.704049],[20.51246,54.704235],[20.512482,54.70434]]}},{"type":"Feature","properties":{"kind":"road","name":"Эпроновская улица","osm":"way/220342149","highway":"service","access":"","foot":""},"geometry":{"type":"LineString","coordinates":[[20.513912,54.70364],[20.513944,54.703733],[20.513946,54.703754],[20.513947,54.703761],[20.513955,54.703826],[20.513873,54.703949],[20.513823,54.703966],[20.513758,54.703964],[20.513687,54.703954],[20.513619,54.703938],[20.513588,54.703939],[20.513544,54.70395],[20.513491,54.703988]]}},{"type":"Feature","properties":{"kind":"road","name":"","osm":"way/220470328","highway":"path","access":"","foot":""},"geometry":{"type":"LineString","coordinates":[[20.509979,54.704407],[20.510418,54.704189]]}},{"type":"Feature","properties":{"kind":"road","name":"","osm":"way/220470329","highway":"footway","access":"","foot":""},"geometry":{"type":"LineString","coordinates":[[20.510439,54.704374],[20.510418,54.704189]]}},{"type":"Feature","properties":{"kind":"road","name":"","osm":"way/221356650","highway":"footway","access":"","foot":""},"geometry":{"type":"LineString","coordinates":[[20.515841,54.710852],[20.515887,54.710778],[20.515914,54.710735],[20.51596,54.710671]]}},{"type":"Feature","properties":{"kind":"road","name":"","osm":"way/221356651","highway":"footway","access":"","foot":""},"geometry":{"type":"LineString","coordinates":[[20.51596,54.710671],[20.515991,54.710619],[20.516061,54.710541],[20.516393,54.710174]]}},{"type":"Feature","properties":{"kind":"road","name":"","osm":"way/222028371","highway":"service","access":"","foot":""},"geometry":{"type":"LineString","coordinates":[[20.50717,54.711467],[20.506795,54.711466]]}},{"type":"Feature","properties":{"kind":"road","name":"","osm":"way/222028372","highway":"service","access":"","foot":""},"geometry":{"type":"LineString","coordinates":[[20.508963,54.710969],[20.50877,54.710942],[20.508676,54.710721],[20.508597,54.710738],[20.508417,54.710764]]}},{"type":"Feature","properties":{"kind":"building","name":"","osm":"way/225689611"},"geometry":{"type":"Polygon","coordinates":[[[20.499935,54.707281],[20.499899,54.707161],[20.499917,54.707159],[20.499908,54.707126],[20.499967,54.707119],[20.499964,54.707109],[20.50017,54.707088],[20.500168,54.707076],[20.500879,54.707002],[20.500883,54.707015],[20.501089,54.706994],[20.501092,54.707005],[20.501152,54.706999],[20.501161,54.707032],[20.501181,54.707031],[20.501217,54.707151],[20.500972,54.707176],[20.500954,54.707119],[20.500913,54.707123],[20.500916,54.707134],[20.500787,54.707146],[20.500789,54.707153],[20.500701,54.707162],[20.500699,54.707155],[20.500429,54.707183],[20.500431,54.70719],[20.500337,54.7072],[20.500334,54.707193],[20.500207,54.707206],[20.500204,54.707196],[20.500163,54.7072],[20.500181,54.707257],[20.499935,54.707281]]]}},{"type":"Feature","properties":{"kind":"building","name":"улица Маршала Баграмяна 36","osm":"way/225689995"},"geometry":{"type":"Polygon","coordinates":[[[20.491535,54.707211],[20.492515,54.707283],[20.492465,54.707512],[20.492481,54.707742],[20.492219,54.707749],[20.4922,54.707469],[20.492165,54.707466],[20.492175,54.70742],[20.492014,54.707407],[20.492009,54.707433],[20.491913,54.707426],[20.491914,54.70742],[20.491789,54.70741],[20.491788,54.707416],[20.491691,54.707408],[20.491696,54.707383],[20.491535,54.707371],[20.491535,54.707211]]]}},{"type":"Feature","properties":{"kind":"road","name":"","osm":"way/231898293","highway":"path","access":"","foot":"designated"},"geometry":{"type":"LineString","coordinates":[[20.51519,54.710519],[20.515494,54.710532],[20.515749,54.710568],[20.515991,54.710619],[20.516214,54.710677],[20.516257,54.710688],[20.516516,54.710791],[20.516782,54.710909],[20.517369,54.711266],[20.51745,54.71131]]}},{"type":"Feature","properties":{"kind":"road","name":"","osm":"way/231898299","highway":"path","access":"","foot":"designated"},"geometry":{"type":"LineString","coordinates":[[20.517178,54.711664],[20.517091,54.711594],[20.517025,54.711545],[20.516715,54.711316],[20.516472,54.711173],[20.516285,54.711093],[20.515989,54.710991],[20.515745,54.710927],[20.515626,54.710909],[20.515392,54.710882],[20.515018,54.710873],[20.514719,54.710892],[20.514242,54.710962]]}},{"type":"Feature","properties":{"kind":"road","name":"","osm":"way/231900698","highway":"footway","access":"","foot":""},"geometry":{"type":"LineString","coordinates":[[20.515787,54.710019],[20.51571,54.709846],[20.515967,54.709671],[20.516193,54.709575],[20.516364,54.709487],[20.516404,54.709466],[20.51639,54.709417]]}},{"type":"Feature","properties":{"kind":"road","name":"","osm":"way/231900699","highway":"footway","access":"","foot":""},"geometry":{"type":"LineString","coordinates":[[20.515787,54.710019],[20.516679,54.709894]]}},{"type":"Feature","properties":{"kind":"road","name":"","osm":"way/234749417","highway":"footway","access":"","foot":"designated"},"geometry":{"type":"LineString","coordinates":[[20.503265,54.710192],[20.501475,54.710353],[20.50049,54.710443],[20.498459,54.710615],[20.497893,54.710663],[20.497509,54.710695],[20.496701,54.710764],[20.496099,54.710838],[20.495651,54.710951],[20.495472,54.711013]]}},{"type":"Feature","properties":{"kind":"road","name":"Больничная улица","osm":"way/238150710","highway":"residential","access":"","foot":""},"geometry":{"type":"LineString","coordinates":[[20.503427,54.710785],[20.503502,54.711416],[20.503607,54.712094]]}},{"type":"Feature","properties":{"kind":"road","name":"Больничная улица","osm":"way/238150711","highway":"residential","access":"","foot":""},"geometry":{"type":"LineString","coordinates":[[20.503607,54.712094],[20.503653,54.712511],[20.50371,54.712969],[20.503714,54.713003],[20.503796,54.713393],[20.503808,54.713636],[20.503701,54.713856],[20.503547,54.714037]]}},{"type":"Feature","properties":{"kind":"road","name":"","osm":"way/238150712","highway":"living_street","access":"","foot":""},"geometry":{"type":"LineString","coordinates":[[20.502196,54.709081],[20.501883,54.708778]]}},{"type":"Feature","properties":{"kind":"road","name":"","osm":"way/238150713","highway":"living_street","access":"","foot":""},"geometry":{"type":"LineString","coordinates":[[20.501921,54.709386],[20.501906,54.709345],[20.501829,54.709146],[20.502196,54.709081],[20.502843,54.708974],[20.502394,54.708307],[20.501736,54.708415]]}},{"type":"Feature","properties":{"kind":"building","name":"","osm":"way/238150714"},"geometry":{"type":"Polygon","coordinates":[[[20.502474,54.708965],[20.502569,54.708944],[20.502675,54.70892],[20.502468,54.708643],[20.502343,54.708476],[20.502284,54.708395],[20.502067,54.708436],[20.502474,54.708965]]]}},{"type":"Feature","properties":{"kind":"road","name":"","osm":"way/242392539","highway":"service","access":"","foot":""},"geometry":{"type":"LineString","coordinates":[[20.494923,54.710331],[20.494867,54.710085],[20.494753,54.710094]]}},{"type":"Feature","properties":{"kind":"road","name":"","osm":"way/242393720","highway":"service","access":"","foot":""},"geometry":{"type":"LineString","coordinates":[[20.496687,54.709889],[20.496757,54.710074],[20.496698,54.710135],[20.496612,54.710158],[20.496524,54.710144],[20.496457,54.710101],[20.496344,54.709926]]}},{"type":"Feature","properties":{"kind":"road","name":"","osm":"way/242393721","highway":"residential","access":"","foot":""},"geometry":{"type":"LineString","coordinates":[[20.495855,54.709975],[20.496344,54.709926],[20.496687,54.709889],[20.4968,54.709881],[20.497135,54.709855]]}},{"type":"Feature","properties":{"kind":"road","name":"","osm":"way/245320146","highway":"pedestrian","access":"","foot":""},"geometry":{"type":"LineString","coordinates":[[20.505881,54.707767],[20.506069,54.708039],[20.506172,54.708167],[20.506355,54.708284],[20.506794,54.708488],[20.506994,54.708566],[20.507169,54.708622],[20.507358,54.708652],[20.507472,54.70867],[20.507585,54.708665],[20.507699,54.708657],[20.508459,54.708537],[20.508466,54.708535],[20.508755,54.708469],[20.50997,54.708146],[20.510317,54.708028],[20.510783,54.707883],[20.511038,54.707804],[20.511729,54.7076],[20.512559,54.707473]]}},{"type":"Feature","properties":{"kind":"road","name":"набережная Петра Великого","osm":"way/245320148","highway":"pedestrian","access":"no","foot":"yes"},"geometry":{"type":"LineString","coordinates":[[20.504939,54.706281],[20.505174,54.706317],[20.505243,54.706534],[20.505259,54.706576],[20.505528,54.707232],[20.505716,54.707506],[20.505821,54.707671],[20.505881,54.707767]]}},{"type":"Feature","properties":{"kind":"road","name":"","osm":"way/256923447","highway":"service","access":"","foot":""},"geometry":{"type":"LineString","coordinates":[[20.506616,54.713051],[20.506567,54.713124],[20.506349,54.713375]]}},{"type":"Feature","properties":{"kind":"road","name":"","osm":"way/258160166","highway":"path","access":"","foot":"designated"},"geometry":{"type":"LineString","coordinates":[[20.515286,54.708365],[20.515404,54.708397],[20.515515,54.708415],[20.515657,54.708428],[20.515802,54.708433],[20.516795,54.708482],[20.517008,54.708493]]}},{"type":"Feature","properties":{"kind":"road","name":"Житомирская улица","osm":"way/258616643","highway":"tertiary","access":"","foot":""},"geometry":{"type":"LineString","coordinates":[[20.506725,54.713273],[20.506723,54.713177],[20.506695,54.71311],[20.506616,54.713051]]}},{"type":"Feature","properties":{"kind":"road","name":"","osm":"way/259696035","highway":"service","access":"","foot":""},"geometry":{"type":"LineString","coordinates":[[20.49877,54.70697],[20.498758,54.706924],[20.498755,54.70691],[20.498719,54.706766],[20.498581,54.706776],[20.498297,54.706839],[20.498028,54.706855],[20.497657,54.706877]]}},{"type":"Feature","properties":{"kind":"building","name":"Лодейный двор","osm":"way/261379748"},"geometry":{"type":"Polygon","coordinates":[[[20.494073,54.704811],[20.494439,54.704776],[20.494349,54.704532],[20.494059,54.704452],[20.493987,54.704543],[20.49422,54.704606],[20.494257,54.704703],[20.494043,54.704726],[20.494073,54.704811]]]}},{"type":"Feature","properties":{"kind":"building","name":"Фридрихсбургские ворота","osm":"way/261379749"},"geometry":{"type":"Polygon","coordinates":[[[20.493353,54.704584],[20.493609,54.704614],[20.493619,54.704587],[20.493622,54.704576],[20.493711,54.704586],[20.493727,54.704542],[20.49373,54.704532],[20.493706,54.704529],[20.493703,54.704539],[20.493693,54.704566],[20.493629,54.70456],[20.493638,54.704556],[20.493639,54.704549],[20.493634,54.704544],[20.493643,54.704516],[20.493651,54.704493],[20.493661,54.70449],[20.493664,54.704483],[20.493657,54.704478],[20.493723,54.704485],[20.493716,54.704505],[20.493712,54.704516],[20.493735,54.704518],[20.493739,54.704508],[20.493751,54.704474],[20.493766,54.704432],[20.493769,54.704421],[20.493749,54.704419],[20.493746,54.704429],[20.493731,54.704471],[20.493662,54.704463],[20.49367,54.70444],[20.49368,54.704412],[20.493424,54.704382],[20.493414,54.70441],[20.493401,54.704447],[20.49339,54.704451],[20.493387,54.704458],[20.493395,54.704465],[20.493376,54.704518],[20.493366,54.704522],[20.493364,54.704531],[20.49337,54.704536],[20.493363,54.704557],[20.493353,54.704584]]]}},{"type":"Feature","properties":{"kind":"road","name":"","osm":"way/261379750","highway":"footway","access":"","foot":""},"geometry":{"type":"LineString","coordinates":[[20.493775,54.704595],[20.494042,54.704583]]}},{"type":"Feature","properties":{"kind":"road","name":"","osm":"way/261379751","highway":"footway","access":"","foot":""},"geometry":{"type":"LineString","coordinates":[[20.493404,54.705031],[20.493414,54.705002],[20.493433,54.704938],[20.493733,54.70477],[20.493775,54.704595],[20.493791,54.704534],[20.493732,54.704527],[20.493643,54.704516]]}},{"type":"Feature","properties":{"kind":"building","name":"","osm":"way/261379753"},"geometry":{"type":"Polygon","coordinates":[[[20.494283,54.704896],[20.494374,54.704887],[20.494548,54.704869],[20.494533,54.704818],[20.494506,54.704821],[20.494493,54.704778],[20.494255,54.704802],[20.494283,54.704896]]]}},{"type":"Feature","properties":{"kind":"building","name":"","osm":"way/261379754"},"geometry":{"type":"Polygon","coordinates":[[[20.493859,54.704103],[20.493726,54.704272],[20.494069,54.704362],[20.494202,54.704194],[20.493859,54.704103]]]}},{"type":"Feature","properties":{"kind":"building","name":"","osm":"way/261379756"},"geometry":{"type":"Polygon","coordinates":[[[20.493806,54.703629],[20.49333,54.701841],[20.492747,54.701892],[20.493222,54.703681],[20.493806,54.703629]]]}},{"type":"Feature","properties":{"kind":"road","name":"Железнодорожная улица","osm":"way/263192167","highway":"primary","access":"","foot":""},"geometry":{"type":"LineString","coordinates":[[20.490447,54.70491],[20.490648,54.70477],[20.490887,54.704506],[20.490901,54.704376],[20.49089,54.703982],[20.490942,54.703761],[20.491319,54.702931],[20.491481,54.702612],[20.491547,54.70243]]}},{"type":"Feature","properties":{"kind":"road","name":"Университетская улица","osm":"way/270046393","highway":"footway","access":"","foot":""},"geometry":{"type":"LineString","coordinates":[[20.50814,54.712905],[20.508265,54.712967],[20.509319,54.71348],[20.509385,54.713513],[20.50993,54.713789],[20.510085,54.713866],[20.510483,54.714107],[20.510518,54.714128],[20.510771,54.714282],[20.511048,54.714431],[20.511068,54.71447],[20.511061,54.714519],[20.511029,54.714617]]}},{"type":"Feature","properties":{"kind":"road","name":"Университетская улица","osm":"way/270046394","highway":"footway","access":"","foot":""},"geometry":{"type":"LineString","coordinates":[[20.507949,54.712811],[20.50814,54.712905]]}},{"type":"Feature","properties":{"kind":"road","name":"улица Виктора Гюго","osm":"way/274853446","highway":"service","access":"","foot":""},"geometry":{"type":"LineString","coordinates":[[20.505446,54.708092],[20.50527,54.708134],[20.505231,54.708165],[20.505228,54.708207],[20.505393,54.708538],[20.505444,54.708584],[20.505502,54.708598],[20.505736,54.70859]]}},{"type":"Feature","properties":{"kind":"road","name":"","osm":"way/286841519","highway":"footway","access":"","foot":""},"geometry":{"type":"LineString","coordinates":[[20.512165,54.711398],[20.512336,54.711367],[20.512461,54.711345]]}},{"type":"Feature","properties":{"kind":"road","name":"","osm":"way/286841523","highway":"footway","access":"","foot":""},"geometry":{"type":"LineString","coordinates":[[20.512947,54.712032],[20.513135,54.71208],[20.513171,54.712126],[20.513265,54.712268],[20.513338,54.712344],[20.513383,54.712419],[20.513286,54.712616]]}},{"type":"Feature","properties":{"kind":"road","name":"","osm":"way/286841524","highway":"footway","access":"","foot":""},"geometry":{"type":"LineString","coordinates":[[20.513731,54.713461],[20.513652,54.713269],[20.513286,54.712616],[20.512947,54.712032],[20.512615,54.711488],[20.51258,54.711423],[20.51254,54.711339]]}},{"type":"Feature","properties":{"kind":"road","name":"Ленинский проспект","osm":"way/286877295","highway":"primary","access":"","foot":"no"},"geometry":{"type":"LineString","coordinates":[[20.509247,54.711695],[20.509071,54.71185]]}},{"type":"Feature","properties":{"kind":"road","name":"","osm":"way/286877296","highway":"footway","access":"","foot":""},"geometry":{"type":"LineString","coordinates":[[20.510175,54.711641],[20.510083,54.71167]]}},{"type":"Feature","properties":{"kind":"road","name":"","osm":"way/286877297","highway":"footway","access":"","foot":""},"geometry":{"type":"LineString","coordinates":[[20.510083,54.71167],[20.509981,54.711658],[20.509901,54.711652],[20.509779,54.711659],[20.509613,54.711688]]}},{"type":"Feature","properties":{"kind":"road","name":"","osm":"way/286877298","highway":"footway","access":"","foot":""},"geometry":{"type":"LineString","coordinates":[[20.508766,54.712323],[20.508703,54.712293]]}},{"type":"Feature","properties":{"kind":"road","name":"","osm":"way/286877299","highway":"footway","access":"","foot":""},"geometry":{"type":"LineString","coordinates":[[20.50935,54.71204],[20.509297,54.711926]]}},{"type":"Feature","properties":{"kind":"road","name":"","osm":"way/286877300","highway":"footway","access":"","foot":""},"geometry":{"type":"LineString","coordinates":[[20.508924,54.712398],[20.508766,54.712323]]}},{"type":"Feature","properties":{"kind":"road","name":"","osm":"way/286877301","highway":"footway","access":"","foot":""},"geometry":{"type":"LineString","coordinates":[[20.511819,54.711371],[20.510175,54.711641]]}},{"type":"Feature","properties":{"kind":"road","name":"","osm":"way/286877302","highway":"footway","access":"","foot":""},"geometry":{"type":"LineString","coordinates":[[20.510104,54.712001],[20.510019,54.711796],[20.509946,54.711803]]}},{"type":"Feature","properties":{"kind":"road","name":"","osm":"way/286877303","highway":"footway","access":"","foot":""},"geometry":{"type":"LineString","coordinates":[[20.512165,54.711398],[20.512101,54.711361],[20.512037,54.711356],[20.511897,54.711357],[20.511819,54.711371]]}},{"type":"Feature","properties":{"kind":"road","name":"","osm":"way/286877304","highway":"footway","access":"","foot":""},"geometry":{"type":"LineString","coordinates":[[20.509613,54.711688],[20.509578,54.711621],[20.509544,54.711557],[20.50953,54.71153],[20.509528,54.711527],[20.509513,54.711497],[20.509498,54.711469],[20.509483,54.711441],[20.509554,54.711368]]}},{"type":"Feature","properties":{"kind":"road","name":"","osm":"way/286877305","highway":"footway","access":"","foot":""},"geometry":{"type":"LineString","coordinates":[[20.511897,54.711357],[20.511841,54.711246],[20.51181,54.711188],[20.511794,54.711156],[20.511754,54.711081],[20.511729,54.711031],[20.511713,54.711001],[20.511627,54.710821]]}},{"type":"Feature","properties":{"kind":"road","name":"","osm":"way/286877307","highway":"service","access":"","foot":""},"geometry":{"type":"LineString","coordinates":[[20.510078,54.711537],[20.509981,54.711658],[20.509936,54.711705],[20.5099,54.711731],[20.509869,54.71175],[20.509361,54.711832],[20.509312,54.71184],[20.509071,54.71185]]}},{"type":"Feature","properties":{"kind":"road","name":"Ленинский проспект","osm":"way/287846920","highway":"primary","access":"","foot":"no"},"geometry":{"type":"LineString","coordinates":[[20.509071,54.71185],[20.508907,54.711982]]}},{"type":"Feature","properties":{"kind":"road","name":"","osm":"way/287846927","highway":"cycleway","access":"","foot":""},"geometry":{"type":"LineString","coordinates":[[20.508167,54.710037],[20.508298,54.710051],[20.508379,54.710088],[20.508532,54.710352],[20.508515,54.710386],[20.508568,54.710573],[20.508533,54.710604]]}},{"type":"Feature","properties":{"kind":"road","name":"","osm":"way/287846929","highway":"footway","access":"","foot":""},"geometry":{"type":"LineString","coordinates":[[20.508531,54.711913],[20.508595,54.711854],[20.508611,54.711795],[20.50862,54.711737],[20.508706,54.711658],[20.508816,54.711197],[20.508713,54.71098]]}},{"type":"Feature","properties":{"kind":"road","name":"","osm":"way/287846933","highway":"footway","access":"","foot":""},"geometry":{"type":"LineString","coordinates":[[20.509172,54.710262],[20.509088,54.710275]]}},{"type":"Feature","properties":{"kind":"road","name":"","osm":"way/287846938","highway":"footway","access":"","foot":""},"geometry":{"type":"LineString","coordinates":[[20.504395,54.702246],[20.504136,54.702291]]}},{"type":"Feature","properties":{"kind":"road","name":"","osm":"way/287846939","highway":"footway","access":"","foot":""},"geometry":{"type":"LineString","coordinates":[[20.508213,54.710107],[20.508315,54.7101]]}},{"type":"Feature","properties":{"kind":"road","name":"","osm":"way/287846940","highway":"footway","access":"","foot":""},"geometry":{"type":"LineString","coordinates":[[20.509063,54.709994],[20.508964,54.71]]}},{"type":"Feature","properties":{"kind":"road","name":"","osm":"way/287846942","highway":"footway","access":"","foot":""},"geometry":{"type":"LineString","coordinates":[[20.504063,54.699167],[20.50383,54.699136],[20.503704,54.699136],[20.503594,54.699144],[20.503485,54.699189],[20.50347,54.699232],[20.503464,54.699288],[20.50368,54.699716],[20.503812,54.69997],[20.503901,54.70014],[20.504004,54.700318],[20.504702,54.701513],[20.504894,54.70186],[20.505105,54.702253],[20.505135,54.702308],[20.505161,54.702356],[20.505204,54.702441],[20.505546,54.703134],[20.505997,54.704045],[20.506003,54.704082],[20.506056,54.704178],[20.506124,54.704192],[20.506062,54.704251],[20.506039,54.704337]]}},{"type":"Feature","properties":{"kind":"road","name":"","osm":"way/287846952","highway":"steps","access":"","foot":""},"geometry":{"type":"LineString","coordinates":[[20.508606,54.709022],[20.508459,54.709044],[20.508491,54.709125],[20.508409,54.709139]]}},{"type":"Feature","properties":{"kind":"road","name":"","osm":"way/287846953","highway":"steps","access":"","foot":""},"geometry":{"type":"LineString","coordinates":[[20.508056,54.709232],[20.507986,54.709243],[20.507935,54.70914],[20.507695,54.709172]]}},{"type":"Feature","properties":{"kind":"road","name":"","osm":"way/287846956","highway":"footway","access":"","foot":""},"geometry":{"type":"LineString","coordinates":[[20.508251,54.709613],[20.508056,54.709232],[20.507007,54.707124]]}},{"type":"Feature","properties":{"kind":"road","name":"","osm":"way/287846960","highway":"footway","access":"","foot":""},"geometry":{"type":"LineString","coordinates":[[20.506247,54.704759],[20.506404,54.705078],[20.507349,54.706991],[20.508409,54.709139],[20.508613,54.709552]]}},{"type":"Feature","properties":{"kind":"road","name":"","osm":"way/287846963","highway":"footway","access":"","foot":""},"geometry":{"type":"LineString","coordinates":[[20.505135,54.702308],[20.505212,54.702294],[20.505653,54.702223],[20.506326,54.702129],[20.506708,54.702075],[20.506957,54.70204],[20.507958,54.701899],[20.508181,54.701868],[20.509058,54.701741],[20.509455,54.701683],[20.509556,54.701663],[20.509589,54.701656],[20.509699,54.701634],[20.511099,54.701357],[20.511486,54.701277],[20.511543,54.701265],[20.511582,54.701257],[20.511773,54.701218],[20.512988,54.700969],[20.513085,54.700947],[20.513434,54.700607],[20.513597,54.700415],[20.513679,54.700318],[20.513696,54.700297],[20.513725,54.700254],[20.513773,54.699761],[20.513772,54.699673]]}},{"type":"Feature","properties":{"kind":"road","name":"","osm":"way/287846966","highway":"footway","access":"","foot":""},"geometry":{"type":"LineString","coordinates":[[20.509124,54.70989],[20.509092,54.709812],[20.509068,54.709757],[20.509054,54.709723],[20.508864,54.709679],[20.508727,54.709615],[20.508656,54.709586],[20.508613,54.709552]]}},{"type":"Feature","properties":{"kind":"road","name":"набережная Петра Великого","osm":"way/288838788","highway":"pedestrian","access":"no","foot":""},"geometry":{"type":"LineString","coordinates":[[20.493446,54.706712],[20.493786,54.706742],[20.494206,54.706773],[20.494539,54.706773],[20.494853,54.706772],[20.495123,54.706756],[20.495874,54.706695],[20.496274,54.706661],[20.496484,54.706643],[20.497071,54.706592],[20.498218,54.706508],[20.498432,54.706492]]}},{"type":"Feature","properties":{"kind":"building","name":"","osm":"way/289988910"},"geometry":{"type":"Polygon","coordinates":[[[20.492196,54.710795],[20.492292,54.710889],[20.492589,54.710788],[20.492493,54.710694],[20.492196,54.710795]]]}},{"type":"Feature","properties":{"kind":"building","name":"","osm":"way/289988911"},"geometry":{"type":"Polygon","coordinates":[[[20.492598,54.710666],[20.492498,54.710544],[20.492404,54.71057],[20.492504,54.710692],[20.492598,54.710666]]]}},{"type":"Feature","properties":{"kind":"road","name":"","osm":"way/290833258","highway":"living_street","access":"","foot":""},"geometry":{"type":"LineString","coordinates":[[20.503271,54.710077],[20.503265,54.710192],[20.503312,54.710563]]}},{"type":"Feature","properties":{"kind":"road","name":"","osm":"way/290833916","highway":"living_street","access":"","foot":""},"geometry":{"type":"LineString","coordinates":[[20.503312,54.710563],[20.503025,54.710584],[20.502578,54.710616],[20.501719,54.710699],[20.501535,54.710645],[20.501475,54.710353],[20.501449,54.710237]]}},{"type":"Feature","properties":{"kind":"road","name":"","osm":"way/290833917","highway":"living_street","access":"","foot":""},"geometry":{"type":"LineString","coordinates":[[20.501535,54.710645],[20.50136,54.71069],[20.501226,54.710777],[20.501024,54.71079]]}},{"type":"Feature","properties":{"kind":"road","name":"","osm":"way/290834126","highway":"footway","access":"","foot":""},"geometry":{"type":"LineString","coordinates":[[20.501024,54.71079],[20.500615,54.710803]]}},{"type":"Feature","properties":{"kind":"road","name":"","osm":"way/290834127","highway":"steps","access":"","foot":""},"geometry":{"type":"LineString","coordinates":[[20.50306,54.71081],[20.503025,54.710584]]}},{"type":"Feature","properties":{"kind":"road","name":"","osm":"way/290835250","highway":"living_street","access":"","foot":""},"geometry":{"type":"LineString","coordinates":[[20.500463,54.710332],[20.50049,54.710443],[20.500559,54.71073]]}},{"type":"Feature","properties":{"kind":"road","name":"","osm":"way/290835251","highway":"steps","access":"","foot":""},"geometry":{"type":"LineString","coordinates":[[20.500559,54.71073],[20.500615,54.710803]]}},{"type":"Feature","properties":{"kind":"road","name":"","osm":"way/290835252","highway":"service","access":"","foot":""},"geometry":{"type":"LineString","coordinates":[[20.500243,54.710794],[20.500305,54.711157]]}},{"type":"Feature","properties":{"kind":"road","name":"","osm":"way/290835253","highway":"footway","access":"","foot":""},"geometry":{"type":"LineString","coordinates":[[20.500615,54.710803],[20.50042,54.710812]]}},{"type":"Feature","properties":{"kind":"road","name":"","osm":"way/290898017","highway":"footway","access":"","foot":"designated"},"geometry":{"type":"LineString","coordinates":[[20.503569,54.710152],[20.503356,54.71018],[20.503265,54.710192]]}},{"type":"Feature","properties":{"kind":"road","name":"","osm":"way/290898018","highway":"footway","access":"","foot":""},"geometry":{"type":"LineString","coordinates":[[20.505621,54.710079],[20.50601,54.710182]]}},{"type":"Feature","properties":{"kind":"road","name":"","osm":"way/290898272","highway":"service","access":"","foot":""},"geometry":{"type":"LineString","coordinates":[[20.506861,54.710699],[20.507132,54.710698],[20.507135,54.710601],[20.507103,54.710492]]}},{"type":"Feature","properties":{"kind":"road","name":"","osm":"way/290898273","highway":"service","access":"","foot":""},"geometry":{"type":"LineString","coordinates":[[20.506855,54.710777],[20.507431,54.710789],[20.507901,54.710799],[20.507759,54.711776]]}},{"type":"Feature","properties":{"kind":"road","name":"","osm":"way/290901706","highway":"living_street","access":"","foot":""},"geometry":{"type":"LineString","coordinates":[[20.506671,54.710463],[20.5064,54.710434],[20.50595,54.710471],[20.505641,54.710482],[20.505488,54.710463],[20.505268,54.710466],[20.504469,54.710549],[20.504363,54.710576],[20.504268,54.71064],[20.504251,54.71068]]}},{"type":"Feature","properties":{"kind":"road","name":"","osm":"way/290902805","highway":"service","access":"","foot":""},"geometry":{"type":"LineString","coordinates":[[20.506815,54.711241],[20.507057,54.711239],[20.507088,54.71087]]}},{"type":"Feature","properties":{"kind":"road","name":"","osm":"way/290902806","highway":"service","access":"","foot":""},"geometry":{"type":"LineString","coordinates":[[20.507057,54.711239],[20.507047,54.711353]]}},{"type":"Feature","properties":{"kind":"road","name":"","osm":"way/290906404","highway":"footway","access":"","foot":""},"geometry":{"type":"LineString","coordinates":[[20.506492,54.710283],[20.508167,54.710037]]}},{"type":"Feature","properties":{"kind":"road","name":"","osm":"way/290906405","highway":"path","access":"","foot":"designated"},"geometry":{"type":"LineString","coordinates":[[20.511357,54.709048],[20.511281,54.70904],[20.510733,54.709116],[20.510615,54.709166],[20.510537,54.709189],[20.50984,54.709302],[20.509611,54.709305],[20.508833,54.709435],[20.508581,54.709453],[20.508151,54.709532],[20.507957,54.709584],[20.50731,54.709681],[20.507003,54.709755],[20.506617,54.709814],[20.506176,54.709883]]}},{"type":"Feature","properties":{"kind":"road","name":"","osm":"way/290906406","highway":"footway","access":"","foot":""},"geometry":{"type":"LineString","coordinates":[[20.51428,54.708805],[20.515006,54.708796],[20.51521,54.708803],[20.515904,54.708825],[20.516591,54.708857],[20.517021,54.708877],[20.517577,54.708908],[20.517861,54.708941]]}},{"type":"Feature","properties":{"kind":"road","name":"набережная Александра Маринеско","osm":"way/295023404","highway":"pedestrian","access":"","foot":""},"geometry":{"type":"LineString","coordinates":[[20.520903,54.720234],[20.520819,54.720208],[20.520737,54.720151],[20.52057,54.720044],[20.520545,54.719918],[20.520521,54.719867],[20.520508,54.719808],[20.520485,54.719732],[20.520444,54.719639],[20.520231,54.719388],[20.519626,54.718585],[20.519502,54.718403],[20.519468,54.718252],[20.519456,54.718122],[20.519347,54.718001],[20.519129,54.717771],[20.519103,54.717742],[20.519088,54.717718],[20.519023,54.717613],[20.518525,54.717138],[20.518275,54.716875],[20.518239,54.716837],[20.518242,54.716777],[20.518295,54.716616],[20.518194,54.716494],[20.518072,54.716389],[20.517896,54.716207],[20.517738,54.716069],[20.517485,54.715715],[20.517457,54.715682],[20.517242,54.715454],[20.516863,54.715152],[20.516425,54.714778],[20.516234,54.71469],[20.516152,54.714604],[20.515373,54.714439],[20.514675,54.714251],[20.514312,54.714129],[20.514204,54.714074],[20.514154,54.713886],[20.514134,54.713653],[20.514169,54.713458],[20.514141,54.713373],[20.51408,54.713017],[20.513937,54.712725],[20.513809,54.712544],[20.513533,54.712245],[20.513496,54.712205],[20.51345,54.712141],[20.513415,54.712086],[20.513044,54.711582],[20.513008,54.711529],[20.51295,54.711439]]}},{"type":"Feature","properties":{"kind":"road","name":"","osm":"way/301573655","highway":"footway","access":"","foot":""},"geometry":{"type":"LineString","coordinates":[[20.513618,54.711313],[20.51355,54.711193]]}},{"type":"Feature","properties":{"kind":"road","name":"","osm":"way/301573657","highway":"footway","access":"","foot":""},"geometry":{"type":"LineString","coordinates":[[20.515432,54.712192],[20.515728,54.712106],[20.516411,54.711887],[20.517178,54.711664]]}},{"type":"Feature","properties":{"kind":"road","name":"набережная Александра Маринеско","osm":"way/301573659","highway":"pedestrian","access":"","foot":""},"geometry":{"type":"LineString","coordinates":[[20.51295,54.711439],[20.513618,54.711313]]}},{"type":"Feature","properties":{"kind":"road","name":"набережная Александра Маринеско","osm":"way/301573660","highway":"pedestrian","access":"","foot":""},"geometry":{"type":"LineString","coordinates":[[20.513618,54.711313],[20.513846,54.711289],[20.514114,54.711322],[20.514455,54.711429],[20.514699,54.711578],[20.51491,54.711736],[20.51506,54.711906],[20.515192,54.712073],[20.515233,54.712198],[20.515245,54.712291],[20.51522,54.712402],[20.515179,54.712536],[20.515181,54.712627],[20.515247,54.712783],[20.515301,54.712863],[20.515424,54.713102],[20.515539,54.71333],[20.515615,54.713396],[20.515876,54.713417],[20.516172,54.713446],[20.516406,54.713494],[20.516623,54.713585],[20.516939,54.71386],[20.517406,54.714289],[20.517592,54.714453],[20.517908,54.714653],[20.518021,54.714793],[20.518122,54.714893],[20.51828,54.715064],[20.518412,54.715222],[20.518567,54.715339],[20.518682,54.71546],[20.519088,54.71566],[20.519316,54.715782],[20.519428,54.715956],[20.519509,54.716033],[20.519528,54.716484],[20.519531,54.716561],[20.519686,54.716654],[20.520158,54.716871],[20.520263,54.717065],[20.5203,54.71729],[20.520289,54.717519],[20.520285,54.71799],[20.520303,54.718188],[20.520448,54.718406],[20.521304,54.719961],[20.521278,54.720075],[20.521281,54.720171]]}},{"type":"Feature","properties":{"kind":"road","name":"улица Шевченко","osm":"way/301573661","highway":"secondary","access":"","foot":"no"},"geometry":{"type":"LineString","coordinates":[[20.515841,54.710852],[20.515601,54.710811],[20.515216,54.710781],[20.514732,54.71079],[20.513637,54.710957]]}},{"type":"Feature","properties":{"kind":"road","name":"улица Шевченко","osm":"way/301573662","highway":"secondary","access":"","foot":"no"},"geometry":{"type":"LineString","coordinates":[[20.516785,54.711233],[20.516562,54.711094],[20.516316,54.710983],[20.516064,54.710904],[20.515841,54.710852]]}},{"type":"Feature","properties":{"kind":"green","name":"","osm":"way/306848955"},"geometry":{"type":"Polygon","coordinates":[[[20.510832,54.706611],[20.511116,54.707201],[20.510307,54.70756],[20.509313,54.707926],[20.508141,54.708139],[20.507473,54.708241],[20.507264,54.708207],[20.507124,54.708132],[20.506883,54.707853],[20.506598,54.707432],[20.506534,54.707201],[20.506958,54.707198],[20.507575,54.707051],[20.507622,54.70704],[20.507777,54.707012],[20.508039,54.706965],[20.508768,54.706833],[20.509314,54.706734],[20.509956,54.706611],[20.510397,54.706527],[20.510617,54.706478],[20.510832,54.706611]]]}},{"type":"Feature","properties":{"kind":"road","name":"","osm":"way/307449225","highway":"footway","access":"","foot":""},"geometry":{"type":"LineString","coordinates":[[20.500462,54.713087],[20.500602,54.713158],[20.500692,54.713232],[20.500931,54.71327],[20.501026,54.713338]]}},{"type":"Feature","properties":{"kind":"road","name":"","osm":"way/307455584","highway":"path","access":"","foot":"designated"},"geometry":{"type":"LineString","coordinates":[[20.506423,54.709441],[20.507783,54.709229],[20.508643,54.709088],[20.509178,54.708994],[20.50983,54.708881],[20.51043,54.708777],[20.51136,54.708639],[20.512269,54.708535],[20.512556,54.708514],[20.51283,54.708493],[20.513414,54.708454],[20.513605,54.708445],[20.513865,54.708432],[20.514043,54.708415],[20.514221,54.708367]]}},{"type":"Feature","properties":{"kind":"road","name":"","osm":"way/307455585","highway":"footway","access":"","foot":""},"geometry":{"type":"LineString","coordinates":[[20.506423,54.709441],[20.50631,54.709446],[20.506262,54.709442],[20.506207,54.70942],[20.506148,54.709454],[20.505975,54.709478],[20.505865,54.709493],[20.505784,54.709537]]}},{"type":"Feature","properties":{"kind":"road","name":"","osm":"way/307455589","highway":"footway","access":"","foot":""},"geometry":{"type":"LineString","coordinates":[[20.508643,54.709088],[20.508606,54.709022]]}},{"type":"Feature","properties":{"kind":"road","name":"","osm":"way/307455590","highway":"footway","access":"","foot":""},"geometry":{"type":"LineString","coordinates":[[20.50983,54.708881],[20.510323,54.708213],[20.51136,54.708639]]}},{"type":"Feature","properties":{"kind":"road","name":"","osm":"way/307455591","highway":"footway","access":"","foot":""},"geometry":{"type":"LineString","coordinates":[[20.517055,54.709281],[20.516993,54.709231],[20.517011,54.709069],[20.516965,54.709067]]}},{"type":"Feature","properties":{"kind":"road","name":"","osm":"way/307455592","highway":"footway","access":"","foot":""},"geometry":{"type":"LineString","coordinates":[[20.513414,54.708454],[20.514126,54.708054],[20.51455,54.707802],[20.514567,54.707693]]}},{"type":"Feature","properties":{"kind":"road","name":"","osm":"way/307455593","highway":"footway","access":"","foot":""},"geometry":{"type":"LineString","coordinates":[[20.514221,54.708367],[20.514268,54.708415],[20.514271,54.708443],[20.51428,54.708495],[20.514267,54.708581],[20.514285,54.708705],[20.51428,54.708805]]}},{"type":"Feature","properties":{"kind":"road","name":"","osm":"way/307455594","highway":"footway","access":"","foot":""},"geometry":{"type":"LineString","coordinates":[[20.514598,54.710554],[20.514555,54.710479],[20.514494,54.710354],[20.514422,54.71021],[20.514372,54.710096]]}},{"type":"Feature","properties":{"kind":"road","name":"","osm":"way/307455595","highway":"path","access":"","foot":"designated"},"geometry":{"type":"LineString","coordinates":[[20.514312,54.710591],[20.514598,54.710554],[20.514951,54.710526],[20.51519,54.710519]]}},{"type":"Feature","properties":{"kind":"road","name":"","osm":"way/307455599","highway":"footway","access":"","foot":""},"geometry":{"type":"LineString","coordinates":[[20.51455,54.707802],[20.514524,54.708078],[20.514501,54.708166],[20.514476,54.708202],[20.51445,54.708241],[20.514356,54.708311],[20.514221,54.708367]]}},{"type":"Feature","properties":{"kind":"road","name":"","osm":"way/307455600","highway":"footway","access":"","foot":""},"geometry":{"type":"LineString","coordinates":[[20.509124,54.70989],[20.509063,54.709994],[20.509076,54.710051],[20.509172,54.710262]]}},{"type":"Feature","properties":{"kind":"road","name":"Краснооктябрьская улица","osm":"way/308211224","highway":"tertiary","access":"","foot":"no"},"geometry":{"type":"LineString","coordinates":[[20.505161,54.702356],[20.505005,54.702385]]}},{"type":"Feature","properties":{"kind":"road","name":"Краснооктябрьская улица","osm":"way/308211225","highway":"tertiary","access":"","foot":"no"},"geometry":{"type":"LineString","coordinates":[[20.506356,54.702192],[20.505331,54.702332]]}},{"type":"Feature","properties":{"kind":"road","name":"Парусная улица","osm":"way/308211226","highway":"residential","access":"","foot":""},"geometry":{"type":"LineString","coordinates":[[20.508263,54.703492],[20.50827,54.703445],[20.508193,54.703016],[20.508156,54.702635],[20.508111,54.702181],[20.508098,54.702043],[20.508095,54.702011]]}},{"type":"Feature","properties":{"kind":"road","name":"Старопрегольская набережная","osm":"way/308211230","highway":"tertiary","access":"","foot":""},"geometry":{"type":"LineString","coordinates":[[20.506367,54.704928],[20.505837,54.704934],[20.505731,54.704886]]}},{"type":"Feature","properties":{"kind":"road","name":"Старопрегольская набережная","osm":"way/308211231","highway":"tertiary","access":"","foot":""},"geometry":{"type":"LineString","coordinates":[[20.505731,54.704886],[20.505674,54.7048],[20.505422,54.704496],[20.505347,54.704369]]}},{"type":"Feature","properties":{"kind":"road","name":"","osm":"way/308211232","highway":"service","access":"","foot":""},"geometry":{"type":"LineString","coordinates":[[20.508111,54.702181],[20.508936,54.702125]]}},{"type":"Feature","properties":{"kind":"road","name":"","osm":"way/308211233","highway":"footway","access":"","foot":""},"geometry":{"type":"LineString","coordinates":[[20.506739,54.702141],[20.506708,54.702075]]}},{"type":"Feature","properties":{"kind":"road","name":"","osm":"way/308211234","highway":"footway","access":"","foot":""},"geometry":{"type":"LineString","coordinates":[[20.516992,54.698657],[20.516758,54.69884],[20.516568,54.698968],[20.516409,54.69907],[20.516225,54.699169],[20.516015,54.699252],[20.515696,54.699357],[20.515422,54.699438],[20.514926,54.699558],[20.514495,54.699651],[20.514381,54.699664],[20.514028,54.699699],[20.513965,54.699724],[20.513943,54.699759],[20.513924,54.70024],[20.513891,54.700303],[20.513808,54.700397],[20.513691,54.700524],[20.513352,54.700891],[20.513228,54.701019],[20.51313,54.701052],[20.513046,54.701068],[20.512257,54.701241],[20.511539,54.701399],[20.51144,54.701421],[20.510118,54.701696],[20.50972,54.701779],[20.509692,54.701821],[20.509579,54.701837],[20.50898,54.701921],[20.508807,54.701902],[20.508095,54.702011],[20.508026,54.702023],[20.507977,54.702031],[20.506766,54.702212],[20.505204,54.702441]]}},{"type":"Feature","properties":{"kind":"road","name":"Серпуховская улица","osm":"way/308244427","highway":"tertiary","access":"","foot":""},"geometry":{"type":"LineString","coordinates":[[20.502624,54.70279],[20.502589,54.702722],[20.502049,54.701686],[20.501749,54.701109],[20.501679,54.700975],[20.501655,54.700932],[20.501035,54.699809],[20.500661,54.699043],[20.500562,54.698776]]}},{"type":"Feature","properties":{"kind":"road","name":"","osm":"way/308244428","highway":"footway","access":"","foot":""},"geometry":{"type":"LineString","coordinates":[[20.506124,54.704192],[20.50622,54.704226],[20.506251,54.704271],[20.506239,54.704342],[20.506351,54.704592],[20.506463,54.704841],[20.506502,54.704915],[20.506557,54.705022],[20.506606,54.705131],[20.506614,54.705147]]}},{"type":"Feature","properties":{"kind":"road","name":"","osm":"way/308379460","highway":"footway","access":"","foot":""},"geometry":{"type":"LineString","coordinates":[[20.514248,54.711081],[20.514255,54.710991],[20.514242,54.710962]]}},{"type":"Feature","properties":{"kind":"road","name":"","osm":"way/308379461","highway":"footway","access":"","foot":""},"geometry":{"type":"LineString","coordinates":[[20.51295,54.711439],[20.512868,54.711324],[20.512767,54.711329]]}},{"type":"Feature","properties":{"kind":"road","name":"","osm":"way/308379462","highway":"footway","access":"","foot":""},"geometry":{"type":"LineString","coordinates":[[20.514242,54.710962],[20.513926,54.711014],[20.512544,54.711241],[20.51248,54.711276],[20.512454,54.711318],[20.512461,54.711345]]}},{"type":"Feature","properties":{"kind":"road","name":"","osm":"way/309433014","highway":"footway","access":"","foot":""},"geometry":{"type":"LineString","coordinates":[[20.515627,54.711284],[20.515638,54.711287],[20.515676,54.711297],[20.515713,54.71132],[20.515732,54.71135],[20.515729,54.711381],[20.515706,54.71141],[20.515666,54.711431],[20.51565,54.711435],[20.515615,54.711442],[20.515585,54.711441],[20.51556,54.711441],[20.515511,54.711427],[20.515474,54.711404],[20.515455,54.711374],[20.515458,54.711343],[20.515481,54.711314],[20.515521,54.711293],[20.515573,54.711282],[20.515627,54.711284]]}},{"type":"Feature","properties":{"kind":"road","name":"","osm":"way/310473058","highway":"service","access":"","foot":""},"geometry":{"type":"LineString","coordinates":[[20.516388,54.702117],[20.51633,54.702107],[20.516189,54.702085],[20.516119,54.702079],[20.516047,54.702328],[20.516018,54.702503],[20.515997,54.702635],[20.515905,54.703259]]}},{"type":"Feature","properties":{"kind":"road","name":"Зарайская улица","osm":"way/311079012","highway":"footway","access":"","foot":""},"geometry":{"type":"LineString","coordinates":[[20.517156,54.709885],[20.516927,54.709923]]}},{"type":"Feature","properties":{"kind":"road","name":"Зарайская улица","osm":"way/311079013","highway":"footway","access":"","foot":""},"geometry":{"type":"LineString","coordinates":[[20.516927,54.709923],[20.516717,54.709957]]}},{"type":"Feature","properties":{"kind":"road","name":"Зарайская улица","osm":"way/311079014","highway":"footway","access":"","foot":""},"geometry":{"type":"LineString","coordinates":[[20.516717,54.709957],[20.516679,54.709894],[20.516518,54.709647]]}},{"type":"Feature","properties":{"kind":"road","name":"","osm":"way/311079016","highway":"footway","access":"","foot":""},"geometry":{"type":"LineString","coordinates":[[20.516393,54.710174],[20.516801,54.71011]]}},{"type":"Feature","properties":{"kind":"road","name":"","osm":"way/311079024","highway":"footway","access":"","foot":""},"geometry":{"type":"LineString","coordinates":[[20.516717,54.709957],[20.516801,54.71011],[20.517114,54.710679]]}},{"type":"Feature","properties":{"kind":"road","name":"улица Шевченко","osm":"way/311079025","highway":"secondary","access":"","foot":"no"},"geometry":{"type":"LineString","coordinates":[[20.514632,54.71062],[20.514827,54.710597],[20.515226,54.710587],[20.515667,54.710619],[20.51596,54.710671]]}},{"type":"Feature","properties":{"kind":"road","name":"улица Шевченко","osm":"way/311079030","highway":"secondary","access":"","foot":"no"},"geometry":{"type":"LineString","coordinates":[[20.51596,54.710671],[20.516185,54.710727],[20.516224,54.710737],[20.516532,54.710845],[20.516769,54.710956],[20.516983,54.711087],[20.517377,54.711327],[20.517577,54.711442]]}},{"type":"Feature","properties":{"kind":"road","name":"улица Вагнера","osm":"way/314108347","highway":"tertiary","access":"","foot":""},"geometry":{"type":"LineString","coordinates":[[20.503607,54.712094],[20.503692,54.712087],[20.504966,54.711984],[20.505602,54.711943]]}},{"type":"Feature","properties":{"kind":"road","name":"улица Вагнера","osm":"way/314108348","highway":"tertiary","access":"","foot":""},"geometry":{"type":"LineString","coordinates":[[20.500938,54.712325],[20.50104,54.712319],[20.501163,54.712308],[20.501926,54.712243],[20.502887,54.712154],[20.50353,54.7121],[20.503607,54.712094]]}},{"type":"Feature","properties":{"kind":"road","name":"Парусная улица","osm":"way/315981237","highway":"residential","access":"","foot":""},"geometry":{"type":"LineString","coordinates":[[20.508095,54.702011],[20.508089,54.701948]]}},{"type":"Feature","properties":{"kind":"road","name":"","osm":"way/315981238","highway":"footway","access":"","foot":""},"geometry":{"type":"LineString","coordinates":[[20.507977,54.702031],[20.507968,54.701968],[20.507958,54.701899]]}},{"type":"Feature","properties":{"kind":"road","name":"","osm":"way/316453894","highway":"footway","access":"","foot":""},"geometry":{"type":"LineString","coordinates":[[20.508182,54.712144],[20.5081,54.712144]]}},{"type":"Feature","properties":{"kind":"road","name":"Московский проспект","osm":"way/323342460","highway":"primary","access":"","foot":"no"},"geometry":{"type":"LineString","coordinates":[[20.517871,54.708856],[20.517593,54.708836],[20.517405,54.708822],[20.517035,54.708794],[20.516315,54.708751]]}},{"type":"Feature","properties":{"kind":"road","name":"Московский проспект","osm":"way/323342461","highway":"primary","access":"","foot":"no"},"geometry":{"type":"LineString","coordinates":[[20.512742,54.70879],[20.512032,54.70885],[20.511836,54.708873]]}},{"type":"Feature","properties":{"kind":"road","name":"Московский проспект","osm":"way/323342462","highway":"primary","access":"","foot":"no"},"geometry":{"type":"LineString","coordinates":[[20.516315,54.708751],[20.515541,54.708724],[20.514693,54.708708],[20.514285,54.708705],[20.514006,54.708706]]}},{"type":"Feature","properties":{"kind":"road","name":"","osm":"way/323342463","highway":"primary_link","access":"","foot":""},"geometry":{"type":"LineString","coordinates":[[20.509068,54.709757],[20.509203,54.709741],[20.51048,54.709546],[20.510618,54.709515],[20.510711,54.709461],[20.51077,54.709407],[20.510793,54.709345],[20.510784,54.709289],[20.510755,54.709243],[20.510698,54.709199],[20.510615,54.709166]]}},{"type":"Feature","properties":{"kind":"road","name":"","osm":"way/323342465","highway":"primary_link","access":"","foot":"no"},"geometry":{"type":"LineString","coordinates":[[20.510615,54.709166],[20.510483,54.709146],[20.510303,54.709157],[20.50999,54.709207],[20.509846,54.709185]]}},{"type":"Feature","properties":{"kind":"road","name":"","osm":"way/323458815","highway":"footway","access":"","foot":""},"geometry":{"type":"LineString","coordinates":[[20.493433,54.711956],[20.49331,54.711912],[20.493141,54.711859],[20.493017,54.711817]]}},{"type":"Feature","properties":{"kind":"rail","name":"","osm":"way/335233179"},"geometry":{"type":"LineString","coordinates":[[20.494758,54.717127],[20.494492,54.716895],[20.494166,54.716624],[20.494084,54.716551],[20.493735,54.716266],[20.49333,54.715941],[20.492879,54.715623],[20.49193,54.715077],[20.490051,54.714189],[20.489632,54.713976],[20.489236,54.713761],[20.488847,54.713523],[20.488512,54.713271],[20.48798,54.712713],[20.487884,54.712607],[20.487607,54.712303],[20.487345,54.712008],[20.487136,54.711769],[20.487015,54.711617],[20.486898,54.71145],[20.486829,54.711335],[20.486759,54.711202],[20.486703,54.711086],[20.486637,54.710921],[20.486603,54.710812],[20.486566,54.710657],[20.486542,54.71052],[20.486531,54.710358],[20.486529,54.710218]]}},{"type":"Feature","properties":{"kind":"road","name":"","osm":"way/348422207","highway":"footway","access":"","foot":""},"geometry":{"type":"LineString","coordinates":[[20.501831,54.708349],[20.501723,54.708063]]}},{"type":"Feature","properties":{"kind":"road","name":"","osm":"way/348422208","highway":"footway","access":"","foot":""},"geometry":{"type":"LineString","coordinates":[[20.503805,54.708058],[20.5029,54.708219],[20.501831,54.708349]]}},{"type":"Feature","properties":{"kind":"road","name":"","osm":"way/358560042","highway":"footway","access":"","foot":""},"geometry":{"type":"LineString","coordinates":[[20.491014,54.712295],[20.491636,54.71219],[20.492355,54.712068],[20.492441,54.712046],[20.492916,54.711863],[20.493017,54.711817],[20.493623,54.711479],[20.493733,54.711405],[20.493797,54.711346],[20.493876,54.711256]]}},{"type":"Feature","properties":{"kind":"road","name":"","osm":"way/372667313","highway":"footway","access":"","foot":""},"geometry":{"type":"LineString","coordinates":[[20.490989,54.708743],[20.491115,54.708819],[20.491741,54.709204],[20.49212,54.709417],[20.492517,54.709608],[20.492788,54.709698],[20.49371,54.709974],[20.493869,54.710061],[20.493896,54.710075],[20.494084,54.710179]]}},{"type":"Feature","properties":{"kind":"building","name":"","osm":"way/372667314"},"geometry":{"type":"Polygon","coordinates":[[[20.493799,54.709227],[20.493994,54.709209],[20.493935,54.708991],[20.49374,54.709009],[20.493799,54.709227]]]}},{"type":"Feature","properties":{"kind":"building","name":"","osm":"way/372667315"},"geometry":{"type":"Polygon","coordinates":[[[20.492123,54.70832],[20.492138,54.708379],[20.492275,54.708367],[20.49226,54.708309],[20.492123,54.70832]]]}},{"type":"Feature","properties":{"kind":"road","name":"","osm":"way/386314726","highway":"path","access":"","foot":"designated"},"geometry":{"type":"LineString","coordinates":[[20.497815,54.710333],[20.498388,54.710279],[20.499997,54.710145],[20.500177,54.710127],[20.502082,54.709937],[20.502454,54.709899],[20.505784,54.709537]]}},{"type":"Feature","properties":{"kind":"road","name":"","osm":"way/386664477","highway":"footway","access":"","foot":""},"geometry":{"type":"LineString","coordinates":[[20.497355,54.713213],[20.497349,54.713177],[20.497335,54.713094]]}},{"type":"Feature","properties":{"kind":"road","name":"Московский проспект","osm":"way/390819958","highway":"primary","access":"","foot":"no"},"geometry":{"type":"LineString","coordinates":[[20.510788,54.708821],[20.511324,54.708754],[20.511933,54.708678]]}},{"type":"Feature","properties":{"kind":"road","name":"","osm":"way/390819959","highway":"footway","access":"","foot":""},"geometry":{"type":"LineString","coordinates":[[20.507695,54.709172],[20.507783,54.709229]]}},{"type":"Feature","properties":{"kind":"road","name":"","osm":"way/390819960","highway":"service","access":"","foot":""},"geometry":{"type":"LineString","coordinates":[[20.498042,54.708866],[20.498308,54.708905]]}},{"type":"Feature","properties":{"kind":"road","name":"","osm":"way/390819961","highway":"footway","access":"","foot":""},"geometry":{"type":"LineString","coordinates":[[20.498297,54.706839],[20.498276,54.70676],[20.498263,54.706716],[20.498259,54.706688]]}},{"type":"Feature","properties":{"kind":"road","name":"","osm":"way/390819962","highway":"footway","access":"","foot":""},"geometry":{"type":"LineString","coordinates":[[20.507695,54.709172],[20.507679,54.709162],[20.507573,54.709098]]}},{"type":"Feature","properties":{"kind":"road","name":"","osm":"way/390819963","highway":"service","access":"","foot":""},"geometry":{"type":"LineString","coordinates":[[20.495648,54.707214],[20.495636,54.707164],[20.495631,54.707145],[20.495617,54.707098]]}},{"type":"Feature","properties":{"kind":"road","name":"","osm":"way/390819964","highway":"service","access":"","foot":""},"geometry":{"type":"LineString","coordinates":[[20.498071,54.707034],[20.498057,54.706983],[20.498053,54.706966],[20.498046,54.70694],[20.498028,54.706855]]}},{"type":"Feature","properties":{"kind":"road","name":"","osm":"way/390819965","highway":"footway","access":"","foot":""},"geometry":{"type":"LineString","coordinates":[[20.506364,54.709298],[20.506009,54.709343]]}},{"type":"Feature","properties":{"kind":"road","name":"","osm":"way/390819966","highway":"service","access":"private","foot":""},"geometry":{"type":"LineString","coordinates":[[20.494497,54.707077],[20.494496,54.707105],[20.494492,54.70717],[20.494495,54.707186],[20.494504,54.707256]]}},{"type":"Feature","properties":{"kind":"road","name":"","osm":"way/390819967","highway":"service","access":"","foot":""},"geometry":{"type":"LineString","coordinates":[[20.506023,54.708972],[20.506199,54.708945],[20.506364,54.709298],[20.507261,54.709148],[20.507573,54.709098]]}},{"type":"Feature","properties":{"kind":"building","name":"Старый порт","osm":"way/390819968"},"geometry":{"type":"Polygon","coordinates":[[[20.498566,54.70666],[20.498631,54.706654],[20.498696,54.706649],[20.498707,54.706641],[20.498713,54.706627],[20.498704,54.706614],[20.498685,54.706606],[20.498555,54.706617],[20.498561,54.706637],[20.498566,54.70666]]]}},{"type":"Feature","properties":{"kind":"building","name":"Военно-морской центр","osm":"way/390819969"},"geometry":{"type":"Polygon","coordinates":[[[20.493879,54.707012],[20.494082,54.707029],[20.494114,54.706904],[20.493939,54.706889],[20.493911,54.706887],[20.493879,54.707012]]]}},{"type":"Feature","properties":{"kind":"green","name":"","osm":"way/390819970"},"geometry":{"type":"Polygon","coordinates":[[[20.494098,54.711186],[20.494174,54.711226],[20.494253,54.711252],[20.494322,54.711265],[20.494383,54.711271],[20.494064,54.711457],[20.49388,54.711554],[20.493607,54.711689],[20.493299,54.711838],[20.493281,54.711831],[20.493449,54.711735],[20.493655,54.711617],[20.493768,54.711552],[20.493842,54.711506],[20.493914,54.711448],[20.493961,54.711396],[20.494002,54.711348],[20.494038,54.711295],[20.494073,54.711234],[20.494098,54.711186]]]}},{"type":"Feature","properties":{"kind":"road","name":"улица Виктора Гюго","osm":"way/390819971","highway":"tertiary","access":"","foot":""},"geometry":{"type":"LineString","coordinates":[[20.506009,54.709343],[20.506062,54.709399],[20.506148,54.709454]]}},{"type":"Feature","properties":{"kind":"road","name":"улица Виктора Гюго","osm":"way/390819972","highway":"tertiary","access":"","foot":""},"geometry":{"type":"LineString","coordinates":[[20.505975,54.709478],[20.506001,54.709397],[20.506009,54.709343]]}},{"type":"Feature","properties":{"kind":"road","name":"улица Юрия Савенко","osm":"way/390819973","highway":"residential","access":"","foot":"no"},"geometry":{"type":"LineString","coordinates":[[20.495411,54.710559],[20.49544,54.710652]]}},{"type":"Feature","properties":{"kind":"road","name":"улица Юрия Савенко","osm":"way/390819974","highway":"residential","access":"","foot":""},"geometry":{"type":"LineString","coordinates":[[20.495252,54.710137],[20.495288,54.71023],[20.495329,54.710328],[20.495388,54.710496],[20.495411,54.710559]]}},{"type":"Feature","properties":{"kind":"road","name":"Ленинский проспект","osm":"way/390935380","highway":"primary","access":"","foot":"no"},"geometry":{"type":"LineString","coordinates":[[20.507448,54.71299],[20.507021,54.713284]]}},{"type":"Feature","properties":{"kind":"road","name":"","osm":"way/391912640","highway":"footway","access":"","foot":""},"geometry":{"type":"LineString","coordinates":[[20.492475,54.70997],[20.492383,54.709929],[20.492278,54.709882],[20.491567,54.709461],[20.490669,54.708908],[20.490471,54.708765],[20.490293,54.7086],[20.490117,54.708402],[20.490019,54.708397],[20.489878,54.70839],[20.489878,54.708252],[20.489887,54.70812],[20.489858,54.708019],[20.489742,54.707869],[20.489661,54.707819],[20.48962,54.70778]]}},{"type":"Feature","properties":{"kind":"road","name":"","osm":"way/391912641","highway":"residential","access":"","foot":""},"geometry":{"type":"LineString","coordinates":[[20.492907,54.710127],[20.492613,54.710126]]}},{"type":"Feature","properties":{"kind":"road","name":"","osm":"way/391912643","highway":"service","access":"","foot":""},"geometry":{"type":"LineString","coordinates":[[20.491651,54.709408],[20.491567,54.709461],[20.491468,54.709522]]}},{"type":"Feature","properties":{"kind":"road","name":"","osm":"way/391912645","highway":"service","access":"","foot":""},"geometry":{"type":"LineString","coordinates":[[20.492475,54.70997],[20.492416,54.709969],[20.492211,54.709963],[20.491616,54.709614],[20.491468,54.709522],[20.490753,54.709077],[20.490604,54.708973],[20.490669,54.708908],[20.49074,54.708837]]}},{"type":"Feature","properties":{"kind":"road","name":"","osm":"way/391922275","highway":"footway","access":"","foot":""},"geometry":{"type":"LineString","coordinates":[[20.505426,54.704275],[20.505308,54.704287],[20.505165,54.7043],[20.504081,54.704441],[20.503381,54.704542],[20.50193,54.704719],[20.500916,54.704843],[20.499258,54.705024],[20.498547,54.705111],[20.498326,54.705142],[20.497187,54.705255],[20.495588,54.705289],[20.494876,54.705251],[20.493777,54.705179],[20.493113,54.705122],[20.492447,54.705066],[20.491754,54.704998],[20.491709,54.704995],[20.491041,54.704974],[20.490708,54.704986],[20.490593,54.704993],[20.490489,54.705013],[20.490398,54.705044],[20.490302,54.705097],[20.490203,54.705167],[20.490115,54.705224],[20.489914,54.705246],[20.489812,54.705241]]}},{"type":"Feature","properties":{"kind":"road","name":"","osm":"way/396287570","highway":"footway","access":"","foot":""},"geometry":{"type":"LineString","coordinates":[[20.515972,54.713104],[20.516257,54.712984]]}},{"type":"Feature","properties":{"kind":"road","name":"","osm":"way/396287573","highway":"steps","access":"","foot":""},"geometry":{"type":"LineString","coordinates":[[20.516257,54.712984],[20.516318,54.712958]]}},{"type":"Feature","properties":{"kind":"road","name":"","osm":"way/396287583","highway":"footway","access":"","foot":""},"geometry":{"type":"LineString","coordinates":[[20.515728,54.712106],[20.515773,54.712232],[20.515794,54.712292],[20.516098,54.712522]]}},{"type":"Feature","properties":{"kind":"road","name":"","osm":"way/396287585","highway":"footway","access":"","foot":""},"geometry":{"type":"LineString","coordinates":[[20.516098,54.712522],[20.515923,54.71306],[20.515972,54.713104],[20.51615,54.713266],[20.516181,54.713298]]}},{"type":"Feature","properties":{"kind":"road","name":"","osm":"way/396287587","highway":"footway","access":"","foot":""},"geometry":{"type":"LineString","coordinates":[[20.516318,54.712958],[20.516359,54.71299],[20.516428,54.712958],[20.516683,54.713144],[20.516928,54.713037],[20.51704,54.713125],[20.517056,54.71314]]}},{"type":"Feature","properties":{"kind":"road","name":"улица Румянцева","osm":"way/404700834","highway":"primary","access":"","foot":""},"geometry":{"type":"LineString","coordinates":[[20.494833,54.711185],[20.494343,54.711395],[20.493885,54.711633]]}},{"type":"Feature","properties":{"kind":"road","name":"Московский проспект","osm":"way/404700843","highway":"primary","access":"","foot":"no"},"geometry":{"type":"LineString","coordinates":[[20.503271,54.710077],[20.501694,54.710213]]}},{"type":"Feature","properties":{"kind":"road","name":"Московский проспект","osm":"way/404700844","highway":"primary","access":"","foot":""},"geometry":{"type":"LineString","coordinates":[[20.504632,54.709955],[20.503545,54.710053],[20.503351,54.71007],[20.503271,54.710077]]}},{"type":"Feature","properties":{"kind":"road","name":"","osm":"way/404700849","highway":"footway","access":"","foot":""},"geometry":{"type":"LineString","coordinates":[[20.498388,54.710279],[20.498412,54.710374],[20.498438,54.710505]]}},{"type":"Feature","properties":{"kind":"road","name":"","osm":"way/420908018","highway":"service","access":"","foot":""},"geometry":{"type":"LineString","coordinates":[[20.493299,54.707146],[20.493315,54.707096],[20.493322,54.707074],[20.493362,54.706957],[20.493446,54.706712]]}},{"type":"Feature","properties":{"kind":"road","name":"улица Маршала Баграмяна","osm":"way/420908019","highway":"tertiary","access":"","foot":""},"geometry":{"type":"LineString","coordinates":[[20.494504,54.707256],[20.494067,54.707223],[20.493299,54.707146]]}},{"type":"Feature","properties":{"kind":"road","name":"","osm":"way/422128931","highway":"service","access":"","foot":""},"geometry":{"type":"LineString","coordinates":[[20.51221,54.703966],[20.512126,54.703686],[20.512883,54.703565]]}},{"type":"Feature","properties":{"kind":"road","name":"","osm":"way/422129333","highway":"service","access":"","foot":""},"geometry":{"type":"LineString","coordinates":[[20.50313,54.702701],[20.503073,54.702602],[20.502553,54.701682],[20.502503,54.701594],[20.502282,54.701203],[20.502116,54.700909]]}},{"type":"Feature","properties":{"kind":"road","name":"","osm":"way/422129334","highway":"service","access":"","foot":""},"geometry":{"type":"LineString","coordinates":[[20.502988,54.703622],[20.503519,54.70352],[20.50313,54.702701]]}},{"type":"Feature","properties":{"kind":"road","name":"Московский проспект","osm":"way/424028541","highway":"primary","access":"","foot":"no"},"geometry":{"type":"LineString","coordinates":[[20.505819,54.709628],[20.506507,54.709532]]}},{"type":"Feature","properties":{"kind":"road","name":"Московский проспект","osm":"way/424028543","highway":"primary","access":"","foot":"no"},"geometry":{"type":"LineString","coordinates":[[20.504824,54.709742],[20.505819,54.709628]]}},{"type":"Feature","properties":{"kind":"building","name":"Авторынок","osm":"way/429887111"},"geometry":{"type":"Polygon","coordinates":[[[20.495272,54.705337],[20.493807,54.705268],[20.492374,54.705143],[20.492338,54.705283],[20.492488,54.705296],[20.492452,54.705436],[20.493751,54.705549],[20.495232,54.705619],[20.495272,54.705337]]]}},{"type":"Feature","properties":{"kind":"building","name":"","osm":"way/430478505"},"geometry":{"type":"Polygon","coordinates":[[[20.49744,54.707402],[20.497385,54.707411],[20.497339,54.707305],[20.497394,54.707296],[20.49744,54.707402]]]}},{"type":"Feature","properties":{"kind":"road","name":"","osm":"way/434826656","highway":"pedestrian","access":"","foot":""},"geometry":{"type":"LineString","coordinates":[[20.515405,54.70247],[20.515247,54.702462],[20.515198,54.702459]]}},{"type":"Feature","properties":{"kind":"road","name":"","osm":"way/434826657","highway":"footway","access":"","foot":""},"geometry":{"type":"LineString","coordinates":[[20.514745,54.707601],[20.514777,54.707604],[20.515065,54.707631],[20.515453,54.707664],[20.515858,54.707677],[20.516205,54.707685],[20.516726,54.707687],[20.516828,54.707685],[20.51699,54.707681],[20.51793,54.707689],[20.518778,54.707714],[20.519328,54.707727],[20.519632,54.70774],[20.520669,54.707774],[20.521495,54.707801],[20.522353,54.707801],[20.52249,54.707791],[20.522594,54.707776],[20.522967,54.707716],[20.523622,54.707731],[20.523954,54.707712],[20.524034,54.707708],[20.524633,54.707657],[20.525279,54.707615],[20.527017,54.707491],[20.527301,54.70747],[20.528696,54.707365],[20.529296,54.707312],[20.529487,54.707295],[20.530708,54.707196],[20.531103,54.707146],[20.531279,54.707124],[20.531843,54.707119],[20.532199,54.707093],[20.533449,54.70694],[20.53593,54.706639],[20.535956,54.706699],[20.536121,54.707096]]}},{"type":"Feature","properties":{"kind":"road","name":"","osm":"way/435401084","highway":"service","access":"","foot":""},"geometry":{"type":"LineString","coordinates":[[20.504644,54.70664],[20.504696,54.706597],[20.50475,54.706552]]}},{"type":"Feature","properties":{"kind":"road","name":"","osm":"way/435401085","highway":"footway","access":"","foot":""},"geometry":{"type":"LineString","coordinates":[[20.505259,54.706576],[20.505057,54.70661]]}},{"type":"Feature","properties":{"kind":"road","name":"","osm":"way/435401087","highway":"footway","access":"","foot":""},"geometry":{"type":"LineString","coordinates":[[20.503834,54.708108],[20.505253,54.707824]]}},{"type":"Feature","properties":{"kind":"road","name":"улица Виктора Гюго","osm":"way/435401088","highway":"tertiary","access":"","foot":""},"geometry":{"type":"LineString","coordinates":[[20.505777,54.708707],[20.505878,54.708996],[20.505912,54.70909]]}},{"type":"Feature","properties":{"kind":"road","name":"","osm":"way/435401090","highway":"footway","access":"","foot":""},"geometry":{"type":"LineString","coordinates":[[20.507472,54.70867],[20.507542,54.70883],[20.507695,54.709172]]}},{"type":"Feature","properties":{"kind":"road","name":"","osm":"way/435401091","highway":"footway","access":"","foot":""},"geometry":{"type":"LineString","coordinates":[[20.50475,54.706552],[20.504795,54.706497],[20.504939,54.706281]]}},{"type":"Feature","properties":{"kind":"road","name":"","osm":"way/435401092","highway":"service","access":"","foot":""},"geometry":{"type":"LineString","coordinates":[[20.506199,54.708945],[20.507103,54.708805],[20.507125,54.708847],[20.507261,54.709148]]}},{"type":"Feature","properties":{"kind":"building","name":"Ibis Калининград центр","osm":"way/435401094"},"geometry":{"type":"Polygon","coordinates":[[[20.50719,54.709082],[20.507076,54.708829],[20.50654,54.708907],[20.506327,54.708939],[20.506442,54.709194],[20.50719,54.709082]]]}},{"type":"Feature","properties":{"kind":"green","name":"","osm":"way/435401096"},"geometry":{"type":"Polygon","coordinates":[[[20.505294,54.707337],[20.505124,54.707375],[20.505357,54.707719],[20.505528,54.707681],[20.505294,54.707337]]]}},{"type":"Feature","properties":{"kind":"road","name":"","osm":"way/436607563","highway":"steps","access":"","foot":""},"geometry":{"type":"LineString","coordinates":[[20.514495,54.707563],[20.514583,54.707574]]}},{"type":"Feature","properties":{"kind":"road","name":"","osm":"way/437266811","highway":"footway","access":"","foot":""},"geometry":{"type":"LineString","coordinates":[[20.515905,54.703259],[20.515852,54.703255],[20.515704,54.703244]]}},{"type":"Feature","properties":{"kind":"road","name":"","osm":"way/437266812","highway":"footway","access":"","foot":""},"geometry":{"type":"LineString","coordinates":[[20.515704,54.703244],[20.515642,54.70324]]}},{"type":"Feature","properties":{"kind":"road","name":"","osm":"way/437266814","highway":"footway","access":"","foot":""},"geometry":{"type":"LineString","coordinates":[[20.515642,54.70324],[20.515361,54.70322]]}},{"type":"Feature","properties":{"kind":"building","name":"","osm":"way/437266816"},"geometry":{"type":"Polygon","coordinates":[[[20.517126,54.702094],[20.517027,54.701886],[20.516835,54.701917],[20.516848,54.701945],[20.516884,54.702021],[20.516917,54.70209],[20.516934,54.702124],[20.517126,54.702094]]]}},{"type":"Feature","properties":{"kind":"road","name":"","osm":"way/437344846","highway":"footway","access":"","foot":""},"geometry":{"type":"LineString","coordinates":[[20.514124,54.705798],[20.514087,54.706161],[20.514057,54.706665],[20.514054,54.706732],[20.514062,54.706745],[20.514071,54.706758],[20.514089,54.706774],[20.514114,54.706789],[20.514147,54.706806],[20.514318,54.706854],[20.514391,54.706873],[20.51445,54.706884]]}},{"type":"Feature","properties":{"kind":"road","name":"","osm":"way/437344851","highway":"steps","access":"","foot":""},"geometry":{"type":"LineString","coordinates":[[20.514057,54.706665],[20.514286,54.706678]]}},{"type":"Feature","properties":{"kind":"road","name":"","osm":"way/437344853","highway":"footway","access":"","foot":""},"geometry":{"type":"LineString","coordinates":[[20.515075,54.705489],[20.515047,54.705525],[20.515,54.705565],[20.514958,54.705604],[20.514932,54.705643],[20.514894,54.7057],[20.514833,54.705813],[20.514796,54.705895],[20.514769,54.705973],[20.514733,54.706075],[20.51467,54.706271],[20.514627,54.70644],[20.514627,54.706488],[20.514588,54.706555],[20.514579,54.70657],[20.514575,54.706613],[20.514571,54.706658],[20.514591,54.70686],[20.514592,54.706864],[20.514594,54.706874],[20.514608,54.706913],[20.514612,54.706924]]}},{"type":"Feature","properties":{"kind":"road","name":"","osm":"way/437344858","highway":"footway","access":"","foot":""},"geometry":{"type":"LineString","coordinates":[[20.514225,54.706527],[20.514371,54.706513],[20.514436,54.706507],[20.514478,54.706502],[20.514504,54.7065],[20.514546,54.706496],[20.514592,54.706491],[20.514627,54.706488]]}},{"type":"Feature","properties":{"kind":"road","name":"","osm":"way/438189735","highway":"service","access":"","foot":""},"geometry":{"type":"LineString","coordinates":[[20.514413,54.705769],[20.514428,54.705654],[20.514447,54.705579],[20.514475,54.705508],[20.514521,54.70544],[20.514563,54.70539],[20.514641,54.705297],[20.514726,54.705213],[20.514806,54.705137],[20.514862,54.7051],[20.514926,54.70508],[20.514986,54.705084],[20.515035,54.705094],[20.51507,54.705106],[20.515118,54.705123]]}},{"type":"Feature","properties":{"kind":"road","name":"","osm":"way/438189736","highway":"steps","access":"","foot":""},"geometry":{"type":"LineString","coordinates":[[20.514127,54.705761],[20.514124,54.705798]]}},{"type":"Feature","properties":{"kind":"road","name":"","osm":"way/438189737","highway":"footway","access":"","foot":""},"geometry":{"type":"LineString","coordinates":[[20.515136,54.704448],[20.515266,54.704497],[20.515417,54.704554]]}},{"type":"Feature","properties":{"kind":"road","name":"","osm":"way/438189738","highway":"footway","access":"","foot":""},"geometry":{"type":"LineString","coordinates":[[20.514122,54.705573],[20.514109,54.705684],[20.514127,54.705761]]}},{"type":"Feature","properties":{"kind":"road","name":"","osm":"way/438189739","highway":"footway","access":"","foot":""},"geometry":{"type":"LineString","coordinates":[[20.514238,54.705316],[20.514509,54.705388],[20.514675,54.705191],[20.514743,54.705135],[20.5148,54.705087],[20.515101,54.70485],[20.515417,54.704554],[20.515452,54.704523]]}},{"type":"Feature","properties":{"kind":"road","name":"","osm":"way/440534870","highway":"service","access":"","foot":""},"geometry":{"type":"LineString","coordinates":[[20.508427,54.712854],[20.508265,54.712967],[20.508226,54.712994],[20.508079,54.713098]]}},{"type":"Feature","properties":{"kind":"road","name":"","osm":"way/440534874","highway":"footway","access":"","foot":""},"geometry":{"type":"LineString","coordinates":[[20.510373,54.712958],[20.510075,54.713125],[20.50986,54.713246],[20.509654,54.713362],[20.509599,54.713393],[20.509385,54.713513]]}},{"type":"Feature","properties":{"kind":"road","name":"Солнечный бульвар","osm":"way/442081026","highway":"tertiary","access":"","foot":""},"geometry":{"type":"LineString","coordinates":[[20.51899,54.704602],[20.51727,54.705],[20.516882,54.70509],[20.516711,54.70513],[20.516612,54.705153],[20.516586,54.705159],[20.516553,54.705167],[20.516528,54.705172],[20.516506,54.705177],[20.516483,54.705181],[20.516463,54.705184],[20.516439,54.705188],[20.516423,54.70519],[20.516405,54.705193],[20.516385,54.705195],[20.516363,54.705197],[20.516342,54.705199],[20.516326,54.705201],[20.516297,54.705202],[20.516272,54.705204],[20.516254,54.705204],[20.516242,54.705205],[20.516221,54.705205],[20.516198,54.705205],[20.516175,54.705205],[20.516151,54.705204],[20.516129,54.705203],[20.51611,54.705202],[20.516087,54.7052],[20.516061,54.705198],[20.516036,54.705196],[20.516015,54.705193],[20.515993,54.705191],[20.515973,54.705188],[20.515947,54.705183],[20.515921,54.705179],[20.515896,54.705174],[20.515872,54.705169],[20.515826,54.705159],[20.515742,54.70514],[20.5156,54.705108],[20.515497,54.705086],[20.515477,54.705081],[20.515404,54.705065],[20.515343,54.705052]]}},{"type":"Feature","properties":{"kind":"road","name":"","osm":"way/442081031","highway":"footway","access":"","foot":""},"geometry":{"type":"LineString","coordinates":[[20.515075,54.705489],[20.515225,54.705324],[20.51524,54.705297],[20.515257,54.705267],[20.515273,54.705234],[20.515293,54.705197],[20.515306,54.705186],[20.515329,54.70517],[20.515356,54.705158],[20.515362,54.705156],[20.515393,54.705146],[20.515421,54.705136],[20.515477,54.705081],[20.515529,54.70503]]}},{"type":"Feature","properties":{"kind":"road","name":"","osm":"way/442081033","highway":"footway","access":"","foot":""},"geometry":{"type":"LineString","coordinates":[[20.51524,54.705297],[20.515613,54.705217]]}},{"type":"Feature","properties":{"kind":"road","name":"","osm":"way/442081044","highway":"service","access":"","foot":""},"geometry":{"type":"LineString","coordinates":[[20.516882,54.70509],[20.516854,54.705049],[20.516812,54.704985]]}},{"type":"Feature","properties":{"kind":"road","name":"","osm":"way/442081047","highway":"cycleway","access":"","foot":"no"},"geometry":{"type":"LineString","coordinates":[[20.519025,54.704662],[20.517312,54.705059],[20.516752,54.705189],[20.516653,54.705212],[20.516627,54.705218],[20.516593,54.705226],[20.516566,54.705232],[20.516541,54.705237],[20.516516,54.705241],[20.516493,54.705245],[20.516466,54.70525],[20.516449,54.705252],[20.516429,54.705255],[20.516406,54.705257],[20.516382,54.70526],[20.516357,54.705262],[20.516339,54.705264],[20.516308,54.705266],[20.516281,54.705267],[20.51626,54.705268],[20.516246,54.705268],[20.516222,54.705268],[20.516196,54.705268],[20.516171,54.705268],[20.516144,54.705267],[20.51612,54.705266],[20.516098,54.705265],[20.516073,54.705263],[20.516044,54.705261],[20.516016,54.705258],[20.515993,54.705256],[20.515968,54.705252],[20.515944,54.705249],[20.515916,54.705244],[20.515888,54.705239],[20.51586,54.705234],[20.515833,54.705228],[20.515787,54.705218],[20.515702,54.705199],[20.51556,54.705168],[20.515421,54.705136]]}},{"type":"Feature","properties":{"kind":"road","name":"","osm":"way/442081048","highway":"footway","access":"","foot":""},"geometry":{"type":"LineString","coordinates":[[20.519048,54.704695],[20.518455,54.704833],[20.517938,54.704952],[20.517335,54.705092],[20.516992,54.705171],[20.516775,54.705222],[20.516676,54.705245],[20.51665,54.705251],[20.516615,54.705259],[20.516587,54.705265],[20.51656,54.70527],[20.516534,54.705275],[20.516509,54.705279],[20.516481,54.705284],[20.516463,54.705286],[20.516442,54.705289],[20.516419,54.705292],[20.516392,54.705295],[20.516366,54.705297],[20.516347,54.705299],[20.516314,54.705301],[20.516285,54.705302],[20.516263,54.705303],[20.516248,54.705303],[20.516223,54.705304],[20.516195,54.705304],[20.516169,54.705303],[20.51614,54.705303],[20.516115,54.705302],[20.516092,54.7053],[20.516065,54.705298],[20.516034,54.705296],[20.516005,54.705293],[20.515981,54.70529],[20.515954,54.705287],[20.515929,54.705283],[20.515898,54.705278],[20.51587,54.705273],[20.51584,54.705268],[20.515811,54.705261],[20.515765,54.705251],[20.51568,54.705232],[20.515613,54.705217],[20.515538,54.705201],[20.515356,54.705158]]}},{"type":"Feature","properties":{"kind":"road","name":"","osm":"way/442081051","highway":"footway","access":"","foot":""},"geometry":{"type":"LineString","coordinates":[[20.518966,54.70456],[20.517241,54.704959],[20.516854,54.705049],[20.516683,54.705088],[20.516583,54.705111],[20.516557,54.705117],[20.516524,54.705125],[20.516502,54.70513],[20.516481,54.705134],[20.51646,54.705138],[20.516442,54.705141],[20.51642,54.705145],[20.516406,54.705146],[20.516388,54.705149],[20.516369,54.705151],[20.51635,54.705153],[20.516331,54.705155],[20.516317,54.705156],[20.516289,54.705158],[20.516267,54.705159],[20.51625,54.70516],[20.516239,54.70516],[20.51622,54.70516],[20.516198,54.70516],[20.516178,54.70516],[20.516155,54.705159],[20.516136,54.705158],[20.516118,54.705157],[20.516097,54.705156],[20.516073,54.705154],[20.51605,54.705152],[20.516031,54.70515],[20.516011,54.705147],[20.515992,54.705144],[20.51597,54.705141],[20.515945,54.705136],[20.515921,54.705132],[20.515899,54.705127],[20.515854,54.705117],[20.51577,54.705098],[20.515628,54.705067],[20.515573,54.705054],[20.515555,54.705049],[20.515541,54.705042],[20.515534,54.705037],[20.515529,54.70503]]}},{"type":"Feature","properties":{"kind":"road","name":"","osm":"way/442081055","highway":"footway","access":"","foot":""},"geometry":{"type":"LineString","coordinates":[[20.515529,54.70503],[20.515523,54.70502],[20.515519,54.705012],[20.515518,54.705003],[20.515534,54.704972],[20.515538,54.704961],[20.515548,54.704951],[20.515559,54.704944],[20.515573,54.704927]]}},{"type":"Feature","properties":{"kind":"green","name":"","osm":"way/442081059"},"geometry":{"type":"Polygon","coordinates":[[[20.515303,54.705209],[20.515309,54.705202],[20.515317,54.705197],[20.515326,54.705193],[20.515337,54.70519],[20.515349,54.705188],[20.515361,54.705187],[20.515373,54.705188],[20.515384,54.70519],[20.515395,54.705194],[20.515404,54.705198],[20.515412,54.705204],[20.515417,54.70521],[20.515421,54.705217],[20.515422,54.705224],[20.51542,54.70523],[20.515417,54.705237],[20.515411,54.705243],[20.515403,54.705249],[20.515393,54.705253],[20.515382,54.705256],[20.515371,54.705258],[20.515359,54.705259],[20.515346,54.705258],[20.515335,54.705256],[20.515324,54.705252],[20.515315,54.705248],[20.515307,54.705242],[20.515302,54.705236],[20.515299,54.705229],[20.515298,54.705222],[20.515299,54.705215],[20.515303,54.705209]]]}},{"type":"Feature","properties":{"kind":"green","name":"","osm":"way/442081062"},"geometry":{"type":"Polygon","coordinates":[[[20.517264,54.705037],[20.517274,54.705053],[20.516913,54.705136],[20.516743,54.705176],[20.516644,54.705199],[20.516618,54.705205],[20.516584,54.705213],[20.516558,54.705219],[20.516533,54.705223],[20.516508,54.705228],[20.516486,54.705232],[20.51646,54.705236],[20.516443,54.705238],[20.516423,54.705241],[20.516402,54.705244],[20.516378,54.705246],[20.516354,54.705248],[20.516337,54.70525],[20.516305,54.705252],[20.516279,54.705253],[20.516259,54.705254],[20.516245,54.705254],[20.516222,54.705254],[20.516196,54.705254],[20.516172,54.705254],[20.516146,54.705253],[20.516122,54.705252],[20.516101,54.705251],[20.516076,54.705249],[20.516048,54.705247],[20.516021,54.705244],[20.515998,54.705242],[20.515973,54.705239],[20.515951,54.705235],[20.515923,54.705231],[20.515896,54.705226],[20.515868,54.705221],[20.515841,54.705215],[20.515796,54.705205],[20.515711,54.705186],[20.5156,54.705161],[20.515592,54.705157],[20.515589,54.705153],[20.515587,54.705148],[20.515589,54.70514],[20.515722,54.70517],[20.515807,54.705189],[20.515852,54.705199],[20.515877,54.705205],[20.515905,54.70521],[20.515931,54.705214],[20.515958,54.705219],[20.51598,54.705222],[20.516004,54.705225],[20.516026,54.705227],[20.516053,54.70523],[20.51608,54.705232],[20.516104,54.705234],[20.516125,54.705235],[20.516147,54.705236],[20.516173,54.705237],[20.516197,54.705237],[20.516221,54.705237],[20.516244,54.705237],[20.516257,54.705236],[20.516277,54.705236],[20.516302,54.705235],[20.516333,54.705233],[20.51635,54.705231],[20.516372,54.705229],[20.516396,54.705227],[20.516417,54.705224],[20.516436,54.705222],[20.516453,54.705219],[20.516478,54.705215],[20.516499,54.705212],[20.516523,54.705207],[20.516547,54.705202],[20.516573,54.705197],[20.516607,54.705189],[20.516633,54.705183],[20.516732,54.70516],[20.516902,54.70512],[20.517264,54.705037]]]}},{"type":"Feature","properties":{"kind":"building","name":"Центр экологического образования и туризма","osm":"way/449766448"},"geometry":{"type":"Polygon","coordinates":[[[20.496565,54.711846],[20.496558,54.711718],[20.496971,54.71171],[20.496978,54.711838],[20.496565,54.711846]]]}},{"type":"Feature","properties":{"kind":"road","name":"","osm":"way/455406411","highway":"footway","access":"","foot":""},"geometry":{"type":"LineString","coordinates":[[20.477098,54.698555],[20.478723,54.698665],[20.479662,54.698732],[20.480633,54.698795],[20.480662,54.698797],[20.481134,54.698823],[20.483336,54.699096],[20.48468,54.699262],[20.486247,54.699476],[20.487344,54.699604],[20.487901,54.699691],[20.488182,54.699769],[20.488213,54.699788],[20.488392,54.699886],[20.488525,54.699986],[20.488608,54.700089],[20.488661,54.700163],[20.488693,54.700301],[20.488677,54.700537],[20.488622,54.700818],[20.488522,54.701528],[20.488515,54.701583],[20.488463,54.702034],[20.488408,54.702545],[20.488369,54.703063],[20.488404,54.703387],[20.488433,54.703472],[20.488451,54.703532],[20.488459,54.703547],[20.488488,54.703723],[20.488525,54.703779],[20.488618,54.703918],[20.488759,54.704127],[20.489006,54.704359],[20.489041,54.704389],[20.489223,54.704505],[20.489608,54.704679],[20.489798,54.704745],[20.49006,54.704795],[20.490362,54.704863],[20.49041,54.704838],[20.490664,54.704538],[20.490859,54.704287],[20.490856,54.704117],[20.490847,54.703998],[20.49091,54.70376],[20.490971,54.703638],[20.491102,54.703339],[20.491235,54.703056],[20.491465,54.702552],[20.491502,54.702428],[20.491546,54.701211],[20.491554,54.700985],[20.491641,54.7008],[20.491675,54.699658],[20.491812,54.699263]]}},{"type":"Feature","properties":{"kind":"rail","name":"","osm":"way/464463076"},"geometry":{"type":"LineString","coordinates":[[20.518115,54.699961],[20.518013,54.700084],[20.517598,54.700475],[20.517512,54.700545],[20.517449,54.700606],[20.517365,54.700702],[20.517304,54.700776],[20.516915,54.701337],[20.51649,54.702056],[20.516319,54.702494],[20.516312,54.702515],[20.516252,54.702868],[20.516168,54.70341],[20.516131,54.703681],[20.51608,54.704057],[20.515967,54.70426],[20.515743,54.704542],[20.515535,54.704799],[20.5154,54.704935],[20.515321,54.705014],[20.515296,54.705041],[20.515137,54.70521],[20.515031,54.705344],[20.514777,54.705623],[20.514695,54.705744],[20.514569,54.706256],[20.514512,54.706456],[20.514504,54.7065],[20.514498,54.70657],[20.514505,54.706719],[20.514545,54.706916]]}},{"type":"Feature","properties":{"kind":"rail","name":"","osm":"way/464463077"},"geometry":{"type":"LineString","coordinates":[[20.514649,54.707565],[20.514523,54.706913]]}},{"type":"Feature","properties":{"kind":"rail","name":"","osm":"way/464463078"},"geometry":{"type":"LineString","coordinates":[[20.514545,54.706916],[20.51467,54.707568]]}},{"type":"Feature","properties":{"kind":"rail","name":"","osm":"way/464463081"},"geometry":{"type":"LineString","coordinates":[[20.514773,54.708308],[20.514694,54.707862],[20.514668,54.707721],[20.514649,54.707565]]}},{"type":"Feature","properties":{"kind":"rail","name":"","osm":"way/464463459"},"geometry":{"type":"LineString","coordinates":[[20.505857,54.704361],[20.508433,54.709583]]}},{"type":"Feature","properties":{"kind":"rail","name":"","osm":"way/464463461"},"geometry":{"type":"LineString","coordinates":[[20.508402,54.709587],[20.505808,54.704371]]}},{"type":"Feature","properties":{"kind":"rail","name":"","osm":"way/464463464"},"geometry":{"type":"LineString","coordinates":[[20.508948,54.711866],[20.508916,54.711886],[20.508727,54.712011],[20.506831,54.713319],[20.504293,54.715053],[20.504209,54.71511],[20.504186,54.715126],[20.503273,54.715856],[20.503227,54.715903],[20.503032,54.716175],[20.503001,54.716217],[20.502994,54.716233],[20.502832,54.71652],[20.502758,54.716653],[20.502277,54.71752],[20.501978,54.718103],[20.501781,54.718497],[20.501684,54.71869]]}},{"type":"Feature","properties":{"kind":"rail","name":"","osm":"way/464463466"},"geometry":{"type":"LineString","coordinates":[[20.505808,54.704371],[20.505705,54.70416],[20.504821,54.702415],[20.504765,54.702307],[20.504365,54.701568],[20.503823,54.700625],[20.503637,54.700298],[20.503414,54.699924],[20.503101,54.699373],[20.503015,54.699146]]}},{"type":"Feature","properties":{"kind":"rail","name":"","osm":"way/464463467"},"geometry":{"type":"LineString","coordinates":[[20.508433,54.709583],[20.509128,54.710996],[20.509179,54.711145],[20.509183,54.711285]]}},{"type":"Feature","properties":{"kind":"rail","name":"","osm":"way/464463468"},"geometry":{"type":"LineString","coordinates":[[20.503061,54.69914],[20.503147,54.699365],[20.503477,54.699955],[20.503693,54.700316],[20.50387,54.700622],[20.504411,54.701572],[20.504812,54.7023],[20.504869,54.702407],[20.505156,54.702983],[20.505761,54.704176],[20.505857,54.704361]]}},{"type":"Feature","properties":{"kind":"road","name":"","osm":"way/473093054","highway":"footway","access":"","foot":""},"geometry":{"type":"LineString","coordinates":[[20.511409,54.706479],[20.51134,54.706484],[20.511176,54.706497]]}},{"type":"Feature","properties":{"kind":"road","name":"","osm":"way/473094453","highway":"service","access":"","foot":""},"geometry":{"type":"LineString","coordinates":[[20.514177,54.705758],[20.514127,54.705761],[20.514066,54.70576]]}},{"type":"Feature","properties":{"kind":"green","name":"Королевский сад","osm":"way/480314728"},"geometry":{"type":"Polygon","coordinates":[[[20.508928,54.71316],[20.50854,54.712959],[20.509034,54.712544],[20.509227,54.712711],[20.509281,54.712823],[20.509689,54.712815],[20.50983,54.712717],[20.510608,54.71316],[20.508928,54.71316]]]}},{"type":"Feature","properties":{"kind":"road","name":"","osm":"way/484472258","highway":"service","access":"","foot":""},"geometry":{"type":"LineString","coordinates":[[20.511988,54.711664],[20.511948,54.711654],[20.510784,54.711847],[20.510822,54.711909],[20.511004,54.712203]]}},{"type":"Feature","properties":{"kind":"road","name":"","osm":"way/484472347","highway":"service","access":"","foot":""},"geometry":{"type":"LineString","coordinates":[[20.510375,54.712536],[20.511143,54.712924]]}},{"type":"Feature","properties":{"kind":"road","name":"Портовая улица","osm":"way/488542313","highway":"residential","access":"","foot":""},"geometry":{"type":"LineString","coordinates":[[20.499553,54.70494],[20.499307,54.704403],[20.499318,54.704161],[20.499321,54.7041],[20.499809,54.703617]]}},{"type":"Feature","properties":{"kind":"road","name":"","osm":"way/509001317","highway":"service","access":"","foot":""},"geometry":{"type":"LineString","coordinates":[[20.50006,54.712333],[20.500073,54.712748],[20.499955,54.712751]]}},{"type":"Feature","properties":{"kind":"road","name":"","osm":"way/509001318","highway":"service","access":"","foot":""},"geometry":{"type":"LineString","coordinates":[[20.500185,54.712332],[20.500229,54.712665],[20.500459,54.712708]]}},{"type":"Feature","properties":{"kind":"road","name":"","osm":"way/545914113","highway":"footway","access":"","foot":""},"geometry":{"type":"LineString","coordinates":[[20.515101,54.70485],[20.515273,54.704899],[20.515321,54.704913],[20.515381,54.704929],[20.5154,54.704935],[20.515444,54.704947],[20.515495,54.704961],[20.515534,54.704972]]}},{"type":"Feature","properties":{"kind":"road","name":"","osm":"way/545914114","highway":"steps","access":"","foot":""},"geometry":{"type":"LineString","coordinates":[[20.508671,54.705819],[20.508661,54.705697]]}},{"type":"Feature","properties":{"kind":"road","name":"","osm":"way/554636562","highway":"footway","access":"","foot":""},"geometry":{"type":"LineString","coordinates":[[20.509018,54.712443],[20.509072,54.712716],[20.509102,54.712864],[20.509131,54.713008],[20.509319,54.71348]]}},{"type":"Feature","properties":{"kind":"road","name":"","osm":"way/554797290","highway":"service","access":"","foot":""},"geometry":{"type":"LineString","coordinates":[[20.509535,54.712784],[20.509454,54.712822],[20.509249,54.712918],[20.509102,54.712864],[20.50865,54.712696]]}},{"type":"Feature","properties":{"kind":"road","name":"","osm":"way/554797292","highway":"footway","access":"","foot":""},"geometry":{"type":"LineString","coordinates":[[20.50865,54.712696],[20.509072,54.712716],[20.509381,54.71273]]}},{"type":"Feature","properties":{"kind":"building","name":"Кайзерхоф","osm":"way/558380773"},"geometry":{"type":"Polygon","coordinates":[[[20.515895,54.70281],[20.515827,54.703184],[20.515716,54.703177],[20.515704,54.703244],[20.515694,54.703298],[20.515813,54.703304],[20.515738,54.703835],[20.515488,54.703823],[20.515502,54.703719],[20.515457,54.703717],[20.515483,54.703531],[20.515488,54.703499],[20.515445,54.703497],[20.515474,54.703288],[20.515632,54.703296],[20.515642,54.70324],[20.515655,54.703173],[20.515432,54.70316],[20.515287,54.702786],[20.515895,54.70281]]]}},{"type":"Feature","properties":{"kind":"road","name":"","osm":"way/568797973","highway":"footway","access":"","foot":""},"geometry":{"type":"LineString","coordinates":[[20.514522,54.704977],[20.5148,54.705087]]}},{"type":"Feature","properties":{"kind":"road","name":"","osm":"way/568797974","highway":"footway","access":"","foot":""},"geometry":{"type":"LineString","coordinates":[[20.514675,54.705191],[20.51437,54.705111]]}},{"type":"Feature","properties":{"kind":"rail","name":"","osm":"way/570723942"},"geometry":{"type":"LineString","coordinates":[[20.501646,54.718684],[20.501748,54.718493],[20.502229,54.717552],[20.502803,54.716516],[20.502961,54.716227],[20.502992,54.71617],[20.503108,54.716026],[20.503207,54.715882],[20.503258,54.715836],[20.504178,54.715096],[20.50421,54.71507],[20.504258,54.715037],[20.504837,54.714641],[20.506802,54.713308],[20.508692,54.71199],[20.508899,54.711849],[20.508929,54.711828]]}},{"type":"Feature","properties":{"kind":"building","name":"","osm":"way/571116088"},"geometry":{"type":"Polygon","coordinates":[[[20.512801,54.706459],[20.512811,54.706521],[20.512983,54.706511],[20.512969,54.706429],[20.512933,54.706431],[20.512938,54.706454],[20.512915,54.706456],[20.512876,54.706458],[20.512837,54.706461],[20.512836,54.706456],[20.512801,54.706459]]]}},{"type":"Feature","properties":{"kind":"building","name":"","osm":"way/571116092"},"geometry":{"type":"Polygon","coordinates":[[[20.511848,54.702491],[20.511746,54.702491],[20.511744,54.703293],[20.511826,54.703293],[20.511826,54.703312],[20.511911,54.703312],[20.511927,54.702668],[20.512002,54.702629],[20.512277,54.702629],[20.512459,54.702629],[20.512459,54.702512],[20.511848,54.702512],[20.511848,54.702491]]]}},{"type":"Feature","properties":{"kind":"building","name":"","osm":"way/571116093"},"geometry":{"type":"Polygon","coordinates":[[[20.511593,54.706813],[20.511604,54.706862],[20.511686,54.706856],[20.51169,54.706875],[20.511829,54.706865],[20.511824,54.706844],[20.511898,54.706839],[20.511888,54.706791],[20.51181,54.706796],[20.511806,54.706778],[20.511667,54.706788],[20.511671,54.706807],[20.511593,54.706813]]]}},{"type":"Feature","properties":{"kind":"building","name":"","osm":"way/571116094"},"geometry":{"type":"Polygon","coordinates":[[[20.510963,54.706659],[20.510887,54.70667],[20.510913,54.706728],[20.510989,54.706717],[20.510986,54.70671],[20.510966,54.706663],[20.510963,54.706659]]]}},{"type":"Feature","properties":{"kind":"road","name":"","osm":"way/571116095","highway":"footway","access":"","foot":""},"geometry":{"type":"LineString","coordinates":[[20.508533,54.710604],[20.508321,54.710616],[20.508302,54.710581],[20.508285,54.710547],[20.508109,54.710187]]}},{"type":"Feature","properties":{"kind":"building","name":"","osm":"way/571116096"},"geometry":{"type":"Polygon","coordinates":[[[20.510013,54.713058],[20.509991,54.713075],[20.510043,54.713098],[20.510065,54.713082],[20.510013,54.713058]]]}},{"type":"Feature","properties":{"kind":"road","name":"","osm":"way/571116097","highway":"footway","access":"","foot":""},"geometry":{"type":"LineString","coordinates":[[20.509979,54.713081],[20.510075,54.713125]]}},{"type":"Feature","properties":{"kind":"road","name":"Старопрегольская набережная","osm":"way/583464743","highway":"residential","access":"","foot":""},"geometry":{"type":"LineString","coordinates":[[20.508296,54.70482],[20.508464,54.704871],[20.508946,54.704864],[20.510075,54.704801],[20.510185,54.704791],[20.512225,54.704615],[20.512192,54.704458]]}},{"type":"Feature","properties":{"kind":"road","name":"","osm":"way/589412231","highway":"footway","access":"","foot":""},"geometry":{"type":"LineString","coordinates":[[20.510185,54.704791],[20.510215,54.704942]]}},{"type":"Feature","properties":{"kind":"road","name":"","osm":"way/589412233","highway":"footway","access":"","foot":""},"geometry":{"type":"LineString","coordinates":[[20.512225,54.704615],[20.512361,54.704631]]}},{"type":"Feature","properties":{"kind":"building","name":"","osm":"way/601588923"},"geometry":{"type":"Polygon","coordinates":[[[20.495062,54.704819],[20.495129,54.70481],[20.495101,54.704743],[20.495122,54.70474],[20.495114,54.704722],[20.495094,54.704725],[20.495067,54.70466],[20.495,54.704669],[20.495062,54.704819]]]}},{"type":"Feature","properties":{"kind":"building","name":"","osm":"way/601588924"},"geometry":{"type":"Polygon","coordinates":[[[20.49477,54.70505],[20.495007,54.705021],[20.494943,54.704845],[20.494705,54.704873],[20.49477,54.70505]]]}},{"type":"Feature","properties":{"kind":"building","name":"","osm":"way/601588927"},"geometry":{"type":"Polygon","coordinates":[[[20.496661,54.704831],[20.496644,54.704749],[20.496813,54.704738],[20.496829,54.70482],[20.496661,54.704831]]]}},{"type":"Feature","properties":{"kind":"building","name":"","osm":"way/601588929"},"geometry":{"type":"Polygon","coordinates":[[[20.498032,54.704946],[20.497961,54.704734],[20.497875,54.704743],[20.497853,54.704678],[20.497752,54.704689],[20.497846,54.704967],[20.498032,54.704946]]]}},{"type":"Feature","properties":{"kind":"building","name":"","osm":"way/601588931"},"geometry":{"type":"Polygon","coordinates":[[[20.498735,54.704937],[20.499185,54.704879],[20.499166,54.704831],[20.498717,54.70489],[20.498629,54.704701],[20.498546,54.704714],[20.49861,54.704852],[20.498735,54.704937]]]}},{"type":"Feature","properties":{"kind":"building","name":"","osm":"way/601588934"},"geometry":{"type":"Polygon","coordinates":[[[20.499083,54.704487],[20.499289,54.704455],[20.499261,54.704394],[20.499055,54.704426],[20.499083,54.704487]]]}},{"type":"Feature","properties":{"kind":"building","name":"","osm":"way/601588936"},"geometry":{"type":"Polygon","coordinates":[[[20.503726,54.703888],[20.503869,54.703865],[20.503719,54.703545],[20.503576,54.703567],[20.503726,54.703888]]]}},{"type":"Feature","properties":{"kind":"building","name":"","osm":"way/601588938"},"geometry":{"type":"Polygon","coordinates":[[[20.504091,54.70384],[20.504202,54.703823],[20.504073,54.703533],[20.503962,54.70355],[20.504091,54.70384]]]}},{"type":"Feature","properties":{"kind":"building","name":"","osm":"way/601588941"},"geometry":{"type":"Polygon","coordinates":[[[20.504513,54.703849],[20.504658,54.703829],[20.504479,54.703401],[20.504335,54.703421],[20.504411,54.703604],[20.50439,54.703606],[20.5044,54.703631],[20.504421,54.703628],[20.504513,54.703849]]]}},{"type":"Feature","properties":{"kind":"building","name":"","osm":"way/601588944"},"geometry":{"type":"Polygon","coordinates":[[[20.503802,54.703419],[20.504044,54.703383],[20.504017,54.703323],[20.503776,54.703359],[20.503802,54.703419]]]}},{"type":"Feature","properties":{"kind":"building","name":"","osm":"way/601588946"},"geometry":{"type":"Polygon","coordinates":[[[20.504116,54.703441],[20.504417,54.703401],[20.504352,54.703238],[20.504052,54.703277],[20.504116,54.703441]]]}},{"type":"Feature","properties":{"kind":"building","name":"","osm":"way/601588950"},"geometry":{"type":"Polygon","coordinates":[[[20.503806,54.703437],[20.503671,54.703455],[20.503704,54.703539],[20.50384,54.703521],[20.503806,54.703437]]]}},{"type":"Feature","properties":{"kind":"building","name":"","osm":"way/601588951"},"geometry":{"type":"Polygon","coordinates":[[[20.50384,54.703521],[20.504148,54.703479],[20.504138,54.703454],[20.504098,54.70346],[20.504075,54.703401],[20.503806,54.703437],[20.50384,54.703521]]]}},{"type":"Feature","properties":{"kind":"building","name":"","osm":"way/601594077"},"geometry":{"type":"Polygon","coordinates":[[[20.492514,54.703386],[20.492828,54.703353],[20.492796,54.703252],[20.492483,54.703284],[20.492514,54.703386]]]}},{"type":"Feature","properties":{"kind":"building","name":"","osm":"way/601594078"},"geometry":{"type":"Polygon","coordinates":[[[20.492833,54.703871],[20.493041,54.703854],[20.492942,54.703431],[20.492435,54.703471],[20.492462,54.703586],[20.492761,54.703562],[20.492833,54.703871]]]}},{"type":"Feature","properties":{"kind":"road","name":"","osm":"way/605007286","highway":"service","access":"","foot":""},"geometry":{"type":"LineString","coordinates":[[20.506864,54.702426],[20.506766,54.702212],[20.506739,54.702141]]}},{"type":"Feature","properties":{"kind":"road","name":"","osm":"way/605007288","highway":"footway","access":"","foot":""},"geometry":{"type":"LineString","coordinates":[[20.509725,54.703447],[20.509187,54.703469],[20.508647,54.703509]]}},{"type":"Feature","properties":{"kind":"road","name":"","osm":"way/605008053","highway":"footway","access":"","foot":""},"geometry":{"type":"LineString","coordinates":[[20.515256,54.702749],[20.515197,54.702512],[20.51525,54.702505],[20.515247,54.702462],[20.515242,54.702413],[20.515165,54.702402],[20.515001,54.702019],[20.514827,54.701506],[20.514796,54.701435],[20.514772,54.701356],[20.514758,54.70123],[20.514761,54.701148],[20.514771,54.7011],[20.514794,54.701048],[20.514851,54.700942],[20.514951,54.700821],[20.515064,54.700727],[20.515223,54.700642],[20.515399,54.70056],[20.51567,54.700415],[20.515865,54.70032],[20.516045,54.700246],[20.516245,54.70017],[20.516622,54.700041],[20.51676,54.699994]]}},{"type":"Feature","properties":{"kind":"road","name":"","osm":"way/610783435","highway":"path","access":"","foot":""},"geometry":{"type":"LineString","coordinates":[[20.503374,54.704484],[20.503381,54.704542],[20.503552,54.705381],[20.502765,54.705382]]}},{"type":"Feature","properties":{"kind":"road","name":"","osm":"way/610783436","highway":"path","access":"","foot":""},"geometry":{"type":"LineString","coordinates":[[20.503552,54.705381],[20.505163,54.705408],[20.505831,54.705351],[20.506614,54.705147]]}},{"type":"Feature","properties":{"kind":"road","name":"","osm":"way/610783437","highway":"steps","access":"","foot":""},"geometry":{"type":"LineString","coordinates":[[20.506495,54.705148],[20.506461,54.70507],[20.506404,54.705078]]}},{"type":"Feature","properties":{"kind":"building","name":"Новая синагога","osm":"way/618344514"},"geometry":{"type":"Polygon","coordinates":[[[20.514922,54.706011],[20.51505,54.706024],[20.515083,54.706028],[20.515109,54.706031],[20.51524,54.706044],[20.515248,54.706018],[20.515259,54.705982],[20.515317,54.705794],[20.515159,54.705778],[20.515,54.705761],[20.514942,54.705948],[20.514929,54.70599],[20.514922,54.706011]]]}},{"type":"Feature","properties":{"kind":"green","name":"","osm":"way/641561196"},"geometry":{"type":"Polygon","coordinates":[[[20.51043,54.712963],[20.510166,54.712834],[20.510261,54.712787],[20.510518,54.712927],[20.51043,54.712963]]]}},{"type":"Feature","properties":{"kind":"road","name":"Ленинский проспект","osm":"way/641649491","highway":"primary","access":"","foot":"no"},"geometry":{"type":"LineString","coordinates":[[20.504737,54.701893],[20.504938,54.702279],[20.505005,54.702385]]}},{"type":"Feature","properties":{"kind":"road","name":"","osm":"way/659344822","highway":"service","access":"","foot":""},"geometry":{"type":"LineString","coordinates":[[20.506113,54.712837],[20.506213,54.712945],[20.505727,54.713492]]}},{"type":"Feature","properties":{"kind":"road","name":"Ленинский проспект","osm":"way/668655483","highway":"primary","access":"","foot":"no"},"geometry":{"type":"LineString","coordinates":[[20.509192,54.710978],[20.509272,54.711214],[20.509298,54.711317]]}},{"type":"Feature","properties":{"kind":"road","name":"Портовая улица","osm":"way/668678780","highway":"secondary","access":"","foot":""},"geometry":{"type":"LineString","coordinates":[[20.505287,54.70424],[20.50505,54.704271]]}},{"type":"Feature","properties":{"kind":"road","name":"Портовая улица","osm":"way/668678782","highway":"secondary","access":"","foot":""},"geometry":{"type":"LineString","coordinates":[[20.491718,54.70496],[20.491059,54.704934]]}},{"type":"Feature","properties":{"kind":"road","name":"","osm":"way/669208270","highway":"tertiary","access":"","foot":""},"geometry":{"type":"LineString","coordinates":[[20.508183,54.704715],[20.508225,54.70472],[20.508263,54.704733],[20.508289,54.704752],[20.508304,54.704774],[20.508306,54.704797],[20.508296,54.70482]]}},{"type":"Feature","properties":{"kind":"road","name":"","osm":"way/669208271","highway":"service","access":"","foot":""},"geometry":{"type":"LineString","coordinates":[[20.508161,54.704864],[20.508085,54.704959],[20.508126,54.705095]]}},{"type":"Feature","properties":{"kind":"road","name":"","osm":"way/669208272","highway":"tertiary","access":"","foot":""},"geometry":{"type":"LineString","coordinates":[[20.508161,54.704864],[20.508121,54.704856],[20.508086,54.704842],[20.508061,54.704821],[20.50805,54.704797],[20.508053,54.704772]]}},{"type":"Feature","properties":{"kind":"road","name":"","osm":"way/669208273","highway":"tertiary","access":"","foot":""},"geometry":{"type":"LineString","coordinates":[[20.508053,54.704772],[20.508071,54.704749],[20.508101,54.70473],[20.508139,54.704719],[20.508183,54.704715]]}},{"type":"Feature","properties":{"kind":"road","name":"","osm":"way/669208274","highway":"tertiary","access":"","foot":""},"geometry":{"type":"LineString","coordinates":[[20.508296,54.70482],[20.508273,54.70484],[20.50824,54.704855],[20.508202,54.704863],[20.508161,54.704864]]}},{"type":"Feature","properties":{"kind":"road","name":"Житомирская улица","osm":"way/693840853","highway":"residential","access":"","foot":""},"geometry":{"type":"LineString","coordinates":[[20.506861,54.710699],[20.506855,54.710777]]}},{"type":"Feature","properties":{"kind":"road","name":"Житомирская улица","osm":"way/693840854","highway":"residential","access":"","foot":""},"geometry":{"type":"LineString","coordinates":[[20.506855,54.710777],[20.506815,54.711241],[20.506808,54.711318]]}},{"type":"Feature","properties":{"kind":"road","name":"Житомирская улица","osm":"way/693840855","highway":"residential","access":"","foot":""},"geometry":{"type":"LineString","coordinates":[[20.506858,54.710632],[20.506861,54.710699]]}},{"type":"Feature","properties":{"kind":"road","name":"улица Коперника","osm":"way/693840856","highway":"residential","access":"","foot":""},"geometry":{"type":"LineString","coordinates":[[20.506455,54.710468],[20.506671,54.710463]]}},{"type":"Feature","properties":{"kind":"green","name":"Руины фундамента западного флигеля Королевского замка","osm":"way/701517163"},"geometry":{"type":"Polygon","coordinates":[[[20.509397,54.710837],[20.509933,54.710772],[20.509676,54.710055],[20.509209,54.710111],[20.509347,54.710497],[20.509278,54.710506],[20.509397,54.710837]]]}},{"type":"Feature","properties":{"kind":"water","name":"","osm":"way/701762295"},"geometry":{"type":"Polygon","coordinates":[[[20.515496,54.712874],[20.515512,54.712909],[20.515547,54.712938],[20.515593,54.712957],[20.515646,54.712967],[20.515701,54.712967],[20.515755,54.712957],[20.5158,54.712938],[20.515833,54.712912],[20.51585,54.712881],[20.51585,54.712849],[20.515832,54.712818],[20.515799,54.712792],[20.515749,54.712772],[20.515689,54.712763],[20.515628,54.712766],[20.515572,54.712781],[20.515528,54.712806],[20.515502,54.712839],[20.515496,54.712874]]]}},{"type":"Feature","properties":{"kind":"water","name":"","osm":"way/701762296"},"geometry":{"type":"Polygon","coordinates":[[[20.515465,54.712647],[20.51548,54.712682],[20.515516,54.712711],[20.515561,54.71273],[20.515614,54.71274],[20.51567,54.71274],[20.515723,54.71273],[20.515768,54.712711],[20.515801,54.712685],[20.515818,54.712654],[20.515818,54.712622],[20.515801,54.712592],[20.515767,54.712565],[20.515717,54.712545],[20.515657,54.712536],[20.515596,54.712539],[20.51554,54.712554],[20.515496,54.712579],[20.51547,54.712612],[20.515465,54.712647]]]}},{"type":"Feature","properties":{"kind":"green","name":"","osm":"way/702616120"},"geometry":{"type":"Polygon","coordinates":[[[20.510037,54.710639],[20.510138,54.710619],[20.510239,54.710605],[20.510106,54.710564],[20.510037,54.710639]]]}},{"type":"Feature","properties":{"kind":"green","name":"","osm":"way/702616121"},"geometry":{"type":"Polygon","coordinates":[[[20.509928,54.710371],[20.510086,54.710417],[20.510168,54.710321],[20.51001,54.710276],[20.509928,54.710371]]]}},{"type":"Feature","properties":{"kind":"green","name":"","osm":"way/702616122"},"geometry":{"type":"Polygon","coordinates":[[[20.509947,54.710198],[20.510277,54.710291],[20.510438,54.710101],[20.510109,54.710008],[20.509947,54.710198]]]}},{"type":"Feature","properties":{"kind":"green","name":"","osm":"way/702616123"},"geometry":{"type":"Polygon","coordinates":[[[20.509807,54.710101],[20.509929,54.710136],[20.509992,54.710063],[20.50987,54.710028],[20.509807,54.710101]]]}},{"type":"Feature","properties":{"kind":"green","name":"","osm":"way/702616124"},"geometry":{"type":"Polygon","coordinates":[[[20.510145,54.709989],[20.510462,54.710078],[20.510586,54.709935],[20.510145,54.709989]]]}},{"type":"Feature","properties":{"kind":"green","name":"","osm":"way/702616125"},"geometry":{"type":"Polygon","coordinates":[[[20.510514,54.7101],[20.510851,54.710205],[20.51139,54.710124],[20.511296,54.709881],[20.511141,54.709896],[20.511134,54.709861],[20.510666,54.709925],[20.510514,54.7101]]]}},{"type":"Feature","properties":{"kind":"green","name":"","osm":"way/702616126"},"geometry":{"type":"Polygon","coordinates":[[[20.51012,54.710499],[20.510275,54.710318],[20.510469,54.710372],[20.510543,54.710558],[20.510402,54.71058],[20.51012,54.710499]]]}},{"type":"Feature","properties":{"kind":"green","name":"","osm":"way/702616127"},"geometry":{"type":"Polygon","coordinates":[[[20.510323,54.710304],[20.510478,54.710118],[20.510813,54.710217],[20.510444,54.710274],[20.51046,54.710342],[20.510323,54.710304]]]}},{"type":"Feature","properties":{"kind":"road","name":"","osm":"way/702616128","highway":"footway","access":"","foot":""},"geometry":{"type":"LineString","coordinates":[[20.509063,54.709994],[20.509403,54.710027]]}},{"type":"Feature","properties":{"kind":"road","name":"","osm":"way/702616129","highway":"steps","access":"","foot":""},"geometry":{"type":"LineString","coordinates":[[20.509403,54.710027],[20.509742,54.709989]]}},{"type":"Feature","properties":{"kind":"road","name":"","osm":"way/702616130","highway":"footway","access":"","foot":""},"geometry":{"type":"LineString","coordinates":[[20.509124,54.70989],[20.509369,54.709835],[20.510151,54.709709],[20.510185,54.70977]]}},{"type":"Feature","properties":{"kind":"road","name":"","osm":"way/702616131","highway":"steps","access":"","foot":""},"geometry":{"type":"LineString","coordinates":[[20.510185,54.70977],[20.51065,54.709726]]}},{"type":"Feature","properties":{"kind":"road","name":"","osm":"way/702616132","highway":"footway","access":"","foot":""},"geometry":{"type":"LineString","coordinates":[[20.509742,54.709989],[20.510549,54.7099],[20.510935,54.709858],[20.511302,54.7098],[20.511393,54.709828],[20.511654,54.710428],[20.511829,54.710459]]}},{"type":"Feature","properties":{"kind":"road","name":"","osm":"way/702616133","highway":"footway","access":"","foot":""},"geometry":{"type":"LineString","coordinates":[[20.510549,54.7099],[20.51067,54.709766],[20.510935,54.709858]]}},{"type":"Feature","properties":{"kind":"road","name":"","osm":"way/702616134","highway":"footway","access":"","foot":""},"geometry":{"type":"LineString","coordinates":[[20.51067,54.709766],[20.51065,54.709726]]}},{"type":"Feature","properties":{"kind":"road","name":"","osm":"way/702616135","highway":"footway","access":"","foot":""},"geometry":{"type":"LineString","coordinates":[[20.510151,54.709709],[20.510879,54.709583],[20.510897,54.709553],[20.510914,54.709526],[20.511077,54.70949],[20.511495,54.709061]]}},{"type":"Feature","properties":{"kind":"waterline","name":"","osm":"way/709209838"},"geometry":{"type":"LineString","coordinates":[[20.52118,54.72018],[20.520025,54.718331],[20.519811,54.717346],[20.51848,54.715778],[20.516925,54.714575],[20.51524,54.713813],[20.51421,54.711794],[20.514237,54.711436]]}},{"type":"Feature","properties":{"kind":"road","name":"","osm":"way/711960455","highway":"footway","access":"","foot":""},"geometry":{"type":"LineString","coordinates":[[20.508427,54.712854],[20.508112,54.712694]]}},{"type":"Feature","properties":{"kind":"road","name":"","osm":"way/736641736","highway":"service","access":"","foot":""},"geometry":{"type":"LineString","coordinates":[[20.515905,54.703259],[20.515818,54.703937],[20.515773,54.704071],[20.515697,54.704207],[20.515609,54.704338],[20.515452,54.704523]]}},{"type":"Feature","properties":{"kind":"road","name":"","osm":"way/736641737","highway":"unclassified","access":"","foot":""},"geometry":{"type":"LineString","coordinates":[[20.514413,54.705769],[20.51434,54.705766],[20.514177,54.705758]]}},{"type":"Feature","properties":{"kind":"road","name":"","osm":"way/741938488","highway":"footway","access":"","foot":""},"geometry":{"type":"LineString","coordinates":[[20.515136,54.704448],[20.514999,54.70456],[20.514522,54.704977],[20.51437,54.705111],[20.514305,54.705171],[20.514238,54.705316],[20.514176,54.705452],[20.514122,54.705573],[20.514373,54.705615],[20.51434,54.705766]]}},{"type":"Feature","properties":{"kind":"road","name":"","osm":"way/741938489","highway":"footway","access":"","foot":""},"geometry":{"type":"LineString","coordinates":[[20.515266,54.704497],[20.515361,54.704385],[20.515508,54.704163],[20.515575,54.704011],[20.515625,54.703951],[20.515699,54.703929],[20.515774,54.703831],[20.515852,54.703255],[20.515939,54.702773]]}},{"type":"Feature","properties":{"kind":"road","name":"","osm":"way/741938490","highway":"footway","access":"","foot":""},"geometry":{"type":"LineString","coordinates":[[20.515333,54.702752],[20.515465,54.702756],[20.515658,54.702763],[20.51574,54.702766],[20.515939,54.702773]]}},{"type":"Feature","properties":{"kind":"road","name":"улица Вагнера","osm":"way/746885544","highway":"tertiary","access":"","foot":""},"geometry":{"type":"LineString","coordinates":[[20.505602,54.711943],[20.506302,54.71189]]}},{"type":"Feature","properties":{"kind":"waterline","name":"Кошачий ручей","osm":"way/751226182"},"geometry":{"type":"LineString","coordinates":[[20.514237,54.711436],[20.514578,54.711045],[20.514899,54.710757],[20.515133,54.710471],[20.515379,54.709971],[20.515663,54.709395],[20.51647,54.707642]]}},{"type":"Feature","properties":{"kind":"road","name":"Центральная площадь","osm":"way/751648588","highway":"service","access":"","foot":""},"geometry":{"type":"LineString","coordinates":[[20.511959,54.710767],[20.511829,54.710459],[20.513989,54.710131],[20.514124,54.710429],[20.511959,54.710767]]}},{"type":"Feature","properties":{"kind":"green","name":"","osm":"way/785989527"},"geometry":{"type":"Polygon","coordinates":[[[20.504664,54.706753],[20.504738,54.706642],[20.50483,54.706662],[20.504758,54.706772],[20.504664,54.706753]]]}},{"type":"Feature","properties":{"kind":"road","name":"","osm":"way/802380991","highway":"service","access":"","foot":""},"geometry":{"type":"LineString","coordinates":[[20.510649,54.7123],[20.51089,54.712392],[20.511257,54.712539],[20.511421,54.712576],[20.511574,54.71258],[20.512011,54.71251]]}},{"type":"Feature","properties":{"kind":"building","name":"","osm":"way/812601275"},"geometry":{"type":"Polygon","coordinates":[[[20.51601,54.70454],[20.516182,54.704374],[20.516348,54.704425],[20.516182,54.704595],[20.51601,54.70454]]]}},{"type":"Feature","properties":{"kind":"road","name":"","osm":"way/812601276","highway":"service","access":"","foot":""},"geometry":{"type":"LineString","coordinates":[[20.51704,54.704087],[20.516968,54.704102]]}},{"type":"Feature","properties":{"kind":"road","name":"","osm":"way/812601277","highway":"footway","access":"","foot":""},"geometry":{"type":"LineString","coordinates":[[20.515573,54.704927],[20.515658,54.704832],[20.51594,54.704527],[20.516124,54.704274],[20.51613,54.704257],[20.516215,54.704017],[20.516305,54.703553],[20.516369,54.703101],[20.516405,54.70285],[20.516451,54.702516],[20.516566,54.702188],[20.516738,54.701874],[20.516892,54.701615],[20.516916,54.701576],[20.517148,54.701199],[20.517475,54.700735],[20.51752,54.70071],[20.517577,54.700704],[20.517632,54.700712],[20.517667,54.700671],[20.517703,54.700632],[20.517679,54.700618],[20.517654,54.70059],[20.517654,54.700545],[20.518302,54.699926],[20.518375,54.699858],[20.518427,54.699824],[20.519124,54.699598],[20.519488,54.699474],[20.519789,54.699399],[20.519898,54.699398],[20.519969,54.699425],[20.520051,54.699484]]}},{"type":"Feature","properties":{"kind":"road","name":"","osm":"way/812828746","highway":"footway","access":"","foot":""},"geometry":{"type":"LineString","coordinates":[[20.513228,54.701019],[20.513375,54.701541],[20.513613,54.702384]]}},{"type":"Feature","properties":{"kind":"road","name":"","osm":"way/812828747","highway":"footway","access":"","foot":""},"geometry":{"type":"LineString","coordinates":[[20.513046,54.701068],[20.513431,54.702379]]}},{"type":"Feature","properties":{"kind":"green","name":"Биржевой сквер","osm":"way/814619390"},"geometry":{"type":"Polygon","coordinates":[[[20.506416,54.704866],[20.506124,54.704245],[20.507757,54.704027],[20.507969,54.704518],[20.508106,54.704595],[20.508049,54.704674],[20.507988,54.704722],[20.507879,54.704753],[20.507165,54.704808],[20.506416,54.704866]]]}},{"type":"Feature","properties":{"kind":"green","name":"","osm":"way/814619391"},"geometry":{"type":"Polygon","coordinates":[[[20.506475,54.704788],[20.50654,54.704817],[20.506621,54.704823],[20.506684,54.704813],[20.506745,54.704797],[20.506805,54.704791],[20.506878,54.704803],[20.506933,54.704813],[20.50698,54.704796],[20.507008,54.70477],[20.507003,54.704732],[20.506952,54.704705],[20.506896,54.704711],[20.506821,54.704728],[20.506776,54.704732],[20.506726,54.704711],[20.506695,54.704689],[20.506701,54.704662],[20.50673,54.704637],[20.50673,54.704613],[20.506708,54.704594],[20.506639,54.704585],[20.50657,54.7046],[20.5065,54.704622],[20.506452,54.704674],[20.506443,54.704739],[20.506475,54.704788]]]}},{"type":"Feature","properties":{"kind":"green","name":"","osm":"way/814619392"},"geometry":{"type":"Polygon","coordinates":[[[20.50634,54.704487],[20.50631,54.704445],[20.506297,54.704415],[20.506316,54.704384],[20.506345,54.704369],[20.50642,54.704372],[20.506487,54.704367],[20.50655,54.704345],[20.506588,54.704312],[20.506645,54.704278],[20.50672,54.704276],[20.506783,54.704291],[20.506816,54.704315],[20.506843,54.704351],[20.506839,54.704373],[20.506811,54.704389],[20.506767,54.704395],[20.506716,54.704375],[20.506651,54.704363],[20.506616,54.704388],[20.506621,54.704437],[20.506642,54.704481],[20.506609,54.704525],[20.506536,54.704546],[20.506424,54.704522],[20.50634,54.704487]]]}},{"type":"Feature","properties":{"kind":"green","name":"","osm":"way/814619393"},"geometry":{"type":"Polygon","coordinates":[[[20.507294,54.704741],[20.507257,54.704707],[20.507265,54.704672],[20.507307,54.704652],[20.507379,54.704647],[20.507438,54.704648],[20.507502,54.704628],[20.507511,54.704583],[20.50748,54.704535],[20.507477,54.704506],[20.507509,54.704487],[20.507574,54.704498],[20.507629,54.704529],[20.50765,54.704576],[20.507614,54.704629],[20.507564,54.704679],[20.507516,54.704717],[20.507426,54.70474],[20.507294,54.704741]]]}},{"type":"Feature","properties":{"kind":"green","name":"","osm":"way/814619394"},"geometry":{"type":"Polygon","coordinates":[[[20.506354,54.704319],[20.506322,54.704295],[20.506321,54.704265],[20.50637,54.704248],[20.506469,54.704232],[20.506549,54.704223],[20.506677,54.704198],[20.506799,54.704179],[20.506877,54.704186],[20.506886,54.704214],[20.50686,54.704234],[20.506812,54.704248],[20.506748,54.704242],[20.506681,54.704233],[20.506598,54.704241],[20.506546,54.704276],[20.506522,54.704293],[20.506445,54.704318],[20.506354,54.704319]]]}},{"type":"Feature","properties":{"kind":"green","name":"","osm":"way/814619395"},"geometry":{"type":"Polygon","coordinates":[[[20.507005,54.704199],[20.506952,54.704171],[20.506965,54.704149],[20.507041,54.704139],[20.507669,54.704054],[20.507741,54.704069],[20.507774,54.704098],[20.507836,54.704246],[20.507793,54.704278],[20.50771,54.704288],[20.507612,54.70427],[20.507563,54.70422],[20.507462,54.704175],[20.507308,54.704184],[20.507142,54.704197],[20.507068,54.704207],[20.507005,54.704199]]]}},{"type":"Feature","properties":{"kind":"green","name":"","osm":"way/814619396"},"geometry":{"type":"Polygon","coordinates":[[[20.507214,54.704215],[20.507314,54.704202],[20.507407,54.70422],[20.507501,54.704272],[20.507548,54.704322],[20.507552,54.704382],[20.507524,54.704415],[20.507478,54.704438],[20.50741,54.704448],[20.507364,54.704419],[20.507375,54.704368],[20.507432,54.704334],[20.507368,54.704285],[20.507296,54.704283],[20.507199,54.704302],[20.507154,54.704278],[20.507158,54.704238],[20.507214,54.704215]]]}},{"type":"Feature","properties":{"kind":"green","name":"","osm":"way/814619397"},"geometry":{"type":"Polygon","coordinates":[[[20.507923,54.704475],[20.507859,54.704323],[20.507811,54.704317],[20.507751,54.704327],[20.5077,54.704363],[20.507713,54.704423],[20.507773,54.704476],[20.50785,54.704494],[20.507923,54.704475]]]}},{"type":"Feature","properties":{"kind":"green","name":"","osm":"way/814619398"},"geometry":{"type":"Polygon","coordinates":[[[20.507801,54.704732],[20.507867,54.704727],[20.507955,54.704701],[20.508002,54.704664],[20.50798,54.704577],[20.507946,54.704529],[20.50786,54.704536],[20.507772,54.70456],[20.507698,54.704624],[20.507665,54.704682],[20.507685,54.70472],[20.507738,54.704736],[20.507801,54.704732]]]}},{"type":"Feature","properties":{"kind":"road","name":"","osm":"way/814619399","highway":"footway","access":"","foot":""},"geometry":{"type":"LineString","coordinates":[[20.506557,54.705022],[20.507215,54.704951],[20.507941,54.704873],[20.508085,54.704959]]}},{"type":"Feature","properties":{"kind":"road","name":"","osm":"way/814619400","highway":"footway","access":"","foot":""},"geometry":{"type":"LineString","coordinates":[[20.507215,54.704951],[20.50718,54.704853],[20.507165,54.704808]]}},{"type":"Feature","properties":{"kind":"road","name":"","osm":"way/814619401","highway":"footway","access":"","foot":""},"geometry":{"type":"LineString","coordinates":[[20.508647,54.703509],[20.508302,54.703551],[20.508173,54.703835],[20.508103,54.703892],[20.508039,54.703968],[20.508093,54.704112],[20.508165,54.704118],[20.508345,54.704586]]}},{"type":"Feature","properties":{"kind":"road","name":"","osm":"way/814619402","highway":"footway","access":"","foot":""},"geometry":{"type":"LineString","coordinates":[[20.508039,54.703968],[20.507939,54.703982],[20.507856,54.703993]]}},{"type":"Feature","properties":{"kind":"road","name":"","osm":"way/814619403","highway":"footway","access":"","foot":""},"geometry":{"type":"LineString","coordinates":[[20.507856,54.703993],[20.507764,54.704006],[20.506899,54.704129],[20.50622,54.704226]]}},{"type":"Feature","properties":{"kind":"road","name":"","osm":"way/814619404","highway":"footway","access":"","foot":""},"geometry":{"type":"LineString","coordinates":[[20.508345,54.704586],[20.50819,54.704606],[20.508106,54.704595]]}},{"type":"Feature","properties":{"kind":"road","name":"","osm":"way/814619408","highway":"footway","access":"","foot":""},"geometry":{"type":"LineString","coordinates":[[20.505997,54.704045],[20.50612,54.704047],[20.507962,54.703802],[20.508059,54.703743],[20.508188,54.703502],[20.508197,54.70346],[20.508176,54.703243],[20.508026,54.702023]]}},{"type":"Feature","properties":{"kind":"road","name":"","osm":"way/824589168","highway":"footway","access":"","foot":""},"geometry":{"type":"LineString","coordinates":[[20.515939,54.702773],[20.515959,54.702651],[20.515984,54.702498]]}},{"type":"Feature","properties":{"kind":"road","name":"","osm":"way/824589169","highway":"footway","access":"","foot":""},"geometry":{"type":"LineString","coordinates":[[20.515959,54.702651],[20.515864,54.702566],[20.515777,54.702488]]}},{"type":"Feature","properties":{"kind":"road","name":"","osm":"way/824589170","highway":"footway","access":"","foot":""},"geometry":{"type":"LineString","coordinates":[[20.515959,54.702651],[20.515793,54.702738],[20.51574,54.702766]]}},{"type":"Feature","properties":{"kind":"road","name":"","osm":"way/824589171","highway":"footway","access":"","foot":""},"geometry":{"type":"LineString","coordinates":[[20.515745,54.702648],[20.515711,54.702682],[20.51567,54.702693],[20.515617,54.702676],[20.515587,54.702646],[20.515619,54.702619],[20.515668,54.702602],[20.515723,54.702619],[20.515745,54.702648]]}},{"type":"Feature","properties":{"kind":"road","name":"","osm":"way/824589172","highway":"footway","access":"","foot":""},"geometry":{"type":"LineString","coordinates":[[20.515723,54.702619],[20.515864,54.702566]]}},{"type":"Feature","properties":{"kind":"road","name":"","osm":"way/824589173","highway":"footway","access":"","foot":""},"geometry":{"type":"LineString","coordinates":[[20.515745,54.702648],[20.515959,54.702651]]}},{"type":"Feature","properties":{"kind":"road","name":"","osm":"way/824589174","highway":"footway","access":"","foot":""},"geometry":{"type":"LineString","coordinates":[[20.515711,54.702682],[20.515793,54.702738]]}},{"type":"Feature","properties":{"kind":"road","name":"","osm":"way/824589175","highway":"footway","access":"","foot":""},"geometry":{"type":"LineString","coordinates":[[20.51567,54.702693],[20.515658,54.702763]]}},{"type":"Feature","properties":{"kind":"road","name":"","osm":"way/824589176","highway":"footway","access":"","foot":""},"geometry":{"type":"LineString","coordinates":[[20.515617,54.702676],[20.515465,54.702756]]}},{"type":"Feature","properties":{"kind":"road","name":"","osm":"way/824589177","highway":"footway","access":"","foot":""},"geometry":{"type":"LineString","coordinates":[[20.515587,54.702646],[20.515429,54.702637],[20.515363,54.702633]]}},{"type":"Feature","properties":{"kind":"road","name":"","osm":"way/824589178","highway":"footway","access":"","foot":""},"geometry":{"type":"LineString","coordinates":[[20.515668,54.702602],[20.515687,54.702484]]}},{"type":"Feature","properties":{"kind":"road","name":"","osm":"way/824589179","highway":"footway","access":"","foot":""},"geometry":{"type":"LineString","coordinates":[[20.515619,54.702619],[20.51556,54.702563],[20.515464,54.702473]]}},{"type":"Feature","properties":{"kind":"road","name":"","osm":"way/824810494","highway":"footway","access":"","foot":""},"geometry":{"type":"LineString","coordinates":[[20.51556,54.702563],[20.515429,54.702637]]}},{"type":"Feature","properties":{"kind":"green","name":"","osm":"way/824810495"},"geometry":{"type":"Polygon","coordinates":[[[20.51541,54.702726],[20.515418,54.702651],[20.515566,54.702658],[20.515589,54.702679],[20.515487,54.702729],[20.51541,54.702726]]]}},{"type":"Feature","properties":{"kind":"green","name":"","osm":"way/824810496"},"geometry":{"type":"Polygon","coordinates":[[[20.515423,54.702622],[20.51544,54.702503],[20.515475,54.702504],[20.51554,54.70256],[20.515423,54.702622]]]}},{"type":"Feature","properties":{"kind":"green","name":"","osm":"way/824810497"},"geometry":{"type":"Polygon","coordinates":[[[20.515472,54.702627],[20.515566,54.702632],[20.515591,54.702614],[20.515556,54.702581],[20.515472,54.702627]]]}},{"type":"Feature","properties":{"kind":"green","name":"","osm":"way/824810498"},"geometry":{"type":"Polygon","coordinates":[[[20.515552,54.702731],[20.515613,54.702691],[20.515649,54.702702],[20.515643,54.702734],[20.515552,54.702731]]]}},{"type":"Feature","properties":{"kind":"green","name":"","osm":"way/824810499"},"geometry":{"type":"Polygon","coordinates":[[[20.515684,54.702734],[20.515686,54.702703],[20.51571,54.702695],[20.51577,54.702738],[20.515684,54.702734]]]}},{"type":"Feature","properties":{"kind":"green","name":"","osm":"way/824810500"},"geometry":{"type":"Polygon","coordinates":[[[20.515618,54.702603],[20.515652,54.702594],[20.515665,54.702507],[20.515517,54.702504],[20.515618,54.702603]]]}},{"type":"Feature","properties":{"kind":"green","name":"","osm":"way/824810501"},"geometry":{"type":"Polygon","coordinates":[[[20.515689,54.702594],[20.515702,54.702511],[20.515783,54.702515],[20.515839,54.702562],[20.515722,54.702607],[20.515689,54.702594]]]}},{"type":"Feature","properties":{"kind":"green","name":"","osm":"way/824810502"},"geometry":{"type":"Polygon","coordinates":[[[20.515766,54.702639],[20.515749,54.702619],[20.515863,54.70258],[20.515931,54.702643],[20.515766,54.702639]]]}},{"type":"Feature","properties":{"kind":"green","name":"","osm":"way/824810503"},"geometry":{"type":"Polygon","coordinates":[[[20.515736,54.702686],[20.515758,54.70266],[20.515916,54.70266],[20.515797,54.702725],[20.515736,54.702686]]]}},{"type":"Feature","properties":{"kind":"green","name":"","osm":"way/824810504"},"geometry":{"type":"Polygon","coordinates":[[[20.515827,54.702739],[20.515934,54.702675],[20.515925,54.702742],[20.515827,54.702739]]]}},{"type":"Feature","properties":{"kind":"green","name":"","osm":"way/824810505"},"geometry":{"type":"Polygon","coordinates":[[[20.515942,54.70262],[20.515823,54.702513],[20.515955,54.702518],[20.515942,54.70262]]]}},{"type":"Feature","properties":{"kind":"road","name":"","osm":"way/824810506","highway":"footway","access":"","foot":""},"geometry":{"type":"LineString","coordinates":[[20.512663,54.705429],[20.512608,54.705382]]}},{"type":"Feature","properties":{"kind":"waterline","name":"","osm":"way/824810507"},"geometry":{"type":"LineString","coordinates":[[20.513865,54.704953],[20.513725,54.705685],[20.513788,54.706025],[20.513752,54.707138]]}},{"type":"Feature","properties":{"kind":"road","name":"","osm":"way/824810508","highway":"footway","access":"","foot":""},"geometry":{"type":"LineString","coordinates":[[20.504459,54.702356],[20.503561,54.702512]]}},{"type":"Feature","properties":{"kind":"road","name":"","osm":"way/824810509","highway":"footway","access":"","foot":""},"geometry":{"type":"LineString","coordinates":[[20.503561,54.702512],[20.503073,54.702602],[20.502589,54.702722],[20.502462,54.702782],[20.500443,54.703099],[20.5003,54.703087]]}},{"type":"Feature","properties":{"kind":"road","name":"","osm":"way/828601268","highway":"footway","access":"","foot":""},"geometry":{"type":"LineString","coordinates":[[20.506606,54.705131],[20.506495,54.705148]]}},{"type":"Feature","properties":{"kind":"road","name":"","osm":"way/828601269","highway":"steps","access":"","foot":""},"geometry":{"type":"LineString","coordinates":[[20.506614,54.705147],[20.506703,54.705134]]}},{"type":"Feature","properties":{"kind":"road","name":"","osm":"way/828983699","highway":"footway","access":"","foot":""},"geometry":{"type":"LineString","coordinates":[[20.507705,54.704539],[20.507982,54.704499]]}},{"type":"Feature","properties":{"kind":"road","name":"","osm":"way/828983700","highway":"footway","access":"","foot":""},"geometry":{"type":"LineString","coordinates":[[20.507601,54.704757],[20.507705,54.704539],[20.507656,54.704449]]}},{"type":"Feature","properties":{"kind":"road","name":"","osm":"way/828983701","highway":"footway","access":"","foot":""},"geometry":{"type":"LineString","coordinates":[[20.507004,54.704386],[20.507321,54.70435],[20.507367,54.704486]]}},{"type":"Feature","properties":{"kind":"road","name":"","osm":"way/828983702","highway":"footway","access":"","foot":""},"geometry":{"type":"LineString","coordinates":[[20.507099,54.704636],[20.507406,54.704601],[20.507367,54.704486]]}},{"type":"Feature","properties":{"kind":"road","name":"","osm":"way/828983703","highway":"footway","access":"","foot":""},"geometry":{"type":"LineString","coordinates":[[20.506463,54.704841],[20.507158,54.70479],[20.507601,54.704757],[20.507889,54.704736],[20.508046,54.704685],[20.508106,54.704595],[20.507982,54.704499],[20.507885,54.704279],[20.507764,54.704006]]}},{"type":"Feature","properties":{"kind":"road","name":"","osm":"way/828983704","highway":"footway","access":"","foot":""},"geometry":{"type":"LineString","coordinates":[[20.506239,54.704342],[20.506484,54.704338],[20.506631,54.704252],[20.506838,54.704276],[20.506951,54.704255],[20.5072,54.704204],[20.507399,54.704192],[20.507638,54.704319],[20.507885,54.704279]]}},{"type":"Feature","properties":{"kind":"road","name":"","osm":"way/828983705","highway":"footway","access":"","foot":""},"geometry":{"type":"LineString","coordinates":[[20.506776,54.704534],[20.506736,54.704417],[20.507004,54.704386]]}},{"type":"Feature","properties":{"kind":"road","name":"","osm":"way/828983706","highway":"footway","access":"","foot":""},"geometry":{"type":"LineString","coordinates":[[20.506776,54.704534],[20.506822,54.704668],[20.507099,54.704636]]}},{"type":"Feature","properties":{"kind":"road","name":"","osm":"way/832900882","highway":"footway","access":"","foot":""},"geometry":{"type":"LineString","coordinates":[[20.504459,54.702356],[20.504567,54.702339],[20.50468,54.702321],[20.504765,54.702307],[20.504812,54.7023],[20.504938,54.702279],[20.505105,54.702253]]}},{"type":"Feature","properties":{"kind":"waterline","name":"Новая Преголя","osm":"way/844235267"},"geometry":{"type":"LineString","coordinates":[[20.512475,54.707213],[20.512188,54.707249],[20.511839,54.707314],[20.511554,54.707386],[20.511185,54.7075],[20.509973,54.70794],[20.509586,54.708055],[20.509318,54.708126],[20.508537,54.708297],[20.507982,54.708408],[20.50765,54.708458],[20.507396,54.708458],[20.507173,54.708424],[20.50685,54.708294],[20.506667,54.708183],[20.506502,54.708015],[20.506363,54.707758],[20.505973,54.70718],[20.505771,54.70661],[20.505553,54.705745]]}},{"type":"Feature","properties":{"kind":"road","name":"","osm":"way/844235269","highway":"pedestrian","access":"","foot":""},"geometry":{"type":"LineString","coordinates":[[20.512986,54.707429],[20.513427,54.707438],[20.514076,54.707514],[20.514495,54.707563]]}},{"type":"Feature","properties":{"kind":"road","name":"","osm":"way/844235270","highway":"pedestrian","access":"","foot":""},"geometry":{"type":"LineString","coordinates":[[20.512559,54.707473],[20.512877,54.70744],[20.512986,54.707429]]}},{"type":"Feature","properties":{"kind":"road","name":"","osm":"way/845089002","highway":"footway","access":"","foot":""},"geometry":{"type":"LineString","coordinates":[[20.517586,54.708535],[20.517395,54.708335],[20.517387,54.708326],[20.517367,54.708305],[20.516827,54.708201],[20.516331,54.708105],[20.51501,54.708042],[20.514966,54.708042]]}},{"type":"Feature","properties":{"kind":"road","name":"","osm":"way/845089003","highway":"footway","access":"","foot":""},"geometry":{"type":"LineString","coordinates":[[20.516795,54.708482],[20.516798,54.708458],[20.516827,54.708201]]}},{"type":"Feature","properties":{"kind":"road","name":"","osm":"way/847117059","highway":"footway","access":"","foot":""},"geometry":{"type":"LineString","coordinates":[[20.514612,54.706924],[20.514663,54.707205]]}},{"type":"Feature","properties":{"kind":"road","name":"","osm":"way/847117060","highway":"footway","access":"","foot":""},"geometry":{"type":"LineString","coordinates":[[20.514733,54.707575],[20.514745,54.707601],[20.514858,54.70769],[20.514916,54.707746],[20.514931,54.70779],[20.514966,54.708042],[20.514975,54.708105],[20.514995,54.708169],[20.515034,54.70821],[20.515093,54.70826],[20.515147,54.708303],[20.515207,54.708336],[20.51525,54.708352],[20.515286,54.708365]]}},{"type":"Feature","properties":{"kind":"road","name":"","osm":"way/847117061","highway":"footway","access":"","foot":""},"geometry":{"type":"LineString","coordinates":[[20.514581,54.707557],[20.514534,54.707293]]}},{"type":"Feature","properties":{"kind":"road","name":"","osm":"way/847117062","highway":"footway","access":"","foot":""},"geometry":{"type":"LineString","coordinates":[[20.514567,54.707693],[20.514583,54.707574]]}},{"type":"Feature","properties":{"kind":"road","name":"","osm":"way/848665216","highway":"footway","access":"","foot":""},"geometry":{"type":"LineString","coordinates":[[20.508531,54.711913],[20.508593,54.711944],[20.508692,54.71199],[20.508727,54.712011],[20.508816,54.71205],[20.508958,54.712113]]}},{"type":"Feature","properties":{"kind":"road","name":"","osm":"way/848665217","highway":"footway","access":"","foot":""},"geometry":{"type":"LineString","coordinates":[[20.506897,54.712983],[20.506777,54.713079],[20.506695,54.71311],[20.506567,54.713124],[20.506461,54.713096]]}},{"type":"Feature","properties":{"kind":"road","name":"","osm":"way/848665218","highway":"footway","access":"","foot":""},"geometry":{"type":"LineString","coordinates":[[20.508531,54.711913],[20.508182,54.712144],[20.507498,54.712619],[20.507424,54.71266],[20.506897,54.712983]]}},{"type":"Feature","properties":{"kind":"building","name":"Музей мирового океана «Планета Океан»","osm":"way/853053301"},"geometry":{"type":"Polygon","coordinates":[[[20.501315,54.706441],[20.501331,54.706636],[20.501846,54.706622],[20.502224,54.706653],[20.502356,54.706705],[20.502499,54.706717],[20.502619,54.706699],[20.50272,54.706657],[20.502788,54.706598],[20.502814,54.706528],[20.502796,54.706457],[20.502735,54.706395],[20.50264,54.70635],[20.502522,54.706327],[20.502399,54.70633],[20.502285,54.706359],[20.502197,54.706409],[20.502145,54.706412],[20.501831,54.706427],[20.501315,54.706441]]]}},{"type":"Feature","properties":{"kind":"road","name":"","osm":"way/855399493","highway":"footway","access":"","foot":""},"geometry":{"type":"LineString","coordinates":[[20.516404,54.709466],[20.516446,54.709522]]}},{"type":"Feature","properties":{"kind":"road","name":"","osm":"way/855399494","highway":"footway","access":"","foot":""},"geometry":{"type":"LineString","coordinates":[[20.516591,54.708857],[20.516582,54.708916],[20.516564,54.709045],[20.516598,54.709046]]}},{"type":"Feature","properties":{"kind":"road","name":"","osm":"way/855399497","highway":"service","access":"","foot":""},"geometry":{"type":"LineString","coordinates":[[20.51897,54.709211],[20.517936,54.709137],[20.517854,54.709131],[20.517593,54.709198],[20.517519,54.709192],[20.517055,54.709281],[20.516907,54.709313],[20.51639,54.709417]]}},{"type":"Feature","properties":{"kind":"road","name":"","osm":"way/857231278","highway":"service","access":"","foot":""},"geometry":{"type":"LineString","coordinates":[[20.498543,54.705057],[20.498547,54.705111],[20.498542,54.705167],[20.498664,54.705551]]}},{"type":"Feature","properties":{"kind":"road","name":"","osm":"way/857231279","highway":"service","access":"private","foot":""},"geometry":{"type":"LineString","coordinates":[[20.500889,54.704783],[20.500916,54.704843],[20.501024,54.705386],[20.499301,54.705472]]}},{"type":"Feature","properties":{"kind":"building","name":"Супер Цены","osm":"way/857231281"},"geometry":{"type":"Polygon","coordinates":[[[20.4988,54.705511],[20.49866,54.705164],[20.499001,54.705118],[20.499141,54.705465],[20.4988,54.705511]]]}},{"type":"Feature","properties":{"kind":"road","name":"","osm":"way/888428478","highway":"footway","access":"","foot":""},"geometry":{"type":"LineString","coordinates":[[20.509172,54.710262],[20.509196,54.710513],[20.509491,54.711188],[20.509596,54.711325]]}},{"type":"Feature","properties":{"kind":"road","name":"","osm":"way/888428480","highway":"footway","access":"","foot":""},"geometry":{"type":"LineString","coordinates":[[20.510083,54.71167],[20.509998,54.711725],[20.509946,54.711803],[20.509932,54.711829],[20.509297,54.711926],[20.509231,54.711937],[20.509142,54.711969],[20.508958,54.712113]]}},{"type":"Feature","properties":{"kind":"road","name":"","osm":"way/888428481","highway":"footway","access":"","foot":""},"geometry":{"type":"LineString","coordinates":[[20.508213,54.710107],[20.508167,54.710037],[20.50814,54.709971],[20.508113,54.709907],[20.508094,54.709856],[20.50816,54.709815],[20.508246,54.709699],[20.508251,54.709613]]}},{"type":"Feature","properties":{"kind":"road","name":"","osm":"way/888428486","highway":"footway","access":"","foot":""},"geometry":{"type":"LineString","coordinates":[[20.507007,54.707124],[20.506967,54.707042],[20.506293,54.705679],[20.505645,54.704398]]}},{"type":"Feature","properties":{"kind":"road","name":"","osm":"way/888428490","highway":"footway","access":"","foot":""},"geometry":{"type":"LineString","coordinates":[[20.509613,54.711688],[20.509496,54.711714],[20.509414,54.711755],[20.509352,54.711796],[20.50932,54.711829],[20.509312,54.71184],[20.509231,54.711937]]}},{"type":"Feature","properties":{"kind":"road","name":"","osm":"way/888428493","highway":"footway","access":"","foot":""},"geometry":{"type":"LineString","coordinates":[[20.512461,54.711345],[20.51254,54.711339]]}},{"type":"Feature","properties":{"kind":"road","name":"","osm":"way/888428496","highway":"footway","access":"","foot":""},"geometry":{"type":"LineString","coordinates":[[20.509596,54.711325],[20.50977,54.711318],[20.511674,54.711007],[20.511713,54.711001],[20.51184,54.71099]]}},{"type":"Feature","properties":{"kind":"road","name":"","osm":"way/901193076","highway":"service","access":"","foot":""},"geometry":{"type":"LineString","coordinates":[[20.508443,54.712843],[20.508126,54.712684],[20.507974,54.712628]]}},{"type":"Feature","properties":{"kind":"road","name":"","osm":"way/901193077","highway":"living_street","access":"","foot":""},"geometry":{"type":"LineString","coordinates":[[20.508226,54.712994],[20.509352,54.713533]]}},{"type":"Feature","properties":{"kind":"road","name":"","osm":"way/905408974","highway":"service","access":"","foot":""},"geometry":{"type":"LineString","coordinates":[[20.514836,54.705631],[20.514891,54.705638],[20.514932,54.705643],[20.51543,54.7057],[20.515351,54.705957]]}},{"type":"Feature","properties":{"kind":"road","name":"","osm":"way/935142242","highway":"service","access":"","foot":""},"geometry":{"type":"LineString","coordinates":[[20.511668,54.713407],[20.511543,54.713293],[20.510441,54.712717]]}},{"type":"Feature","properties":{"kind":"road","name":"","osm":"way/935142243","highway":"living_street","access":"","foot":""},"geometry":{"type":"LineString","coordinates":[[20.512503,54.713001],[20.512438,54.712879],[20.512377,54.712762]]}},{"type":"Feature","properties":{"kind":"road","name":"","osm":"way/935142244","highway":"living_street","access":"","foot":""},"geometry":{"type":"LineString","coordinates":[[20.512662,54.712839],[20.512438,54.712879]]}},{"type":"Feature","properties":{"kind":"road","name":"","osm":"way/935142245","highway":"service","access":"","foot":""},"geometry":{"type":"LineString","coordinates":[[20.512169,54.713656],[20.512535,54.713433],[20.511958,54.713116]]}},{"type":"Feature","properties":{"kind":"road","name":"","osm":"way/956387361","highway":"footway","access":"","foot":""},"geometry":{"type":"LineString","coordinates":[[20.509879,54.703441],[20.509801,54.703444],[20.509725,54.703447]]}},{"type":"Feature","properties":{"kind":"road","name":"","osm":"way/956387362","highway":"footway","access":"","foot":""},"geometry":{"type":"LineString","coordinates":[[20.509999,54.703341],[20.509879,54.703441]]}},{"type":"Feature","properties":{"kind":"road","name":"","osm":"way/956387363","highway":"footway","access":"","foot":""},"geometry":{"type":"LineString","coordinates":[[20.510168,54.703336],[20.509999,54.703341]]}},{"type":"Feature","properties":{"kind":"road","name":"","osm":"way/956387364","highway":"footway","access":"","foot":""},"geometry":{"type":"LineString","coordinates":[[20.51048,54.703326],[20.510168,54.703336]]}},{"type":"Feature","properties":{"kind":"building","name":"","osm":"way/956387365"},"geometry":{"type":"Polygon","coordinates":[[[20.511693,54.703922],[20.511726,54.703992],[20.51183,54.703976],[20.511797,54.703906],[20.511693,54.703922]]]}},{"type":"Feature","properties":{"kind":"building","name":"","osm":"way/956387366"},"geometry":{"type":"Polygon","coordinates":[[[20.510458,54.703875],[20.510454,54.703769],[20.510639,54.703766],[20.510643,54.703872],[20.510458,54.703875]]]}},{"type":"Feature","properties":{"kind":"building","name":"","osm":"way/956387369"},"geometry":{"type":"Polygon","coordinates":[[[20.506453,54.703935],[20.506422,54.703939],[20.506136,54.703981],[20.50609,54.703876],[20.506268,54.70385],[20.506341,54.703839],[20.506407,54.70383],[20.506453,54.703935]]]}},{"type":"Feature","properties":{"kind":"road","name":"","osm":"way/956979726","highway":"service","access":"","foot":""},"geometry":{"type":"LineString","coordinates":[[20.493785,54.708188],[20.494648,54.70818]]}},{"type":"Feature","properties":{"kind":"road","name":"","osm":"way/956979727","highway":"service","access":"","foot":""},"geometry":{"type":"LineString","coordinates":[[20.493549,54.708497],[20.494291,54.708432],[20.494546,54.70841],[20.494702,54.708396]]}},{"type":"Feature","properties":{"kind":"building","name":"","osm":"way/956979729"},"geometry":{"type":"Polygon","coordinates":[[[20.4942,54.708518],[20.494306,54.708512],[20.494295,54.708452],[20.494189,54.708459],[20.4942,54.708518]]]}},{"type":"Feature","properties":{"kind":"building","name":"","osm":"way/956979730"},"geometry":{"type":"Polygon","coordinates":[[[20.493563,54.708631],[20.49355,54.708578],[20.494153,54.708528],[20.494166,54.708582],[20.493563,54.708631]]]}},{"type":"Feature","properties":{"kind":"building","name":"","osm":"way/956979731"},"geometry":{"type":"Polygon","coordinates":[[[20.493504,54.708464],[20.493494,54.708416],[20.494194,54.708371],[20.49419,54.70835],[20.494274,54.708345],[20.494287,54.708413],[20.493504,54.708464]]]}},{"type":"Feature","properties":{"kind":"road","name":"","osm":"way/956979736","highway":"service","access":"","foot":""},"geometry":{"type":"LineString","coordinates":[[20.495455,54.709423],[20.495629,54.709334]]}},{"type":"Feature","properties":{"kind":"road","name":"","osm":"way/956979737","highway":"service","access":"","foot":""},"geometry":{"type":"LineString","coordinates":[[20.495098,54.708979],[20.494826,54.708966]]}},{"type":"Feature","properties":{"kind":"road","name":"","osm":"way/956979738","highway":"service","access":"","foot":""},"geometry":{"type":"LineString","coordinates":[[20.494945,54.709395],[20.495198,54.709377]]}},{"type":"Feature","properties":{"kind":"road","name":"","osm":"way/956979739","highway":"service","access":"","foot":""},"geometry":{"type":"LineString","coordinates":[[20.495198,54.709377],[20.495629,54.709334],[20.49628,54.709269],[20.496209,54.70888],[20.495098,54.708979]]}},{"type":"Feature","properties":{"kind":"road","name":"","osm":"way/956979740","highway":"service","access":"","foot":""},"geometry":{"type":"LineString","coordinates":[[20.494792,54.708833],[20.49565,54.708784]]}},{"type":"Feature","properties":{"kind":"road","name":"","osm":"way/956979744","highway":"service","access":"","foot":""},"geometry":{"type":"LineString","coordinates":[[20.495281,54.709435],[20.495455,54.709423]]}},{"type":"Feature","properties":{"kind":"road","name":"","osm":"way/956979745","highway":"service","access":"","foot":""},"geometry":{"type":"LineString","coordinates":[[20.494967,54.709469],[20.495281,54.709435]]}},{"type":"Feature","properties":{"kind":"building","name":"","osm":"way/956979746"},"geometry":{"type":"Polygon","coordinates":[[[20.494897,54.709746],[20.494876,54.709712],[20.493964,54.709901],[20.493984,54.709934],[20.494897,54.709746]]]}},{"type":"Feature","properties":{"kind":"building","name":"","osm":"way/956979747"},"geometry":{"type":"Polygon","coordinates":[[[20.496528,54.709671],[20.496448,54.709677],[20.496453,54.709697],[20.496428,54.709699],[20.496443,54.709765],[20.496548,54.709757],[20.496534,54.709697],[20.496528,54.709671]]]}},{"type":"Feature","properties":{"kind":"building","name":"","osm":"way/956979748"},"geometry":{"type":"Polygon","coordinates":[[[20.49652,54.709636],[20.496528,54.709671],[20.496534,54.709697],[20.496656,54.709687],[20.496642,54.709626],[20.49652,54.709636]]]}},{"type":"Feature","properties":{"kind":"building","name":"","osm":"way/956979749"},"geometry":{"type":"Polygon","coordinates":[[[20.497472,54.7088],[20.497578,54.708862],[20.497769,54.708752],[20.497812,54.708777],[20.497867,54.708745],[20.497719,54.708658],[20.497472,54.7088]]]}},{"type":"Feature","properties":{"kind":"building","name":"","osm":"way/956979750"},"geometry":{"type":"Polygon","coordinates":[[[20.497789,54.708641],[20.497877,54.708676],[20.498437,54.708201],[20.498348,54.708166],[20.497789,54.708641]]]}},{"type":"Feature","properties":{"kind":"road","name":"","osm":"way/956979751","highway":"service","access":"","foot":""},"geometry":{"type":"LineString","coordinates":[[20.496648,54.709341],[20.496617,54.709197],[20.496519,54.708622]]}},{"type":"Feature","properties":{"kind":"building","name":"","osm":"way/956979752"},"geometry":{"type":"Polygon","coordinates":[[[20.496688,54.708952],[20.496644,54.708754],[20.496738,54.708747],[20.496761,54.708846],[20.496825,54.708841],[20.496847,54.70894],[20.496688,54.708952]]]}},{"type":"Feature","properties":{"kind":"building","name":"","osm":"way/956979754"},"geometry":{"type":"Polygon","coordinates":[[[20.496025,54.708694],[20.496048,54.708692],[20.496047,54.70869],[20.496262,54.708676],[20.49626,54.708665],[20.496311,54.708661],[20.496313,54.708672],[20.49635,54.70867],[20.496348,54.70866],[20.496404,54.708656],[20.496417,54.708718],[20.496378,54.708721],[20.496378,54.70872],[20.496057,54.708741],[20.496055,54.708727],[20.496032,54.708729],[20.496025,54.708694]]]}},{"type":"Feature","properties":{"kind":"building","name":"","osm":"way/956979755"},"geometry":{"type":"Polygon","coordinates":[[[20.495923,54.708839],[20.495913,54.708785],[20.495907,54.708749],[20.496363,54.708721],[20.496379,54.708811],[20.495923,54.708839]]]}},{"type":"Feature","properties":{"kind":"building","name":"","osm":"way/956979756"},"geometry":{"type":"Polygon","coordinates":[[[20.495082,54.708906],[20.495191,54.708897],[20.495204,54.708951],[20.495096,54.70896],[20.495082,54.708906]]]}},{"type":"Feature","properties":{"kind":"building","name":"","osm":"way/956979757"},"geometry":{"type":"Polygon","coordinates":[[[20.495215,54.708689],[20.495681,54.708654],[20.495701,54.708742],[20.495236,54.708778],[20.495215,54.708689]]]}},{"type":"Feature","properties":{"kind":"building","name":"","osm":"way/956979758"},"geometry":{"type":"Polygon","coordinates":[[[20.495277,54.709412],[20.49545,54.709401],[20.495455,54.709423],[20.495472,54.709504],[20.495298,54.709516],[20.495295,54.709502],[20.495281,54.709435],[20.495277,54.709412]]]}},{"type":"Feature","properties":{"kind":"road","name":"","osm":"way/962250908","highway":"footway","access":"","foot":""},"geometry":{"type":"LineString","coordinates":[[20.51663,54.713314],[20.517056,54.71314],[20.517198,54.713093]]}},{"type":"Feature","properties":{"kind":"building","name":"","osm":"way/966703376"},"geometry":{"type":"Polygon","coordinates":[[[20.508356,54.712919],[20.508472,54.712836],[20.508557,54.712876],[20.50844,54.712959],[20.508356,54.712919]]]}},{"type":"Feature","properties":{"kind":"road","name":"","osm":"way/966709694","highway":"footway","access":"","foot":""},"geometry":{"type":"LineString","coordinates":[[20.508126,54.705095],[20.508138,54.705145],[20.508411,54.705118]]}},{"type":"Feature","properties":{"kind":"road","name":"Ленинский проспект","osm":"way/980011161","highway":"primary","access":"","foot":"no"},"geometry":{"type":"LineString","coordinates":[[20.509,54.711536],[20.509016,54.711475],[20.509041,54.711288],[20.508963,54.710969],[20.508653,54.710323],[20.508555,54.710115]]}},{"type":"Feature","properties":{"kind":"road","name":"Ленинский проспект","osm":"way/980011163","highway":"primary","access":"","foot":"no"},"geometry":{"type":"LineString","coordinates":[[20.508555,54.710115],[20.508361,54.70967]]}},{"type":"Feature","properties":{"kind":"road","name":"Ленинский проспект","osm":"way/980011164","highway":"primary","access":"","foot":"no"},"geometry":{"type":"LineString","coordinates":[[20.508335,54.709602],[20.505738,54.704382]]}},{"type":"Feature","properties":{"kind":"road","name":"Полоцкая улица","osm":"way/980011174","highway":"tertiary","access":"","foot":""},"geometry":{"type":"LineString","coordinates":[[20.504869,54.702407],[20.504821,54.702415],[20.504739,54.702429]]}},{"type":"Feature","properties":{"kind":"road","name":"Полоцкая улица","osm":"way/980011175","highway":"tertiary","access":"","foot":""},"geometry":{"type":"LineString","coordinates":[[20.505005,54.702385],[20.504869,54.702407]]}},{"type":"Feature","properties":{"kind":"road","name":"Ленинский проспект","osm":"way/980011176","highway":"primary","access":"","foot":""},"geometry":{"type":"LineString","coordinates":[[20.505022,54.702987],[20.504739,54.702429]]}},{"type":"Feature","properties":{"kind":"road","name":"Ленинский проспект","osm":"way/980011177","highway":"primary","access":"","foot":""},"geometry":{"type":"LineString","coordinates":[[20.505578,54.704073],[20.505484,54.70389],[20.505384,54.703691],[20.505022,54.702987]]}},{"type":"Feature","properties":{"kind":"road","name":"Старопрегольская набережная","osm":"way/980011180","highway":"tertiary","access":"","foot":""},"geometry":{"type":"LineString","coordinates":[[20.505347,54.704369],[20.505308,54.704287],[20.505287,54.70424]]}},{"type":"Feature","properties":{"kind":"road","name":"Ленинский проспект","osm":"way/980011181","highway":"primary","access":"","foot":""},"geometry":{"type":"LineString","coordinates":[[20.504739,54.702429],[20.50468,54.702321],[20.504316,54.701693]]}},{"type":"Feature","properties":{"kind":"road","name":"Портовая улица","osm":"way/980011182","highway":"secondary_link","access":"","foot":""},"geometry":{"type":"LineString","coordinates":[[20.505408,54.704225],[20.505464,54.704201],[20.505517,54.704154],[20.505578,54.704073]]}},{"type":"Feature","properties":{"kind":"road","name":"Ленинский проспект","osm":"way/980011183","highway":"primary","access":"","foot":""},"geometry":{"type":"LineString","coordinates":[[20.505738,54.704382],[20.505578,54.704073]]}},{"type":"Feature","properties":{"kind":"road","name":"улица Шевченко","osm":"way/980011184","highway":"secondary","access":"","foot":"no"},"geometry":{"type":"LineString","coordinates":[[20.508905,54.711697],[20.50905,54.711619]]}},{"type":"Feature","properties":{"kind":"road","name":"улица Шевченко","osm":"way/980011185","highway":"secondary","access":"","foot":"no"},"geometry":{"type":"LineString","coordinates":[[20.509247,54.711695],[20.509204,54.711691],[20.509146,54.711681],[20.509085,54.711654],[20.509065,54.711638],[20.50905,54.711619]]}},{"type":"Feature","properties":{"kind":"road","name":"улица Вагнера","osm":"way/980011190","highway":"tertiary","access":"","foot":""},"geometry":{"type":"LineString","coordinates":[[20.508508,54.711794],[20.508611,54.711795],[20.508791,54.711793]]}},{"type":"Feature","properties":{"kind":"road","name":"улица Вагнера","osm":"way/980011191","highway":"tertiary","access":"","foot":""},"geometry":{"type":"LineString","coordinates":[[20.506765,54.711812],[20.507046,54.711768],[20.507183,54.711762],[20.507759,54.711776],[20.508508,54.711794]]}},{"type":"Feature","properties":{"kind":"road","name":"Ленинский проспект","osm":"way/980011198","highway":"primary","access":"","foot":"no"},"geometry":{"type":"LineString","coordinates":[[20.506425,54.713467],[20.506725,54.713273],[20.507014,54.713068]]}},{"type":"Feature","properties":{"kind":"road","name":"Ленинский проспект","osm":"way/980011200","highway":"primary","access":"","foot":"no"},"geometry":{"type":"LineString","coordinates":[[20.507974,54.712628],[20.507448,54.71299]]}},{"type":"Feature","properties":{"kind":"road","name":"","osm":"way/980011203","highway":"footway","access":"","foot":""},"geometry":{"type":"LineString","coordinates":[[20.509554,54.711368],[20.509596,54.711325]]}},{"type":"Feature","properties":{"kind":"road","name":"улица Шевченко","osm":"way/980011207","highway":"secondary","access":"","foot":"no"},"geometry":{"type":"LineString","coordinates":[[20.509498,54.711469],[20.509774,54.711407]]}},{"type":"Feature","properties":{"kind":"rail","name":"","osm":"way/980011222"},"geometry":{"type":"LineString","coordinates":[[20.509142,54.711291],[20.509137,54.711199],[20.509119,54.711104],[20.509064,54.710977],[20.508402,54.709587]]}},{"type":"Feature","properties":{"kind":"rail","name":"","osm":"way/980011224"},"geometry":{"type":"LineString","coordinates":[[20.509694,54.711499],[20.510708,54.711335],[20.510892,54.711305],[20.511794,54.711156],[20.51239,54.711057]]}},{"type":"Feature","properties":{"kind":"rail","name":"","osm":"way/980041606"},"geometry":{"type":"LineString","coordinates":[[20.508929,54.711828],[20.509019,54.711767],[20.509146,54.711681],[20.509188,54.711649],[20.509259,54.711607],[20.509323,54.711579],[20.509423,54.71155],[20.50953,54.71153],[20.509542,54.711529],[20.509694,54.711499]]}},{"type":"Feature","properties":{"kind":"rail","name":"","osm":"way/980041608"},"geometry":{"type":"LineString","coordinates":[[20.509703,54.711529],[20.509611,54.711535],[20.509542,54.711529],[20.509528,54.711527],[20.509469,54.71152],[20.509422,54.711508],[20.509393,54.711498],[20.50929,54.711453],[20.509243,54.711427],[20.509207,54.711399],[20.509184,54.711374],[20.509157,54.711339],[20.509142,54.711291]]}},{"type":"Feature","properties":{"kind":"road","name":"Ленинский проспект","osm":"way/980406604","highway":"primary","access":"","foot":"no"},"geometry":{"type":"LineString","coordinates":[[20.508361,54.70967],[20.508335,54.709602]]}},{"type":"Feature","properties":{"kind":"road","name":"Октябрьская улица","osm":"way/982459618","highway":"secondary","access":"","foot":""},"geometry":{"type":"LineString","coordinates":[[20.516388,54.702117],[20.516626,54.701703]]}},{"type":"Feature","properties":{"kind":"road","name":"Октябрьская улица","osm":"way/982459619","highway":"secondary","access":"","foot":""},"geometry":{"type":"LineString","coordinates":[[20.516345,54.702223],[20.516388,54.702117]]}},{"type":"Feature","properties":{"kind":"road","name":"Октябрьская улица","osm":"way/982459622","highway":"secondary","access":"","foot":""},"geometry":{"type":"LineString","coordinates":[[20.516165,54.702973],[20.516219,54.702562],[20.516228,54.702515],[20.516345,54.702223]]}},{"type":"Feature","properties":{"kind":"road","name":"Октябрьская улица","osm":"way/982459623","highway":"secondary","access":"","foot":""},"geometry":{"type":"LineString","coordinates":[[20.516142,54.703105],[20.516165,54.702973]]}},{"type":"Feature","properties":{"kind":"road","name":"Октябрьская улица","osm":"way/982459624","highway":"secondary","access":"","foot":""},"geometry":{"type":"LineString","coordinates":[[20.515906,54.704213],[20.515973,54.704063],[20.516046,54.703704],[20.516104,54.703317],[20.516142,54.703105]]}},{"type":"Feature","properties":{"kind":"road","name":"Октябрьская улица","osm":"way/982459625","highway":"secondary","access":"","foot":""},"geometry":{"type":"LineString","coordinates":[[20.515776,54.704404],[20.515906,54.704213]]}},{"type":"Feature","properties":{"kind":"road","name":"Октябрьская улица","osm":"way/982459626","highway":"secondary","access":"","foot":""},"geometry":{"type":"LineString","coordinates":[[20.515213,54.70502],[20.515321,54.704913],[20.515561,54.704644],[20.515776,54.704404]]}},{"type":"Feature","properties":{"kind":"road","name":"Октябрьская улица","osm":"way/982459627","highway":"secondary","access":"","foot":""},"geometry":{"type":"LineString","coordinates":[[20.515118,54.705123],[20.515213,54.70502]]}},{"type":"Feature","properties":{"kind":"road","name":"Октябрьская улица","osm":"way/982459628","highway":"secondary","access":"","foot":""},"geometry":{"type":"LineString","coordinates":[[20.514972,54.705284],[20.515118,54.705123]]}},{"type":"Feature","properties":{"kind":"road","name":"Октябрьская улица","osm":"way/982459629","highway":"secondary","access":"","foot":""},"geometry":{"type":"LineString","coordinates":[[20.514681,54.705603],[20.514972,54.705284]]}},{"type":"Feature","properties":{"kind":"road","name":"Октябрьская улица","osm":"way/982459630","highway":"secondary","access":"","foot":""},"geometry":{"type":"LineString","coordinates":[[20.514588,54.705785],[20.514595,54.705773],[20.514681,54.705603]]}},{"type":"Feature","properties":{"kind":"road","name":"Октябрьская улица","osm":"way/982459632","highway":"secondary","access":"","foot":""},"geometry":{"type":"LineString","coordinates":[[20.514543,54.705939],[20.514588,54.705785]]}},{"type":"Feature","properties":{"kind":"road","name":"Октябрьская улица","osm":"way/982459633","highway":"secondary","access":"","foot":""},"geometry":{"type":"LineString","coordinates":[[20.514512,54.706066],[20.514543,54.705939]]}},{"type":"Feature","properties":{"kind":"road","name":"Октябрьская улица","osm":"way/982459634","highway":"secondary","access":"","foot":""},"geometry":{"type":"LineString","coordinates":[[20.51443,54.706568],[20.514436,54.706507],[20.514512,54.706066]]}},{"type":"Feature","properties":{"kind":"road","name":"Октябрьская улица","osm":"way/982459635","highway":"secondary","access":"","foot":""},"geometry":{"type":"LineString","coordinates":[[20.514437,54.706663],[20.51443,54.706568]]}},{"type":"Feature","properties":{"kind":"road","name":"Октябрьская улица","osm":"way/982459636","highway":"secondary","access":"","foot":""},"geometry":{"type":"LineString","coordinates":[[20.514493,54.706909],[20.514477,54.706857],[20.514453,54.706753],[20.514437,54.706663]]}},{"type":"Feature","properties":{"kind":"road","name":"Октябрьская улица","osm":"way/982459637","highway":"secondary","access":"","foot":""},"geometry":{"type":"LineString","coordinates":[[20.514621,54.707562],[20.514493,54.706909]]}},{"type":"Feature","properties":{"kind":"road","name":"Октябрьская улица","osm":"way/982459638","highway":"secondary","access":"","foot":""},"geometry":{"type":"LineString","coordinates":[[20.514624,54.707635],[20.514621,54.707562]]}},{"type":"Feature","properties":{"kind":"road","name":"Октябрьская улица","osm":"way/982459640","highway":"secondary","access":"","foot":""},"geometry":{"type":"LineString","coordinates":[[20.514268,54.708415],[20.514443,54.708315],[20.514543,54.70823],[20.514599,54.708131],[20.514624,54.707635]]}},{"type":"Feature","properties":{"kind":"road","name":"Октябрьская улица","osm":"way/982459641","highway":"secondary","access":"","foot":""},"geometry":{"type":"LineString","coordinates":[[20.51458,54.70692],[20.514695,54.707571]]}},{"type":"Feature","properties":{"kind":"road","name":"Октябрьская улица","osm":"way/982459645","highway":"secondary","access":"","foot":""},"geometry":{"type":"LineString","coordinates":[[20.514695,54.707571],[20.514734,54.707636]]}},{"type":"Feature","properties":{"kind":"road","name":"Октябрьская улица","osm":"way/982459646","highway":"secondary","access":"","foot":""},"geometry":{"type":"LineString","coordinates":[[20.514564,54.706789],[20.51458,54.70692]]}},{"type":"Feature","properties":{"kind":"road","name":"Октябрьская улица","osm":"way/982459647","highway":"secondary","access":"","foot":""},"geometry":{"type":"LineString","coordinates":[[20.514541,54.706572],[20.514543,54.706615],[20.514546,54.70666],[20.514556,54.706731],[20.514564,54.706789]]}},{"type":"Feature","properties":{"kind":"road","name":"Октябрьская улица","osm":"way/982459648","highway":"secondary","access":"","foot":""},"geometry":{"type":"LineString","coordinates":[[20.514546,54.706496],[20.514541,54.706572]]}},{"type":"Feature","properties":{"kind":"road","name":"Октябрьская улица","osm":"way/982459649","highway":"secondary","access":"","foot":""},"geometry":{"type":"LineString","coordinates":[[20.514696,54.705965],[20.514656,54.706088],[20.514546,54.706496]]}},{"type":"Feature","properties":{"kind":"road","name":"Октябрьская улица","osm":"way/982459650","highway":"secondary","access":"","foot":""},"geometry":{"type":"LineString","coordinates":[[20.514742,54.705802],[20.514696,54.705965]]}},{"type":"Feature","properties":{"kind":"road","name":"Октябрьская улица","osm":"way/982459651","highway":"secondary","access":"","foot":""},"geometry":{"type":"LineString","coordinates":[[20.5148,54.705697],[20.514742,54.705802]]}},{"type":"Feature","properties":{"kind":"road","name":"Октябрьская улица","osm":"way/982459652","highway":"secondary","access":"","foot":""},"geometry":{"type":"LineString","coordinates":[[20.514836,54.705631],[20.5148,54.705697]]}},{"type":"Feature","properties":{"kind":"road","name":"Октябрьская улица","osm":"way/982459654","highway":"secondary","access":"","foot":""},"geometry":{"type":"LineString","coordinates":[[20.514956,54.705493],[20.514836,54.705631]]}},{"type":"Feature","properties":{"kind":"road","name":"Октябрьская улица","osm":"way/982459655","highway":"secondary","access":"","foot":""},"geometry":{"type":"LineString","coordinates":[[20.515343,54.705052],[20.514956,54.705493]]}},{"type":"Feature","properties":{"kind":"road","name":"Октябрьская улица","osm":"way/982459656","highway":"secondary","access":"","foot":""},"geometry":{"type":"LineString","coordinates":[[20.515444,54.704947],[20.515343,54.705052]]}},{"type":"Feature","properties":{"kind":"road","name":"Октябрьская улица","osm":"way/982459658","highway":"secondary","access":"","foot":""},"geometry":{"type":"LineString","coordinates":[[20.516036,54.704239],[20.515563,54.704805],[20.515444,54.704947]]}},{"type":"Feature","properties":{"kind":"road","name":"Октябрьская улица","osm":"way/982459661","highway":"secondary","access":"","foot":""},"geometry":{"type":"LineString","coordinates":[[20.516123,54.704072],[20.516036,54.704239]]}},{"type":"Feature","properties":{"kind":"road","name":"Октябрьская улица","osm":"way/982459662","highway":"secondary","access":"","foot":""},"geometry":{"type":"LineString","coordinates":[[20.516287,54.70298],[20.516274,54.703063],[20.516123,54.704072]]}},{"type":"Feature","properties":{"kind":"road","name":"Октябрьская улица","osm":"way/982459664","highway":"secondary","access":"","foot":""},"geometry":{"type":"LineString","coordinates":[[20.516313,54.702829],[20.516287,54.70298]]}},{"type":"Feature","properties":{"kind":"road","name":"Октябрьская улица","osm":"way/982459665","highway":"secondary","access":"","foot":""},"geometry":{"type":"LineString","coordinates":[[20.516515,54.702137],[20.516416,54.702402],[20.516375,54.702515],[20.516351,54.702605],[20.516313,54.702829]]}},{"type":"Feature","properties":{"kind":"road","name":"Октябрьская улица","osm":"way/982459666","highway":"secondary","access":"","foot":""},"geometry":{"type":"LineString","coordinates":[[20.51655,54.70205],[20.516515,54.702137]]}},{"type":"Feature","properties":{"kind":"road","name":"Октябрьская улица","osm":"way/982459667","highway":"secondary","access":"","foot":""},"geometry":{"type":"LineString","coordinates":[[20.516818,54.70159],[20.51655,54.70205]]}},{"type":"Feature","properties":{"kind":"road","name":"Ленинский проспект","osm":"way/983916336","highway":"primary","access":"","foot":"no"},"geometry":{"type":"LineString","coordinates":[[20.508791,54.711793],[20.508905,54.711697]]}},{"type":"Feature","properties":{"kind":"road","name":"Ленинский проспект","osm":"way/985862002","highway":"primary","access":"","foot":"no"},"geometry":{"type":"LineString","coordinates":[[20.508905,54.711697],[20.509,54.711536]]}},{"type":"Feature","properties":{"kind":"road","name":"улица Маршала Баграмяна","osm":"way/986605045","highway":"service","access":"","foot":""},"geometry":{"type":"LineString","coordinates":[[20.495998,54.707324],[20.495877,54.707375],[20.49568,54.707467]]}},{"type":"Feature","properties":{"kind":"road","name":"","osm":"way/986605046","highway":"service","access":"","foot":""},"geometry":{"type":"LineString","coordinates":[[20.495998,54.707324],[20.49628,54.707678]]}},{"type":"Feature","properties":{"kind":"road","name":"улица Маршала Баграмяна","osm":"way/986605047","highway":"residential","access":"","foot":""},"geometry":{"type":"LineString","coordinates":[[20.497108,54.708084],[20.497115,54.708174],[20.497117,54.708203],[20.497088,54.708227],[20.497144,54.708344],[20.497192,54.708449],[20.497292,54.708434]]}},{"type":"Feature","properties":{"kind":"road","name":"Road with parking","osm":"way/986605048","highway":"residential","access":"","foot":""},"geometry":{"type":"LineString","coordinates":[[20.497144,54.708344],[20.49693,54.708375],[20.496997,54.708529]]}},{"type":"Feature","properties":{"kind":"road","name":"","osm":"way/986652066","highway":"service","access":"","foot":""},"geometry":{"type":"LineString","coordinates":[[20.498742,54.708016],[20.499413,54.708241],[20.499508,54.708435]]}},{"type":"Feature","properties":{"kind":"road","name":"","osm":"way/986779540","highway":"footway","access":"","foot":"yes"},"geometry":{"type":"LineString","coordinates":[[20.496227,54.707307],[20.496363,54.707594],[20.496382,54.707743],[20.496772,54.708386],[20.49693,54.708375]]}},{"type":"Feature","properties":{"kind":"road","name":"","osm":"way/986779541","highway":"footway","access":"","foot":"yes"},"geometry":{"type":"LineString","coordinates":[[20.499954,54.708725],[20.4998,54.708764],[20.499115,54.708905],[20.498723,54.708987],[20.496652,54.709386],[20.4968,54.709881]]}},{"type":"Feature","properties":{"kind":"road","name":"","osm":"way/986779542","highway":"footway","access":"","foot":"yes"},"geometry":{"type":"LineString","coordinates":[[20.4998,54.708764],[20.499786,54.707965],[20.49921,54.708041],[20.498742,54.708016]]}},{"type":"Feature","properties":{"kind":"road","name":"","osm":"way/986779543","highway":"footway","access":"","foot":""},"geometry":{"type":"LineString","coordinates":[[20.497936,54.708084],[20.497671,54.708123],[20.497117,54.708203]]}},{"type":"Feature","properties":{"kind":"road","name":"","osm":"way/986779544","highway":"footway","access":"","foot":""},"geometry":{"type":"LineString","coordinates":[[20.497671,54.708123],[20.4975,54.707826],[20.497148,54.707649]]}},{"type":"Feature","properties":{"kind":"road","name":"","osm":"way/987212154","highway":"footway","access":"","foot":""},"geometry":{"type":"LineString","coordinates":[[20.497322,54.70843],[20.497424,54.7086],[20.497744,54.708637],[20.497895,54.708692],[20.49795,54.708715],[20.497967,54.708721],[20.498117,54.708577],[20.498187,54.708603],[20.499012,54.708871],[20.499115,54.708905]]}},{"type":"Feature","properties":{"kind":"road","name":"","osm":"way/987334087","highway":"service","access":"","foot":""},"geometry":{"type":"LineString","coordinates":[[20.501547,54.707295],[20.501971,54.707232],[20.502117,54.707473],[20.502312,54.707818]]}},{"type":"Feature","properties":{"kind":"road","name":"","osm":"way/987334088","highway":"service","access":"","foot":""},"geometry":{"type":"LineString","coordinates":[[20.502117,54.707473],[20.501969,54.707501]]}},{"type":"Feature","properties":{"kind":"road","name":"Портовая улица","osm":"way/989399931","highway":"secondary","access":"","foot":""},"geometry":{"type":"LineString","coordinates":[[20.492463,54.705021],[20.492062,54.704988],[20.491978,54.704983],[20.491718,54.70496]]}},{"type":"Feature","properties":{"kind":"road","name":"Портовая улица","osm":"way/989399932","highway":"secondary","access":"","foot":""},"geometry":{"type":"LineString","coordinates":[[20.493032,54.705073],[20.492624,54.705036],[20.492463,54.705021]]}},{"type":"Feature","properties":{"kind":"road","name":"Портовая улица","osm":"way/989399933","highway":"secondary","access":"","foot":""},"geometry":{"type":"LineString","coordinates":[[20.493301,54.705094],[20.493124,54.705079],[20.493032,54.705073]]}},{"type":"Feature","properties":{"kind":"road","name":"Портовая улица","osm":"way/989399934","highway":"secondary","access":"","foot":""},"geometry":{"type":"LineString","coordinates":[[20.493876,54.705146],[20.493301,54.705094]]}},{"type":"Feature","properties":{"kind":"road","name":"Портовая улица","osm":"way/989399935","highway":"secondary","access":"","foot":""},"geometry":{"type":"LineString","coordinates":[[20.494336,54.705176],[20.493876,54.705146]]}},{"type":"Feature","properties":{"kind":"road","name":"Портовая улица","osm":"way/989399936","highway":"secondary","access":"","foot":""},"geometry":{"type":"LineString","coordinates":[[20.497403,54.705177],[20.496807,54.70519],[20.495843,54.705221],[20.495571,54.70523],[20.494336,54.705176]]}},{"type":"Feature","properties":{"kind":"road","name":"Портовая улица","osm":"way/989399937","highway":"secondary","access":"","foot":""},"geometry":{"type":"LineString","coordinates":[[20.498543,54.705057],[20.498306,54.705089]]}},{"type":"Feature","properties":{"kind":"road","name":"Портовая улица","osm":"way/989399938","highway":"secondary","access":"","foot":""},"geometry":{"type":"LineString","coordinates":[[20.498738,54.705034],[20.498543,54.705057]]}},{"type":"Feature","properties":{"kind":"road","name":"Портовая улица","osm":"way/989399939","highway":"secondary","access":"","foot":""},"geometry":{"type":"LineString","coordinates":[[20.499553,54.70494],[20.498738,54.705034]]}},{"type":"Feature","properties":{"kind":"road","name":"Портовая улица","osm":"way/989399940","highway":"secondary","access":"","foot":""},"geometry":{"type":"LineString","coordinates":[[20.500408,54.704834],[20.499553,54.70494]]}},{"type":"Feature","properties":{"kind":"road","name":"Портовая улица","osm":"way/989399941","highway":"secondary","access":"","foot":""},"geometry":{"type":"LineString","coordinates":[[20.500889,54.704783],[20.500408,54.704834]]}},{"type":"Feature","properties":{"kind":"road","name":"Портовая улица","osm":"way/989399942","highway":"secondary","access":"","foot":""},"geometry":{"type":"LineString","coordinates":[[20.501558,54.704714],[20.500889,54.704783]]}},{"type":"Feature","properties":{"kind":"road","name":"Портовая улица","osm":"way/989399943","highway":"secondary","access":"","foot":""},"geometry":{"type":"LineString","coordinates":[[20.503179,54.704509],[20.501917,54.704669],[20.501558,54.704714]]}},{"type":"Feature","properties":{"kind":"road","name":"Портовая улица","osm":"way/989399944","highway":"secondary","access":"","foot":""},"geometry":{"type":"LineString","coordinates":[[20.503374,54.704484],[20.503179,54.704509]]}},{"type":"Feature","properties":{"kind":"road","name":"Портовая улица","osm":"way/989399945","highway":"secondary","access":"","foot":""},"geometry":{"type":"LineString","coordinates":[[20.503695,54.704443],[20.503374,54.704484]]}},{"type":"Feature","properties":{"kind":"road","name":"Портовая улица","osm":"way/989399946","highway":"secondary","access":"","foot":""},"geometry":{"type":"LineString","coordinates":[[20.504682,54.704317],[20.504173,54.704382]]}},{"type":"Feature","properties":{"kind":"road","name":"Портовая улица","osm":"way/989399947","highway":"secondary","access":"","foot":""},"geometry":{"type":"LineString","coordinates":[[20.50505,54.704271],[20.504682,54.704317]]}},{"type":"Feature","properties":{"kind":"road","name":"Портовая улица","osm":"way/989399948","highway":"secondary","access":"","foot":""},"geometry":{"type":"LineString","coordinates":[[20.505408,54.704225],[20.505287,54.70424]]}},{"type":"Feature","properties":{"kind":"road","name":"Полоцкая улица","osm":"way/989399949","highway":"tertiary","access":"","foot":""},"geometry":{"type":"LineString","coordinates":[[20.498464,54.704876],[20.498543,54.705057]]}},{"type":"Feature","properties":{"kind":"road","name":"Полоцкая улица","osm":"way/989399950","highway":"tertiary","access":"","foot":""},"geometry":{"type":"LineString","coordinates":[[20.500315,54.703114],[20.500031,54.703116],[20.499666,54.703178],[20.499327,54.703286],[20.498957,54.703417]]}},{"type":"Feature","properties":{"kind":"road","name":"Полоцкая улица","osm":"way/989399951","highway":"tertiary","access":"","foot":""},"geometry":{"type":"LineString","coordinates":[[20.500525,54.703114],[20.500315,54.703114]]}},{"type":"Feature","properties":{"kind":"road","name":"Полоцкая улица","osm":"way/989399952","highway":"tertiary","access":"","foot":""},"geometry":{"type":"LineString","coordinates":[[20.501163,54.703016],[20.500932,54.703051],[20.500525,54.703114]]}},{"type":"Feature","properties":{"kind":"road","name":"Полоцкая улица","osm":"way/989399953","highway":"tertiary","access":"","foot":""},"geometry":{"type":"LineString","coordinates":[[20.502191,54.702857],[20.501163,54.703016]]}},{"type":"Feature","properties":{"kind":"road","name":"Полоцкая улица","osm":"way/989399954","highway":"tertiary","access":"","foot":""},"geometry":{"type":"LineString","coordinates":[[20.502624,54.70279],[20.502541,54.702803],[20.502191,54.702857]]}},{"type":"Feature","properties":{"kind":"road","name":"Полоцкая улица","osm":"way/989399955","highway":"tertiary","access":"","foot":""},"geometry":{"type":"LineString","coordinates":[[20.50313,54.702701],[20.502712,54.702775],[20.502624,54.70279]]}},{"type":"Feature","properties":{"kind":"road","name":"Полоцкая улица","osm":"way/989399956","highway":"tertiary","access":"","foot":""},"geometry":{"type":"LineString","coordinates":[[20.50362,54.702614],[20.503295,54.702672]]}},{"type":"Feature","properties":{"kind":"road","name":"Полоцкая улица","osm":"way/989399957","highway":"tertiary","access":"","foot":""},"geometry":{"type":"LineString","coordinates":[[20.504238,54.702508],[20.50362,54.702614]]}},{"type":"Feature","properties":{"kind":"road","name":"Полоцкая улица","osm":"way/989399958","highway":"tertiary","access":"","foot":""},"geometry":{"type":"LineString","coordinates":[[20.504509,54.702464],[20.504238,54.702508]]}},{"type":"Feature","properties":{"kind":"road","name":"Полоцкая улица","osm":"way/989399959","highway":"tertiary","access":"","foot":""},"geometry":{"type":"LineString","coordinates":[[20.504739,54.702429],[20.504509,54.702464]]}},{"type":"Feature","properties":{"kind":"road","name":"Краснооктябрьская улица","osm":"way/989399960","highway":"tertiary","access":"","foot":"no"},"geometry":{"type":"LineString","coordinates":[[20.505331,54.702332],[20.505161,54.702356]]}},{"type":"Feature","properties":{"kind":"road","name":"Краснооктябрьская улица","osm":"way/989399961","highway":"tertiary","access":"","foot":"no"},"geometry":{"type":"LineString","coordinates":[[20.506739,54.702141],[20.506356,54.702192]]}},{"type":"Feature","properties":{"kind":"road","name":"Краснооктябрьская улица","osm":"way/989399962","highway":"tertiary","access":"","foot":"no"},"geometry":{"type":"LineString","coordinates":[[20.506988,54.702105],[20.506739,54.702141]]}},{"type":"Feature","properties":{"kind":"road","name":"Краснооктябрьская улица","osm":"way/989399963","highway":"tertiary","access":"","foot":"no"},"geometry":{"type":"LineString","coordinates":[[20.507505,54.702033],[20.506988,54.702105]]}},{"type":"Feature","properties":{"kind":"road","name":"Краснооктябрьская улица","osm":"way/989399965","highway":"tertiary","access":"","foot":"no"},"geometry":{"type":"LineString","coordinates":[[20.508089,54.701948],[20.507968,54.701968],[20.507737,54.702002]]}},{"type":"Feature","properties":{"kind":"road","name":"Московский проспект","osm":"way/989434781","highway":"primary","access":"","foot":"no"},"geometry":{"type":"LineString","coordinates":[[20.499641,54.710271],[20.500201,54.710221]]}},{"type":"Feature","properties":{"kind":"road","name":"Московский проспект","osm":"way/989434928","highway":"primary","access":"","foot":"no"},"geometry":{"type":"LineString","coordinates":[[20.500201,54.710221],[20.500627,54.710186],[20.501277,54.710119]]}},{"type":"Feature","properties":{"kind":"road","name":"Московский проспект","osm":"way/989434929","highway":"primary","access":"","foot":"no"},"geometry":{"type":"LineString","coordinates":[[20.501277,54.710119],[20.501644,54.710081],[20.502477,54.709998]]}},{"type":"Feature","properties":{"kind":"road","name":"Московский проспект","osm":"way/989434932","highway":"primary","access":"","foot":"no"},"geometry":{"type":"LineString","coordinates":[[20.502477,54.709998],[20.503444,54.709904],[20.503845,54.709864],[20.504824,54.709742]]}},{"type":"Feature","properties":{"kind":"road","name":"Серпуховская улица","osm":"way/995044374","highway":"tertiary","access":"","foot":""},"geometry":{"type":"LineString","coordinates":[[20.502698,54.70296],[20.502653,54.702856],[20.502624,54.70279]]}},{"type":"Feature","properties":{"kind":"road","name":"улица Маршала Баграмяна","osm":"way/995233925","highway":"tertiary","access":"","foot":""},"geometry":{"type":"LineString","coordinates":[[20.494504,54.707256],[20.494645,54.707252],[20.494743,54.707249]]}},{"type":"Feature","properties":{"kind":"road","name":"улица Юрия Савенко","osm":"way/995233926","highway":"residential","access":"","foot":""},"geometry":{"type":"LineString","coordinates":[[20.495053,54.709637],[20.4951,54.709734]]}},{"type":"Feature","properties":{"kind":"road","name":"","osm":"way/995233928","highway":"unclassified","access":"","foot":""},"geometry":{"type":"LineString","coordinates":[[20.495053,54.709637],[20.495299,54.70962]]}},{"type":"Feature","properties":{"kind":"road","name":"улица Маршала Баграмяна","osm":"way/995233929","highway":"tertiary","access":"","foot":""},"geometry":{"type":"LineString","coordinates":[[20.498935,54.706952],[20.49919,54.706928],[20.499536,54.706894]]}},{"type":"Feature","properties":{"kind":"road","name":"улица Маршала Баграмяна","osm":"way/995233931","highway":"tertiary","access":"","foot":""},"geometry":{"type":"LineString","coordinates":[[20.498712,54.706976],[20.49877,54.70697],[20.498935,54.706952]]}},{"type":"Feature","properties":{"kind":"building","name":"Морякам-балтийцам","osm":"way/997577007"},"geometry":{"type":"Polygon","coordinates":[[[20.515751,54.708005],[20.516313,54.708084],[20.516333,54.707955],[20.515754,54.707974],[20.515751,54.708005]]]}},{"type":"Feature","properties":{"kind":"road","name":"","osm":"way/997577015","highway":"pedestrian","access":"","foot":""},"geometry":{"type":"LineString","coordinates":[[20.50769,54.706836],[20.507933,54.706791],[20.50822,54.706737],[20.509373,54.706513],[20.509853,54.70642],[20.510338,54.706325],[20.510447,54.70631],[20.510466,54.706317],[20.510513,54.706308],[20.510535,54.70634],[20.510564,54.706389],[20.510617,54.706478],[20.510397,54.706527],[20.509956,54.706611],[20.509314,54.706734],[20.508768,54.706833],[20.508039,54.706965],[20.507777,54.707012],[20.50773,54.706917],[20.507702,54.70686],[20.50769,54.706836]]}},{"type":"Feature","properties":{"kind":"road","name":"","osm":"way/997577016","highway":"steps","access":"","foot":""},"geometry":{"type":"LineString","coordinates":[[20.507564,54.707027],[20.507493,54.707039],[20.507423,54.707051],[20.507398,54.707001]]}},{"type":"Feature","properties":{"kind":"road","name":"","osm":"way/997577018","highway":"footway","access":"","foot":""},"geometry":{"type":"LineString","coordinates":[[20.493377,54.706633],[20.493792,54.706629]]}},{"type":"Feature","properties":{"kind":"road","name":"","osm":"way/997577019","highway":"footway","access":"","foot":""},"geometry":{"type":"LineString","coordinates":[[20.493792,54.706629],[20.493794,54.706584]]}},{"type":"Feature","properties":{"kind":"road","name":"","osm":"way/997577020","highway":"footway","access":"","foot":""},"geometry":{"type":"LineString","coordinates":[[20.495985,54.707127],[20.495874,54.706695]]}},{"type":"Feature","properties":{"kind":"building","name":"","osm":"way/997577021"},"geometry":{"type":"Polygon","coordinates":[[[20.49643,54.706718],[20.496422,54.706676],[20.496858,54.706645],[20.496867,54.706687],[20.49643,54.706718]]]}},{"type":"Feature","properties":{"kind":"road","name":"","osm":"way/997577022","highway":"footway","access":"","foot":""},"geometry":{"type":"LineString","coordinates":[[20.493374,54.706518],[20.493375,54.706591]]}},{"type":"Feature","properties":{"kind":"road","name":"","osm":"way/997577023","highway":"footway","access":"","foot":""},"geometry":{"type":"LineString","coordinates":[[20.493786,54.706742],[20.493792,54.706688],[20.493792,54.706629]]}},{"type":"Feature","properties":{"kind":"road","name":"","osm":"way/997577025","highway":"footway","access":"","foot":""},"geometry":{"type":"LineString","coordinates":[[20.498241,54.706617],[20.498239,54.706601],[20.498218,54.706508]]}},{"type":"Feature","properties":{"kind":"road","name":"","osm":"way/997577026","highway":"footway","access":"","foot":""},"geometry":{"type":"LineString","coordinates":[[20.498259,54.706688],[20.498241,54.706617]]}},{"type":"Feature","properties":{"kind":"building","name":"Гидрофон","osm":"way/997577027"},"geometry":{"type":"Polygon","coordinates":[[[20.498909,54.706655],[20.498894,54.706645],[20.498896,54.706632],[20.498913,54.706623],[20.498936,54.706624],[20.498951,54.706634],[20.498949,54.706648],[20.498931,54.706656],[20.498909,54.706655]]]}},{"type":"Feature","properties":{"kind":"building","name":"","osm":"way/997577038"},"geometry":{"type":"Polygon","coordinates":[[[20.498549,54.705928],[20.498661,54.705915],[20.498644,54.705867],[20.498586,54.705874],[20.498532,54.70588],[20.498549,54.705928]]]}},{"type":"Feature","properties":{"kind":"building","name":"","osm":"way/997577039"},"geometry":{"type":"Polygon","coordinates":[[[20.498624,54.706136],[20.498735,54.706123],[20.498718,54.706073],[20.498607,54.706086],[20.498624,54.706136]]]}},{"type":"Feature","properties":{"kind":"building","name":"Плавучий маяк «Ирбенский»","osm":"way/997577042"},"geometry":{"type":"Polygon","coordinates":[[[20.503068,54.706106],[20.503192,54.706134],[20.503687,54.706107],[20.503737,54.706086],[20.503766,54.706063],[20.503729,54.706044],[20.503689,54.706032],[20.503191,54.706055],[20.503068,54.706106]]]}},{"type":"Feature","properties":{"kind":"road","name":"Медовый мост","osm":"way/997577045","highway":"service","access":"no","foot":"yes"},"geometry":{"type":"LineString","coordinates":[[20.513677,54.705784],[20.513496,54.705795]]}},{"type":"Feature","properties":{"kind":"road","name":"Медовый мост","osm":"way/997577046","highway":"service","access":"","foot":"yes"},"geometry":{"type":"LineString","coordinates":[[20.513854,54.705773],[20.513677,54.705784]]}},{"type":"Feature","properties":{"kind":"road","name":"","osm":"way/997577047","highway":"service","access":"","foot":""},"geometry":{"type":"LineString","coordinates":[[20.515248,54.706018],[20.515305,54.706026],[20.515221,54.70628]]}},{"type":"Feature","properties":{"kind":"road","name":"","osm":"way/997577048","highway":"service","access":"","foot":""},"geometry":{"type":"LineString","coordinates":[[20.514929,54.70599],[20.515248,54.706018]]}},{"type":"Feature","properties":{"kind":"building","name":"","osm":"way/997577058"},"geometry":{"type":"Polygon","coordinates":[[[20.514059,54.708161],[20.514129,54.708159],[20.514122,54.708106],[20.514053,54.708109],[20.514059,54.708161]]]}},{"type":"Feature","properties":{"kind":"road","name":"","osm":"way/997577066","highway":"footway","access":"","foot":""},"geometry":{"type":"LineString","coordinates":[[20.514715,54.705126],[20.514743,54.705135]]}},{"type":"Feature","properties":{"kind":"road","name":"","osm":"way/997577067","highway":"steps","access":"","foot":""},"geometry":{"type":"LineString","coordinates":[[20.514707,54.705124],[20.514715,54.705126]]}},{"type":"Feature","properties":{"kind":"road","name":"","osm":"way/997577068","highway":"footway","access":"","foot":""},"geometry":{"type":"LineString","coordinates":[[20.514681,54.7073],[20.514733,54.707575]]}},{"type":"Feature","properties":{"kind":"road","name":"","osm":"way/997577069","highway":"footway","access":"","foot":""},"geometry":{"type":"LineString","coordinates":[[20.514663,54.707205],[20.514681,54.7073]]}},{"type":"Feature","properties":{"kind":"road","name":"","osm":"way/997577070","highway":"footway","access":"","foot":""},"geometry":{"type":"LineString","coordinates":[[20.514516,54.707189],[20.514462,54.706905]]}},{"type":"Feature","properties":{"kind":"road","name":"","osm":"way/997577071","highway":"footway","access":"","foot":""},"geometry":{"type":"LineString","coordinates":[[20.514534,54.707293],[20.514516,54.707189]]}},{"type":"Feature","properties":{"kind":"road","name":"","osm":"way/1001707535","highway":"footway","access":"","foot":""},"geometry":{"type":"LineString","coordinates":[[20.493375,54.706591],[20.493377,54.706633]]}},{"type":"Feature","properties":{"kind":"road","name":"","osm":"way/1001707536","highway":"footway","access":"","foot":""},"geometry":{"type":"LineString","coordinates":[[20.493794,54.706584],[20.493795,54.706517]]}},{"type":"Feature","properties":{"kind":"road","name":"","osm":"way/1005512795","highway":"service","access":"","foot":""},"geometry":{"type":"LineString","coordinates":[[20.495409,54.710928],[20.495472,54.711013],[20.495482,54.711092],[20.495332,54.711127]]}},{"type":"Feature","properties":{"kind":"road","name":"","osm":"way/1006196640","highway":"service","access":"","foot":""},"geometry":{"type":"LineString","coordinates":[[20.515525,54.709142],[20.515335,54.709145]]}},{"type":"Feature","properties":{"kind":"road","name":"","osm":"way/1006196641","highway":"service","access":"","foot":""},"geometry":{"type":"LineString","coordinates":[[20.515335,54.709145],[20.515246,54.709147],[20.515277,54.708862]]}},{"type":"Feature","properties":{"kind":"road","name":"","osm":"way/1006196644","highway":"service","access":"","foot":""},"geometry":{"type":"LineString","coordinates":[[20.494753,54.710094],[20.494629,54.710103]]}},{"type":"Feature","properties":{"kind":"road","name":"","osm":"way/1006196645","highway":"service","access":"","foot":""},"geometry":{"type":"LineString","coordinates":[[20.494629,54.710103],[20.494362,54.710123]]}},{"type":"Feature","properties":{"kind":"road","name":"","osm":"way/1009697746","highway":"service","access":"","foot":""},"geometry":{"type":"LineString","coordinates":[[20.508946,54.704864],[20.508904,54.704709],[20.510032,54.704622]]}},{"type":"Feature","properties":{"kind":"road","name":"","osm":"way/1009697747","highway":"footway","access":"","foot":""},"geometry":{"type":"LineString","coordinates":[[20.510021,54.704578],[20.510032,54.704622]]}},{"type":"Feature","properties":{"kind":"road","name":"","osm":"way/1009697748","highway":"footway","access":"","foot":""},"geometry":{"type":"LineString","coordinates":[[20.509009,54.704481],[20.509979,54.704407]]}},{"type":"Feature","properties":{"kind":"road","name":"","osm":"way/1012626243","highway":"footway","access":"","foot":""},"geometry":{"type":"LineString","coordinates":[[20.516228,54.702515],[20.516289,54.702515],[20.516312,54.702515],[20.516375,54.702515],[20.516415,54.702516],[20.516451,54.702516]]}},{"type":"Feature","properties":{"kind":"road","name":"","osm":"way/1012626244","highway":"footway","access":"","foot":""},"geometry":{"type":"LineString","coordinates":[[20.504894,54.70186],[20.505089,54.701935],[20.505583,54.702142],[20.505653,54.702223]]}},{"type":"Feature","properties":{"kind":"green","name":"","osm":"way/1012626245"},"geometry":{"type":"Polygon","coordinates":[[[20.509454,54.709972],[20.50973,54.709935],[20.509754,54.709893],[20.509805,54.709882],[20.509841,54.709893],[20.509863,54.709915],[20.510346,54.709873],[20.51035,54.709849],[20.510382,54.709833],[20.510438,54.709827],[20.510468,54.709846],[20.510476,54.709863],[20.510535,54.709859],[20.510618,54.709771],[20.510604,54.709751],[20.510305,54.709794],[20.509774,54.709846],[20.509403,54.709889],[20.509454,54.709972]]]}},{"type":"Feature","properties":{"kind":"green","name":"","osm":"way/1012626246"},"geometry":{"type":"Polygon","coordinates":[[[20.510697,54.709786],[20.510632,54.709849],[20.510791,54.709829],[20.510697,54.709786]]]}},{"type":"Feature","properties":{"kind":"green","name":"","osm":"way/1012626247"},"geometry":{"type":"Polygon","coordinates":[[[20.510885,54.709811],[20.510746,54.709755],[20.510708,54.709678],[20.511699,54.709523],[20.511742,54.709618],[20.511052,54.709731],[20.511017,54.70975],[20.511002,54.709769],[20.511004,54.709787],[20.510885,54.709811]]]}},{"type":"Feature","properties":{"kind":"road","name":"","osm":"way/1012626249","highway":"footway","access":"","foot":""},"geometry":{"type":"LineString","coordinates":[[20.511495,54.709061],[20.511432,54.709469],[20.511342,54.709483]]}},{"type":"Feature","properties":{"kind":"road","name":"","osm":"way/1012626250","highway":"steps","access":"","foot":""},"geometry":{"type":"LineString","coordinates":[[20.511342,54.709483],[20.510897,54.709553]]}},{"type":"Feature","properties":{"kind":"road","name":"","osm":"way/1012838514","highway":"service","access":"","foot":""},"geometry":{"type":"LineString","coordinates":[[20.514696,54.705965],[20.514732,54.705968],[20.514769,54.705973],[20.514929,54.70599]]}},{"type":"Feature","properties":{"kind":"road","name":"","osm":"way/1012847632","highway":"service","access":"","foot":""},"geometry":{"type":"LineString","coordinates":[[20.504173,54.704382],[20.503952,54.703928],[20.503958,54.703896],[20.504012,54.703877],[20.504267,54.703829],[20.504293,54.703799],[20.504178,54.703527],[20.504127,54.703515],[20.503922,54.703538],[20.503882,54.703566],[20.503888,54.703603],[20.504012,54.703877]]}},{"type":"Feature","properties":{"kind":"road","name":"","osm":"way/1012847633","highway":"service","access":"","foot":""},"geometry":{"type":"LineString","coordinates":[[20.499824,54.707509],[20.499621,54.707502],[20.499459,54.707533],[20.499433,54.707565],[20.499371,54.707642],[20.499522,54.707934]]}},{"type":"Feature","properties":{"kind":"road","name":"","osm":"way/1025236667","highway":"footway","access":"","foot":""},"geometry":{"type":"LineString","coordinates":[[20.512917,54.717002],[20.512921,54.716922],[20.512931,54.716829],[20.513322,54.715546],[20.513381,54.715276],[20.513339,54.714764],[20.513306,54.713847],[20.513315,54.713629],[20.513315,54.713502],[20.5133,54.713424],[20.512939,54.712787],[20.512526,54.712074],[20.512165,54.711398]]}},{"type":"Feature","properties":{"kind":"road","name":"","osm":"way/1037296753","highway":"footway","access":"","foot":""},"geometry":{"type":"LineString","coordinates":[[20.522279,54.706866],[20.522282,54.706909],[20.522283,54.706924],[20.522301,54.70716],[20.52188,54.70717],[20.521649,54.707169],[20.521515,54.707161],[20.521305,54.707132],[20.521192,54.707119],[20.521082,54.707115],[20.520942,54.707114],[20.520832,54.707117],[20.52076,54.707124],[20.520521,54.707155],[20.52038,54.70718],[20.520215,54.707204],[20.520093,54.707209],[20.519919,54.707209],[20.519685,54.707195],[20.519497,54.707172],[20.519247,54.707139],[20.519103,54.707131],[20.518959,54.707128],[20.518904,54.707127],[20.518757,54.707131],[20.518606,54.70714],[20.518396,54.70717],[20.518276,54.707182],[20.518082,54.707188],[20.517875,54.707189],[20.517767,54.707183],[20.517507,54.707146],[20.517286,54.707112],[20.517092,54.707086],[20.516911,54.707073],[20.516721,54.707071],[20.516564,54.70708],[20.516465,54.707087],[20.51635,54.707095],[20.516212,54.7071],[20.516073,54.707097],[20.515863,54.707076],[20.515386,54.706997],[20.515333,54.706988],[20.514734,54.706886],[20.514607,54.706867],[20.514592,54.706864]]}},{"type":"Feature","properties":{"kind":"road","name":"","osm":"way/1037296755","highway":"footway","access":"","foot":""},"geometry":{"type":"LineString","coordinates":[[20.522282,54.706909],[20.521787,54.706929],[20.521547,54.706937],[20.521285,54.706944],[20.520975,54.706946],[20.520581,54.706946],[20.520079,54.706945],[20.519057,54.706931],[20.517373,54.706916],[20.517186,54.706909],[20.516993,54.706897],[20.516828,54.706884],[20.51665,54.706864],[20.516043,54.706785]]}},{"type":"Feature","properties":{"kind":"road","name":"","osm":"way/1037296757","highway":"footway","access":"","foot":""},"geometry":{"type":"LineString","coordinates":[[20.516043,54.706785],[20.516015,54.706793],[20.515962,54.706807],[20.51548,54.706917],[20.515371,54.706939],[20.515333,54.706988]]}},{"type":"Feature","properties":{"kind":"road","name":"","osm":"way/1037296758","highway":"footway","access":"","foot":""},"geometry":{"type":"LineString","coordinates":[[20.516465,54.707087],[20.515962,54.706807]]}},{"type":"Feature","properties":{"kind":"road","name":"","osm":"way/1037296759","highway":"footway","access":"","foot":""},"geometry":{"type":"LineString","coordinates":[[20.516043,54.706785],[20.514937,54.706648],[20.514715,54.70662],[20.514661,54.706616],[20.514575,54.706613],[20.514543,54.706615]]}},{"type":"Feature","properties":{"kind":"road","name":"","osm":"way/1037296760","highway":"cycleway","access":"","foot":"designated"},"geometry":{"type":"LineString","coordinates":[[20.516043,54.706785],[20.516062,54.706739]]}},{"type":"Feature","properties":{"kind":"road","name":"","osm":"way/1037296761","highway":"footway","access":"","foot":""},"geometry":{"type":"LineString","coordinates":[[20.515371,54.706939],[20.514877,54.706688]]}},{"type":"Feature","properties":{"kind":"road","name":"","osm":"way/1037296762","highway":"footway","access":"","foot":""},"geometry":{"type":"LineString","coordinates":[[20.514877,54.706688],[20.514918,54.70666],[20.514937,54.706648]]}},{"type":"Feature","properties":{"kind":"road","name":"","osm":"way/1037296763","highway":"footway","access":"","foot":""},"geometry":{"type":"LineString","coordinates":[[20.514877,54.706688],[20.51463,54.706851],[20.514607,54.706867]]}},{"type":"Feature","properties":{"kind":"road","name":"","osm":"way/1052492535","highway":"path","access":"","foot":""},"geometry":{"type":"LineString","coordinates":[[20.512763,54.705856],[20.512728,54.705765],[20.512522,54.705698],[20.510095,54.706247]]}},{"type":"Feature","properties":{"kind":"road","name":"","osm":"way/1076548201","highway":"footway","access":"","foot":""},"geometry":{"type":"LineString","coordinates":[[20.506039,54.704337],[20.506247,54.704759]]}},{"type":"Feature","properties":{"kind":"road","name":"","osm":"way/1076550457","highway":"footway","access":"","foot":""},"geometry":{"type":"LineString","coordinates":[[20.508294,54.708049],[20.508739,54.707997],[20.509238,54.707898],[20.509329,54.707817],[20.509576,54.707541],[20.509622,54.70749]]}},{"type":"Feature","properties":{"kind":"road","name":"","osm":"way/1085817431","highway":"footway","access":"","foot":""},"geometry":{"type":"LineString","coordinates":[[20.524077,54.706761],[20.524093,54.706802],[20.52421,54.707091],[20.524063,54.707111],[20.523918,54.707129],[20.523789,54.707153],[20.523718,54.707178],[20.523702,54.707186],[20.523659,54.707209],[20.523608,54.707233],[20.523574,54.70721],[20.523543,54.707203],[20.523476,54.7072],[20.523406,54.7072],[20.523249,54.707202],[20.522962,54.70721],[20.522353,54.707231],[20.520747,54.707277],[20.520421,54.707284],[20.520194,54.707288],[20.518752,54.707277],[20.517973,54.707271],[20.517671,54.707267],[20.517336,54.707258],[20.517129,54.707249],[20.516903,54.707238],[20.516698,54.707226],[20.516442,54.707213],[20.516283,54.707202],[20.516111,54.707185],[20.515905,54.707159],[20.515581,54.707106],[20.515252,54.707042],[20.514708,54.706941],[20.514661,54.706922],[20.514608,54.706913]]}},{"type":"Feature","properties":{"kind":"road","name":"","osm":"way/1085817432","highway":"footway","access":"","foot":""},"geometry":{"type":"LineString","coordinates":[[20.516465,54.707087],[20.516698,54.707226]]}},{"type":"Feature","properties":{"kind":"green","name":"","osm":"way/1085817449"},"geometry":{"type":"Polygon","coordinates":[[[20.514857,54.706653],[20.514672,54.706791],[20.514595,54.706791],[20.514588,54.706691],[20.514596,54.706668],[20.514606,54.706656],[20.514621,54.706646],[20.514659,54.706635],[20.514687,54.706634],[20.51471,54.706635],[20.514857,54.706653]]]}},{"type":"Feature","properties":{"kind":"green","name":"","osm":"way/1085817450"},"geometry":{"type":"Polygon","coordinates":[[[20.514661,54.706854],[20.514872,54.706719],[20.515262,54.706908],[20.515211,54.706943],[20.514748,54.706865],[20.514661,54.706854]]]}},{"type":"Feature","properties":{"kind":"green","name":"","osm":"way/1085817451"},"geometry":{"type":"Polygon","coordinates":[[[20.514952,54.706664],[20.514918,54.706685],[20.515327,54.706886],[20.515382,54.706883],[20.515423,54.706888],[20.51546,54.706903],[20.515972,54.706788],[20.515783,54.706764],[20.514952,54.706664]]]}},{"type":"Feature","properties":{"kind":"green","name":"","osm":"way/1085817452"},"geometry":{"type":"Polygon","coordinates":[[[20.515429,54.706977],[20.515477,54.706934],[20.515946,54.706827],[20.516406,54.707075],[20.516279,54.707077],[20.516122,54.707075],[20.515989,54.707069],[20.515866,54.707056],[20.515724,54.707034],[20.515546,54.707001],[20.515429,54.706977]]]}},{"type":"Feature","properties":{"kind":"green","name":"","osm":"way/1085817453"},"geometry":{"type":"Polygon","coordinates":[[[20.516012,54.706817],[20.516063,54.706802],[20.516074,54.706804],[20.516693,54.706887],[20.516948,54.706912],[20.517143,54.706921],[20.517304,54.70693],[20.517521,54.706937],[20.517883,54.706938],[20.518722,54.706945],[20.519019,54.706947],[20.518992,54.706983],[20.518976,54.70701],[20.518972,54.707032],[20.518975,54.707054],[20.518967,54.707076],[20.51895,54.707105],[20.518881,54.707105],[20.51877,54.707106],[20.518723,54.70711],[20.518685,54.707103],[20.518644,54.707104],[20.518609,54.70711],[20.518589,54.707125],[20.518579,54.70713],[20.518452,54.707146],[20.518358,54.707156],[20.518221,54.707166],[20.518068,54.707171],[20.517966,54.707169],[20.517962,54.707142],[20.517953,54.707109],[20.517937,54.707096],[20.517905,54.70709],[20.517861,54.707093],[20.517823,54.707106],[20.517795,54.707129],[20.517776,54.70716],[20.517693,54.707153],[20.517442,54.707114],[20.517269,54.707086],[20.517099,54.707063],[20.5169,54.707055],[20.51672,54.707052],[20.5166,54.70706],[20.516485,54.707068],[20.516012,54.706817]]]}},{"type":"Feature","properties":{"kind":"green","name":"","osm":"way/1085817454"},"geometry":{"type":"Polygon","coordinates":[[[20.516443,54.707104],[20.51663,54.707211],[20.516309,54.707192],[20.516092,54.707169],[20.51571,54.707116],[20.514712,54.706931],[20.514727,54.706899],[20.515762,54.707076],[20.515983,54.707102],[20.51612,54.707111],[20.516264,54.707111],[20.516443,54.707104]]]}},{"type":"Feature","properties":{"kind":"road","name":"","osm":"way/1085817455","highway":"pedestrian","access":"","foot":""},"geometry":{"type":"LineString","coordinates":[[20.517124,54.707103],[20.516968,54.707091],[20.516818,54.707088],[20.516649,54.70709],[20.516578,54.707097],[20.51658,54.707128],[20.516598,54.707149],[20.516642,54.707177],[20.516724,54.707215],[20.516815,54.707223],[20.51713,54.707236],[20.517124,54.707103]]}},{"type":"Feature","properties":{"kind":"building","name":"Детская Стамотологическая Поликлиника","osm":"way/1086189456"},"geometry":{"type":"Polygon","coordinates":[[[20.491933,54.708053],[20.491915,54.707949],[20.491535,54.707971],[20.491535,54.708115],[20.491562,54.708114],[20.491575,54.708191],[20.49176,54.70818],[20.491739,54.708064],[20.491933,54.708053]]]}},{"type":"Feature","properties":{"kind":"building","name":"","osm":"way/1086189457"},"geometry":{"type":"Polygon","coordinates":[[[20.492799,54.708987],[20.492698,54.708935],[20.49269,54.70894],[20.492673,54.708931],[20.49268,54.708926],[20.492641,54.708906],[20.492627,54.708915],[20.4925,54.70885],[20.492469,54.708835],[20.492372,54.708785],[20.492391,54.708733],[20.492411,54.70868],[20.492423,54.708646],[20.492432,54.708621],[20.492451,54.70857],[20.492495,54.708561],[20.49249,54.708552],[20.492512,54.708548],[20.492511,54.708546],[20.492562,54.708536],[20.492568,54.708547],[20.492574,54.708545],[20.49266,54.708528],[20.492713,54.708518],[20.492707,54.708508],[20.492908,54.708468],[20.492914,54.708479],[20.492967,54.708468],[20.492993,54.708512],[20.493011,54.708508],[20.49303,54.70854],[20.493012,54.708544],[20.493044,54.708599],[20.493014,54.708605],[20.493018,54.708612],[20.492995,54.708616],[20.492991,54.70861],[20.492941,54.708619],[20.492942,54.708621],[20.492892,54.708631],[20.492841,54.708641],[20.492838,54.708641],[20.492837,54.70864],[20.492816,54.708644],[20.49282,54.708651],[20.492798,54.708655],[20.492794,54.708648],[20.492788,54.70865],[20.492783,54.708641],[20.492702,54.708657],[20.492695,54.708677],[20.492696,54.708677],[20.492695,54.708681],[20.492685,54.70868],[20.492675,54.708707],[20.492665,54.708735],[20.492676,54.708736],[20.492675,54.708739],[20.492686,54.708741],[20.492681,54.708754],[20.492669,54.708753],[20.492666,54.70876],[20.492734,54.708793],[20.492744,54.708786],[20.492783,54.708806],[20.492822,54.708826],[20.492836,54.708817],[20.492839,54.708818],[20.492873,54.708837],[20.492899,54.70885],[20.492909,54.708844],[20.492926,54.708853],[20.492917,54.708859],[20.492919,54.70886],[20.492906,54.708869],[20.492947,54.70889],[20.492874,54.708937],[20.492889,54.708945],[20.49285,54.70897],[20.492835,54.708963],[20.492799,54.708987]]]}},{"type":"Feature","properties":{"kind":"road","name":"","osm":"way/1088943361","highway":"footway","access":"","foot":""},"geometry":{"type":"LineString","coordinates":[[20.507933,54.706791],[20.507981,54.70687],[20.508039,54.706965]]}},{"type":"Feature","properties":{"kind":"road","name":"","osm":"way/1088943362","highway":"footway","access":"","foot":""},"geometry":{"type":"LineString","coordinates":[[20.509853,54.70642],[20.509902,54.706512],[20.509956,54.706611]]}},{"type":"Feature","properties":{"kind":"road","name":"","osm":"way/1088943363","highway":"footway","access":"","foot":""},"geometry":{"type":"LineString","coordinates":[[20.510338,54.706325],[20.510367,54.706425],[20.510397,54.706527]]}},{"type":"Feature","properties":{"kind":"road","name":"","osm":"way/1088943364","highway":"footway","access":"","foot":""},"geometry":{"type":"LineString","coordinates":[[20.50739,54.706984],[20.507349,54.706991]]}},{"type":"Feature","properties":{"kind":"road","name":"","osm":"way/1088943365","highway":"footway","access":"","foot":""},"geometry":{"type":"LineString","coordinates":[[20.50738,54.706965],[20.50739,54.706984],[20.507398,54.707001]]}},{"type":"Feature","properties":{"kind":"road","name":"","osm":"way/1088943366","highway":"footway","access":"","foot":""},"geometry":{"type":"LineString","coordinates":[[20.506908,54.707052],[20.506967,54.707042]]}},{"type":"Feature","properties":{"kind":"road","name":"","osm":"way/1088943367","highway":"footway","access":"","foot":""},"geometry":{"type":"LineString","coordinates":[[20.506901,54.707037],[20.506908,54.707052],[20.506921,54.70708]]}},{"type":"Feature","properties":{"kind":"road","name":"","osm":"way/1088943368","highway":"footway","access":"","foot":""},"geometry":{"type":"LineString","coordinates":[[20.506652,54.707104],[20.507525,54.706951]]}},{"type":"Feature","properties":{"kind":"road","name":"","osm":"way/1088943369","highway":"footway","access":"","foot":""},"geometry":{"type":"LineString","coordinates":[[20.507474,54.706851],[20.507561,54.706859],[20.507649,54.706868],[20.507702,54.70686]]}},{"type":"Feature","properties":{"kind":"road","name":"","osm":"way/1088943370","highway":"steps","access":"","foot":""},"geometry":{"type":"LineString","coordinates":[[20.507639,54.706933],[20.507704,54.706922]]}},{"type":"Feature","properties":{"kind":"road","name":"","osm":"way/1088943371","highway":"footway","access":"","foot":""},"geometry":{"type":"LineString","coordinates":[[20.507525,54.706951],[20.507639,54.706933]]}},{"type":"Feature","properties":{"kind":"road","name":"","osm":"way/1088943372","highway":"footway","access":"","foot":""},"geometry":{"type":"LineString","coordinates":[[20.509983,54.706704],[20.51012,54.706888]]}},{"type":"Feature","properties":{"kind":"road","name":"","osm":"way/1088943373","highway":"footway","access":"","foot":""},"geometry":{"type":"LineString","coordinates":[[20.509792,54.706305],[20.509853,54.70642]]}},{"type":"Feature","properties":{"kind":"green","name":"","osm":"way/1088943374"},"geometry":{"type":"Polygon","coordinates":[[[20.513329,54.706774],[20.511336,54.707149],[20.511306,54.706821],[20.511505,54.706798],[20.511571,54.706905],[20.511989,54.706864],[20.511996,54.706797],[20.512933,54.706655],[20.513026,54.706658],[20.513127,54.706661],[20.513106,54.706583],[20.513093,54.706536],[20.513032,54.705907],[20.513144,54.70587],[20.513357,54.705843],[20.513329,54.706774]]]}},{"type":"Feature","properties":{"kind":"road","name":"","osm":"way/1088943375","highway":"footway","access":"","foot":""},"geometry":{"type":"LineString","coordinates":[[20.510998,54.70627],[20.510833,54.706266],[20.510095,54.706247]]}},{"type":"Feature","properties":{"kind":"road","name":"","osm":"way/1088943376","highway":"footway","access":"","foot":""},"geometry":{"type":"LineString","coordinates":[[20.508519,54.70713],[20.509011,54.707066],[20.509097,54.707038],[20.509137,54.706985],[20.509214,54.706957],[20.509256,54.706932],[20.509255,54.706899],[20.509285,54.706846],[20.509495,54.706817],[20.509813,54.706827]]}},{"type":"Feature","properties":{"kind":"road","name":"","osm":"way/1088943378","highway":"footway","access":"","foot":""},"geometry":{"type":"LineString","coordinates":[[20.509144,54.707346],[20.509371,54.707315],[20.509569,54.707246],[20.509828,54.707036],[20.509867,54.706938],[20.509813,54.706827],[20.509983,54.706704],[20.509956,54.706611]]}},{"type":"Feature","properties":{"kind":"road","name":"","osm":"way/1088943380","highway":"footway","access":"","foot":""},"geometry":{"type":"LineString","coordinates":[[20.508919,54.707568],[20.509622,54.70749]]}},{"type":"Feature","properties":{"kind":"road","name":"","osm":"way/1088943381","highway":"footway","access":"","foot":""},"geometry":{"type":"LineString","coordinates":[[20.510861,54.707237],[20.510488,54.707147],[20.510388,54.70706],[20.510315,54.706955],[20.51012,54.706888]]}},{"type":"Feature","properties":{"kind":"road","name":"","osm":"way/1088943382","highway":"footway","access":"","foot":""},"geometry":{"type":"LineString","coordinates":[[20.509717,54.707637],[20.50992,54.70764],[20.510142,54.707668]]}},{"type":"Feature","properties":{"kind":"road","name":"","osm":"way/1088943383","highway":"footway","access":"","foot":""},"geometry":{"type":"LineString","coordinates":[[20.510006,54.707584],[20.509717,54.707637],[20.509673,54.707647]]}},{"type":"Feature","properties":{"kind":"road","name":"","osm":"way/1088943384","highway":"footway","access":"","foot":""},"geometry":{"type":"LineString","coordinates":[[20.510268,54.70742],[20.510006,54.707584]]}},{"type":"Feature","properties":{"kind":"road","name":"","osm":"way/1088943385","highway":"steps","access":"","foot":""},"geometry":{"type":"LineString","coordinates":[[20.50965,54.707598],[20.509634,54.707569]]}},{"type":"Feature","properties":{"kind":"road","name":"","osm":"way/1088943386","highway":"footway","access":"","foot":""},"geometry":{"type":"LineString","coordinates":[[20.509716,54.70776],[20.509673,54.707647],[20.50965,54.707598]]}},{"type":"Feature","properties":{"kind":"road","name":"","osm":"way/1088943387","highway":"footway","access":"","foot":""},"geometry":{"type":"LineString","coordinates":[[20.510006,54.707584],[20.50992,54.70764],[20.509716,54.70776],[20.50937,54.707949]]}},{"type":"Feature","properties":{"kind":"road","name":"","osm":"way/1088943388","highway":"footway","access":"","foot":""},"geometry":{"type":"LineString","coordinates":[[20.510268,54.70742],[20.510897,54.707348]]}},{"type":"Feature","properties":{"kind":"road","name":"","osm":"way/1088943389","highway":"footway","access":"","foot":""},"geometry":{"type":"LineString","coordinates":[[20.511286,54.707183],[20.511393,54.707052],[20.511194,54.706626]]}},{"type":"Feature","properties":{"kind":"building","name":"","osm":"way/1088943390"},"geometry":{"type":"Polygon","coordinates":[[[20.511428,54.707016],[20.511387,54.706929],[20.511498,54.706912],[20.511507,54.706931],[20.511548,54.706925],[20.511579,54.706992],[20.511513,54.707002],[20.511428,54.707016]]]}},{"type":"Feature","properties":{"kind":"building","name":"","osm":"way/1088943391"},"geometry":{"type":"Polygon","coordinates":[[[20.511108,54.706985],[20.511032,54.706996],[20.510913,54.706728],[20.510989,54.706717],[20.511108,54.706985]]]}},{"type":"Feature","properties":{"kind":"building","name":"","osm":"way/1088943392"},"geometry":{"type":"Polygon","coordinates":[[[20.511347,54.707034],[20.511224,54.707052],[20.511191,54.706983],[20.511188,54.706978],[20.51123,54.706971],[20.511188,54.706886],[20.51117,54.706889],[20.51117,54.706876],[20.511182,54.70686],[20.511203,54.706852],[20.511226,54.706852],[20.511254,54.706856],[20.511267,54.706864],[20.511279,54.706876],[20.511347,54.707034]]]}},{"type":"Feature","properties":{"kind":"road","name":"","osm":"way/1090330064","highway":"footway","access":"","foot":""},"geometry":{"type":"LineString","coordinates":[[20.51565,54.711435],[20.515753,54.711501],[20.516411,54.711887]]}},{"type":"Feature","properties":{"kind":"road","name":"","osm":"way/1090330073","highway":"footway","access":"","foot":""},"geometry":{"type":"LineString","coordinates":[[20.514248,54.711081],[20.513926,54.711014]]}},{"type":"Feature","properties":{"kind":"road","name":"","osm":"way/1093292819","highway":"service","access":"","foot":"yes"},"geometry":{"type":"LineString","coordinates":[[20.511194,54.706626],[20.511159,54.706617],[20.511121,54.7066],[20.510655,54.706375]]}},{"type":"Feature","properties":{"kind":"road","name":"улица Канта","osm":"way/1093292820","highway":"service","access":"","foot":"yes"},"geometry":{"type":"LineString","coordinates":[[20.51121,54.706206],[20.511959,54.706024],[20.512465,54.70588],[20.512763,54.705856],[20.512919,54.705844],[20.513247,54.705814],[20.513398,54.705801],[20.513496,54.705795]]}},{"type":"Feature","properties":{"kind":"building","name":"Ярмарка","osm":"way/1093292821"},"geometry":{"type":"Polygon","coordinates":[[[20.496264,54.705607],[20.496218,54.705317],[20.497138,54.7053],[20.497975,54.705224],[20.498039,54.705477],[20.497113,54.705578],[20.496264,54.705607]]]}},{"type":"Feature","properties":{"kind":"road","name":"","osm":"way/1120746370","highway":"pedestrian","access":"","foot":""},"geometry":{"type":"LineString","coordinates":[[20.516823,54.707728],[20.517045,54.707732],[20.517085,54.707757],[20.517143,54.70776],[20.51719,54.707738],[20.517202,54.707714],[20.517877,54.70772],[20.517926,54.707721],[20.519654,54.707753],[20.520746,54.707791],[20.522404,54.707836],[20.52267,54.707796],[20.522701,54.707807],[20.522748,54.7078],[20.522783,54.707782],[20.522941,54.707761],[20.52296,54.707761],[20.523589,54.707757],[20.523633,54.707757],[20.524037,54.707721],[20.524545,54.707681],[20.524591,54.707678],[20.524621,54.707676],[20.525178,54.707638],[20.525232,54.707648],[20.525269,54.707639],[20.525297,54.707633],[20.525722,54.707599],[20.525781,54.707614],[20.52583,54.707603],[20.525848,54.707591],[20.526916,54.707509],[20.526974,54.707518],[20.527013,54.707517],[20.527049,54.7075],[20.528083,54.707422],[20.528127,54.707429],[20.528172,54.707423],[20.52819,54.707415],[20.528592,54.707386],[20.52862,54.707398],[20.528667,54.707394],[20.528695,54.707375],[20.52933,54.707325],[20.529467,54.707314],[20.529528,54.707309],[20.530619,54.707225],[20.530675,54.707232],[20.530719,54.70722],[20.53074,54.707206],[20.531166,54.707155],[20.531284,54.70714],[20.531744,54.707129],[20.531831,54.70714],[20.53188,54.707128],[20.532242,54.707107],[20.532856,54.70703],[20.532921,54.707044],[20.53297,54.707038],[20.533,54.707015],[20.533409,54.706973],[20.533454,54.706984],[20.533479,54.706981],[20.533507,54.706978],[20.533533,54.706955],[20.533833,54.70692],[20.535312,54.706745],[20.535858,54.706672],[20.535905,54.706699],[20.535956,54.706699],[20.535985,54.706699],[20.536013,54.706669],[20.536001,54.706642],[20.535966,54.706622],[20.535957,54.706607],[20.532195,54.707063],[20.531859,54.707086],[20.531842,54.707075],[20.531822,54.70707],[20.531794,54.707067],[20.531766,54.707073],[20.531741,54.70708],[20.531725,54.707088],[20.531281,54.707091],[20.53075,54.707164],[20.529548,54.707261],[20.529529,54.707246],[20.529503,54.707231],[20.529447,54.707243],[20.529395,54.707245],[20.52936,54.707238],[20.529335,54.707234],[20.529307,54.707236],[20.529274,54.707244],[20.529252,54.707255],[20.529236,54.707267],[20.529234,54.70728],[20.528696,54.707318],[20.52867,54.707307],[20.528633,54.707302],[20.528605,54.707306],[20.528584,54.707313],[20.528572,54.70733],[20.52818,54.707359],[20.528151,54.707343],[20.528108,54.707339],[20.528067,54.707351],[20.528048,54.707369],[20.527104,54.707457],[20.527076,54.707443],[20.527042,54.707411],[20.527,54.707397],[20.52695,54.707393],[20.526869,54.707414],[20.526842,54.707438],[20.526839,54.707463],[20.525737,54.707544],[20.525289,54.70758],[20.525253,54.707568],[20.525201,54.707569],[20.525178,54.707591],[20.524203,54.707664],[20.52418,54.707635],[20.524069,54.707652],[20.524033,54.707642],[20.523961,54.707638],[20.523901,54.707658],[20.523877,54.707682],[20.52356,54.707681],[20.523518,54.707685],[20.523091,54.707657],[20.52242,54.707759],[20.522226,54.707756],[20.521878,54.70775],[20.521712,54.707782],[20.520797,54.707754],[20.519395,54.707696],[20.519356,54.70767],[20.51928,54.707643],[20.519183,54.707648],[20.519126,54.70769],[20.518398,54.707677],[20.518114,54.707663],[20.518078,54.707635],[20.518039,54.707648],[20.517998,54.70765],[20.517967,54.707646],[20.517932,54.707631],[20.517865,54.707625],[20.517812,54.707638],[20.517781,54.707661],[20.516833,54.707644],[20.516828,54.707685],[20.516823,54.707728]]}},{"type":"Feature","properties":{"kind":"green","name":"","osm":"way/1121203702"},"geometry":{"type":"Polygon","coordinates":[[[20.492697,54.71316],[20.492401,54.712378],[20.492331,54.712309],[20.491535,54.712444],[20.491535,54.71316],[20.492697,54.71316]]]}},{"type":"Feature","properties":{"kind":"green","name":"","osm":"way/1126992243"},"geometry":{"type":"Polygon","coordinates":[[[20.509786,54.71117],[20.509762,54.71124],[20.509757,54.711269],[20.509757,54.711298],[20.50977,54.711318],[20.511674,54.711007],[20.511611,54.710864],[20.509786,54.71117]]]}},{"type":"Feature","properties":{"kind":"road","name":"","osm":"way/1152618149","highway":"construction","access":"","foot":""},"geometry":{"type":"LineString","coordinates":[[20.492047,54.702824],[20.492006,54.703164],[20.491935,54.703427],[20.491826,54.703719],[20.491592,54.704188],[20.491452,54.70446],[20.491245,54.704812],[20.491055,54.705171],[20.490238,54.706827],[20.490119,54.707157],[20.49005,54.707476],[20.49006,54.707715],[20.49013,54.70795],[20.490185,54.708099],[20.490248,54.708217]]}},{"type":"Feature","properties":{"kind":"road","name":"","osm":"way/1152618150","highway":"construction","access":"","foot":""},"geometry":{"type":"LineString","coordinates":[[20.489983,54.708072],[20.489862,54.707663],[20.489832,54.70747],[20.489903,54.707167],[20.490048,54.706801],[20.49083,54.705123],[20.491016,54.704757],[20.491337,54.704196],[20.491492,54.703924],[20.491655,54.703594],[20.491709,54.703453],[20.491725,54.703411],[20.49179,54.703205],[20.49181,54.703071],[20.491831,54.702821]]}},{"type":"Feature","properties":{"kind":"road","name":"","osm":"way/1152618151","highway":"construction","access":"","foot":""},"geometry":{"type":"LineString","coordinates":[[20.492467,54.704502],[20.492624,54.705036]]}},{"type":"Feature","properties":{"kind":"road","name":"","osm":"way/1152618152","highway":"construction","access":"","foot":""},"geometry":{"type":"LineString","coordinates":[[20.491935,54.703427],[20.491936,54.703597],[20.491922,54.703677],[20.491931,54.703726],[20.491986,54.703803],[20.492044,54.703841],[20.492129,54.70387],[20.492228,54.70392],[20.4923,54.70399],[20.492346,54.704091],[20.492467,54.704502]]}},{"type":"Feature","properties":{"kind":"road","name":"","osm":"way/1152618153","highway":"construction","access":"","foot":""},"geometry":{"type":"LineString","coordinates":[[20.492463,54.705021],[20.492309,54.704511]]}},{"type":"Feature","properties":{"kind":"road","name":"","osm":"way/1152618154","highway":"construction","access":"","foot":""},"geometry":{"type":"LineString","coordinates":[[20.492309,54.704511],[20.492227,54.704242],[20.492193,54.704155],[20.492154,54.704103],[20.492111,54.704069],[20.492042,54.704054],[20.491936,54.704048],[20.491864,54.704056],[20.491805,54.704074],[20.491732,54.704104],[20.491592,54.704188]]}},{"type":"Feature","properties":{"kind":"road","name":"","osm":"way/1152618157","highway":"construction","access":"","foot":""},"geometry":{"type":"LineString","coordinates":[[20.490436,54.704382],[20.490504,54.70425],[20.490573,54.704157],[20.490683,54.704072],[20.490772,54.704012],[20.490972,54.703922],[20.491185,54.703832],[20.491398,54.703717],[20.491543,54.703619],[20.491709,54.703453]]}},{"type":"Feature","properties":{"kind":"road","name":"","osm":"way/1152618159","highway":"construction","access":"","foot":""},"geometry":{"type":"LineString","coordinates":[[20.491937,54.699286],[20.491949,54.699477],[20.491917,54.699618],[20.491908,54.699724],[20.491912,54.699983],[20.491925,54.700409],[20.492078,54.70181],[20.492091,54.702332],[20.492047,54.702824]]}},{"type":"Feature","properties":{"kind":"road","name":"","osm":"way/1152618160","highway":"construction","access":"","foot":""},"geometry":{"type":"LineString","coordinates":[[20.491831,54.702821],[20.491854,54.702321],[20.491831,54.701836],[20.491802,54.700447],[20.491759,54.700166]]}},{"type":"Feature","properties":{"kind":"road","name":"","osm":"way/1182831058","highway":"service","access":"","foot":""},"geometry":{"type":"LineString","coordinates":[[20.510247,54.712604],[20.510203,54.712521]]}},{"type":"Feature","properties":{"kind":"building","name":"","osm":"way/1182831059"},"geometry":{"type":"Polygon","coordinates":[[[20.510116,54.712518],[20.510152,54.712515],[20.510146,54.71249],[20.510109,54.712493],[20.510116,54.712518]]]}},{"type":"Feature","properties":{"kind":"green","name":"","osm":"way/1185896453"},"geometry":{"type":"Polygon","coordinates":[[[20.502173,54.706815],[20.503043,54.70688],[20.504332,54.706774],[20.504424,54.70686],[20.503242,54.707064],[20.50339,54.707534],[20.5031,54.707702],[20.503277,54.708103],[20.502949,54.708111],[20.502432,54.707307],[20.502173,54.706815]]]}},{"type":"Feature","properties":{"kind":"road","name":"Железнодорожная улица","osm":"way/1210147833","highway":"primary","access":"","foot":""},"geometry":{"type":"LineString","coordinates":[[20.491547,54.70243],[20.491566,54.701211]]}},{"type":"Feature","properties":{"kind":"road","name":"Октябрьская улица","osm":"way/1210349536","highway":"residential","access":"","foot":""},"geometry":{"type":"LineString","coordinates":[[20.516433,54.704304],[20.516557,54.704299],[20.516678,54.704292],[20.516983,54.70427],[20.517153,54.704253],[20.517336,54.704233],[20.517487,54.704209],[20.518624,54.703978]]}},{"type":"Feature","properties":{"kind":"road","name":"Солнечный бульвар","osm":"way/1210349537","highway":"tertiary","access":"","foot":""},"geometry":{"type":"LineString","coordinates":[[20.515343,54.705052],[20.515296,54.705041],[20.51528,54.705037],[20.515213,54.70502]]}},{"type":"Feature","properties":{"kind":"road","name":"набережная Генерала Карбышева","osm":"way/1210349538","highway":"tertiary","access":"","foot":""},"geometry":{"type":"LineString","coordinates":[[20.514541,54.706572],[20.514579,54.70657],[20.514696,54.706573],[20.514788,54.706579],[20.515929,54.706722],[20.516062,54.706739],[20.516176,54.706753],[20.516266,54.706765],[20.516769,54.706826],[20.516982,54.706845],[20.517197,54.706861],[20.517419,54.706866],[20.518892,54.706888],[20.519071,54.70689],[20.519286,54.706892],[20.521514,54.706893],[20.522279,54.706866],[20.522383,54.706862],[20.522909,54.706834],[20.523098,54.706827],[20.523531,54.706801],[20.524077,54.706761],[20.524756,54.706699],[20.525585,54.706628],[20.526704,54.706533],[20.530187,54.706254],[20.531066,54.70619],[20.531141,54.706184],[20.53116,54.706183],[20.531309,54.706173]]}},{"type":"Feature","properties":{"kind":"road","name":"Портовая улица","osm":"way/1212485023","highway":"secondary","access":"","foot":""},"geometry":{"type":"LineString","coordinates":[[20.504173,54.704382],[20.503695,54.704443]]}},{"type":"Feature","properties":{"kind":"road","name":"","osm":"way/1226687448","highway":"path","access":"","foot":""},"geometry":{"type":"LineString","coordinates":[[20.50199,54.707136],[20.502237,54.707072]]}},{"type":"Feature","properties":{"kind":"building","name":"","osm":"way/1230130076"},"geometry":{"type":"Polygon","coordinates":[[[20.503324,54.704072],[20.503156,54.703712],[20.503388,54.703676],[20.503456,54.703821],[20.50353,54.703809],[20.503561,54.703876],[20.503431,54.703896],[20.503501,54.704048],[20.503324,54.704072]]]}},{"type":"Feature","properties":{"kind":"road","name":"улица Шевченко","osm":"way/1232532034","highway":"secondary","access":"","foot":"no"},"geometry":{"type":"LineString","coordinates":[[20.50905,54.711619],[20.509082,54.711603],[20.509118,54.711587],[20.509204,54.711557],[20.509275,54.711533],[20.509393,54.711498],[20.509451,54.711482],[20.509498,54.711469]]}},{"type":"Feature","properties":{"kind":"road","name":"улица Шевченко","osm":"way/1232532035","highway":"secondary","access":"","foot":"no"},"geometry":{"type":"LineString","coordinates":[[20.50905,54.711619],[20.509,54.711536]]}},{"type":"Feature","properties":{"kind":"road","name":"Ленинский проспект","osm":"way/1232532036","highway":"primary","access":"","foot":"no"},"geometry":{"type":"LineString","coordinates":[[20.508907,54.711982],[20.508816,54.71205],[20.508627,54.712178],[20.508346,54.712372],[20.50805,54.712576]]}},{"type":"Feature","properties":{"kind":"road","name":"","osm":"way/1242978857","highway":"footway","access":"","foot":""},"geometry":{"type":"LineString","coordinates":[[20.507656,54.704449],[20.507638,54.704319]]}},{"type":"Feature","properties":{"kind":"road","name":"","osm":"way/1242978858","highway":"footway","access":"","foot":""},"geometry":{"type":"LineString","coordinates":[[20.507004,54.704386],[20.506951,54.704255],[20.506899,54.704129]]}},{"type":"Feature","properties":{"kind":"road","name":"","osm":"way/1242978859","highway":"footway","access":"","foot":""},"geometry":{"type":"LineString","coordinates":[[20.506351,54.704592],[20.506776,54.704534]]}},{"type":"Feature","properties":{"kind":"road","name":"","osm":"way/1242978860","highway":"footway","access":"","foot":""},"geometry":{"type":"LineString","coordinates":[[20.507099,54.704636],[20.507158,54.70479],[20.507165,54.704808]]}},{"type":"Feature","properties":{"kind":"road","name":"","osm":"way/1242978861","highway":"footway","access":"","foot":""},"geometry":{"type":"LineString","coordinates":[[20.507367,54.704486],[20.507656,54.704449]]}},{"type":"Feature","properties":{"kind":"green","name":"","osm":"way/1271511318"},"geometry":{"type":"Polygon","coordinates":[[[20.515965,54.711665],[20.515836,54.711779],[20.515677,54.711814],[20.51573,54.711881],[20.515552,54.71195],[20.51541,54.711872],[20.515382,54.711765],[20.515244,54.71175],[20.515272,54.711927],[20.515277,54.712071],[20.515505,54.712109],[20.515799,54.711983],[20.516098,54.71187],[20.516165,54.711774],[20.516055,54.711732],[20.515965,54.711665]]]}},{"type":"Feature","properties":{"kind":"road","name":"","osm":"way/1272569966","highway":"footway","access":"","foot":""},"geometry":{"type":"LineString","coordinates":[[20.493399,54.71083],[20.493729,54.710677],[20.493804,54.710645],[20.493884,54.71061],[20.493913,54.710597],[20.493722,54.710228],[20.493758,54.710196],[20.493896,54.710075]]}},{"type":"Feature","properties":{"kind":"road","name":"","osm":"way/1272569967","highway":"footway","access":"","foot":""},"geometry":{"type":"LineString","coordinates":[[20.492613,54.710126],[20.492757,54.710201],[20.493003,54.710422],[20.493166,54.710427],[20.493374,54.71049],[20.493529,54.710603],[20.493729,54.710677]]}},{"type":"Feature","properties":{"kind":"road","name":"","osm":"way/1273138595","highway":"service","access":"","foot":""},"geometry":{"type":"LineString","coordinates":[[20.494158,54.707734],[20.494143,54.707666],[20.494063,54.707556],[20.493941,54.707502],[20.492675,54.7075]]}},{"type":"Feature","properties":{"kind":"green","name":"","osm":"way/1274647624"},"geometry":{"type":"Polygon","coordinates":[[[20.50031,54.710487],[20.498568,54.710631],[20.498092,54.710763],[20.497976,54.710807],[20.498032,54.711038],[20.498332,54.711001],[20.498843,54.710991],[20.499967,54.710894],[20.50004,54.711023],[20.500109,54.711251],[20.500319,54.711274],[20.500356,54.711408],[20.500416,54.711427],[20.500603,54.711437],[20.500758,54.711508],[20.500831,54.71168],[20.50035,54.711737],[20.500293,54.711668],[20.499495,54.711726],[20.499381,54.711787],[20.499443,54.711873],[20.500366,54.711796],[20.50056,54.711849],[20.500878,54.712231],[20.501316,54.712201],[20.501194,54.711986],[20.501046,54.711974],[20.500981,54.711743],[20.501452,54.711652],[20.502124,54.711564],[20.502461,54.711496],[20.502727,54.711541],[20.502808,54.711799],[20.50298,54.711811],[20.502941,54.711615],[20.502817,54.711568],[20.502658,54.711077],[20.503121,54.711003],[20.502911,54.710946],[20.502512,54.710906],[20.500491,54.711033],[20.500413,54.71073],[20.50031,54.710487]]]}},{"type":"Feature","properties":{"kind":"green","name":"","osm":"way/1274647630"},"geometry":{"type":"Polygon","coordinates":[[[20.507891,54.709674],[20.507835,54.709818],[20.507648,54.709849],[20.507342,54.709831],[20.507095,54.709908],[20.506819,54.70995],[20.506639,54.709857],[20.507245,54.709756],[20.507641,54.709669],[20.507891,54.709674]]]}},{"type":"Feature","properties":{"kind":"green","name":"","osm":"way/1274647631"},"geometry":{"type":"Polygon","coordinates":[[[20.510592,54.709218],[20.510544,54.709335],[20.510394,54.709456],[20.509415,54.709639],[20.509105,54.709657],[20.5089,54.709551],[20.508761,54.709493],[20.509662,54.709344],[20.509852,54.709333],[20.510592,54.709218]]]}},{"type":"Feature","properties":{"kind":"green","name":"","osm":"way/1274647635"},"geometry":{"type":"Polygon","coordinates":[[[20.51688,54.707849],[20.517048,54.70788],[20.517239,54.7079],[20.517222,54.707959],[20.517224,54.707994],[20.517327,54.707995],[20.517332,54.708082],[20.517263,54.708159],[20.517396,54.708218],[20.517342,54.708264],[20.516807,54.708151],[20.516854,54.7081],[20.516977,54.708107],[20.517086,54.708139],[20.517127,54.708095],[20.517099,54.708045],[20.517032,54.707975],[20.516921,54.707923],[20.516863,54.707898],[20.51688,54.707849]]]}},{"type":"Feature","properties":{"kind":"green","name":"","osm":"way/1274647843"},"geometry":{"type":"Polygon","coordinates":[[[20.500917,54.707277],[20.500308,54.707381],[20.500607,54.707856],[20.500327,54.707916],[20.500039,54.707783],[20.499868,54.708003],[20.499969,54.708171],[20.500432,54.708121],[20.50119,54.707975],[20.501332,54.708067],[20.50156,54.707975],[20.501377,54.70775],[20.501205,54.707731],[20.500917,54.707277]]]}},{"type":"Feature","properties":{"kind":"green","name":"","osm":"way/1274647844"},"geometry":{"type":"Polygon","coordinates":[[[20.496942,54.708643],[20.496977,54.708959],[20.49674,54.70919],[20.496745,54.709258],[20.497519,54.70891],[20.497396,54.708788],[20.497583,54.708691],[20.497489,54.708663],[20.497144,54.708751],[20.497033,54.708648],[20.496942,54.708643]]]}},{"type":"Feature","properties":{"kind":"rail","name":"","osm":"way/1276171223"},"geometry":{"type":"LineString","coordinates":[[20.508929,54.711828],[20.508987,54.711751],[20.509021,54.711686],[20.50905,54.711619],[20.509085,54.711537],[20.50912,54.711443],[20.509142,54.711291]]}},{"type":"Feature","properties":{"kind":"rail","name":"","osm":"way/1276171224"},"geometry":{"type":"LineString","coordinates":[[20.509183,54.711285],[20.509184,54.711374],[20.509159,54.71148],[20.509118,54.711587],[20.509085,54.711654],[20.509068,54.711687],[20.509019,54.711767],[20.508987,54.711816],[20.508948,54.711866]]}},{"type":"Feature","properties":{"kind":"green","name":"","osm":"way/1277807864"},"geometry":{"type":"Polygon","coordinates":[[[20.51283,54.705939],[20.512868,54.705943],[20.512889,54.705963],[20.512896,54.706034],[20.512876,54.706035],[20.512887,54.706091],[20.512911,54.706089],[20.512971,54.706407],[20.512898,54.706411],[20.512882,54.706338],[20.512902,54.706337],[20.512898,54.706308],[20.512849,54.706311],[20.512814,54.706313],[20.512817,54.706328],[20.51273,54.706334],[20.512728,54.706318],[20.512702,54.70632],[20.512705,54.706335],[20.512615,54.706342],[20.512612,54.706327],[20.512542,54.706332],[20.512545,54.706347],[20.512497,54.70635],[20.512494,54.706336],[20.512469,54.706338],[20.512471,54.706352],[20.512389,54.706358],[20.512386,54.706344],[20.512383,54.706344],[20.512372,54.706291],[20.512252,54.706298],[20.512102,54.70631],[20.512098,54.706291],[20.512082,54.706292],[20.512085,54.706311],[20.511972,54.706319],[20.511968,54.7063],[20.511951,54.706302],[20.511955,54.70632],[20.511838,54.706328],[20.511835,54.706309],[20.511818,54.706311],[20.511822,54.706329],[20.511697,54.706338],[20.511565,54.706347],[20.511559,54.706317],[20.511528,54.706319],[20.511533,54.706344],[20.511416,54.706352],[20.51137,54.706335],[20.511365,54.706316],[20.511316,54.70632],[20.511302,54.706258],[20.511303,54.706246],[20.511326,54.706236],[20.5124,54.705968],[20.51283,54.705939]]]}},{"type":"Feature","properties":{"kind":"green","name":"","osm":"way/1277807865"},"geometry":{"type":"Polygon","coordinates":[[[20.514154,54.706159],[20.514205,54.706183],[20.514341,54.706113],[20.514346,54.706347],[20.514309,54.706553],[20.514249,54.706619],[20.514277,54.706716],[20.514359,54.706766],[20.514355,54.706837],[20.514212,54.706796],[20.514146,54.706746],[20.514092,54.706682],[20.514089,54.706559],[20.5141,54.70643],[20.51411,54.706185],[20.514154,54.706159]]]}},{"type":"Feature","properties":{"kind":"green","name":"","osm":"way/1277807866"},"geometry":{"type":"Polygon","coordinates":[[[20.51445,54.705751],[20.514494,54.705616],[20.514541,54.705512],[20.514642,54.705375],[20.514694,54.705362],[20.514744,54.705391],[20.514624,54.705581],[20.514533,54.705764],[20.51445,54.705751]]]}},{"type":"Feature","properties":{"kind":"road","name":"","osm":"way/1277836080","highway":"footway","access":"","foot":"designated"},"geometry":{"type":"LineString","coordinates":[[20.514627,54.706488],[20.515281,54.706584],[20.516285,54.706714],[20.516878,54.706784],[20.517029,54.706797],[20.517249,54.706807],[20.519285,54.706831],[20.521178,54.706846],[20.521604,54.706837],[20.522384,54.706811],[20.522913,54.70679],[20.523067,54.706779],[20.52312,54.706775],[20.523191,54.706769],[20.524024,54.706708],[20.525157,54.706604],[20.530179,54.706203],[20.531052,54.706136],[20.531296,54.706113]]}},{"type":"Feature","properties":{"kind":"road","name":"","osm":"way/1280820517","highway":"service","access":"","foot":""},"geometry":{"type":"LineString","coordinates":[[20.500932,54.703051],[20.501086,54.703109],[20.501502,54.703988],[20.501901,54.703929],[20.501806,54.703721]]}},{"type":"Feature","properties":{"kind":"road","name":"","osm":"way/1280820518","highway":"service","access":"","foot":""},"geometry":{"type":"LineString","coordinates":[[20.501558,54.704714],[20.501377,54.704307],[20.501317,54.704174],[20.501575,54.704135],[20.501502,54.703988]]}},{"type":"Feature","properties":{"kind":"road","name":"","osm":"way/1280820519","highway":"footway","access":"","foot":""},"geometry":{"type":"LineString","coordinates":[[20.501377,54.704307],[20.503162,54.704019]]}},{"type":"Feature","properties":{"kind":"road","name":"","osm":"way/1282534085","highway":"path","access":"","foot":"designated"},"geometry":{"type":"LineString","coordinates":[[20.504324,54.706758],[20.502841,54.706845],[20.501847,54.706769],[20.501417,54.706781],[20.500984,54.706822],[20.49956,54.706958],[20.49872,54.707026],[20.498186,54.707074],[20.496859,54.707193],[20.495961,54.707259],[20.495596,54.707271]]}},{"type":"Feature","properties":{"kind":"green","name":"","osm":"way/1292662930"},"geometry":{"type":"Polygon","coordinates":[[[20.497869,54.711251],[20.497484,54.711281],[20.496662,54.711432],[20.495986,54.711424],[20.495695,54.711532],[20.495112,54.711566],[20.494996,54.711499],[20.494458,54.711527],[20.494458,54.711655],[20.494716,54.711678],[20.495465,54.711635],[20.495963,54.711647],[20.495974,54.711699],[20.496094,54.711921],[20.496221,54.712167],[20.495683,54.712217],[20.495328,54.712074],[20.4951,54.712029],[20.494984,54.711811],[20.494655,54.711785],[20.494566,54.711813],[20.494939,54.712236],[20.495145,54.712359],[20.495317,54.712847],[20.495559,54.713063],[20.495545,54.713089],[20.495814,54.713128],[20.496813,54.71316],[20.497964,54.71316],[20.49798,54.713002],[20.497985,54.712829],[20.498063,54.712718],[20.498066,54.712228],[20.498231,54.712185],[20.498095,54.711971],[20.498242,54.711833],[20.498459,54.711835],[20.49829,54.711686],[20.497969,54.711507],[20.497924,54.71139],[20.497869,54.711251]]]}},{"type":"Feature","properties":{"kind":"building","name":"","osm":"way/1292662931"},"geometry":{"type":"Polygon","coordinates":[[[20.49196,54.711372],[20.492101,54.711498],[20.492032,54.711523],[20.49224,54.711709],[20.492553,54.711592],[20.4922,54.711283],[20.49196,54.711372]]]}},{"type":"Feature","properties":{"kind":"road","name":"","osm":"way/1292662934","highway":"footway","access":"","foot":""},"geometry":{"type":"LineString","coordinates":[[20.493017,54.711817],[20.492991,54.711798],[20.49282,54.711698],[20.492637,54.711765],[20.492389,54.711782],[20.492186,54.711768],[20.491738,54.711356],[20.491585,54.711214],[20.491585,54.711124],[20.492132,54.710929],[20.49237,54.711139],[20.493061,54.710858]]}},{"type":"Feature","properties":{"kind":"road","name":"","osm":"way/1292662935","highway":"pedestrian","access":"","foot":""},"geometry":{"type":"LineString","coordinates":[[20.492452,54.711153],[20.493028,54.710923],[20.49323,54.711092],[20.492653,54.711322],[20.492452,54.711153]]}},{"type":"Feature","properties":{"kind":"green","name":"","osm":"way/1292662937"},"geometry":{"type":"Polygon","coordinates":[[[20.493563,54.711121],[20.492767,54.711429],[20.492895,54.711565],[20.493019,54.711692],[20.493099,54.711712],[20.493676,54.711383],[20.49375,54.711305],[20.493713,54.711207],[20.493645,54.711135],[20.493563,54.711121]]]}},{"type":"Feature","properties":{"kind":"green","name":"","osm":"way/1292662938"},"geometry":{"type":"Polygon","coordinates":[[[20.491535,54.712104],[20.491669,54.712101],[20.491643,54.712155],[20.491535,54.712173],[20.491535,54.712104]]]}},{"type":"Feature","properties":{"kind":"road","name":"","osm":"way/1304316082","highway":"cycleway","access":"","foot":""},"geometry":{"type":"LineString","coordinates":[[20.514523,54.705778],[20.514547,54.705757],[20.514644,54.705581],[20.51478,54.705402],[20.51507,54.705106],[20.515273,54.704899],[20.515725,54.7044],[20.515858,54.704199],[20.51591,54.704053],[20.515965,54.703891],[20.516001,54.703686],[20.516055,54.703303],[20.516102,54.703076],[20.516165,54.702678],[20.516203,54.702513],[20.51633,54.702107],[20.51646,54.701838],[20.51659,54.701607],[20.516662,54.70151],[20.516739,54.701398],[20.516835,54.701261],[20.517068,54.700896],[20.517245,54.700661],[20.517269,54.700628],[20.517281,54.700612]]}},{"type":"Feature","properties":{"kind":"road","name":"","osm":"way/1304316083","highway":"cycleway","access":"","foot":""},"geometry":{"type":"LineString","coordinates":[[20.517544,54.700635],[20.51747,54.700714],[20.51729,54.700944],[20.517043,54.701292],[20.516859,54.701604],[20.516615,54.70203],[20.516553,54.702148],[20.516415,54.702516],[20.51632,54.703028],[20.516255,54.703459],[20.516216,54.703758],[20.516199,54.703935],[20.516177,54.704049],[20.516084,54.704248],[20.515851,54.704538],[20.515667,54.704766],[20.515495,54.704961],[20.515404,54.705065],[20.515304,54.70516],[20.515252,54.705208],[20.514932,54.705581],[20.514891,54.705638],[20.514807,54.705777],[20.514774,54.705845],[20.514732,54.705968],[20.514598,54.706441],[20.514592,54.706491],[20.514577,54.706536],[20.514541,54.706572]]}},{"type":"Feature","properties":{"kind":"road","name":"","osm":"way/1310483535","highway":"footway","access":"","foot":""},"geometry":{"type":"LineString","coordinates":[[20.516636,54.701199],[20.516633,54.701303],[20.516633,54.701323],[20.516633,54.701344],[20.516629,54.701374],[20.516623,54.701415],[20.516617,54.701432],[20.516607,54.701456],[20.5166,54.701473],[20.516585,54.701497],[20.516568,54.701515],[20.516546,54.701534],[20.516521,54.701555],[20.516508,54.701568],[20.516498,54.701583],[20.516273,54.701943],[20.516189,54.702085]]}},{"type":"Feature","properties":{"kind":"road","name":"улица Бесселя","osm":"way/1312019118","highway":"living_street","access":"","foot":""},"geometry":{"type":"LineString","coordinates":[[20.495314,54.712976],[20.495106,54.713313],[20.495039,54.713423]]}},{"type":"Feature","properties":{"kind":"road","name":"","osm":"way/1312027427","highway":"footway","access":"","foot":""},"geometry":{"type":"LineString","coordinates":[[20.493223,54.708874],[20.493213,54.708836],[20.493475,54.708813],[20.493467,54.708785]]}},{"type":"Feature","properties":{"kind":"road","name":"","osm":"way/1312027433","highway":"service","access":"","foot":""},"geometry":{"type":"LineString","coordinates":[[20.494515,54.708429],[20.4946,54.708788]]}},{"type":"Feature","properties":{"kind":"road","name":"","osm":"way/1312027438","highway":"service","access":"","foot":""},"geometry":{"type":"LineString","coordinates":[[20.493254,54.708872],[20.493223,54.708874],[20.493037,54.708891]]}},{"type":"Feature","properties":{"kind":"road","name":"","osm":"way/1312027439","highway":"service","access":"","foot":""},"geometry":{"type":"LineString","coordinates":[[20.493438,54.708672],[20.493307,54.708655],[20.493087,54.708666],[20.492925,54.7087],[20.492923,54.708754],[20.493017,54.70882],[20.493037,54.708891],[20.493052,54.708946]]}},{"type":"Feature","properties":{"kind":"road","name":"","osm":"way/1312027440","highway":"service","access":"","foot":""},"geometry":{"type":"LineString","coordinates":[[20.494308,54.708596],[20.493438,54.708672],[20.493467,54.708785]]}},{"type":"Feature","properties":{"kind":"road","name":"","osm":"way/1312027441","highway":"service","access":"","foot":""},"geometry":{"type":"LineString","coordinates":[[20.494546,54.70841],[20.494515,54.708429],[20.49438,54.708566],[20.494341,54.708582],[20.494308,54.708596]]}},{"type":"Feature","properties":{"kind":"building","name":"","osm":"way/1312027442"},"geometry":{"type":"Polygon","coordinates":[[[20.493248,54.708848],[20.493254,54.708872],[20.49326,54.708895],[20.493493,54.708875],[20.493481,54.708827],[20.493248,54.708848]]]}},{"type":"Feature","properties":{"kind":"building","name":"Безумно.","osm":"way/1322493664"},"geometry":{"type":"Polygon","coordinates":[[[20.506316,54.712901],[20.506317,54.712855],[20.506423,54.712857],[20.50643,54.712909],[20.506316,54.712901]]]}},{"type":"Feature","properties":{"kind":"road","name":"Ленинский проспект","osm":"way/1349791664","highway":"primary","access":"","foot":"no"},"geometry":{"type":"LineString","coordinates":[[20.507014,54.713068],[20.507427,54.712774],[20.50753,54.712705],[20.508557,54.711973],[20.508593,54.711944],[20.508791,54.711793]]}},{"type":"Feature","properties":{"kind":"road","name":"улица Коперника","osm":"way/1366051271","highway":"residential","access":"","foot":""},"geometry":{"type":"LineString","coordinates":[[20.505646,54.710546],[20.505342,54.710575]]}},{"type":"Feature","properties":{"kind":"building","name":"","osm":"way/1366176071"},"geometry":{"type":"Polygon","coordinates":[[[20.502145,54.706412],[20.502169,54.706356],[20.502176,54.706292],[20.502158,54.706261],[20.50215,54.706245],[20.502124,54.706194],[20.502108,54.706171],[20.50274,54.706137],[20.502721,54.706168],[20.502709,54.706209],[20.502704,54.706225],[20.502712,54.706314],[20.502735,54.706374],[20.502735,54.706395],[20.50264,54.70635],[20.502522,54.706327],[20.502399,54.70633],[20.502285,54.706359],[20.502197,54.706409],[20.502145,54.706412]]]}},{"type":"Feature","properties":{"kind":"road","name":"набережная Петра Великого","osm":"way/1366176072","highway":"pedestrian","access":"no","foot":""},"geometry":{"type":"LineString","coordinates":[[20.502709,54.706209],[20.502913,54.706197],[20.503247,54.706172],[20.50385,54.706128],[20.503926,54.706123],[20.504006,54.706119],[20.504133,54.706141],[20.504939,54.706281]]}},{"type":"Feature","properties":{"kind":"road","name":"набережная Петра Великого","osm":"way/1366176073","highway":"pedestrian","access":"no","foot":""},"geometry":{"type":"LineString","coordinates":[[20.50215,54.706245],[20.502709,54.706209]]}},{"type":"Feature","properties":{"kind":"building","name":"","osm":"way/1366176074"},"geometry":{"type":"Polygon","coordinates":[[[20.502712,54.706314],[20.502851,54.706323],[20.502906,54.706645],[20.502761,54.706651],[20.50272,54.706657],[20.502788,54.706598],[20.502814,54.706528],[20.502796,54.706457],[20.502735,54.706395],[20.502735,54.706374],[20.502712,54.706314]]]}},{"type":"Feature","properties":{"kind":"road","name":"","osm":"way/1370382521","highway":"unclassified","access":"","foot":""},"geometry":{"type":"LineString","coordinates":[[20.514523,54.705778],[20.514413,54.705769]]}},{"type":"Feature","properties":{"kind":"road","name":"","osm":"way/1370382522","highway":"cycleway","access":"","foot":""},"geometry":{"type":"LineString","coordinates":[[20.514385,54.706759],[20.514437,54.706663],[20.514384,54.7066],[20.514371,54.706559],[20.514371,54.706513],[20.514405,54.706291],[20.514452,54.706029],[20.514506,54.705833],[20.514523,54.705778]]}},{"type":"Feature","properties":{"kind":"road","name":"улица Маршала Баграмяна","osm":"way/1370382523","highway":"tertiary","access":"","foot":""},"geometry":{"type":"LineString","coordinates":[[20.504331,54.70671],[20.50441,54.70672],[20.504472,54.706737],[20.504518,54.70676]]}},{"type":"Feature","properties":{"kind":"road","name":"","osm":"way/1370382524","highway":"footway","access":"","foot":""},"geometry":{"type":"LineString","coordinates":[[20.504331,54.70671],[20.504324,54.706758]]}},{"type":"Feature","properties":{"kind":"road","name":"","osm":"way/1370382525","highway":"footway","access":"","foot":""},"geometry":{"type":"LineString","coordinates":[[20.497008,54.710409],[20.497815,54.710333]]}},{"type":"Feature","properties":{"kind":"road","name":"","osm":"way/1370382526","highway":"path","access":"","foot":"designated"},"geometry":{"type":"LineString","coordinates":[[20.494767,54.710543],[20.494951,54.710566],[20.495163,54.710569],[20.495411,54.710559],[20.497008,54.710409]]}},{"type":"Feature","properties":{"kind":"road","name":"","osm":"way/1370382527","highway":"path","access":"","foot":"designated"},"geometry":{"type":"LineString","coordinates":[[20.494084,54.710179],[20.494195,54.71024],[20.494603,54.71049],[20.494767,54.710543]]}},{"type":"Feature","properties":{"kind":"road","name":"улица Юрия Савенко","osm":"way/1370382528","highway":"residential","access":"","foot":""},"geometry":{"type":"LineString","coordinates":[[20.4951,54.709734],[20.495213,54.710039],[20.495252,54.710137]]}},{"type":"Feature","properties":{"kind":"road","name":"улица Юрия Савенко","osm":"way/1370382529","highway":"residential","access":"","foot":""},"geometry":{"type":"LineString","coordinates":[[20.494719,54.708463],[20.494792,54.708833],[20.494826,54.708966]]}},{"type":"Feature","properties":{"kind":"road","name":"улица Юрия Савенко","osm":"way/1370382530","highway":"residential","access":"","foot":""},"geometry":{"type":"LineString","coordinates":[[20.494826,54.708966],[20.494945,54.709395],[20.494967,54.709469],[20.495053,54.709637]]}},{"type":"Feature","properties":{"kind":"road","name":"","osm":"way/1370382531","highway":"unclassified","access":"","foot":""},"geometry":{"type":"LineString","coordinates":[[20.498042,54.708866],[20.498187,54.708603],[20.498742,54.708016]]}},{"type":"Feature","properties":{"kind":"road","name":"","osm":"way/1370382532","highway":"unclassified","access":"","foot":""},"geometry":{"type":"LineString","coordinates":[[20.498742,54.708016],[20.498638,54.707974],[20.498524,54.707915],[20.49863,54.707736],[20.498736,54.707479],[20.498743,54.707394],[20.498748,54.707339],[20.498748,54.707209],[20.49872,54.707026],[20.498712,54.706976]]}},{"type":"Feature","properties":{"kind":"road","name":"Красноярская улица","osm":"way/1370382533","highway":"residential","access":"","foot":""},"geometry":{"type":"LineString","coordinates":[[20.501547,54.707295],[20.501593,54.707778]]}},{"type":"Feature","properties":{"kind":"road","name":"","osm":"way/1370382534","highway":"service","access":"","foot":""},"geometry":{"type":"LineString","coordinates":[[20.499707,54.707346],[20.501065,54.707192],[20.501493,54.707099]]}},{"type":"Feature","properties":{"kind":"road","name":"Красноярская улица","osm":"way/1370382535","highway":"residential","access":"","foot":""},"geometry":{"type":"LineString","coordinates":[[20.501401,54.706724],[20.501417,54.706781],[20.501435,54.706856],[20.501493,54.707099],[20.501547,54.707295]]}},{"type":"Feature","properties":{"kind":"road","name":"","osm":"way/1370382536","highway":"footway","access":"","foot":""},"geometry":{"type":"LineString","coordinates":[[20.504332,54.706644],[20.504331,54.70671]]}},{"type":"Feature","properties":{"kind":"road","name":"","osm":"way/1370382537","highway":"path","access":"","foot":"designated"},"geometry":{"type":"LineString","coordinates":[[20.495596,54.707271],[20.494976,54.707293]]}},{"type":"Feature","properties":{"kind":"road","name":"","osm":"way/1370382538","highway":"path","access":"","foot":"designated"},"geometry":{"type":"LineString","coordinates":[[20.494976,54.707293],[20.49465,54.707305],[20.49451,54.70731],[20.491665,54.707042],[20.491031,54.706902]]}},{"type":"Feature","properties":{"kind":"road","name":"улица Генерала Буткова","osm":"way/1370382539","highway":"primary","access":"","foot":"no"},"geometry":{"type":"LineString","coordinates":[[20.492727,54.709812],[20.49349,54.710081]]}},{"type":"Feature","properties":{"kind":"road","name":"улица Генерала Буткова","osm":"way/1370382540","highway":"primary","access":"","foot":"no"},"geometry":{"type":"LineString","coordinates":[[20.49349,54.710081],[20.493758,54.710196],[20.493805,54.710215],[20.494077,54.710357]]}},{"type":"Feature","properties":{"kind":"road","name":"улица Генерала Буткова","osm":"way/1370382541","highway":"primary","access":"","foot":"no"},"geometry":{"type":"LineString","coordinates":[[20.494077,54.710357],[20.494501,54.710622]]}},{"type":"Feature","properties":{"kind":"road","name":"улица Маршала Баграмяна","osm":"way/1370382542","highway":"tertiary","access":"","foot":""},"geometry":{"type":"LineString","coordinates":[[20.499666,54.706883],[20.500966,54.70676]]}},{"type":"Feature","properties":{"kind":"road","name":"улица Маршала Баграмяна","osm":"way/1370382543","highway":"tertiary","access":"","foot":""},"geometry":{"type":"LineString","coordinates":[[20.499536,54.706894],[20.499666,54.706883]]}},{"type":"Feature","properties":{"kind":"road","name":"улица Виктора Гюго","osm":"way/1370382544","highway":"tertiary","access":"","foot":""},"geometry":{"type":"LineString","coordinates":[[20.504617,54.706893],[20.504917,54.707309]]}},{"type":"Feature","properties":{"kind":"road","name":"улица Виктора Гюго","osm":"way/1370382545","highway":"tertiary","access":"","foot":""},"geometry":{"type":"LineString","coordinates":[[20.504982,54.7074],[20.505253,54.707824]]}},{"type":"Feature","properties":{"kind":"road","name":"улица Виктора Гюго","osm":"way/1370382546","highway":"tertiary","access":"","foot":""},"geometry":{"type":"LineString","coordinates":[[20.504917,54.707309],[20.504982,54.7074]]}},{"type":"Feature","properties":{"kind":"road","name":"улица Виктора Гюго","osm":"way/1370382547","highway":"tertiary","access":"","foot":""},"geometry":{"type":"LineString","coordinates":[[20.505253,54.707824],[20.505446,54.708092]]}},{"type":"Feature","properties":{"kind":"road","name":"улица Виктора Гюго","osm":"way/1370382548","highway":"tertiary","access":"","foot":""},"geometry":{"type":"LineString","coordinates":[[20.505446,54.708092],[20.505622,54.708348],[20.505736,54.70859],[20.505777,54.708707]]}},{"type":"Feature","properties":{"kind":"road","name":"","osm":"way/1370382554","highway":"footway","access":"","foot":""},"geometry":{"type":"LineString","coordinates":[[20.492383,54.709929],[20.492416,54.709969],[20.492549,54.710125]]}},{"type":"Feature","properties":{"kind":"road","name":"улица Виктора Гюго","osm":"way/1370382555","highway":"tertiary","access":"","foot":""},"geometry":{"type":"LineString","coordinates":[[20.505912,54.70909],[20.506009,54.709343]]}},{"type":"Feature","properties":{"kind":"road","name":"","osm":"way/1370382556","highway":"footway","access":"","foot":""},"geometry":{"type":"LineString","coordinates":[[20.508533,54.710604],[20.508485,54.710426],[20.508467,54.71036]]}},{"type":"Feature","properties":{"kind":"road","name":"","osm":"way/1370382557","highway":"path","access":"","foot":"designated"},"geometry":{"type":"LineString","coordinates":[[20.508713,54.71098],[20.508597,54.710738],[20.508533,54.710604]]}},{"type":"Feature","properties":{"kind":"road","name":"","osm":"way/1370382558","highway":"footway","access":"","foot":""},"geometry":{"type":"LineString","coordinates":[[20.508485,54.710426],[20.508382,54.710366],[20.508213,54.710107]]}},{"type":"Feature","properties":{"kind":"road","name":"","osm":"way/1370382559","highway":"cycleway","access":"","foot":""},"geometry":{"type":"LineString","coordinates":[[20.508706,54.711658],[20.508784,54.711599],[20.508857,54.711422],[20.508875,54.711244],[20.508828,54.711007],[20.508713,54.71098]]}},{"type":"Feature","properties":{"kind":"road","name":"","osm":"way/1370382560","highway":"footway","access":"","foot":""},"geometry":{"type":"LineString","coordinates":[[20.505949,54.709934],[20.506176,54.709883]]}},{"type":"Feature","properties":{"kind":"road","name":"","osm":"way/1370382562","highway":"cycleway","access":"","foot":""},"geometry":{"type":"LineString","coordinates":[[20.509596,54.711325],[20.509775,54.711354],[20.511729,54.711031],[20.51184,54.71099]]}},{"type":"Feature","properties":{"kind":"road","name":"","osm":"way/1370382563","highway":"path","access":"","foot":"designated"},"geometry":{"type":"LineString","coordinates":[[20.512174,54.710937],[20.513877,54.710659]]}},{"type":"Feature","properties":{"kind":"road","name":"","osm":"way/1370382564","highway":"footway","access":"","foot":""},"geometry":{"type":"LineString","coordinates":[[20.51184,54.71099],[20.512046,54.710957],[20.512174,54.710937]]}},{"type":"Feature","properties":{"kind":"road","name":"","osm":"way/1370382565","highway":"footway","access":"","foot":""},"geometry":{"type":"LineString","coordinates":[[20.513877,54.710659],[20.514312,54.710591]]}},{"type":"Feature","properties":{"kind":"road","name":"Московский проспект","osm":"way/1370382573","highway":"primary","access":"","foot":"no"},"geometry":{"type":"LineString","coordinates":[[20.515731,54.708528],[20.51697,54.7086]]}},{"type":"Feature","properties":{"kind":"road","name":"улица Генерала Галицкого","osm":"way/1370697568","highway":"tertiary","access":"","foot":""},"geometry":{"type":"LineString","coordinates":[[20.495129,54.712584],[20.49511,54.712511],[20.495081,54.712447],[20.49503,54.712373],[20.49436,54.711699]]}},{"type":"Feature","properties":{"kind":"road","name":"улица Генерала Галицкого","osm":"way/1370697569","highway":"tertiary","access":"","foot":""},"geometry":{"type":"LineString","coordinates":[[20.49436,54.711699],[20.494006,54.71169],[20.493885,54.711633]]}},{"type":"Feature","properties":{"kind":"road","name":"улица Шевченко","osm":"way/1370697571","highway":"secondary","access":"","foot":""},"geometry":{"type":"LineString","coordinates":[[20.511763,54.711259],[20.510934,54.711393]]}},{"type":"Feature","properties":{"kind":"road","name":"","osm":"way/1370697572","highway":"primary_link","access":"","foot":""},"geometry":{"type":"LineString","coordinates":[[20.506013,54.710146],[20.505654,54.71005],[20.505438,54.710006],[20.505244,54.709989],[20.505043,54.709988],[20.504828,54.709981],[20.504632,54.709955]]}},{"type":"Feature","properties":{"kind":"road","name":"Московский проспект","osm":"way/1370697573","highway":"primary","access":"","foot":"no"},"geometry":{"type":"LineString","coordinates":[[20.495409,54.710928],[20.495285,54.710972],[20.495082,54.711058]]}},{"type":"Feature","properties":{"kind":"road","name":"","osm":"way/1370697574","highway":"footway","access":"","foot":""},"geometry":{"type":"LineString","coordinates":[[20.492832,54.712196],[20.491491,54.712429]]}},{"type":"Feature","properties":{"kind":"road","name":"","osm":"way/1370697575","highway":"footway","access":"","foot":""},"geometry":{"type":"LineString","coordinates":[[20.495472,54.711013],[20.49485,54.711265],[20.494438,54.711476],[20.494006,54.71169],[20.493903,54.71174],[20.493433,54.711956],[20.493116,54.712095],[20.492832,54.712196]]}},{"type":"Feature","properties":{"kind":"road","name":"Московский проспект","osm":"way/1370697576","highway":"primary","access":"","foot":"no"},"geometry":{"type":"LineString","coordinates":[[20.49825,54.710521],[20.498011,54.71054]]}},{"type":"Feature","properties":{"kind":"road","name":"Московский проспект","osm":"way/1370697577","highway":"primary","access":"","foot":"no"},"geometry":{"type":"LineString","coordinates":[[20.501694,54.710213],[20.501449,54.710237],[20.500511,54.710327],[20.500463,54.710332],[20.498438,54.710505],[20.49825,54.710521]]}},{"type":"Feature","properties":{"kind":"road","name":"","osm":"way/1370697578","highway":"footway","access":"","foot":"designated"},"geometry":{"type":"LineString","coordinates":[[20.505621,54.710079],[20.505136,54.710055],[20.503569,54.710152]]}},{"type":"Feature","properties":{"kind":"road","name":"Октябрьская улица","osm":"way/1370697580","highway":"secondary","access":"","foot":""},"geometry":{"type":"LineString","coordinates":[[20.514008,54.708516],[20.514268,54.708415]]}},{"type":"Feature","properties":{"kind":"road","name":"Октябрьская улица","osm":"way/1370697581","highway":"secondary","access":"","foot":""},"geometry":{"type":"LineString","coordinates":[[20.515222,54.708416],[20.515379,54.708476],[20.515731,54.708528]]}},{"type":"Feature","properties":{"kind":"road","name":"","osm":"way/1370697582","highway":"path","access":"","foot":"designated"},"geometry":{"type":"LineString","coordinates":[[20.514271,54.708443],[20.514692,54.708445],[20.514842,54.708447],[20.514904,54.708449],[20.515175,54.708452]]}},{"type":"Feature","properties":{"kind":"road","name":"","osm":"way/1370697583","highway":"footway","access":"","foot":""},"geometry":{"type":"LineString","coordinates":[[20.515286,54.708365],[20.515222,54.708416],[20.515175,54.708452]]}},{"type":"Feature","properties":{"kind":"road","name":"Малый переулок","osm":"way/1372496918","highway":"residential","access":"","foot":""},"geometry":{"type":"LineString","coordinates":[[20.509642,54.702275],[20.5098,54.702263],[20.511462,54.702319]]}},{"type":"Feature","properties":{"kind":"road","name":"","osm":"way/1372496925","highway":"cycleway","access":"","foot":""},"geometry":{"type":"LineString","coordinates":[[20.504567,54.702339],[20.504258,54.701783],[20.504167,54.701801]]}},{"type":"Feature","properties":{"kind":"road","name":"","osm":"way/1372496928","highway":"footway","access":"","foot":""},"geometry":{"type":"LineString","coordinates":[[20.505645,54.704398],[20.50554,54.704326],[20.505426,54.704275],[20.505408,54.704225],[20.505383,54.70416],[20.50462,54.702567],[20.504537,54.702516],[20.504509,54.702464],[20.504459,54.702356],[20.504395,54.702246],[20.504167,54.701801]]}},{"type":"Feature","properties":{"kind":"road","name":"Мариупольская улица","osm":"way/1372756597","highway":"residential","access":"","foot":""},"geometry":{"type":"LineString","coordinates":[[20.49987,54.70918],[20.499986,54.709529],[20.500046,54.709629]]}},{"type":"Feature","properties":{"kind":"road","name":"","osm":"way/1372756598","highway":"footway","access":"","foot":""},"geometry":{"type":"LineString","coordinates":[[20.514462,54.706905],[20.51445,54.706884],[20.514385,54.706759]]}},{"type":"Feature","properties":{"kind":"road","name":"","osm":"way/1372756599","highway":"footway","access":"","foot":""},"geometry":{"type":"LineString","coordinates":[[20.514583,54.707574],[20.514581,54.707557]]}},{"type":"Feature","properties":{"kind":"road","name":"улица Коперника","osm":"way/1372756618","highway":"residential","access":"","foot":""},"geometry":{"type":"LineString","coordinates":[[20.503427,54.710785],[20.50306,54.71081],[20.502622,54.710841],[20.502085,54.710878]]}},{"type":"Feature","properties":{"kind":"road","name":"улица Салтыкова-Щедрина","osm":"way/1372756619","highway":"residential","access":"","foot":""},"geometry":{"type":"LineString","coordinates":[[20.505646,54.710546],[20.505653,54.71085]]}},{"type":"Feature","properties":{"kind":"road","name":"Житомирская улица","osm":"way/1372756620","highway":"residential","access":"","foot":""},"geometry":{"type":"LineString","coordinates":[[20.506792,54.711503],[20.50678,54.711636]]}},{"type":"Feature","properties":{"kind":"road","name":"Житомирская улица","osm":"way/1372756621","highway":"residential","access":"","foot":""},"geometry":{"type":"LineString","coordinates":[[20.506808,54.711318],[20.506795,54.711466],[20.506792,54.711503]]}},{"type":"Feature","properties":{"kind":"road","name":"Житомирская улица","osm":"way/1372756622","highway":"residential","access":"","foot":""},"geometry":{"type":"LineString","coordinates":[[20.50678,54.711636],[20.506765,54.711812]]}},{"type":"Feature","properties":{"kind":"road","name":"Житомирская улица","osm":"way/1372756624","highway":"tertiary","access":"","foot":""},"geometry":{"type":"LineString","coordinates":[[20.506637,54.712834],[20.506616,54.713051]]}},{"type":"Feature","properties":{"kind":"road","name":"Житомирская улица","osm":"way/1372756625","highway":"tertiary","access":"","foot":""},"geometry":{"type":"LineString","coordinates":[[20.506765,54.711812],[20.506761,54.711855]]}},{"type":"Feature","properties":{"kind":"road","name":"Малый переулок","osm":"way/1372756633","highway":"residential","access":"","foot":""},"geometry":{"type":"LineString","coordinates":[[20.511474,54.702167],[20.511462,54.702319]]}},{"type":"Feature","properties":{"kind":"road","name":"Эпроновская улица","osm":"way/1372756634","highway":"residential","access":"","foot":""},"geometry":{"type":"LineString","coordinates":[[20.513163,54.700974],[20.51313,54.701052],[20.513252,54.701555],[20.513436,54.702218]]}},{"type":"Feature","properties":{"kind":"road","name":"Старопрегольская набережная","osm":"way/1372756635","highway":"residential","access":"","foot":""},"geometry":{"type":"LineString","coordinates":[[20.512086,54.703994],[20.511651,54.704074],[20.511398,54.704115]]}},{"type":"Feature","properties":{"kind":"road","name":"Старопрегольская набережная","osm":"way/1372756636","highway":"residential","access":"","foot":""},"geometry":{"type":"LineString","coordinates":[[20.511398,54.704115],[20.511214,54.704139],[20.510973,54.704159],[20.510628,54.704186],[20.510418,54.704189],[20.510324,54.704193],[20.509893,54.704196]]}},{"type":"Feature","properties":{"kind":"road","name":"","osm":"way/1372756637","highway":"tertiary","access":"","foot":""},"geometry":{"type":"LineString","coordinates":[[20.507939,54.703982],[20.508011,54.704162]]}},{"type":"Feature","properties":{"kind":"road","name":"","osm":"way/1372756638","highway":"tertiary","access":"","foot":""},"geometry":{"type":"LineString","coordinates":[[20.508011,54.704162],[20.508163,54.70454]]}},{"type":"Feature","properties":{"kind":"road","name":"","osm":"way/1372756639","highway":"tertiary","access":"","foot":""},"geometry":{"type":"LineString","coordinates":[[20.5079,54.703884],[20.507939,54.703982]]}},{"type":"Feature","properties":{"kind":"road","name":"Старопрегольская набережная","osm":"way/1372756640","highway":"tertiary","access":"","foot":""},"geometry":{"type":"LineString","coordinates":[[20.507795,54.704796],[20.507284,54.704843]]}},{"type":"Feature","properties":{"kind":"road","name":"Старопрегольская набережная","osm":"way/1372756641","highway":"tertiary","access":"","foot":""},"geometry":{"type":"LineString","coordinates":[[20.508053,54.704772],[20.507795,54.704796]]}},{"type":"Feature","properties":{"kind":"road","name":"Старопрегольская набережная","osm":"way/1372756642","highway":"tertiary","access":"","foot":""},"geometry":{"type":"LineString","coordinates":[[20.507122,54.704858],[20.506544,54.704912]]}},{"type":"Feature","properties":{"kind":"road","name":"Старопрегольская набережная","osm":"way/1372756643","highway":"tertiary","access":"","foot":""},"geometry":{"type":"LineString","coordinates":[[20.506544,54.704912],[20.506502,54.704915],[20.506367,54.704928]]}},{"type":"Feature","properties":{"kind":"road","name":"Парусная улица","osm":"way/1372756644","highway":"tertiary","access":"","foot":""},"geometry":{"type":"LineString","coordinates":[[20.507627,54.703922],[20.5079,54.703884]]}},{"type":"Feature","properties":{"kind":"road","name":"Парусная улица","osm":"way/1372756645","highway":"residential","access":"","foot":""},"geometry":{"type":"LineString","coordinates":[[20.5079,54.703884],[20.508017,54.703873],[20.508071,54.703853],[20.508111,54.703817],[20.508226,54.7036],[20.508263,54.703492]]}},{"type":"Feature","properties":{"kind":"road","name":"Краснооктябрьская улица","osm":"way/1372756646","highway":"tertiary","access":"","foot":"no"},"geometry":{"type":"LineString","coordinates":[[20.507737,54.702002],[20.507505,54.702033]]}},{"type":"Feature","properties":{"kind":"road","name":"Полоцкая улица","osm":"way/1372756647","highway":"tertiary","access":"","foot":""},"geometry":{"type":"LineString","coordinates":[[20.503295,54.702672],[20.50313,54.702701]]}},{"type":"Feature","properties":{"kind":"road","name":"Полоцкая улица","osm":"way/1372756648","highway":"tertiary","access":"","foot":""},"geometry":{"type":"LineString","coordinates":[[20.498957,54.703417],[20.498707,54.703505],[20.498515,54.703652]]}},{"type":"Feature","properties":{"kind":"road","name":"Портовая улица","osm":"way/1372756649","highway":"secondary","access":"","foot":""},"geometry":{"type":"LineString","coordinates":[[20.498306,54.705089],[20.497403,54.705177]]}},{"type":"Feature","properties":{"kind":"road","name":"","osm":"way/1373833525","highway":"residential","access":"","foot":""},"geometry":{"type":"LineString","coordinates":[[20.495213,54.710039],[20.495855,54.709975]]}},{"type":"Feature","properties":{"kind":"road","name":"","osm":"way/1374294880","highway":"path","access":"","foot":"designated"},"geometry":{"type":"LineString","coordinates":[[20.51428,54.708805],[20.513278,54.708834]]}},{"type":"Feature","properties":{"kind":"road","name":"","osm":"way/1374294881","highway":"footway","access":"","foot":""},"geometry":{"type":"LineString","coordinates":[[20.511357,54.709048],[20.511495,54.709061],[20.513278,54.708834]]}},{"type":"Feature","properties":{"kind":"green","name":"","osm":"way/1377286296"},"geometry":{"type":"Polygon","coordinates":[[[20.508425,54.705905],[20.507339,54.705996],[20.507606,54.706542],[20.507799,54.706683],[20.508193,54.706338],[20.508425,54.705905]]]}},{"type":"Feature","properties":{"kind":"rail","name":"","osm":"way/1387487828"},"geometry":{"type":"LineString","coordinates":[[20.509183,54.711285],[20.509199,54.711325],[20.509247,54.711372],[20.509298,54.711413],[20.509369,54.711454],[20.509451,54.711482],[20.509513,54.711497],[20.50955,54.711505],[20.50959,54.711506],[20.509694,54.711499]]}},{"type":"Feature","properties":{"kind":"road","name":"улица Румянцева","osm":"way/1413235351","highway":"primary","access":"","foot":"no"},"geometry":{"type":"LineString","coordinates":[[20.4909,54.712403],[20.491279,54.712322],[20.491679,54.712248],[20.492446,54.712107]]}},{"type":"Feature","properties":{"kind":"building","name":"","osm":"way/1422735489"},"geometry":{"type":"Polygon","coordinates":[[[20.504545,54.709096],[20.504538,54.709083],[20.504514,54.709088],[20.504505,54.709069],[20.504529,54.709065],[20.50448,54.708969],[20.504603,54.708948],[20.504596,54.708935],[20.504625,54.70893],[20.504631,54.708943],[20.504697,54.708932],[20.504701,54.70894],[20.504754,54.708931],[20.504788,54.708998],[20.504736,54.709007],[20.504762,54.709058],[20.504681,54.709072],[20.504688,54.709085],[20.50466,54.70909],[20.504653,54.709077],[20.504545,54.709096]]]}},{"type":"Feature","properties":{"kind":"building","name":"","osm":"way/1429027720"},"geometry":{"type":"Polygon","coordinates":[[[20.499393,54.70236],[20.499694,54.702297],[20.500072,54.702904],[20.499771,54.702967],[20.499393,54.70236]]]}},{"type":"Feature","properties":{"kind":"building","name":"","osm":"way/1429027721"},"geometry":{"type":"Polygon","coordinates":[[[20.499721,54.702311],[20.499425,54.70181],[20.499569,54.701787],[20.499866,54.702279],[20.499721,54.702311]]]}},{"type":"Feature","properties":{"kind":"building","name":"","osm":"way/1429027726"},"geometry":{"type":"Polygon","coordinates":[[[20.504283,54.705093],[20.504251,54.704909],[20.504769,54.70502],[20.505153,54.704977],[20.505059,54.70469],[20.504247,54.704779],[20.504145,54.704469],[20.505213,54.704352],[20.505463,54.70511],[20.504728,54.705191],[20.504283,54.705093]]]}},{"type":"Feature","properties":{"kind":"building","name":"","osm":"way/1455103028"},"geometry":{"type":"Polygon","coordinates":[[[20.494559,54.711506],[20.494916,54.711478],[20.494996,54.711417],[20.495054,54.711414],[20.495044,54.711385],[20.494982,54.711387],[20.494926,54.711355],[20.494845,54.711407],[20.494751,54.711414],[20.494704,54.711383],[20.494661,54.711383],[20.494548,54.71146],[20.494559,54.711506]]]}},{"type":"Feature","properties":{"kind":"road","name":"","osm":"way/1464194022","highway":"footway","access":"","foot":""},"geometry":{"type":"LineString","coordinates":[[20.512096,54.706618],[20.512118,54.706705]]}},{"type":"Feature","properties":{"kind":"road","name":"","osm":"way/1464194023","highway":"footway","access":"","foot":""},"geometry":{"type":"LineString","coordinates":[[20.512531,54.706662],[20.512513,54.706585],[20.51249,54.706487],[20.512771,54.706467],[20.512785,54.706563]]}},{"type":"Feature","properties":{"kind":"green","name":"","osm":"way/1464194024"},"geometry":{"type":"Polygon","coordinates":[[[20.511748,54.706703],[20.512759,54.706619],[20.512744,54.706527],[20.512811,54.706521],[20.512801,54.706459],[20.51275,54.706462],[20.512751,54.706465],[20.512725,54.706467],[20.512725,54.706464],[20.512635,54.70647],[20.512635,54.706473],[20.51261,54.706475],[20.512609,54.706472],[20.512526,54.706478],[20.512527,54.70648],[20.512502,54.706482],[20.512501,54.706479],[20.512418,54.706485],[20.512418,54.706488],[20.512393,54.70649],[20.512392,54.706487],[20.512309,54.706493],[20.51231,54.706496],[20.512296,54.706496],[20.512306,54.706544],[20.512327,54.706558],[20.512309,54.706567],[20.51229,54.706554],[20.512153,54.706563],[20.512158,54.706584],[20.512141,54.706585],[20.512137,54.706565],[20.51202,54.706573],[20.512025,54.706601],[20.511879,54.706612],[20.511878,54.706603],[20.511875,54.706603],[20.511871,54.706583],[20.511755,54.706591],[20.511759,54.706611],[20.511743,54.706612],[20.511738,54.706592],[20.51172,54.706593],[20.511748,54.706703]]]}},{"type":"Feature","properties":{"kind":"green","name":"","osm":"way/1464194025"},"geometry":{"type":"Polygon","coordinates":[[[20.511422,54.706663],[20.511433,54.706704],[20.511528,54.706699],[20.511535,54.706722],[20.511686,54.706709],[20.511657,54.706598],[20.511644,54.706599],[20.511638,54.706605],[20.51163,54.706608],[20.511608,54.70661],[20.511612,54.70663],[20.511581,54.706632],[20.511577,54.706612],[20.511576,54.706607],[20.511464,54.706618],[20.51143,54.706646],[20.511404,54.706635],[20.511388,54.706637],[20.511396,54.706666],[20.511422,54.706663]]]}},{"type":"Feature","properties":{"kind":"road","name":"","osm":"way/1464194026","highway":"footway","access":"","foot":""},"geometry":{"type":"LineString","coordinates":[[20.512949,54.706029],[20.512905,54.70603],[20.512899,54.705955],[20.512888,54.705939],[20.512849,54.705927],[20.512407,54.705959],[20.511969,54.706067],[20.511298,54.706233],[20.511281,54.706255],[20.511297,54.706315],[20.51134,54.706484],[20.511388,54.706674]]}},{"type":"Feature","properties":{"kind":"road","name":"","osm":"way/1464194029","highway":"footway","access":"","foot":""},"geometry":{"type":"LineString","coordinates":[[20.512016,54.706265],[20.511969,54.706067],[20.511967,54.706057],[20.511959,54.706024]]}},{"type":"Feature","properties":{"kind":"road","name":"","osm":"way/1464194030","highway":"footway","access":"","foot":""},"geometry":{"type":"LineString","coordinates":[[20.511297,54.706315],[20.512016,54.706265],[20.512258,54.706248],[20.512264,54.706283],[20.512387,54.706275],[20.512399,54.706327],[20.51299,54.706293]]}},{"type":"Feature","properties":{"kind":"road","name":"","osm":"way/1464194031","highway":"footway","access":"","foot":""},"geometry":{"type":"LineString","coordinates":[[20.511748,54.706645],[20.512096,54.706618],[20.512513,54.706585],[20.512785,54.706563],[20.512985,54.706548]]}},{"type":"Feature","properties":{"kind":"road","name":"","osm":"way/1464194032","highway":"footway","access":"","foot":""},"geometry":{"type":"LineString","coordinates":[[20.511388,54.706674],[20.511398,54.706697],[20.511436,54.706714],[20.511471,54.706715],[20.511516,54.706712],[20.511527,54.706753]]}},{"type":"Feature","properties":{"kind":"road","name":"","osm":"way/1464194033","highway":"footway","access":"","foot":""},"geometry":{"type":"LineString","coordinates":[[20.511388,54.706674],[20.511638,54.706652]]}},{"type":"Feature","properties":{"kind":"building","name":"","osm":"way/1464194034"},"geometry":{"type":"Polygon","coordinates":[[[20.512028,54.706892],[20.51224,54.706876],[20.512226,54.70681],[20.512128,54.706817],[20.512098,54.70684],[20.512054,54.706864],[20.512023,54.706868],[20.512028,54.706892]]]}},{"type":"Feature","properties":{"kind":"building","name":"","osm":"way/1464194035"},"geometry":{"type":"Polygon","coordinates":[[[20.511932,54.706837],[20.512063,54.706826],[20.512096,54.706785],[20.512051,54.706775],[20.51192,54.706786],[20.511932,54.706837]]]}},{"type":"Feature","properties":{"kind":"building","name":"","osm":"way/1464194037"},"geometry":{"type":"Polygon","coordinates":[[[20.512372,54.706291],[20.512383,54.706344],[20.512386,54.706344],[20.512389,54.706358],[20.512471,54.706352],[20.512469,54.706338],[20.512494,54.706336],[20.512497,54.70635],[20.512545,54.706347],[20.512542,54.706332],[20.512612,54.706327],[20.512615,54.706342],[20.512705,54.706335],[20.512702,54.70632],[20.512728,54.706318],[20.51273,54.706334],[20.512817,54.706328],[20.512814,54.706313],[20.512849,54.706311],[20.512854,54.706339],[20.512882,54.706338],[20.512898,54.706411],[20.512902,54.706433],[20.512933,54.706431],[20.512938,54.706454],[20.512837,54.706461],[20.512836,54.706456],[20.51275,54.706462],[20.512751,54.706465],[20.512725,54.706467],[20.512725,54.706464],[20.512635,54.70647],[20.512635,54.706473],[20.51261,54.706475],[20.512609,54.706472],[20.512526,54.706478],[20.512527,54.70648],[20.512502,54.706482],[20.512501,54.706479],[20.512418,54.706485],[20.512418,54.706488],[20.512393,54.70649],[20.512392,54.706487],[20.512309,54.706493],[20.51231,54.706496],[20.512296,54.706496],[20.512306,54.706544],[20.512327,54.706558],[20.512309,54.706567],[20.51229,54.706554],[20.512153,54.706563],[20.512158,54.706584],[20.512141,54.706585],[20.512137,54.706565],[20.51202,54.706573],[20.512025,54.706601],[20.511879,54.706612],[20.511878,54.706603],[20.511875,54.706603],[20.511871,54.706583],[20.511755,54.706591],[20.511759,54.706611],[20.511743,54.706612],[20.511738,54.706592],[20.51172,54.706593],[20.511657,54.706598],[20.511644,54.706599],[20.511638,54.706605],[20.51163,54.706608],[20.511608,54.70661],[20.511612,54.70663],[20.511581,54.706632],[20.511576,54.706607],[20.511464,54.706618],[20.51143,54.706645],[20.511404,54.706635],[20.511438,54.706606],[20.511422,54.706538],[20.511375,54.706542],[20.51137,54.706525],[20.511417,54.70652],[20.5114,54.706438],[20.511359,54.70644],[20.511357,54.706426],[20.5114,54.706423],[20.511398,54.706369],[20.511353,54.70635],[20.51137,54.706335],[20.511416,54.706352],[20.511533,54.706344],[20.511528,54.706319],[20.511559,54.706317],[20.511565,54.706347],[20.511697,54.706338],[20.511693,54.70632],[20.51171,54.706319],[20.511714,54.706337],[20.511822,54.706329],[20.511818,54.706311],[20.511834,54.70631],[20.511838,54.706328],[20.511955,54.70632],[20.511951,54.706302],[20.511968,54.7063],[20.511972,54.706319],[20.512085,54.706311],[20.512082,54.706292],[20.512098,54.706291],[20.512102,54.70631],[20.512252,54.706298],[20.512372,54.706291]]]}},{"type":"Feature","properties":{"kind":"building","name":"","osm":"way/1464194055"},"geometry":{"type":"Polygon","coordinates":[[[20.511383,54.706871],[20.511471,54.706814],[20.511433,54.706794],[20.511346,54.706851],[20.511383,54.706871]]]}},{"type":"Feature","properties":{"kind":"building","name":"","osm":"way/1464194056"},"geometry":{"type":"Polygon","coordinates":[[[20.511122,54.707131],[20.51108,54.707042],[20.511151,54.707031],[20.511193,54.70712],[20.511122,54.707131]]]}},{"type":"Feature","properties":{"kind":"building","name":"","osm":"way/1477373774"},"geometry":{"type":"Polygon","coordinates":[[[20.499557,54.708944],[20.499525,54.70889],[20.499661,54.708864],[20.499692,54.708917],[20.499557,54.708944]]]}},{"type":"Feature","properties":{"kind":"road","name":"","osm":"way/1481616496","highway":"footway","access":"","foot":""},"geometry":{"type":"LineString","coordinates":[[20.503251,54.709457],[20.502825,54.709592],[20.502319,54.709638]]}},{"type":"Feature","properties":{"kind":"road","name":"","osm":"way/1481616497","highway":"steps","access":"","foot":""},"geometry":{"type":"LineString","coordinates":[[20.502319,54.709638],[20.502229,54.709642]]}},{"type":"Feature","properties":{"kind":"road","name":"","osm":"way/1481616498","highway":"footway","access":"","foot":""},"geometry":{"type":"LineString","coordinates":[[20.502229,54.709642],[20.502004,54.709651]]}},{"type":"Feature","properties":{"kind":"road","name":"","osm":"way/1481616500","highway":"footway","access":"","foot":""},"geometry":{"type":"LineString","coordinates":[[20.498758,54.706924],[20.499175,54.706882],[20.50095,54.706704],[20.501329,54.706666],[20.501539,54.706651],[20.501847,54.706641],[20.502229,54.70667],[20.502627,54.706711],[20.502834,54.706721],[20.503457,54.706696],[20.504031,54.706661],[20.504188,54.706653],[20.504332,54.706644],[20.504433,54.706649],[20.504513,54.706677],[20.504572,54.706712],[20.50466,54.70684],[20.504697,54.706864],[20.505065,54.707387],[20.505347,54.707771],[20.505393,54.707814],[20.505738,54.708338],[20.505939,54.708751],[20.50598,54.70893]]}},{"type":"Feature","properties":{"kind":"road","name":"","osm":"way/1498613539","highway":"footway","access":"","foot":""},"geometry":{"type":"LineString","coordinates":[[20.50575,54.707497],[20.506442,54.70736]]}},{"type":"Feature","properties":{"kind":"road","name":"","osm":"way/1498613540","highway":"footway","access":"","foot":""},"geometry":{"type":"LineString","coordinates":[[20.506442,54.70736],[20.506486,54.707351]]}},{"type":"Feature","properties":{"kind":"road","name":"","osm":"way/1498613541","highway":"footway","access":"","foot":""},"geometry":{"type":"LineString","coordinates":[[20.505716,54.707506],[20.50575,54.707497]]}},{"type":"Feature","properties":{"kind":"building","name":"Универсам \"Московский\"","osm":"way/1531738350"},"geometry":{"type":"Polygon","coordinates":[[[20.518922,54.70924],[20.518883,54.709439],[20.518143,54.709393],[20.518154,54.70931],[20.517967,54.709302],[20.517845,54.709313],[20.517704,54.709336],[20.517742,54.709412],[20.516744,54.709589],[20.516684,54.709484],[20.516654,54.709489],[20.516614,54.709417],[20.517709,54.709215],[20.517702,54.709193],[20.51778,54.709179],[20.517904,54.709166],[20.517987,54.709166],[20.518081,54.70917],[20.518082,54.70919],[20.518922,54.70924]]]}},{"type":"Feature","properties":{"kind":"building","name":"","osm":"way/1534575078"},"geometry":{"type":"Polygon","coordinates":[[[20.498938,54.70757],[20.499104,54.707535],[20.499065,54.707474],[20.498899,54.707509],[20.498938,54.70757]]]}},{"type":"Feature","properties":{"kind":"road","name":"улица Вагнера","osm":"way/1545230808","highway":"tertiary","access":"","foot":""},"geometry":{"type":"LineString","coordinates":[[20.506302,54.71189],[20.506761,54.711855]]}},{"type":"Feature","properties":{"kind":"road","name":"Житомирская улица","osm":"way/1545230809","highway":"tertiary","access":"","foot":""},"geometry":{"type":"LineString","coordinates":[[20.506761,54.711855],[20.506732,54.712121]]}},{"type":"Feature","properties":{"kind":"road","name":"Житомирская улица","osm":"way/1545230810","highway":"tertiary","access":"","foot":""},"geometry":{"type":"LineString","coordinates":[[20.506732,54.712121],[20.506708,54.712342]]}},{"type":"Feature","properties":{"kind":"road","name":"Житомирская улица","osm":"way/1545230811","highway":"tertiary","access":"","foot":""},"geometry":{"type":"LineString","coordinates":[[20.506708,54.712342],[20.506637,54.712834]]}},{"type":"Feature","properties":{"kind":"building","name":"","osm":"way/1547669647"},"geometry":{"type":"Polygon","coordinates":[[[20.508602,54.712976],[20.508712,54.713026],[20.508751,54.712998],[20.508641,54.712947],[20.508602,54.712976]]]}},{"type":"Feature","properties":{"kind":"building","name":"Вкусно — и точка","osm":"way/1556595436"},"geometry":{"type":"Polygon","coordinates":[[[20.517543,54.709048],[20.51673,54.709008],[20.516742,54.708926],[20.517555,54.708966],[20.517543,54.709048]]]}},{"type":"Feature","properties":{"kind":"green","name":"","osm":"way/1556595440"},"geometry":{"type":"Polygon","coordinates":[[[20.51362,54.710122],[20.51313,54.709285],[20.511824,54.709468],[20.511679,54.709111],[20.513337,54.70893],[20.514987,54.708876],[20.51508,54.708933],[20.515074,54.709366],[20.515036,54.709389],[20.515243,54.709817],[20.514669,54.709916],[20.514649,54.709864],[20.514314,54.709953],[20.51362,54.710122]]]}},{"type":"Feature","properties":{"kind":"building","name":"","osm":"way/1557913095"},"geometry":{"type":"Polygon","coordinates":[[[20.498396,54.707572],[20.498501,54.707553],[20.49846,54.707477],[20.498354,54.707497],[20.498396,54.707572]]]}},{"type":"Feature","properties":{"kind":"road","name":"","osm":"way/1558362149","highway":"footway","access":"","foot":""},"geometry":{"type":"LineString","coordinates":[[20.505821,54.707671],[20.505347,54.707771]]}},{"type":"Feature","properties":{"kind":"road","name":"","osm":"way/1558362150","highway":"footway","access":"","foot":""},"geometry":{"type":"LineString","coordinates":[[20.508466,54.708535],[20.509038,54.708623]]}},{"type":"Feature","properties":{"kind":"road","name":"","osm":"way/1558362151","highway":"footway","access":"","foot":""},"geometry":{"type":"LineString","coordinates":[[20.512877,54.70744],[20.512907,54.707622]]}},{"type":"Feature","properties":{"kind":"road","name":"","osm":"way/1558362152","highway":"footway","access":"","foot":""},"geometry":{"type":"LineString","coordinates":[[20.510969,54.708027],[20.510783,54.707883]]}},{"type":"Feature","properties":{"kind":"building","name":"","osm":"way/1559143373"},"geometry":{"type":"Polygon","coordinates":[[[20.496729,54.703459],[20.497083,54.703416],[20.496877,54.702746],[20.49674,54.702392],[20.496628,54.70222],[20.49638,54.701967],[20.496057,54.701652],[20.49574,54.701374],[20.495438,54.701484],[20.49575,54.701768],[20.496046,54.702061],[20.49629,54.702318],[20.496369,54.702444],[20.496512,54.702804],[20.496729,54.703459]]]}},{"type":"Feature","properties":{"kind":"green","name":"Профессорское кладбище","osm":"way/1559996449"},"geometry":{"type":"Polygon","coordinates":[[[20.493747,54.71316],[20.49514,54.71316],[20.495245,54.713006],[20.495099,54.712885],[20.495053,54.712769],[20.495039,54.712529],[20.494975,54.712426],[20.494732,54.712171],[20.493887,54.712484],[20.493787,54.712371],[20.492401,54.712378],[20.492697,54.71316],[20.492763,54.71316],[20.492745,54.712972],[20.493574,54.71273],[20.493651,54.712879],[20.493611,54.712921],[20.49374,54.713124],[20.493747,54.71316]]]}},{"type":"Feature","properties":{"kind":"green","name":"","osm":"way/1560105045"},"geometry":{"type":"Polygon","coordinates":[[[20.508418,54.70508],[20.510109,54.704916],[20.51009,54.704825],[20.508379,54.704955],[20.508418,54.70508]]]}},{"type":"Feature","properties":{"kind":"green","name":"","osm":"way/1560105046"},"geometry":{"type":"Polygon","coordinates":[[[20.510272,54.704894],[20.511686,54.704757],[20.512345,54.704725],[20.512329,54.704655],[20.511665,54.704688],[20.51026,54.704814],[20.510272,54.704894]]]}},{"type":"Feature","properties":{"kind":"green","name":"","osm":"way/1560761041"},"geometry":{"type":"Polygon","coordinates":[[[20.511961,54.708031],[20.511828,54.708193],[20.511922,54.708278],[20.512238,54.708404],[20.512403,54.708349],[20.512522,54.708193],[20.51214,54.708011],[20.511961,54.708031]]]}},{"type":"Feature","properties":{"kind":"green","name":"","osm":"way/1560761042"},"geometry":{"type":"Polygon","coordinates":[[[20.513123,54.708017],[20.513116,54.70809],[20.513295,54.708183],[20.51354,54.708138],[20.513621,54.708061],[20.513477,54.707877],[20.513274,54.707871],[20.513123,54.708017]]]}},{"type":"Feature","properties":{"kind":"green","name":"","osm":"way/1560761043"},"geometry":{"type":"Polygon","coordinates":[[[20.5091,54.708925],[20.509634,54.708844],[20.509841,54.708767],[20.509869,54.708607],[20.50962,54.708471],[20.509504,54.708522],[20.509458,54.708611],[20.509167,54.708641],[20.508928,54.708783],[20.5091,54.708925]]]}},{"type":"Feature","properties":{"kind":"green","name":"","osm":"way/1560761044"},"geometry":{"type":"Polygon","coordinates":[[[20.508384,54.708885],[20.508493,54.708915],[20.508651,54.708862],[20.508651,54.70884],[20.508514,54.708791],[20.50843,54.708781],[20.508342,54.708799],[20.508384,54.708885]]]}},{"type":"Feature","properties":{"kind":"green","name":"","osm":"way/1560761045"},"geometry":{"type":"Polygon","coordinates":[[[20.510336,54.708394],[20.510971,54.708424],[20.51102,54.708325],[20.510845,54.708294],[20.510876,54.708227],[20.511122,54.708071],[20.511069,54.708043],[20.51055,54.708197],[20.510364,54.708268],[20.510336,54.708394]]]}},{"type":"Feature","properties":{"kind":"green","name":"","osm":"way/1560761046"},"geometry":{"type":"Polygon","coordinates":[[[20.511322,54.708286],[20.511536,54.708309],[20.511634,54.708258],[20.511743,54.708043],[20.511824,54.707897],[20.511972,54.707917],[20.51227,54.708002],[20.512322,54.707966],[20.512042,54.707796],[20.511898,54.7078],[20.51168,54.707864],[20.511578,54.70794],[20.51162,54.707996],[20.511582,54.708051],[20.511326,54.708059],[20.511322,54.708286]]]}},{"type":"Feature","properties":{"kind":"green","name":"","osm":"way/1560761047"},"geometry":{"type":"Polygon","coordinates":[[[20.510213,54.708511],[20.510199,54.708574],[20.510375,54.708594],[20.510494,54.708548],[20.510469,54.708469],[20.510343,54.708442],[20.510213,54.708511]]]}},{"type":"Feature","properties":{"kind":"road","name":"","osm":"way/1560888166","highway":"footway","access":"","foot":""},"geometry":{"type":"LineString","coordinates":[[20.505253,54.707824],[20.505347,54.707771]]}},{"type":"Feature","properties":{"kind":"road","name":"","osm":"way/1560888167","highway":"service","access":"","foot":""},"geometry":{"type":"LineString","coordinates":[[20.503468,54.706765],[20.503457,54.706696],[20.503438,54.706574]]}},{"type":"Feature","properties":{"kind":"road","name":"","osm":"way/1560888168","highway":"service","access":"","foot":""},"geometry":{"type":"LineString","coordinates":[[20.503086,54.706594],[20.503438,54.706574],[20.503964,54.706545]]}},{"type":"Feature","properties":{"kind":"green","name":"","osm":"way/1560888170"},"geometry":{"type":"Polygon","coordinates":[[[20.504063,54.706637],[20.504057,54.706504],[20.504147,54.706631],[20.504063,54.706637]]]}},{"type":"Feature","properties":{"kind":"green","name":"","osm":"way/1560888171"},"geometry":{"type":"Polygon","coordinates":[[[20.504194,54.706626],[20.504554,54.706621],[20.504556,54.706603],[20.504075,54.706453],[20.504194,54.706626]]]}},{"type":"Feature","properties":{"kind":"green","name":"","osm":"way/1560888172"},"geometry":{"type":"Polygon","coordinates":[[[20.504474,54.706642],[20.504559,54.70668],[20.504593,54.706642],[20.504474,54.706642]]]}},{"type":"Feature","properties":{"kind":"road","name":"","osm":"way/1560888173","highway":"cycleway","access":"","foot":""},"geometry":{"type":"LineString","coordinates":[[20.504332,54.706644],[20.504464,54.706631],[20.504581,54.706628],[20.504611,54.706572],[20.504632,54.706534],[20.50475,54.706552],[20.504998,54.706588],[20.505057,54.70661],[20.505101,54.706627],[20.50545,54.707197],[20.505715,54.707605]]}},{"type":"Feature","properties":{"kind":"green","name":"","osm":"way/1560888175"},"geometry":{"type":"Polygon","coordinates":[[[20.504204,54.706314],[20.504229,54.706414],[20.50428,54.706426],[20.50442,54.706348],[20.504204,54.706314]]]}},{"type":"Feature","properties":{"kind":"green","name":"","osm":"way/1560888176"},"geometry":{"type":"Polygon","coordinates":[[[20.504662,54.706782],[20.504753,54.706804],[20.504716,54.706863],[20.504662,54.706782]]]}},{"type":"Feature","properties":{"kind":"green","name":"","osm":"way/1560888177"},"geometry":{"type":"Polygon","coordinates":[[[20.504644,54.706476],[20.504552,54.706369],[20.504689,54.70639],[20.504644,54.706476]]]}},{"type":"Feature","properties":{"kind":"road","name":"","osm":"way/1560888178","highway":"footway","access":"","foot":""},"geometry":{"type":"LineString","coordinates":[[20.504031,54.706661],[20.504023,54.706439],[20.504022,54.706387]]}},{"type":"Feature","properties":{"kind":"road","name":"","osm":"way/1560888179","highway":"footway","access":"","foot":""},"geometry":{"type":"LineString","coordinates":[[20.504188,54.706653],[20.504023,54.706439]]}},{"type":"Feature","properties":{"kind":"road","name":"","osm":"way/1560888180","highway":"footway","access":"","foot":""},"geometry":{"type":"LineString","coordinates":[[20.503873,54.70634],[20.504022,54.706387],[20.504611,54.706572],[20.504696,54.706597]]}},{"type":"Feature","properties":{"kind":"road","name":"","osm":"way/1560888181","highway":"footway","access":"","foot":""},"geometry":{"type":"LineString","coordinates":[[20.504022,54.706387],[20.504045,54.706337],[20.504133,54.706141]]}},{"type":"Feature","properties":{"kind":"road","name":"","osm":"way/1560888182","highway":"footway","access":"","foot":""},"geometry":{"type":"LineString","coordinates":[[20.504022,54.706387],[20.50385,54.706128]]}},{"type":"Feature","properties":{"kind":"road","name":"","osm":"way/1562058975","highway":"service","access":"","foot":""},"geometry":{"type":"LineString","coordinates":[[20.492408,54.710125],[20.492326,54.710233]]}},{"type":"Feature","properties":{"kind":"road","name":"","osm":"way/1562058976","highway":"service","access":"","foot":""},"geometry":{"type":"LineString","coordinates":[[20.493254,54.7107],[20.493091,54.710727],[20.492572,54.710919],[20.492254,54.710601],[20.492838,54.710327]]}},{"type":"Feature","properties":{"kind":"green","name":"","osm":"way/1562058979"},"geometry":{"type":"Polygon","coordinates":[[[20.492169,54.71205],[20.492416,54.712004],[20.492766,54.711858],[20.49252,54.711693],[20.492331,54.711731],[20.4923,54.711863],[20.492169,54.71205]]]}},{"type":"Feature","properties":{"kind":"rail","name":"","osm":"way/1562065957"},"geometry":{"type":"LineString","coordinates":[[20.498915,54.706843],[20.498888,54.706746],[20.49887,54.706685]]}},{"type":"Feature","properties":{"kind":"road","name":"","osm":"way/1562065959","highway":"footway","access":"","foot":""},"geometry":{"type":"LineString","coordinates":[[20.49887,54.706685],[20.498844,54.70659],[20.498805,54.706463]]}},{"type":"Feature","properties":{"kind":"road","name":"","osm":"way/1562803677","highway":"service","access":"","foot":""},"geometry":{"type":"LineString","coordinates":[[20.501917,54.704669],[20.50193,54.704719],[20.501959,54.704859],[20.502014,54.705256]]}},{"type":"Feature","properties":{"kind":"building","name":"","osm":"way/1562803679"},"geometry":{"type":"Polygon","coordinates":[[[20.501069,54.705295],[20.501222,54.705293],[20.501212,54.704958],[20.501058,54.70496],[20.501069,54.705295]]]}},{"type":"Feature","properties":{"kind":"road","name":"","osm":"way/1562803680","highway":"service","access":"private","foot":""},"geometry":{"type":"LineString","coordinates":[[20.501024,54.705386],[20.501323,54.705382],[20.501669,54.705379]]}},{"type":"Feature","properties":{"kind":"road","name":"","osm":"way/1562803681","highway":"service","access":"private","foot":""},"geometry":{"type":"LineString","coordinates":[[20.501323,54.705382],[20.50131,54.704997]]}},{"type":"Feature","properties":{"kind":"road","name":"","osm":"way/1562910246","highway":"footway","access":"","foot":""},"geometry":{"type":"LineString","coordinates":[[20.494853,54.706772],[20.494927,54.707146],[20.495211,54.707137],[20.495123,54.706756]]}},{"type":"Feature","properties":{"kind":"road","name":"","osm":"way/1562910247","highway":"service","access":"private","foot":""},"geometry":{"type":"LineString","coordinates":[[20.494681,54.706831],[20.494708,54.707064],[20.494497,54.707077],[20.494375,54.707064],[20.494387,54.706842]]}},{"type":"Feature","properties":{"kind":"road","name":"","osm":"way/1562910248","highway":"footway","access":"","foot":""},"geometry":{"type":"LineString","coordinates":[[20.493792,54.706688],[20.494544,54.706684],[20.494835,54.706682],[20.496184,54.70659],[20.496484,54.706643]]}},{"type":"Feature","properties":{"kind":"road","name":"","osm":"way/1562910249","highway":"service","access":"private","foot":""},"geometry":{"type":"LineString","coordinates":[[20.492327,54.707043],[20.492346,54.706997],[20.492362,54.70696],[20.492448,54.706706]]}},{"type":"Feature","properties":{"kind":"road","name":"","osm":"way/1562910251","highway":"service","access":"","foot":""},"geometry":{"type":"LineString","coordinates":[[20.492692,54.707082],[20.492705,54.707036],[20.492713,54.707006],[20.492721,54.706987],[20.492749,54.706893],[20.493362,54.706957]]}},{"type":"Feature","properties":{"kind":"road","name":"","osm":"way/1562910252","highway":"footway","access":"","foot":""},"geometry":{"type":"LineString","coordinates":[[20.494544,54.706684],[20.494539,54.706773],[20.494527,54.70703]]}},{"type":"Feature","properties":{"kind":"road","name":"","osm":"way/1562913366","highway":"service","access":"private","foot":""},"geometry":{"type":"LineString","coordinates":[[20.492109,54.707019],[20.492124,54.706978],[20.492144,54.70693],[20.492168,54.706866],[20.491796,54.706811],[20.491822,54.706751]]}},{"type":"Feature","properties":{"kind":"road","name":"","osm":"way/1562913367","highway":"service","access":"private","foot":""},"geometry":{"type":"LineString","coordinates":[[20.492222,54.706875],[20.492332,54.706648]]}},{"type":"Feature","properties":{"kind":"road","name":"","osm":"way/1562913368","highway":"service","access":"private","foot":""},"geometry":{"type":"LineString","coordinates":[[20.492168,54.706866],[20.492222,54.706875]]}},{"type":"Feature","properties":{"kind":"road","name":"","osm":"way/1562913372","highway":"footway","access":"private","foot":""},"geometry":{"type":"LineString","coordinates":[[20.491809,54.706719],[20.491822,54.706751]]}},{"type":"Feature","properties":{"kind":"road","name":"","osm":"way/1562923289","highway":"service","access":"","foot":""},"geometry":{"type":"LineString","coordinates":[[20.507431,54.710789],[20.507445,54.710715],[20.507881,54.71065]]}},{"type":"Feature","properties":{"kind":"road","name":"","osm":"way/1562923291","highway":"footway","access":"private","foot":""},"geometry":{"type":"LineString","coordinates":[[20.507881,54.71065],[20.508035,54.710581],[20.508285,54.710547]]}},{"type":"Feature","properties":{"kind":"green","name":"Сквер имени Румянцева","osm":"way/1562929047"},"geometry":{"type":"Polygon","coordinates":[[[20.50688,54.712143],[20.508013,54.712179],[20.507699,54.712385],[20.50763,54.712352],[20.507084,54.712728],[20.507152,54.712761],[20.506958,54.712917],[20.506965,54.712984],[20.506903,54.713027],[20.506672,54.713013],[20.506694,54.712882],[20.506784,54.712885],[20.50688,54.712143]]]}},{"type":"Feature","properties":{"kind":"road","name":"","osm":"way/1562931701","highway":"service","access":"","foot":""},"geometry":{"type":"LineString","coordinates":[[20.49082,54.706758],[20.490977,54.70669],[20.491693,54.706793]]}},{"type":"Feature","properties":{"kind":"road","name":"","osm":"way/1562931702","highway":"footway","access":"","foot":""},"geometry":{"type":"LineString","coordinates":[[20.490861,54.706825],[20.491048,54.706848],[20.492124,54.706978],[20.492346,54.706997],[20.492705,54.707036],[20.493315,54.707096],[20.494293,54.707183],[20.494495,54.707186],[20.494637,54.707185],[20.495355,54.707177],[20.495636,54.707164],[20.495988,54.707146],[20.496494,54.707104],[20.498057,54.706983],[20.498153,54.706975],[20.498758,54.706924]]}},{"type":"Feature","properties":{"kind":"road","name":"","osm":"way/1562931703","highway":"footway","access":"","foot":""},"geometry":{"type":"LineString","coordinates":[[20.495985,54.707127],[20.495988,54.707146]]}},{"type":"Feature","properties":{"kind":"road","name":"","osm":"way/1562931704","highway":"footway","access":"","foot":""},"geometry":{"type":"LineString","coordinates":[[20.49465,54.707305],[20.494645,54.707252],[20.494637,54.707185]]}},{"type":"Feature","properties":{"kind":"green","name":"","osm":"way/1562931706"},"geometry":{"type":"Polygon","coordinates":[[[20.494665,54.707568],[20.494835,54.707561],[20.495035,54.707473],[20.495655,54.70743],[20.495813,54.70734],[20.495755,54.707279],[20.494924,54.707312],[20.494674,54.707416],[20.494645,54.707483],[20.494665,54.707568]]]}},{"type":"Feature","properties":{"kind":"road","name":"улица Маршала Баграмяна","osm":"way/1562931707","highway":"service","access":"","foot":""},"geometry":{"type":"LineString","coordinates":[[20.495928,54.707201],[20.495961,54.707259],[20.495998,54.707324]]}},{"type":"Feature","properties":{"kind":"road","name":"","osm":"way/1562931708","highway":"service","access":"","foot":""},"geometry":{"type":"LineString","coordinates":[[20.495998,54.707324],[20.496227,54.707307],[20.496905,54.707257]]}},{"type":"Feature","properties":{"kind":"green","name":"","osm":"way/1562941904"},"geometry":{"type":"Polygon","coordinates":[[[20.49838,54.708165],[20.498504,54.708014],[20.49855,54.708012],[20.498676,54.708052],[20.498507,54.708212],[20.49838,54.708165]]]}},{"type":"Feature","properties":{"kind":"green","name":"","osm":"way/1562941905"},"geometry":{"type":"Polygon","coordinates":[[[20.498591,54.7079],[20.498729,54.70797],[20.498787,54.707918],[20.499064,54.708005],[20.499146,54.708003],[20.498921,54.70759],[20.498889,54.70751],[20.498921,54.707491],[20.499004,54.707362],[20.499048,54.70733],[20.498988,54.707044],[20.498819,54.707072],[20.498853,54.707229],[20.498819,54.707389],[20.498763,54.707576],[20.498707,54.707701],[20.498591,54.7079]]]}},{"type":"Feature","properties":{"kind":"road","name":"","osm":"way/1562941907","highway":"service","access":"","foot":""},"geometry":{"type":"LineString","coordinates":[[20.496652,54.709374],[20.496648,54.709341]]}},{"type":"Feature","properties":{"kind":"green","name":"","osm":"way/1563250057"},"geometry":{"type":"Polygon","coordinates":[[[20.498807,54.706669],[20.498755,54.706483],[20.498427,54.706514],[20.498483,54.706732],[20.498569,54.706726],[20.498564,54.706689],[20.498807,54.706669]]]}},{"type":"Feature","properties":{"kind":"road","name":"набережная Петра Великого","osm":"way/1563250058","highway":"pedestrian","access":"no","foot":""},"geometry":{"type":"LineString","coordinates":[[20.498844,54.70659],[20.499077,54.706564],[20.499164,54.706438],[20.500659,54.706268],[20.500864,54.70627],[20.501331,54.706276],[20.501533,54.706279],[20.50215,54.706245]]}},{"type":"Feature","properties":{"kind":"road","name":"","osm":"way/1563250060","highway":"footway","access":"","foot":""},"geometry":{"type":"LineString","coordinates":[[20.498153,54.706975],[20.498169,54.707025],[20.498186,54.707074]]}},{"type":"Feature","properties":{"kind":"green","name":"","osm":"way/1563250061"},"geometry":{"type":"Polygon","coordinates":[[[20.498749,54.706722],[20.498799,54.706908],[20.499096,54.706878],[20.499021,54.706596],[20.498834,54.706613],[20.49886,54.706711],[20.498749,54.706722]]]}},{"type":"Feature","properties":{"kind":"road","name":"","osm":"way/1563250062","highway":"service","access":"","foot":""},"geometry":{"type":"LineString","coordinates":[[20.498719,54.706766],[20.498702,54.706704]]}},{"type":"Feature","properties":{"kind":"road","name":"","osm":"way/1563250063","highway":"footway","access":"","foot":""},"geometry":{"type":"LineString","coordinates":[[20.49887,54.706685],[20.498702,54.706704]]}},{"type":"Feature","properties":{"kind":"road","name":"","osm":"way/1563250064","highway":"footway","access":"","foot":""},"geometry":{"type":"LineString","coordinates":[[20.498702,54.706704],[20.498662,54.706705],[20.498263,54.706716]]}},{"type":"Feature","properties":{"kind":"road","name":"","osm":"way/1563250067","highway":"footway","access":"","foot":""},"geometry":{"type":"LineString","coordinates":[[20.498662,54.706705],[20.498656,54.706674],[20.498543,54.706681],[20.498523,54.706587],[20.498239,54.706601]]}},{"type":"Feature","properties":{"kind":"road","name":"набережная Петра Великого","osm":"way/1563250068","highway":"footway","access":"yes","foot":"designated"},"geometry":{"type":"LineString","coordinates":[[20.498507,54.706487],[20.498745,54.706468],[20.498805,54.706463]]}},{"type":"Feature","properties":{"kind":"road","name":"","osm":"way/1563250069","highway":"steps","access":"yes","foot":""},"geometry":{"type":"LineString","coordinates":[[20.498432,54.706492],[20.498507,54.706487]]}},{"type":"Feature","properties":{"kind":"green","name":"","osm":"way/1563250071"},"geometry":{"type":"Polygon","coordinates":[[[20.496327,54.7071],[20.496226,54.706744],[20.496904,54.706692],[20.496898,54.706659],[20.49716,54.706637],[20.49727,54.707027],[20.496327,54.7071]]]}},{"type":"Feature","properties":{"kind":"green","name":"","osm":"way/1563250072"},"geometry":{"type":"Polygon","coordinates":[[[20.49604,54.707123],[20.49594,54.706765],[20.496226,54.706744],[20.496327,54.7071],[20.49604,54.707123]]]}},{"type":"Feature","properties":{"kind":"waterline","name":"","osm":"way/1563250073"},"geometry":{"type":"LineString","coordinates":[[20.498437,54.706623],[20.498389,54.706635],[20.498335,54.706641],[20.498241,54.706645]]}},{"type":"Feature","properties":{"kind":"green","name":"","osm":"way/1563255425"},"geometry":{"type":"Polygon","coordinates":[[[20.500116,54.706426],[20.500606,54.706376],[20.500698,54.706446],[20.50084,54.706441],[20.500821,54.706291],[20.500638,54.706284],[20.500619,54.706302],[20.500093,54.706357],[20.500116,54.706426]]]}},{"type":"Feature","properties":{"kind":"road","name":"","osm":"way/1563255428","highway":"footway","access":"","foot":""},"geometry":{"type":"LineString","coordinates":[[20.50095,54.706704],[20.500945,54.706688],[20.500874,54.706439],[20.500864,54.70627]]}},{"type":"Feature","properties":{"kind":"road","name":"","osm":"way/1563255429","highway":"footway","access":"","foot":""},"geometry":{"type":"LineString","coordinates":[[20.50095,54.706704],[20.500966,54.70676],[20.500984,54.706822]]}},{"type":"Feature","properties":{"kind":"road","name":"","osm":"way/1563255431","highway":"service","access":"private","foot":""},"geometry":{"type":"LineString","coordinates":[[20.499077,54.706564],[20.499172,54.706871],[20.499175,54.706882],[20.49919,54.706928]]}},{"type":"Feature","properties":{"kind":"road","name":"","osm":"way/1563255432","highway":"service","access":"","foot":""},"geometry":{"type":"LineString","coordinates":[[20.499605,54.707077],[20.501165,54.706908],[20.501435,54.706856]]}},{"type":"Feature","properties":{"kind":"road","name":"","osm":"way/1563255434","highway":"service","access":"","foot":""},"geometry":{"type":"LineString","coordinates":[[20.499433,54.707565],[20.499091,54.70743],[20.498901,54.707404],[20.498743,54.707394]]}},{"type":"Feature","properties":{"kind":"building","name":"","osm":"way/1563649720"},"geometry":{"type":"Polygon","coordinates":[[[20.494374,54.704887],[20.494446,54.705095],[20.494601,54.705108],[20.494525,54.704872],[20.494374,54.704887]]]}},{"type":"Feature","properties":{"kind":"road","name":"","osm":"way/1563649721","highway":"service","access":"","foot":""},"geometry":{"type":"LineString","coordinates":[[20.493939,54.704375],[20.493919,54.7044]]}},{"type":"Feature","properties":{"kind":"road","name":"","osm":"way/1563649722","highway":"service","access":"","foot":""},"geometry":{"type":"LineString","coordinates":[[20.493048,54.704888],[20.493133,54.704895],[20.493433,54.704938]]}},{"type":"Feature","properties":{"kind":"road","name":"","osm":"way/1563649723","highway":"footway","access":"","foot":""},"geometry":{"type":"LineString","coordinates":[[20.493039,54.705001],[20.493141,54.705009],[20.493404,54.705031],[20.493896,54.705075],[20.494556,54.70513],[20.495394,54.705163],[20.495833,54.705159],[20.497333,54.705084]]}},{"type":"Feature","properties":{"kind":"road","name":"","osm":"way/1563649724","highway":"service","access":"","foot":""},"geometry":{"type":"LineString","coordinates":[[20.495843,54.705221],[20.495833,54.705159],[20.495827,54.70505],[20.49614,54.704765],[20.496162,54.704668],[20.496286,54.704541],[20.496558,54.704391],[20.496782,54.704379],[20.497113,54.704525],[20.497227,54.704683],[20.497333,54.705084],[20.497403,54.705177]]}},{"type":"Feature","properties":{"kind":"green","name":"","osm":"way/1563649726"},"geometry":{"type":"Polygon","coordinates":[[[20.493177,54.704832],[20.493513,54.704864],[20.493578,54.704812],[20.493554,54.704793],[20.493468,54.704818],[20.493318,54.704769],[20.493315,54.704686],[20.493162,54.704634],[20.49314,54.704828],[20.493177,54.704832]]]}},{"type":"Feature","properties":{"kind":"green","name":"","osm":"way/1563649727"},"geometry":{"type":"Polygon","coordinates":[[[20.493808,54.705024],[20.493832,54.705026],[20.493886,54.704837],[20.493873,54.7048],[20.49375,54.704817],[20.493597,54.70491],[20.493808,54.705024]]]}},{"type":"Feature","properties":{"kind":"road","name":"","osm":"way/1563649728","highway":"footway","access":"","foot":""},"geometry":{"type":"LineString","coordinates":[[20.493113,54.705122],[20.493124,54.705079],[20.493141,54.705009]]}},{"type":"Feature","properties":{"kind":"road","name":"Ярославская улица","osm":"way/59379083","highway":"residential","access":"","foot":""},"geometry":{"type":"LineString","coordinates":[[20.524469,54.712457],[20.52446,54.712516],[20.524414,54.712812],[20.524323,54.713386],[20.524274,54.713749],[20.524098,54.715048],[20.524075,54.715216]]}},{"type":"Feature","properties":{"kind":"road","name":"","osm":"way/289093946","highway":"footway","access":"","foot":""},"geometry":{"type":"LineString","coordinates":[[20.522617,54.713116],[20.52261,54.713228],[20.522661,54.713613],[20.522694,54.713829],[20.522762,54.714038],[20.522906,54.714368],[20.523043,54.714636],[20.523164,54.714833],[20.523209,54.714898],[20.523375,54.7151],[20.523564,54.715303],[20.523612,54.715361],[20.523723,54.715511],[20.523852,54.715627],[20.524058,54.715788],[20.524161,54.715871],[20.524273,54.71595]]}},{"type":"Feature","properties":{"kind":"road","name":"улица 9-го Апреля","osm":"way/295143127","highway":"primary","access":"","foot":""},"geometry":{"type":"LineString","coordinates":[[20.522478,54.712458],[20.522463,54.712953],[20.522461,54.713015],[20.522443,54.713353],[20.522463,54.713574],[20.522536,54.713878],[20.522619,54.714137],[20.522783,54.71449],[20.522937,54.714742],[20.523146,54.715031],[20.523349,54.715271],[20.523534,54.715451],[20.523761,54.715667],[20.523928,54.715801],[20.524074,54.71591],[20.524186,54.715991]]}},{"type":"Feature","properties":{"kind":"road","name":"","osm":"way/375583039","highway":"footway","access":"","foot":"designated"},"geometry":{"type":"LineString","coordinates":[[20.522806,54.715331],[20.522704,54.715151],[20.522606,54.715015],[20.522338,54.714535],[20.522208,54.714257],[20.522159,54.714114],[20.522121,54.713973],[20.522074,54.71383],[20.522053,54.713686],[20.522016,54.713458],[20.521985,54.713239],[20.521976,54.713176],[20.521957,54.713109]]}},{"type":"Feature","properties":{"kind":"rail","name":"","osm":"way/392154524"},"geometry":{"type":"LineString","coordinates":[[20.523157,54.715254],[20.523145,54.71524],[20.523109,54.7152],[20.523078,54.715164],[20.523031,54.715108],[20.523005,54.715075],[20.522973,54.715036],[20.522935,54.714987],[20.522863,54.71489],[20.52283,54.714842],[20.522734,54.714697],[20.522691,54.714626],[20.522636,54.714528],[20.522623,54.714504],[20.522585,54.71443],[20.522572,54.714407],[20.52255,54.714359],[20.522543,54.714346],[20.52251,54.714274],[20.522491,54.714228],[20.522448,54.714118],[20.522431,54.714073],[20.522396,54.713965],[20.522369,54.713873],[20.522358,54.713834],[20.522339,54.713755],[20.522333,54.713725],[20.522328,54.713702],[20.52232,54.713664],[20.522317,54.713648],[20.522306,54.713587],[20.522301,54.713551],[20.522299,54.713533],[20.522295,54.713505],[20.522288,54.713443],[20.522286,54.71342],[20.522284,54.713398],[20.52228,54.71335],[20.522278,54.713307],[20.522276,54.713251],[20.522275,54.713205],[20.522274,54.713111],[20.522275,54.713059],[20.522276,54.713009],[20.522278,54.712947],[20.522284,54.712877],[20.522288,54.712795],[20.522293,54.712698],[20.522293,54.712631],[20.522302,54.712449],[20.522306,54.712399]]}},{"type":"Feature","properties":{"kind":"rail","name":"","osm":"way/392154525"},"geometry":{"type":"LineString","coordinates":[[20.522347,54.712449],[20.522345,54.712542],[20.522342,54.71263],[20.522341,54.712693],[20.522333,54.712796],[20.522329,54.712878],[20.522323,54.712947],[20.522321,54.71301],[20.52232,54.71306],[20.522319,54.713111],[20.522319,54.713205],[20.522321,54.71325],[20.522323,54.713307],[20.522325,54.713349],[20.522329,54.713397],[20.52233,54.713419],[20.522333,54.713442],[20.52234,54.713504],[20.522343,54.713531],[20.522346,54.713549],[20.522351,54.713585],[20.522362,54.713645],[20.522365,54.713662],[20.522372,54.713698],[20.522377,54.713722],[20.522383,54.713751],[20.522403,54.71383],[20.522413,54.713869],[20.52244,54.71396],[20.522475,54.714068],[20.522491,54.714112],[20.522535,54.714222],[20.522553,54.714268],[20.522586,54.714338],[20.522593,54.714351],[20.522615,54.714399],[20.522627,54.714423],[20.522666,54.714497],[20.522679,54.71452],[20.522734,54.714618],[20.522776,54.714688],[20.522871,54.714833],[20.522905,54.71488],[20.522976,54.714977],[20.523013,54.715025],[20.523045,54.715064],[20.523072,54.715097],[20.523118,54.715152],[20.523149,54.715188],[20.523184,54.715228],[20.523196,54.715241]]}},{"type":"Feature","properties":{"kind":"building","name":"","osm":"way/90894910"},"geometry":{"type":"Polygon","coordinates":[[[20.524095,54.7119],[20.524284,54.711919],[20.524634,54.711953],[20.524725,54.711962],[20.524725,54.711852],[20.524126,54.711793],[20.524095,54.7119]]]}},{"type":"Feature","properties":{"kind":"road","name":"","osm":"way/301127228","highway":"footway","access":"","foot":""},"geometry":{"type":"LineString","coordinates":[[20.524543,54.70904],[20.525527,54.709121],[20.525984,54.709166],[20.52668,54.70925],[20.527752,54.709362],[20.527835,54.709357],[20.528178,54.709399],[20.528385,54.709419],[20.52857,54.709438],[20.529844,54.709564],[20.530454,54.709611],[20.530959,54.70965],[20.531064,54.709658],[20.531157,54.709664],[20.53201,54.709709],[20.533121,54.709736],[20.534182,54.709768],[20.534434,54.709759],[20.535594,54.7097],[20.536281,54.709666],[20.536481,54.709657],[20.5368,54.709645],[20.53702,54.709668],[20.537537,54.709637]]}},{"type":"Feature","properties":{"kind":"road","name":"","osm":"way/301398604","highway":"path","access":"","foot":"designated"},"geometry":{"type":"LineString","coordinates":[[20.530031,54.709852],[20.528792,54.709749],[20.527863,54.709674],[20.526598,54.709566],[20.526539,54.709561],[20.524458,54.709416],[20.523918,54.709378],[20.523841,54.709378],[20.523792,54.709391]]}},{"type":"Feature","properties":{"kind":"road","name":"","osm":"way/333135937","highway":"footway","access":"","foot":""},"geometry":{"type":"LineString","coordinates":[[20.522885,54.712172],[20.522966,54.712183],[20.523416,54.712244],[20.523958,54.712316],[20.524151,54.712367],[20.524245,54.712379],[20.524317,54.712387],[20.525081,54.712479],[20.526017,54.712591],[20.526307,54.712625],[20.526996,54.712708],[20.527115,54.712722],[20.527593,54.712779],[20.528209,54.712853],[20.528525,54.712887],[20.528789,54.712915],[20.529131,54.712952],[20.52983,54.713018],[20.529967,54.713028],[20.530368,54.713059],[20.530439,54.713064],[20.530498,54.713058],[20.530544,54.713019],[20.530597,54.713026],[20.530704,54.713035],[20.533581,54.713329],[20.534655,54.713443]]}},{"type":"Feature","properties":{"kind":"road","name":"","osm":"way/333135941","highway":"footway","access":"","foot":""},"geometry":{"type":"LineString","coordinates":[[20.5347,54.713614],[20.534471,54.713591],[20.533479,54.713479],[20.532978,54.713421],[20.532589,54.713387],[20.531535,54.713287],[20.530647,54.713201],[20.530612,54.713198],[20.530516,54.713201],[20.530402,54.713194],[20.528962,54.713054],[20.528757,54.713015],[20.52708,54.71282],[20.526892,54.712798],[20.526079,54.712704],[20.52446,54.712516],[20.524292,54.712496],[20.524032,54.712466],[20.522919,54.712336]]}},{"type":"Feature","properties":{"kind":"road","name":"","osm":"way/333164670","highway":"footway","access":"","foot":""},"geometry":{"type":"LineString","coordinates":[[20.524245,54.712379],[20.524421,54.712297],[20.524901,54.712354],[20.525603,54.712437],[20.525668,54.712511],[20.525966,54.712547],[20.526093,54.712503],[20.527148,54.712627],[20.527244,54.712638],[20.527442,54.712661],[20.528287,54.712751],[20.52872,54.712793]]}},{"type":"Feature","properties":{"kind":"road","name":"","osm":"way/334543653","highway":"secondary","access":"","foot":""},"geometry":{"type":"LineString","coordinates":[[20.527578,54.704724],[20.526404,54.704888],[20.526052,54.704937],[20.525789,54.704985],[20.525658,54.705014],[20.52553,54.705046],[20.525372,54.705095],[20.525222,54.705148],[20.525089,54.705205],[20.524963,54.705265],[20.524757,54.70538],[20.524598,54.705495],[20.524469,54.705613],[20.52432,54.70578],[20.523936,54.706232],[20.52381,54.706383],[20.523684,54.706539]]}},{"type":"Feature","properties":{"kind":"road","name":"","osm":"way/334543654","highway":"secondary","access":"","foot":""},"geometry":{"type":"LineString","coordinates":[[20.523752,54.703602],[20.523898,54.703785],[20.524131,54.704121],[20.524187,54.704202],[20.524241,54.704273],[20.524301,54.704339],[20.524359,54.704392],[20.524417,54.704438],[20.524485,54.704479],[20.524546,54.704514],[20.524627,54.704558],[20.52472,54.7046],[20.524797,54.70463],[20.524883,54.704657],[20.524971,54.704682],[20.525071,54.704707],[20.525174,54.704726],[20.525275,54.704739],[20.525395,54.70475],[20.525461,54.704754],[20.52552,54.704756],[20.525621,54.704758],[20.525727,54.704754],[20.525844,54.704744],[20.525965,54.704731],[20.52638,54.704672],[20.527446,54.70452]]}},{"type":"Feature","properties":{"kind":"road","name":"Аллея Чемпионов","osm":"way/334543658","highway":"residential","access":"","foot":""},"geometry":{"type":"LineString","coordinates":[[20.527144,54.704673],[20.526103,54.704823],[20.525659,54.704868],[20.525272,54.704885],[20.525113,54.704888],[20.523483,54.704884],[20.5234,54.704883]]}},{"type":"Feature","properties":{"kind":"road","name":"","osm":"way/427568468","highway":"footway","access":"","foot":""},"geometry":{"type":"LineString","coordinates":[[20.527677,54.70475],[20.527655,54.704754],[20.52758,54.704765],[20.52754,54.70477],[20.526421,54.70493],[20.526071,54.704978],[20.525814,54.705025],[20.525686,54.705053],[20.525561,54.705085],[20.52541,54.705132],[20.525263,54.705183],[20.525134,54.705239],[20.525012,54.705297],[20.524812,54.705408],[20.524658,54.70552],[20.524534,54.705634],[20.524386,54.705799],[20.524002,54.70625],[20.523818,54.706474]]}},{"type":"Feature","properties":{"kind":"road","name":"","osm":"way/427568473","highway":"footway","access":"","foot":""},"geometry":{"type":"LineString","coordinates":[[20.523914,54.70362],[20.524199,54.704106],[20.524255,54.704186],[20.524309,54.704255],[20.524366,54.704319],[20.524416,54.704369],[20.524471,54.704412],[20.524535,54.704451],[20.524594,54.704485],[20.524672,54.704527],[20.524761,54.704567],[20.524834,54.704596],[20.524915,54.704622],[20.525,54.704645],[20.525095,54.704669],[20.525192,54.704687],[20.525288,54.704699],[20.525404,54.70471],[20.525467,54.704714],[20.525524,54.704716],[20.525619,54.704718],[20.525719,54.704714],[20.525833,54.704705],[20.52595,54.704692],[20.526362,54.704633],[20.527428,54.704483],[20.527455,54.704479],[20.527533,54.704467],[20.527556,54.704465]]}},{"type":"Feature","properties":{"kind":"road","name":"","osm":"way/442975977","highway":"cycleway","access":"","foot":""},"geometry":{"type":"LineString","coordinates":[[20.522425,54.707886],[20.522952,54.707813],[20.523885,54.707819],[20.524057,54.707805],[20.524388,54.707784],[20.526143,54.707665],[20.526319,54.707645],[20.526524,54.707624],[20.527343,54.707567],[20.527454,54.707559],[20.528022,54.70752],[20.528221,54.707507],[20.528886,54.707484],[20.52905,54.707475],[20.529342,54.707453],[20.529525,54.707439],[20.530701,54.707351],[20.530951,54.707334],[20.531009,54.70733],[20.531032,54.707329],[20.533376,54.707152],[20.533438,54.707148],[20.533487,54.707147],[20.533528,54.707151],[20.533564,54.707162],[20.533623,54.707187]]}},{"type":"Feature","properties":{"kind":"road","name":"","osm":"way/1085817436","highway":"footway","access":"","foot":""},"geometry":{"type":"LineString","coordinates":[[20.524093,54.706802],[20.524656,54.706747],[20.525471,54.70667],[20.526319,54.706602],[20.527204,54.706544]]}},{"type":"Feature","properties":{"kind":"green","name":"","osm":"way/1120748907"},"geometry":{"type":"Polygon","coordinates":[[[20.524725,54.707669],[20.524621,54.707676],[20.524591,54.707678],[20.524037,54.707721],[20.523633,54.707757],[20.523589,54.707757],[20.523557,54.707886],[20.524007,54.707889],[20.524075,54.70786],[20.524304,54.707829],[20.524725,54.707798],[20.524725,54.707669]]]}},{"type":"Feature","properties":{"kind":"green","name":"","osm":"way/1185800317"},"geometry":{"type":"Polygon","coordinates":[[[20.524725,54.710024],[20.524654,54.710107],[20.524725,54.710113],[20.524725,54.710024]]]}},{"type":"Feature","properties":{"kind":"road","name":"","osm":"way/1277836084","highway":"cycleway","access":"","foot":""},"geometry":{"type":"LineString","coordinates":[[20.523485,54.704776],[20.525249,54.70479],[20.525244,54.70464],[20.525384,54.704619],[20.52582,54.704607],[20.526556,54.704532],[20.52753,54.704386],[20.528159,54.704309],[20.529028,54.704228],[20.529586,54.704169],[20.533214,54.703644],[20.534235,54.703316],[20.534382,54.703246],[20.534391,54.703072],[20.53449,54.702897],[20.534722,54.702765],[20.535022,54.702689],[20.535407,54.702712],[20.535628,54.702751],[20.535727,54.702728],[20.536084,54.702539],[20.536494,54.70237],[20.536823,54.702306],[20.53738,54.702101],[20.537488,54.702059],[20.53829,54.701752],[20.540178,54.701014],[20.540234,54.700991],[20.540302,54.700964],[20.540361,54.700944],[20.540855,54.70078],[20.541987,54.70049],[20.54271,54.700313],[20.542795,54.700292],[20.542893,54.700266],[20.544855,54.699764],[20.544901,54.699663],[20.544969,54.699556],[20.545105,54.699433],[20.545128,54.699421],[20.545204,54.699381],[20.545323,54.699346],[20.545379,54.69933],[20.545439,54.699312],[20.545634,54.699293],[20.545861,54.699301],[20.546056,54.699327],[20.546206,54.699313],[20.54645,54.699175],[20.546846,54.699017],[20.547132,54.698936],[20.547278,54.698878],[20.548033,54.698564],[20.549162,54.69816]]}},{"type":"Feature","properties":{"kind":"road","name":"","osm":"way/1277836085","highway":"cycleway","access":"","foot":""},"geometry":{"type":"LineString","coordinates":[[20.523479,54.704953],[20.525239,54.704967],[20.525241,54.705061],[20.525323,54.705206],[20.525604,54.705135],[20.526005,54.705059],[20.527699,54.704806],[20.528449,54.704642],[20.529089,54.704535],[20.529068,54.704496]]}},{"type":"Feature","properties":{"kind":"green","name":"","osm":"way/1558940163"},"geometry":{"type":"Polygon","coordinates":[[[20.524566,54.706628],[20.524016,54.706683],[20.523885,54.706623],[20.523787,54.706659],[20.523815,54.706539],[20.524174,54.706099],[20.524641,54.705583],[20.524725,54.705518],[20.524725,54.706015],[20.524475,54.706064],[20.524566,54.706628]]]}},{"type":"Feature","properties":{"kind":"green","name":"","osm":"way/1558940164"},"geometry":{"type":"Polygon","coordinates":[[[20.524725,54.704473],[20.524674,54.704453],[20.524455,54.704304],[20.52433,54.704168],[20.524071,54.703774],[20.524725,54.703627],[20.524725,54.704473]]]}},{"type":"Feature","properties":{"kind":"road","name":"улица Багратиона","osm":"way/31144199","highway":"secondary","access":"","foot":""},"geometry":{"type":"LineString","coordinates":[[20.494555,54.697273],[20.49443,54.697225],[20.494144,54.697119],[20.49405,54.69705],[20.493985,54.696992]]}},{"type":"Feature","properties":{"kind":"road","name":"Эпроновская улица","osm":"way/41911949","highway":"tertiary","access":"","foot":"no"},"geometry":{"type":"LineString","coordinates":[[20.513866,54.699719],[20.513864,54.69976],[20.513842,54.70015],[20.513811,54.700252]]}},{"type":"Feature","properties":{"kind":"road","name":"улица Багратиона","osm":"way/44387207","highway":"secondary","access":"","foot":""},"geometry":{"type":"LineString","coordinates":[[20.511494,54.699508],[20.511966,54.699543]]}},{"type":"Feature","properties":{"kind":"road","name":"улица Новый Вал","osm":"way/44387293","highway":"residential","access":"","foot":""},"geometry":{"type":"LineString","coordinates":[[20.509511,54.699372],[20.509507,54.699396],[20.509505,54.699405],[20.509501,54.699426]]}},{"type":"Feature","properties":{"kind":"road","name":"","osm":"way/44387735","highway":"service","access":"","foot":""},"geometry":{"type":"LineString","coordinates":[[20.495252,54.699528],[20.49534,54.699492],[20.495456,54.699354],[20.495588,54.699312],[20.495734,54.699111],[20.49615,54.698501],[20.49635,54.69821],[20.49584,54.698109],[20.495769,54.698095],[20.495542,54.698051],[20.494564,54.697881],[20.49447,54.697857]]}},{"type":"Feature","properties":{"kind":"road","name":"Ленинский проспект","osm":"way/45507669","highway":"primary","access":"","foot":"no"},"geometry":{"type":"LineString","coordinates":[[20.50283,54.698676],[20.502718,54.698534],[20.502604,54.698415],[20.502563,54.698377],[20.500914,54.6968],[20.500525,54.696398]]}},{"type":"Feature","properties":{"kind":"road","name":"Омская улица","osm":"way/46726525","highway":"residential","access":"","foot":""},"geometry":{"type":"LineString","coordinates":[[20.505912,54.699251],[20.505913,54.699225],[20.505918,54.699199],[20.50592,54.699183],[20.505923,54.699144],[20.505925,54.699099],[20.505942,54.698832],[20.50601,54.698059],[20.506063,54.697252]]}},{"type":"Feature","properties":{"kind":"road","name":"улица Подполковника Половца","osm":"way/46726542","highway":"living_street","access":"","foot":""},"geometry":{"type":"LineString","coordinates":[[20.50877,54.699387],[20.508771,54.699368],[20.508771,54.699352],[20.508771,54.699325]]}},{"type":"Feature","properties":{"kind":"building","name":"Кирха Святого Семейства","osm":"way/47184395"},"geometry":{"type":"Polygon","coordinates":[[[20.509518,54.697971],[20.509623,54.697972],[20.509621,54.698047],[20.509726,54.698048],[20.509729,54.697973],[20.509838,54.697974],[20.50984,54.697918],[20.509846,54.697729],[20.509848,54.697657],[20.509824,54.697657],[20.509742,54.697656],[20.509694,54.697655],[20.509688,54.697655],[20.509636,54.697654],[20.509528,54.697653],[20.509526,54.697725],[20.50952,54.697915],[20.509518,54.697971]]]}},{"type":"Feature","properties":{"kind":"road","name":"Октябрьская улица","osm":"way/48754756","highway":"secondary","access":"","foot":""},"geometry":{"type":"LineString","coordinates":[[20.518044,54.699756],[20.517998,54.699674],[20.517803,54.699366],[20.517587,54.69907]]}},{"type":"Feature","properties":{"kind":"road","name":"","osm":"way/48761327","highway":"service","access":"","foot":""},"geometry":{"type":"LineString","coordinates":[[20.520012,54.705527],[20.520336,54.70546],[20.520594,54.705415],[20.520593,54.70534],[20.520562,54.705288],[20.520333,54.704911],[20.520333,54.704866],[20.520346,54.704829],[20.520372,54.704787],[20.520395,54.704744],[20.520337,54.704651],[20.520179,54.704434],[20.520155,54.704401],[20.520113,54.704342],[20.520083,54.704301]]}},{"type":"Feature","properties":{"kind":"road","name":"","osm":"way/48761328","highway":"service","access":"","foot":""},"geometry":{"type":"LineString","coordinates":[[20.521718,54.705339],[20.521829,54.705146],[20.521867,54.705089],[20.521939,54.704994],[20.52196,54.704945],[20.521964,54.704853],[20.521746,54.704424],[20.522169,54.704329],[20.522613,54.704262]]}},{"type":"Feature","properties":{"kind":"road","name":"","osm":"way/48763834","highway":"service","access":"","foot":""},"geometry":{"type":"LineString","coordinates":[[20.520602,54.702289],[20.520477,54.702234],[20.520342,54.702197],[20.52027,54.702158],[20.519932,54.70166],[20.52032,54.701572]]}},{"type":"Feature","properties":{"kind":"road","name":"Солнечный бульвар","osm":"way/48765617","highway":"residential","access":"","foot":""},"geometry":{"type":"LineString","coordinates":[[20.518624,54.703978],[20.518966,54.70456],[20.51899,54.704602]]}},{"type":"Feature","properties":{"kind":"road","name":"","osm":"way/48765937","highway":"service","access":"","foot":""},"geometry":{"type":"LineString","coordinates":[[20.518045,54.700779],[20.518298,54.701207],[20.518391,54.701358],[20.518888,54.70217],[20.519007,54.702393],[20.517622,54.702694]]}},{"type":"Feature","properties":{"kind":"road","name":"","osm":"way/48765938","highway":"tertiary","access":"","foot":""},"geometry":{"type":"LineString","coordinates":[[20.518045,54.700779],[20.518246,54.700773],[20.520106,54.700386]]}},{"type":"Feature","properties":{"kind":"road","name":"Октябрьская улица","osm":"way/48765943","highway":"service","access":"","foot":""},"geometry":{"type":"LineString","coordinates":[[20.518584,54.703842],[20.518411,54.703584],[20.517696,54.702793],[20.517622,54.702694],[20.516953,54.701644],[20.516892,54.701615],[20.516859,54.701604],[20.516818,54.70159]]}},{"type":"Feature","properties":{"kind":"road","name":"Малая Песочная улица","osm":"way/49205132","highway":"residential","access":"","foot":""},"geometry":{"type":"LineString","coordinates":[[20.515187,54.697873],[20.515193,54.697984],[20.515213,54.698085],[20.515228,54.698113],[20.515444,54.698504],[20.515454,54.698523],[20.51547,54.698551]]}},{"type":"Feature","properties":{"kind":"green","name":"","osm":"way/49205976"},"geometry":{"type":"Polygon","coordinates":[[[20.517154,54.698068],[20.516978,54.697792],[20.516958,54.697697],[20.516963,54.697592],[20.51701,54.697504],[20.517156,54.697404],[20.517372,54.697334],[20.517798,54.697342],[20.518091,54.697367],[20.518341,54.697431],[20.518547,54.69753],[20.518301,54.697657],[20.518044,54.697754],[20.518004,54.697722],[20.517571,54.69787],[20.517616,54.697913],[20.517154,54.698068]]]}},{"type":"Feature","properties":{"kind":"road","name":"","osm":"way/49205977","highway":"footway","access":"","foot":""},"geometry":{"type":"LineString","coordinates":[[20.517489,54.697555],[20.517456,54.697567],[20.517433,54.697584],[20.517421,54.697605],[20.517422,54.697626],[20.517436,54.697647],[20.517462,54.697663],[20.517495,54.697674],[20.517528,54.697677],[20.517561,54.697674],[20.517591,54.697666],[20.517616,54.697653],[20.517632,54.697636],[20.517639,54.697617],[20.517636,54.697598],[20.517622,54.69758],[20.517597,54.697564],[20.517563,54.697553],[20.517543,54.697552],[20.517526,54.69755],[20.517489,54.697555]]}},{"type":"Feature","properties":{"kind":"road","name":"","osm":"way/49207228","highway":"pedestrian","access":"","foot":""},"geometry":{"type":"LineString","coordinates":[[20.50988,54.698155],[20.510373,54.698479],[20.51015,54.698535]]}},{"type":"Feature","properties":{"kind":"green","name":"","osm":"way/49207229"},"geometry":{"type":"Polygon","coordinates":[[[20.51016,54.69849],[20.510318,54.698464],[20.509881,54.698179],[20.509601,54.698191],[20.509646,54.698385],[20.510153,54.698385],[20.51016,54.69849]]]}},{"type":"Feature","properties":{"kind":"green","name":"","osm":"way/49207230"},"geometry":{"type":"Polygon","coordinates":[[[20.51034,54.698418],[20.510338,54.698127],[20.509976,54.697963],[20.509969,54.698046],[20.509911,54.69815],[20.51034,54.698418]]]}},{"type":"Feature","properties":{"kind":"road","name":"Красноармейская улица","osm":"way/49207231","highway":"residential","access":"","foot":""},"geometry":{"type":"LineString","coordinates":[[20.510396,54.699431],[20.510391,54.69939],[20.510391,54.699364],[20.510392,54.69932]]}},{"type":"Feature","properties":{"kind":"road","name":"","osm":"way/49207233","highway":"pedestrian","access":"","foot":""},"geometry":{"type":"LineString","coordinates":[[20.509955,54.697917],[20.510362,54.698105]]}},{"type":"Feature","properties":{"kind":"road","name":"","osm":"way/49207234","highway":"pedestrian","access":"","foot":""},"geometry":{"type":"LineString","coordinates":[[20.509961,54.697829],[20.510351,54.697709]]}},{"type":"Feature","properties":{"kind":"road","name":"","osm":"way/49207235","highway":"footway","access":"","foot":""},"geometry":{"type":"LineString","coordinates":[[20.51034,54.697356],[20.509802,54.697558]]}},{"type":"Feature","properties":{"kind":"road","name":"","osm":"way/49207237","highway":"pedestrian","access":"","foot":""},"geometry":{"type":"LineString","coordinates":[[20.509611,54.697199],[20.509616,54.697521],[20.50957,54.697581],[20.50957,54.69762],[20.509865,54.697626],[20.50986,54.697991],[20.509723,54.698108],[20.509718,54.698152],[20.50988,54.698155],[20.509947,54.698047],[20.509955,54.697917],[20.509961,54.697829],[20.509972,54.697656],[20.509802,54.697558],[20.509751,54.697528],[20.509713,54.697506],[20.509752,54.6972],[20.509611,54.697199]]}},{"type":"Feature","properties":{"kind":"road","name":"","osm":"way/49207238","highway":"footway","access":"","foot":""},"geometry":{"type":"LineString","coordinates":[[20.510094,54.697302],[20.509751,54.697528]]}},{"type":"Feature","properties":{"kind":"green","name":"","osm":"way/49207239"},"geometry":{"type":"Polygon","coordinates":[[[20.510051,54.697932],[20.510051,54.697824],[20.51033,54.697747],[20.510338,54.698065],[20.510051,54.697932]]]}},{"type":"Feature","properties":{"kind":"green","name":"","osm":"way/49207240"},"geometry":{"type":"Polygon","coordinates":[[[20.509986,54.697807],[20.510326,54.6977],[20.510311,54.697311],[20.509949,54.69732],[20.509939,54.697213],[20.509768,54.697209],[20.509736,54.697501],[20.509992,54.69765],[20.509986,54.697807]]]}},{"type":"Feature","properties":{"kind":"road","name":"","osm":"way/49207241","highway":"footway","access":"","foot":""},"geometry":{"type":"LineString","coordinates":[[20.510379,54.698699],[20.510258,54.698901],[20.510256,54.699078],[20.510389,54.699028]]}},{"type":"Feature","properties":{"kind":"road","name":"улица Младшего лейтенанта Ротко","osm":"way/49207349","highway":"residential","access":"","foot":""},"geometry":{"type":"LineString","coordinates":[[20.5069,54.6971],[20.5069,54.69713],[20.506911,54.698063],[20.50692,54.698884],[20.506922,54.699175],[20.506923,54.699224]]}},{"type":"Feature","properties":{"kind":"road","name":"Ореховая улица","osm":"way/49207532","highway":"residential","access":"","foot":""},"geometry":{"type":"LineString","coordinates":[[20.503687,54.698867],[20.503679,54.698915],[20.503668,54.698969]]}},{"type":"Feature","properties":{"kind":"road","name":"Ореховая улица","osm":"way/49207533","highway":"residential","access":"","foot":""},"geometry":{"type":"LineString","coordinates":[[20.503956,54.697018],[20.503944,54.697073],[20.503923,54.697245],[20.503894,54.697472]]}},{"type":"Feature","properties":{"kind":"road","name":"Ореховая улица","osm":"way/49207534","highway":"living_street","access":"","foot":""},"geometry":{"type":"LineString","coordinates":[[20.503894,54.697472],[20.503854,54.697714]]}},{"type":"Feature","properties":{"kind":"road","name":"Ореховая улица","osm":"way/49207535","highway":"steps","access":"","foot":""},"geometry":{"type":"LineString","coordinates":[[20.503854,54.697852],[20.503854,54.697714]]}},{"type":"Feature","properties":{"kind":"road","name":"Мореходная улица","osm":"way/49211508","highway":"service","access":"private","foot":""},"geometry":{"type":"LineString","coordinates":[[20.506712,54.701526],[20.506192,54.700656],[20.505948,54.700247]]}},{"type":"Feature","properties":{"kind":"road","name":"Казанская улица","osm":"way/49211509","highway":"residential","access":"","foot":""},"geometry":{"type":"LineString","coordinates":[[20.509423,54.700112],[20.508897,54.700123],[20.508801,54.700125],[20.507741,54.700146],[20.506977,54.700168],[20.506592,54.700179],[20.505939,54.700198],[20.504683,54.700209],[20.504625,54.700212],[20.504395,54.700252]]}},{"type":"Feature","properties":{"kind":"road","name":"Казанская улица","osm":"way/49211511","highway":"pedestrian","access":"","foot":""},"geometry":{"type":"LineString","coordinates":[[20.504395,54.700252],[20.504004,54.700318]]}},{"type":"Feature","properties":{"kind":"road","name":"Мореходная улица","osm":"way/49211512","highway":"service","access":"","foot":""},"geometry":{"type":"LineString","coordinates":[[20.505948,54.700247],[20.505939,54.700198]]}},{"type":"Feature","properties":{"kind":"road","name":"Мореходный переулок","osm":"way/49211514","highway":"service","access":"","foot":""},"geometry":{"type":"LineString","coordinates":[[20.504737,54.701893],[20.504894,54.70186],[20.505676,54.701722],[20.506095,54.701648]]}},{"type":"Feature","properties":{"kind":"building","name":"","osm":"way/49211517"},"geometry":{"type":"Polygon","coordinates":[[[20.504756,54.701535],[20.504529,54.701104],[20.504631,54.701086],[20.504857,54.701517],[20.504756,54.701535]]]}},{"type":"Feature","properties":{"kind":"road","name":"","osm":"way/49211518","highway":"footway","access":"","foot":""},"geometry":{"type":"LineString","coordinates":[[20.505479,54.701948],[20.505676,54.701722]]}},{"type":"Feature","properties":{"kind":"road","name":"","osm":"way/49212273","highway":"service","access":"","foot":""},"geometry":{"type":"LineString","coordinates":[[20.508193,54.70193],[20.508181,54.701868],[20.508147,54.701689],[20.508006,54.700932],[20.50827,54.700928],[20.508498,54.700925],[20.508506,54.701642],[20.508351,54.701662],[20.508147,54.701689]]}},{"type":"Feature","properties":{"kind":"road","name":"","osm":"way/49212274","highway":"service","access":"","foot":""},"geometry":{"type":"LineString","coordinates":[[20.508351,54.701662],[20.50827,54.700928]]}},{"type":"Feature","properties":{"kind":"road","name":"улица Профессора Морозова","osm":"way/49212396","highway":"residential","access":"","foot":""},"geometry":{"type":"LineString","coordinates":[[20.510014,54.700231],[20.510058,54.700232],[20.510539,54.700243],[20.511496,54.700265],[20.511528,54.700266],[20.512218,54.700269],[20.512934,54.700287],[20.513234,54.7003],[20.513679,54.700318],[20.513758,54.700321]]}},{"type":"Feature","properties":{"kind":"building","name":"","osm":"way/49212860"},"geometry":{"type":"Polygon","coordinates":[[[20.509747,54.69959],[20.509961,54.6996],[20.510018,54.699636],[20.510021,54.699678],[20.509807,54.699669],[20.509737,54.699624],[20.509747,54.69959]]]}},{"type":"Feature","properties":{"kind":"road","name":"","osm":"way/49212861","highway":"footway","access":"","foot":""},"geometry":{"type":"LineString","coordinates":[[20.509755,54.699852],[20.50982,54.699855],[20.5099,54.69986],[20.509884,54.699949],[20.50974,54.699941],[20.509755,54.699852]]}},{"type":"Feature","properties":{"kind":"road","name":"","osm":"way/49212862","highway":"footway","access":"","foot":""},"geometry":{"type":"LineString","coordinates":[[20.50982,54.699855],[20.509895,54.699478]]}},{"type":"Feature","properties":{"kind":"road","name":"","osm":"way/49212863","highway":"footway","access":"","foot":""},"geometry":{"type":"LineString","coordinates":[[20.510125,54.699868],[20.5099,54.69986],[20.510178,54.699571]]}},{"type":"Feature","properties":{"kind":"road","name":"","osm":"way/49212864","highway":"pedestrian","access":"","foot":""},"geometry":{"type":"LineString","coordinates":[[20.510058,54.700232],[20.510061,54.700211],[20.51011,54.699963],[20.510125,54.699868],[20.510178,54.699571]]}},{"type":"Feature","properties":{"kind":"road","name":"","osm":"way/49212865","highway":"footway","access":"","foot":""},"geometry":{"type":"LineString","coordinates":[[20.510014,54.700231],[20.510001,54.700209],[20.509884,54.699949],[20.51011,54.699963]]}},{"type":"Feature","properties":{"kind":"road","name":"","osm":"way/49212866","highway":"footway","access":"","foot":""},"geometry":{"type":"LineString","coordinates":[[20.50974,54.699941],[20.509549,54.700205],[20.509533,54.700224]]}},{"type":"Feature","properties":{"kind":"green","name":"","osm":"way/49212868"},"geometry":{"type":"Polygon","coordinates":[[[20.510056,54.700144],[20.510145,54.699514],[20.509583,54.699487],[20.509495,54.700117],[20.510056,54.700144]]]}},{"type":"Feature","properties":{"kind":"road","name":"","osm":"way/49212869","highway":"footway","access":"","foot":""},"geometry":{"type":"LineString","coordinates":[[20.509755,54.699852],[20.50955,54.699582],[20.509518,54.699539]]}},{"type":"Feature","properties":{"kind":"road","name":"Железнодорожная улица","osm":"way/53579149","highway":"primary","access":"","foot":""},"geometry":{"type":"LineString","coordinates":[[20.491786,54.699636],[20.491822,54.699509],[20.491839,54.699448],[20.491937,54.699286]]}},{"type":"Feature","properties":{"kind":"rail","name":"","osm":"way/53579150"},"geometry":{"type":"LineString","coordinates":[[20.496488,54.70131],[20.496352,54.701169],[20.496126,54.700972],[20.495913,54.700803],[20.495552,54.700565],[20.494861,54.700182],[20.493817,54.699623],[20.493216,54.699279],[20.49246,54.698788],[20.492145,54.698579],[20.492023,54.698497]]}},{"type":"Feature","properties":{"kind":"rail","name":"","osm":"way/53579151"},"geometry":{"type":"LineString","coordinates":[[20.493216,54.699279],[20.49406,54.699682],[20.494769,54.699993],[20.495098,54.700148],[20.495748,54.700486],[20.496014,54.700636]]}},{"type":"Feature","properties":{"kind":"rail","name":"","osm":"way/53579152"},"geometry":{"type":"LineString","coordinates":[[20.49406,54.699682],[20.494743,54.700012],[20.495675,54.700528],[20.496022,54.700757],[20.496189,54.700887],[20.496602,54.701253]]}},{"type":"Feature","properties":{"kind":"road","name":"Железнодорожная улица","osm":"way/53579154","highway":"primary","access":"","foot":""},"geometry":{"type":"LineString","coordinates":[[20.491937,54.699286],[20.492547,54.698408]]}},{"type":"Feature","properties":{"kind":"rail","name":"","osm":"way/53579340"},"geometry":{"type":"LineString","coordinates":[[20.492675,54.700058],[20.492492,54.699449],[20.492326,54.699111],[20.492298,54.699054],[20.492173,54.698899],[20.492065,54.698748],[20.491929,54.698597],[20.491174,54.697894]]}},{"type":"Feature","properties":{"kind":"rail","name":"","osm":"way/53579341"},"geometry":{"type":"LineString","coordinates":[[20.49253,54.699818],[20.492475,54.699561],[20.492326,54.699111]]}},{"type":"Feature","properties":{"kind":"rail","name":"","osm":"way/56302385"},"geometry":{"type":"LineString","coordinates":[[20.495417,54.687582],[20.495293,54.68775],[20.495169,54.687909],[20.494798,54.688271],[20.494293,54.688631],[20.49375,54.689023],[20.493395,54.689326],[20.49313,54.689599],[20.492918,54.689845],[20.492642,54.690252],[20.492445,54.690597],[20.492297,54.690912],[20.491906,54.692106],[20.491784,54.692495],[20.491672,54.692774],[20.49158,54.692953],[20.49148,54.693131],[20.491037,54.693839],[20.490785,54.694235],[20.490547,54.694644],[20.490437,54.694963],[20.490365,54.695262],[20.490317,54.695532],[20.490312,54.696007],[20.49034,54.696242],[20.490392,54.696462],[20.490437,54.696598],[20.490507,54.696743],[20.490585,54.696869],[20.490657,54.696984],[20.49079,54.697193]]}},{"type":"Feature","properties":{"kind":"rail","name":"","osm":"way/56302386"},"geometry":{"type":"LineString","coordinates":[[20.490509,54.699874],[20.490508,54.699611],[20.490596,54.698983],[20.490638,54.698705],[20.490694,54.698272],[20.490683,54.697974],[20.4906,54.697698],[20.490516,54.697406],[20.490458,54.697258],[20.490405,54.697133],[20.490255,54.69676],[20.490032,54.696248],[20.48995,54.695879],[20.489915,54.695566],[20.489885,54.69524],[20.489873,54.695017],[20.489863,54.694798],[20.48989,54.694612],[20.489942,54.694383],[20.490017,54.694134],[20.490085,54.693899],[20.490193,54.693571],[20.490322,54.693179],[20.49069,54.692027],[20.491084,54.690812],[20.491221,54.690424],[20.491426,54.690043],[20.491677,54.689658],[20.492023,54.689248],[20.492347,54.688918],[20.492639,54.688666],[20.493203,54.688235],[20.493774,54.687869],[20.494028,54.687718],[20.49425,54.687592],[20.494691,54.687329],[20.495055,54.687156]]}},{"type":"Feature","properties":{"kind":"rail","name":"","osm":"way/56302390"},"geometry":{"type":"LineString","coordinates":[[20.491716,54.697879],[20.491202,54.698855]]}},{"type":"Feature","properties":{"kind":"rail","name":"","osm":"way/56302391"},"geometry":{"type":"LineString","coordinates":[[20.492023,54.698497],[20.491744,54.698304],[20.491174,54.697894],[20.491019,54.697753],[20.490887,54.69763],[20.490778,54.697524],[20.490674,54.697405],[20.490571,54.697263],[20.490473,54.697105],[20.490275,54.696582],[20.490253,54.696464],[20.490223,54.696239],[20.49022,54.696015],[20.490231,54.695532],[20.49023,54.695256],[20.49024,54.694993],[20.490266,54.694734],[20.490293,54.694583],[20.490412,54.694079],[20.490453,54.693925],[20.490557,54.693604],[20.490664,54.693215],[20.491036,54.692033],[20.491419,54.690842],[20.491562,54.690472],[20.491756,54.690104],[20.492017,54.689737],[20.492355,54.689328],[20.492669,54.689008],[20.492949,54.688775],[20.493465,54.688366],[20.493952,54.688033],[20.494249,54.687852],[20.494496,54.687726],[20.495054,54.687433],[20.495319,54.687278],[20.495881,54.68694]]}},{"type":"Feature","properties":{"kind":"rail","name":"","osm":"way/56302392"},"geometry":{"type":"LineString","coordinates":[[20.492023,54.698497],[20.49193,54.69839],[20.491667,54.698152],[20.49138,54.69791],[20.491259,54.697794],[20.491143,54.697677],[20.49104,54.697562],[20.490922,54.697404],[20.49079,54.697193]]}},{"type":"Feature","properties":{"kind":"rail","name":"","osm":"way/56302393"},"geometry":{"type":"LineString","coordinates":[[20.491107,54.698728],[20.491622,54.697755]]}},{"type":"Feature","properties":{"kind":"rail","name":"","osm":"way/56302396"},"geometry":{"type":"LineString","coordinates":[[20.492677,54.696635],[20.492446,54.696847],[20.4922,54.69709],[20.492016,54.697344],[20.491911,54.6975],[20.491836,54.69764],[20.491716,54.697879]]}},{"type":"Feature","properties":{"kind":"rail","name":"","osm":"way/56302398"},"geometry":{"type":"LineString","coordinates":[[20.492173,54.698899],[20.491871,54.6986],[20.4916,54.698356]]}},{"type":"Feature","properties":{"kind":"rail","name":"","osm":"way/61412870"},"geometry":{"type":"LineString","coordinates":[[20.490234,54.697185],[20.490129,54.69672],[20.490062,54.696453],[20.490032,54.696248],[20.489867,54.695863],[20.489793,54.69558],[20.48967,54.695147],[20.489633,54.694994],[20.489589,54.69477],[20.489554,54.694561],[20.48955,54.694332],[20.489537,54.694073],[20.489619,54.693536],[20.489713,54.693115],[20.490067,54.692003],[20.490475,54.690757],[20.490623,54.69034],[20.490822,54.689932],[20.491108,54.689525],[20.491458,54.68911],[20.491819,54.68877],[20.492149,54.68848],[20.493026,54.687738],[20.493258,54.687594],[20.493487,54.68748],[20.493712,54.687388],[20.49412,54.687244]]}},{"type":"Feature","properties":{"kind":"rail","name":"","osm":"way/61412876"},"geometry":{"type":"LineString","coordinates":[[20.491622,54.697755],[20.491697,54.697614],[20.491785,54.697471],[20.491892,54.69732],[20.492121,54.697063],[20.492365,54.696815],[20.492582,54.696603]]}},{"type":"Feature","properties":{"kind":"building","name":"Санкт-Петербургский государственный университет аэрокосмического приборостроения","osm":"way/88382625"},"geometry":{"type":"Polygon","coordinates":[[[20.506685,54.701109],[20.506465,54.700719],[20.506367,54.700738],[20.506326,54.700667],[20.506701,54.700596],[20.506789,54.700752],[20.506726,54.700764],[20.506813,54.700918],[20.506871,54.700907],[20.50691,54.700976],[20.507003,54.700958],[20.507033,54.70101],[20.506966,54.701023],[20.506982,54.701053],[20.506685,54.701109]]]}},{"type":"Feature","properties":{"kind":"building","name":"","osm":"way/88528093"},"geometry":{"type":"Polygon","coordinates":[[[20.502686,54.700604],[20.502658,54.700553],[20.502597,54.700564],[20.50254,54.700459],[20.501952,54.700566],[20.501999,54.700651],[20.501949,54.70066],[20.501994,54.700741],[20.50212,54.700718],[20.502093,54.700668],[20.50255,54.700585],[20.502572,54.700625],[20.502686,54.700604]]]}},{"type":"Feature","properties":{"kind":"building","name":"","osm":"way/89404487"},"geometry":{"type":"Polygon","coordinates":[[[20.499352,54.699357],[20.499458,54.699188],[20.499302,54.699155],[20.499229,54.699272],[20.498994,54.699223],[20.499065,54.69911],[20.498899,54.699076],[20.498831,54.699185],[20.498595,54.699135],[20.49866,54.699033],[20.498481,54.698995],[20.498382,54.699153],[20.498556,54.699189],[20.498497,54.699283],[20.498705,54.699327],[20.498764,54.699233],[20.499001,54.699283],[20.498938,54.699383],[20.499146,54.699426],[20.499208,54.699327],[20.499352,54.699357]]]}},{"type":"Feature","properties":{"kind":"building","name":"Лицей № 17","osm":"way/89970222"},"geometry":{"type":"Polygon","coordinates":[[[20.50021,54.701918],[20.500157,54.701809],[20.500163,54.701808],[20.500156,54.701791],[20.500236,54.701778],[20.500244,54.701794],[20.500493,54.701754],[20.500491,54.701751],[20.50051,54.701747],[20.500512,54.701751],[20.500599,54.701737],[20.500551,54.701635],[20.500494,54.701644],[20.50046,54.701573],[20.500517,54.701564],[20.500472,54.70147],[20.500417,54.701479],[20.500422,54.701489],[20.500402,54.701493],[20.500397,54.701482],[20.500058,54.701538],[20.500003,54.701425],[20.501024,54.701257],[20.50108,54.701371],[20.500742,54.701426],[20.500747,54.701436],[20.500727,54.701439],[20.500722,54.701429],[20.500666,54.701438],[20.500711,54.701533],[20.50073,54.70153],[20.500751,54.701574],[20.500731,54.701577],[20.500792,54.701706],[20.501148,54.701648],[20.501143,54.701638],[20.501164,54.701634],[20.501165,54.701637],[20.501227,54.701627],[20.50123,54.701635],[20.501237,54.701633],[20.50129,54.701743],[20.500843,54.701815],[20.500864,54.70186],[20.500679,54.70189],[20.500658,54.701845],[20.50021,54.701918]]]}},{"type":"Feature","properties":{"kind":"building","name":"","osm":"way/90677056"},"geometry":{"type":"Polygon","coordinates":[[[20.511943,54.698571],[20.51304,54.698665],[20.51307,54.698547],[20.511973,54.698453],[20.511943,54.698571]]]}},{"type":"Feature","properties":{"kind":"building","name":"","osm":"way/90677057"},"geometry":{"type":"Polygon","coordinates":[[[20.510545,54.698491],[20.510775,54.698487],[20.510769,54.698363],[20.510763,54.69824],[20.510756,54.698116],[20.510751,54.697992],[20.51052,54.697996],[20.510545,54.698491]]]}},{"type":"Feature","properties":{"kind":"building","name":"","osm":"way/90677058"},"geometry":{"type":"Polygon","coordinates":[[[20.512188,54.699458],[20.51242,54.69948],[20.512538,54.699065],[20.512305,54.699043],[20.512261,54.699201],[20.51222,54.699345],[20.512188,54.699458]]]}},{"type":"Feature","properties":{"kind":"building","name":"","osm":"way/90677063"},"geometry":{"type":"Polygon","coordinates":[[[20.506947,54.69732],[20.507162,54.697321],[20.507377,54.697322],[20.507591,54.697323],[20.507806,54.697324],[20.507808,54.697197],[20.507629,54.697196],[20.506949,54.697192],[20.506947,54.69732]]]}},{"type":"Feature","properties":{"kind":"building","name":"Женская консультация Московского района","osm":"way/90677064"},"geometry":{"type":"Polygon","coordinates":[[[20.505553,54.698712],[20.505797,54.698717],[20.505825,54.698176],[20.505828,54.69812],[20.505584,54.698116],[20.505579,54.698235],[20.505572,54.698354],[20.505565,54.698474],[20.505559,54.698593],[20.505553,54.698712]]]}},{"type":"Feature","properties":{"kind":"building","name":"","osm":"way/90677065"},"geometry":{"type":"Polygon","coordinates":[[[20.510665,54.699288],[20.511479,54.699351],[20.511507,54.69923],[20.511303,54.699214],[20.5111,54.699199],[20.510896,54.699183],[20.510693,54.699167],[20.510681,54.699219],[20.510665,54.699288]]]}},{"type":"Feature","properties":{"kind":"building","name":"","osm":"way/90677068"},"geometry":{"type":"Polygon","coordinates":[[[20.510515,54.697908],[20.510764,54.697905],[20.510759,54.697775],[20.510754,54.697641],[20.510749,54.697517],[20.510744,54.697388],[20.510494,54.697391],[20.510515,54.697908]]]}},{"type":"Feature","properties":{"kind":"building","name":"","osm":"way/90677069"},"geometry":{"type":"Polygon","coordinates":[[[20.506137,54.698405],[20.506421,54.698405],[20.506421,54.698255],[20.506137,54.698255],[20.506137,54.698405]]]}},{"type":"Feature","properties":{"kind":"building","name":"","osm":"way/90677072"},"geometry":{"type":"Polygon","coordinates":[[[20.509047,54.69881],[20.509041,54.698978],[20.509039,54.699035],[20.510189,54.699048],[20.510197,54.698824],[20.509047,54.69881]]]}},{"type":"Feature","properties":{"kind":"building","name":"","osm":"way/90677077"},"geometry":{"type":"Polygon","coordinates":[[[20.507268,54.697992],[20.507479,54.697987],[20.507482,54.697486],[20.507258,54.697481],[20.507261,54.697609],[20.507263,54.697737],[20.507266,54.697865],[20.507268,54.697992]]]}},{"type":"Feature","properties":{"kind":"building","name":"","osm":"way/90677079"},"geometry":{"type":"Polygon","coordinates":[[[20.504122,54.697884],[20.504012,54.698498],[20.504064,54.698502],[20.504245,54.698512],[20.504268,54.69839],[20.504289,54.698267],[20.504312,54.698144],[20.504334,54.698021],[20.504356,54.697898],[20.504122,54.697884]]]}},{"type":"Feature","properties":{"kind":"building","name":"","osm":"way/90677080"},"geometry":{"type":"Polygon","coordinates":[[[20.506034,54.698879],[20.506806,54.698906],[20.506819,54.698784],[20.506627,54.698777],[20.506419,54.69877],[20.506218,54.698763],[20.506047,54.698757],[20.506034,54.698879]]]}},{"type":"Feature","properties":{"kind":"building","name":"","osm":"way/90677081"},"geometry":{"type":"Polygon","coordinates":[[[20.507093,54.698783],[20.507299,54.698784],[20.507308,54.698136],[20.50709,54.698141],[20.507091,54.69827],[20.507091,54.698398],[20.507092,54.698526],[20.507092,54.698655],[20.507093,54.698783]]]}},{"type":"Feature","properties":{"kind":"building","name":"","osm":"way/90677082"},"geometry":{"type":"Polygon","coordinates":[[[20.507846,54.698811],[20.508264,54.698815],[20.508265,54.698795],[20.508268,54.698679],[20.508211,54.698679],[20.507851,54.698675],[20.507846,54.698811]]]}},{"type":"Feature","properties":{"kind":"building","name":"","osm":"way/90677083"},"geometry":{"type":"Polygon","coordinates":[[[20.50553,54.697955],[20.505757,54.697964],[20.505761,54.697843],[20.505766,54.697722],[20.50577,54.697602],[20.505775,54.697481],[20.505562,54.697472],[20.50553,54.697955]]]}},{"type":"Feature","properties":{"kind":"building","name":"","osm":"way/90677085"},"geometry":{"type":"Polygon","coordinates":[[[20.505002,54.699024],[20.505853,54.699069],[20.505873,54.698943],[20.505661,54.698932],[20.505448,54.698921],[20.505235,54.698909],[20.505022,54.698898],[20.505002,54.699024]]]}},{"type":"Feature","properties":{"kind":"building","name":"","osm":"way/90677088"},"geometry":{"type":"Polygon","coordinates":[[[20.507812,54.698211],[20.508083,54.698208],[20.508073,54.697914],[20.507801,54.697917],[20.507812,54.698211]]]}},{"type":"Feature","properties":{"kind":"building","name":"","osm":"way/90677092"},"geometry":{"type":"Polygon","coordinates":[[[20.513649,54.698763],[20.513894,54.698717],[20.514139,54.69867],[20.514384,54.698624],[20.514629,54.698578],[20.514874,54.698531],[20.515119,54.698485],[20.515044,54.698352],[20.513573,54.69863],[20.513649,54.698763]]]}},{"type":"Feature","properties":{"kind":"building","name":"","osm":"way/90677095"},"geometry":{"type":"Polygon","coordinates":[[[20.505105,54.697313],[20.505239,54.697316],[20.505522,54.697322],[20.505827,54.697328],[20.505971,54.697331],[20.50598,54.697196],[20.505522,54.697187],[20.505113,54.697178],[20.505103,54.697289],[20.505105,54.697313]]]}},{"type":"Feature","properties":{"kind":"building","name":"","osm":"way/90677097"},"geometry":{"type":"Polygon","coordinates":[[[20.507003,54.699075],[20.507862,54.69912],[20.507883,54.69899],[20.507668,54.698978],[20.507454,54.698967],[20.507239,54.698956],[20.507024,54.698944],[20.507003,54.699075]]]}},{"type":"Feature","properties":{"kind":"building","name":"","osm":"way/90677099"},"geometry":{"type":"Polygon","coordinates":[[[20.508477,54.698843],[20.50873,54.698835],[20.508729,54.69871],[20.508688,54.698711],[20.508471,54.698715],[20.508475,54.698811],[20.508477,54.698843]]]}},{"type":"Feature","properties":{"kind":"building","name":"","osm":"way/90677101"},"geometry":{"type":"Polygon","coordinates":[[[20.506097,54.698119],[20.506332,54.698129],[20.506341,54.698006],[20.506349,54.697883],[20.506357,54.697759],[20.506366,54.697634],[20.506114,54.697624],[20.506097,54.698119]]]}},{"type":"Feature","properties":{"kind":"building","name":"","osm":"way/90677102"},"geometry":{"type":"Polygon","coordinates":[[[20.512656,54.699493],[20.512882,54.699513],[20.512919,54.699374],[20.512955,54.699236],[20.512992,54.699097],[20.512766,54.699077],[20.512656,54.699493]]]}},{"type":"Feature","properties":{"kind":"building","name":"","osm":"way/90677105"},"geometry":{"type":"Polygon","coordinates":[[[20.511615,54.699391],[20.511837,54.699415],[20.511871,54.699309],[20.511915,54.69917],[20.51197,54.698997],[20.511747,54.698973],[20.511615,54.699391]]]}},{"type":"Feature","properties":{"kind":"building","name":"","osm":"way/90677107"},"geometry":{"type":"Polygon","coordinates":[[[20.5085,54.698383],[20.508737,54.698381],[20.508721,54.697725],[20.508485,54.697727],[20.508488,54.697858],[20.508491,54.697989],[20.508494,54.698121],[20.508497,54.698252],[20.5085,54.698383]]]}},{"type":"Feature","properties":{"kind":"building","name":"","osm":"way/90677109"},"geometry":{"type":"Polygon","coordinates":[[[20.510587,54.699086],[20.510817,54.699081],[20.510808,54.698957],[20.510799,54.698833],[20.51079,54.69871],[20.510781,54.698586],[20.510551,54.698592],[20.510587,54.699086]]]}},{"type":"Feature","properties":{"kind":"building","name":"МАОУ СОШ №12, корпус 1","osm":"way/90677110"},"geometry":{"type":"Polygon","coordinates":[[[20.513682,54.697586],[20.51367,54.69795],[20.513944,54.697953],[20.513953,54.697689],[20.514594,54.697696],[20.514587,54.697914],[20.51476,54.697915],[20.51477,54.697598],[20.513682,54.697586]]]}},{"type":"Feature","properties":{"kind":"building","name":"","osm":"way/90677111"},"geometry":{"type":"Polygon","coordinates":[[[20.506657,54.698132],[20.506885,54.698132],[20.506885,54.69765],[20.506657,54.69765],[20.506657,54.69777],[20.506657,54.697891],[20.506657,54.698012],[20.506657,54.698132]]]}},{"type":"Feature","properties":{"kind":"building","name":"","osm":"way/90677114"},"geometry":{"type":"Polygon","coordinates":[[[20.511218,54.69877],[20.511459,54.698769],[20.511441,54.6978],[20.5112,54.697802],[20.511203,54.69794],[20.511205,54.698079],[20.511208,54.698217],[20.51121,54.698355],[20.511213,54.698494],[20.511215,54.698632],[20.511218,54.69877]]]}},{"type":"Feature","properties":{"kind":"building","name":"","osm":"way/90681611"},"geometry":{"type":"Polygon","coordinates":[[[20.499432,54.698045],[20.499596,54.69804],[20.499512,54.697156],[20.499351,54.697161],[20.499363,54.697287],[20.499374,54.697413],[20.499386,54.697539],[20.499398,54.697666],[20.499409,54.697792],[20.499421,54.697918],[20.499432,54.698045]]]}},{"type":"Feature","properties":{"kind":"building","name":"","osm":"way/90681617"},"geometry":{"type":"Polygon","coordinates":[[[20.500387,54.699885],[20.500644,54.699835],[20.50016,54.698995],[20.499902,54.699045],[20.499955,54.699136],[20.500036,54.699277],[20.500111,54.699407],[20.500189,54.699543],[20.500256,54.699659],[20.500337,54.699798],[20.500387,54.699885]]]}},{"type":"Feature","properties":{"kind":"building","name":"","osm":"way/90681619"},"geometry":{"type":"Polygon","coordinates":[[[20.498729,54.697412],[20.499054,54.697311],[20.49883,54.697072],[20.498461,54.697072],[20.498422,54.697084],[20.498729,54.697412]]]}},{"type":"Feature","properties":{"kind":"building","name":"","osm":"way/90681623"},"geometry":{"type":"Polygon","coordinates":[[[20.497726,54.700283],[20.49796,54.700243],[20.497625,54.699595],[20.497391,54.699635],[20.497458,54.699765],[20.497567,54.699976],[20.497665,54.700166],[20.497726,54.700283]]]}},{"type":"Feature","properties":{"kind":"building","name":"","osm":"way/90681624"},"geometry":{"type":"Polygon","coordinates":[[[20.495985,54.698024],[20.496283,54.698087],[20.496581,54.698149],[20.496879,54.698211],[20.497177,54.698273],[20.497476,54.698336],[20.497774,54.698398],[20.498071,54.69846],[20.498152,54.698332],[20.496065,54.697896],[20.495985,54.698024]]]}},{"type":"Feature","properties":{"kind":"building","name":"","osm":"way/90681627"},"geometry":{"type":"Polygon","coordinates":[[[20.501897,54.700152],[20.502567,54.700031],[20.502467,54.699846],[20.501797,54.699966],[20.501897,54.700152]]]}},{"type":"Feature","properties":{"kind":"building","name":"","osm":"way/90681629"},"geometry":{"type":"Polygon","coordinates":[[[20.495379,54.697262],[20.495994,54.697391],[20.496075,54.697261],[20.495461,54.697132],[20.495379,54.697262]]]}},{"type":"Feature","properties":{"kind":"building","name":"","osm":"way/90681630"},"geometry":{"type":"Polygon","coordinates":[[[20.504741,54.700063],[20.504763,54.70019],[20.504881,54.700183],[20.505133,54.700168],[20.505375,54.700153],[20.50566,54.700136],[20.505847,54.700125],[20.505824,54.699998],[20.504741,54.700063]]]}},{"type":"Feature","properties":{"kind":"building","name":"","osm":"way/90681633"},"geometry":{"type":"Polygon","coordinates":[[[20.499202,54.701722],[20.49944,54.701684],[20.499402,54.701604],[20.499333,54.701459],[20.499275,54.701338],[20.499218,54.701217],[20.499157,54.701088],[20.499085,54.700938],[20.499042,54.700848],[20.498804,54.700885],[20.499202,54.701722]]]}},{"type":"Feature","properties":{"kind":"building","name":"","osm":"way/90681634"},"geometry":{"type":"Polygon","coordinates":[[[20.49475,54.698395],[20.4949,54.698305],[20.494378,54.698015],[20.494228,54.698105],[20.49475,54.698395]]]}},{"type":"Feature","properties":{"kind":"building","name":"","osm":"way/90681635"},"geometry":{"type":"Polygon","coordinates":[[[20.497526,54.697695],[20.497436,54.697835],[20.498563,54.698077],[20.498653,54.697937],[20.498428,54.697889],[20.498202,54.69784],[20.497977,54.697792],[20.497751,54.697744],[20.497526,54.697695]]]}},{"type":"Feature","properties":{"kind":"building","name":"","osm":"way/90681638"},"geometry":{"type":"Polygon","coordinates":[[[20.503578,54.70094],[20.503394,54.700977],[20.503475,54.701108],[20.503544,54.701221],[20.503613,54.701333],[20.503682,54.701445],[20.50375,54.701557],[20.503934,54.701519],[20.503578,54.70094]]]}},{"type":"Feature","properties":{"kind":"building","name":"","osm":"way/90681643"},"geometry":{"type":"Polygon","coordinates":[[[20.501065,54.700758],[20.501319,54.700711],[20.501207,54.70051],[20.500953,54.700557],[20.501065,54.700758]]]}},{"type":"Feature","properties":{"kind":"building","name":"","osm":"way/90681648"},"geometry":{"type":"Polygon","coordinates":[[[20.501848,54.700989],[20.502138,54.701511],[20.502341,54.701473],[20.502289,54.701379],[20.502189,54.701199],[20.502089,54.70102],[20.502051,54.700951],[20.501848,54.700989]]]}},{"type":"Feature","properties":{"kind":"building","name":"","osm":"way/90681653"},"geometry":{"type":"Polygon","coordinates":[[[20.495786,54.69807],[20.495901,54.697888],[20.49483,54.697662],[20.494715,54.697844],[20.494982,54.697901],[20.49525,54.697957],[20.495518,54.698014],[20.495786,54.69807]]]}},{"type":"Feature","properties":{"kind":"building","name":"","osm":"way/90681654"},"geometry":{"type":"Polygon","coordinates":[[[20.497348,54.701818],[20.498245,54.70136],[20.498058,54.701237],[20.497161,54.701695],[20.497348,54.701818]]]}},{"type":"Feature","properties":{"kind":"building","name":"","osm":"way/90681656"},"geometry":{"type":"Polygon","coordinates":[[[20.502677,54.701843],[20.503717,54.701637],[20.503647,54.701519],[20.503441,54.701559],[20.503233,54.701601],[20.503025,54.701642],[20.502817,54.701683],[20.502607,54.701725],[20.502677,54.701843]]]}},{"type":"Feature","properties":{"kind":"building","name":"","osm":"way/90681658"},"geometry":{"type":"Polygon","coordinates":[[[20.49842,54.69855],[20.498621,54.698592],[20.498822,54.698634],[20.499023,54.698677],[20.499224,54.698718],[20.499426,54.698761],[20.499619,54.698801],[20.499827,54.698845],[20.499892,54.698737],[20.498485,54.698443],[20.49842,54.69855]]]}},{"type":"Feature","properties":{"kind":"building","name":"","osm":"way/90681659"},"geometry":{"type":"Polygon","coordinates":[[[20.498798,54.697987],[20.498731,54.698099],[20.499396,54.698233],[20.499464,54.698121],[20.499297,54.698087],[20.499131,54.698054],[20.498964,54.69802],[20.498798,54.697987]]]}},{"type":"Feature","properties":{"kind":"building","name":"","osm":"way/90681663"},"geometry":{"type":"Polygon","coordinates":[[[20.495794,54.699293],[20.496049,54.699347],[20.496389,54.69942],[20.496712,54.699488],[20.497071,54.699565],[20.497242,54.699601],[20.497316,54.699484],[20.495869,54.699176],[20.495794,54.699293]]]}},{"type":"Feature","properties":{"kind":"building","name":"","osm":"way/90681667"},"geometry":{"type":"Polygon","coordinates":[[[20.502824,54.700102],[20.502892,54.70022],[20.50296,54.700337],[20.503028,54.700455],[20.503096,54.700572],[20.503163,54.70069],[20.503436,54.700637],[20.503097,54.700049],[20.502824,54.700102]]]}},{"type":"Feature","properties":{"kind":"building","name":"","osm":"way/90681672"},"geometry":{"type":"Polygon","coordinates":[[[20.497123,54.697623],[20.496946,54.697586],[20.496769,54.69755],[20.496592,54.697513],[20.496415,54.697476],[20.496238,54.69744],[20.496158,54.697568],[20.497043,54.697751],[20.497123,54.697623]]]}},{"type":"Feature","properties":{"kind":"building","name":"","osm":"way/90681673"},"geometry":{"type":"Polygon","coordinates":[[[20.504463,54.701029],[20.504713,54.700981],[20.504643,54.700858],[20.504573,54.700734],[20.504503,54.700611],[20.504433,54.700488],[20.504368,54.700372],[20.504139,54.700415],[20.504118,54.700419],[20.50415,54.700476],[20.504463,54.701029]]]}},{"type":"Feature","properties":{"kind":"building","name":"","osm":"way/90681677"},"geometry":{"type":"Polygon","coordinates":[[[20.498571,54.701649],[20.498255,54.701446],[20.498389,54.701376],[20.498706,54.70158],[20.498571,54.701649]]]}},{"type":"Feature","properties":{"kind":"building","name":"","osm":"way/90681682"},"geometry":{"type":"Polygon","coordinates":[[[20.507093,54.701692],[20.507404,54.701631],[20.507137,54.701183],[20.506827,54.701245],[20.507093,54.701692]]]}},{"type":"Feature","properties":{"kind":"building","name":"","osm":"way/90681687"},"geometry":{"type":"Polygon","coordinates":[[[20.497295,54.700332],[20.497254,54.700463],[20.497652,54.700505],[20.497693,54.700374],[20.497295,54.700332]]]}},{"type":"Feature","properties":{"kind":"building","name":"","osm":"way/90681688"},"geometry":{"type":"Polygon","coordinates":[[[20.497753,54.699455],[20.498279,54.698642],[20.498017,54.698585],[20.497912,54.698748],[20.497806,54.69891],[20.497701,54.699073],[20.497596,54.699236],[20.497491,54.699399],[20.497753,54.699455]]]}},{"type":"Feature","properties":{"kind":"building","name":"","osm":"way/90681694"},"geometry":{"type":"Polygon","coordinates":[[[20.502458,54.701121],[20.502599,54.701092],[20.502817,54.701048],[20.503035,54.701004],[20.503252,54.70096],[20.50347,54.700916],[20.503404,54.700807],[20.502392,54.701012],[20.502458,54.701121]]]}},{"type":"Feature","properties":{"kind":"building","name":"","osm":"way/90681704"},"geometry":{"type":"Polygon","coordinates":[[[20.500694,54.700272],[20.500975,54.70022],[20.500859,54.700012],[20.500578,54.700065],[20.500694,54.700272]]]}},{"type":"Feature","properties":{"kind":"building","name":"","osm":"way/90681710"},"geometry":{"type":"Polygon","coordinates":[[[20.502549,54.699452],[20.502604,54.699555],[20.502669,54.699676],[20.502734,54.699796],[20.502799,54.699917],[20.502864,54.700038],[20.503068,54.700002],[20.502753,54.699416],[20.502549,54.699452]]]}},{"type":"Feature","properties":{"kind":"building","name":"","osm":"way/90681718"},"geometry":{"type":"Polygon","coordinates":[[[20.49396,54.698551],[20.494221,54.698609],[20.49437,54.698383],[20.494109,54.698325],[20.49396,54.698551]]]}},{"type":"Feature","properties":{"kind":"building","name":"","osm":"way/90681722"},"geometry":{"type":"Polygon","coordinates":[[[20.501185,54.699694],[20.501393,54.699661],[20.501345,54.699566],[20.501255,54.699388],[20.501168,54.699215],[20.501113,54.699107],[20.500884,54.699146],[20.501185,54.699694]]]}},{"type":"Feature","properties":{"kind":"building","name":"","osm":"way/90681728"},"geometry":{"type":"Polygon","coordinates":[[[20.499509,54.700643],[20.49931,54.700256],[20.500324,54.700078],[20.500396,54.700214],[20.499645,54.70034],[20.499772,54.700601],[20.499509,54.700643]]]}},{"type":"Feature","properties":{"kind":"building","name":"","osm":"way/90681734"},"geometry":{"type":"Polygon","coordinates":[[[20.499102,54.7],[20.499209,54.699979],[20.499476,54.699928],[20.499679,54.699889],[20.49997,54.699833],[20.500158,54.699797],[20.500085,54.69967],[20.499675,54.699749],[20.499059,54.699867],[20.499029,54.699873],[20.499102,54.7]]]}},{"type":"Feature","properties":{"kind":"building","name":"","osm":"way/90681738"},"geometry":{"type":"Polygon","coordinates":[[[20.501112,54.698266],[20.501043,54.69839],[20.501611,54.698495],[20.50168,54.698371],[20.501432,54.698325],[20.501268,54.698295],[20.501112,54.698266]]]}},{"type":"Feature","properties":{"kind":"building","name":"","osm":"way/90681746"},"geometry":{"type":"Polygon","coordinates":[[[20.49989,54.6982],[20.499872,54.698316],[20.500766,54.698365],[20.500784,54.698249],[20.49989,54.6982]]]}},{"type":"Feature","properties":{"kind":"building","name":"","osm":"way/90681748"},"geometry":{"type":"Polygon","coordinates":[[[20.501318,54.699932],[20.501554,54.700403],[20.501771,54.700366],[20.501735,54.700296],[20.501661,54.700147],[20.501567,54.699959],[20.501536,54.699896],[20.501318,54.699932]]]}},{"type":"Feature","properties":{"kind":"building","name":"","osm":"way/90681754"},"geometry":{"type":"Polygon","coordinates":[[[20.498686,54.70057],[20.498932,54.700532],[20.498651,54.699931],[20.498406,54.699969],[20.498513,54.700198],[20.498632,54.700453],[20.498686,54.70057]]]}},{"type":"Feature","properties":{"kind":"building","name":"","osm":"way/90681759"},"geometry":{"type":"Polygon","coordinates":[[[20.494257,54.698739],[20.49451,54.698796],[20.494884,54.69888],[20.495049,54.698917],[20.495135,54.698789],[20.494343,54.698611],[20.494257,54.698739]]]}},{"type":"Feature","properties":{"kind":"building","name":"","osm":"way/90681768"},"geometry":{"type":"Polygon","coordinates":[[[20.500671,54.698737],[20.500887,54.698777],[20.501102,54.698816],[20.501317,54.698856],[20.501532,54.698895],[20.501748,54.698935],[20.501963,54.698974],[20.502178,54.699013],[20.502267,54.699058],[20.502355,54.699103],[20.50241,54.699204],[20.502466,54.699304],[20.502521,54.699404],[20.502739,54.699368],[20.502563,54.69905],[20.502427,54.698953],[20.50223,54.698887],[20.501133,54.698691],[20.500829,54.698636],[20.500723,54.698617],[20.500671,54.698737]]]}},{"type":"Feature","properties":{"kind":"building","name":"","osm":"way/90805877"},"geometry":{"type":"Polygon","coordinates":[[[20.501065,54.697911],[20.500959,54.697911],[20.500959,54.697708],[20.501265,54.697708],[20.501265,54.69794],[20.501392,54.69794],[20.501392,54.697882],[20.501576,54.697882],[20.501576,54.698091],[20.501065,54.698091],[20.501065,54.697911]]]}},{"type":"Feature","properties":{"kind":"building","name":"","osm":"way/90861286"},"geometry":{"type":"Polygon","coordinates":[[[20.508198,54.700735],[20.508416,54.700726],[20.508385,54.700451],[20.508167,54.700459],[20.508198,54.700735]]]}},{"type":"Feature","properties":{"kind":"building","name":"","osm":"way/90861287"},"geometry":{"type":"Polygon","coordinates":[[[20.516159,54.697518],[20.516203,54.697595],[20.516293,54.697754],[20.516387,54.697919],[20.516425,54.697986],[20.516463,54.698053],[20.516495,54.698108],[20.516701,54.698069],[20.516365,54.697479],[20.516159,54.697518]]]}},{"type":"Feature","properties":{"kind":"building","name":"","osm":"way/90861291"},"geometry":{"type":"Polygon","coordinates":[[[20.504623,54.698417],[20.504933,54.698424],[20.504967,54.697935],[20.504657,54.697928],[20.504623,54.698417]]]}},{"type":"Feature","properties":{"kind":"building","name":"Двери","osm":"way/90861298"},"geometry":{"type":"Polygon","coordinates":[[[20.516277,54.698585],[20.516501,54.698662],[20.516593,54.698573],[20.516369,54.698495],[20.516277,54.698585]]]}},{"type":"Feature","properties":{"kind":"building","name":"","osm":"way/90861299"},"geometry":{"type":"Polygon","coordinates":[[[20.509137,54.697958],[20.509159,54.69843],[20.509363,54.698427],[20.50934,54.697955],[20.509137,54.697958]]]}},{"type":"Feature","properties":{"kind":"building","name":"","osm":"way/90861300"},"geometry":{"type":"Polygon","coordinates":[[[20.506104,54.70005],[20.506208,54.699448],[20.505983,54.699435],[20.505969,54.699516],[20.505941,54.699674],[20.505915,54.699824],[20.50589,54.699968],[20.505879,54.700037],[20.506104,54.70005]]]}},{"type":"Feature","properties":{"kind":"building","name":"","osm":"way/90861302"},"geometry":{"type":"Polygon","coordinates":[[[20.505301,54.700678],[20.506001,54.700547],[20.505894,54.700356],[20.505194,54.700487],[20.505301,54.700678]]]}},{"type":"Feature","properties":{"kind":"building","name":"","osm":"way/90861309"},"geometry":{"type":"Polygon","coordinates":[[[20.503888,54.699927],[20.503487,54.699288],[20.503672,54.699162],[20.504643,54.699249],[20.50461,54.699366],[20.504405,54.699343],[20.5042,54.699319],[20.503995,54.699295],[20.50379,54.699272],[20.50377,54.699295],[20.503751,54.699317],[20.503817,54.699434],[20.503884,54.69955],[20.50395,54.699667],[20.504016,54.699784],[20.504083,54.6999],[20.503888,54.699927]]]}},{"type":"Feature","properties":{"kind":"building","name":"","osm":"way/90861313"},"geometry":{"type":"Polygon","coordinates":[[[20.513015,54.701988],[20.513257,54.701965],[20.513197,54.701759],[20.513132,54.701536],[20.512889,54.701559],[20.513015,54.701988]]]}},{"type":"Feature","properties":{"kind":"building","name":"","osm":"way/90861314"},"geometry":{"type":"Polygon","coordinates":[[[20.509093,54.700792],[20.509342,54.700782],[20.50928,54.700227],[20.509031,54.700236],[20.509046,54.700375],[20.509062,54.700514],[20.509078,54.700653],[20.509093,54.700792]]]}},{"type":"Feature","properties":{"kind":"building","name":"","osm":"way/90861315"},"geometry":{"type":"Polygon","coordinates":[[[20.51531,54.697485],[20.51546,54.697486],[20.515778,54.697488],[20.516098,54.697491],[20.516174,54.697491],[20.516176,54.697362],[20.515312,54.697356],[20.515311,54.697421],[20.51531,54.697485]]]}},{"type":"Feature","properties":{"kind":"building","name":"","osm":"way/90861318"},"geometry":{"type":"Polygon","coordinates":[[[20.511702,54.701126],[20.511832,54.701128],[20.511837,54.70108],[20.512116,54.701076],[20.512257,54.70107],[20.512411,54.701042],[20.512597,54.701007],[20.512915,54.700951],[20.513059,54.700924],[20.513161,54.70082],[20.51328,54.700698],[20.513433,54.700542],[20.513538,54.700435],[20.513298,54.70037],[20.512865,54.700823],[20.512231,54.700941],[20.512056,54.700951],[20.512056,54.700877],[20.5117,54.700875],[20.511702,54.701126]]]}},{"type":"Feature","properties":{"kind":"building","name":"","osm":"way/90861320"},"geometry":{"type":"Polygon","coordinates":[[[20.513123,54.699081],[20.51341,54.698888],[20.513323,54.698758],[20.513061,54.69892],[20.513061,54.699047],[20.513123,54.699081]]]}},{"type":"Feature","properties":{"kind":"building","name":"","osm":"way/90861321"},"geometry":{"type":"Polygon","coordinates":[[[20.504072,54.699951],[20.504242,54.700222],[20.504443,54.70018],[20.504409,54.700125],[20.504331,54.700001],[20.504274,54.699909],[20.504072,54.699951]]]}},{"type":"Feature","properties":{"kind":"building","name":"","osm":"way/90861322"},"geometry":{"type":"Polygon","coordinates":[[[20.513488,54.699312],[20.513711,54.699336],[20.513951,54.699363],[20.514249,54.699299],[20.514547,54.699236],[20.514845,54.699173],[20.515143,54.699109],[20.515441,54.699046],[20.515739,54.698982],[20.516037,54.698919],[20.515973,54.698794],[20.513939,54.699231],[20.513541,54.699193],[20.513488,54.699312]]]}},{"type":"Feature","properties":{"kind":"building","name":"","osm":"way/90861326"},"geometry":{"type":"Polygon","coordinates":[[[20.503991,54.697388],[20.504034,54.697094],[20.50428,54.697112],[20.504516,54.697125],[20.504833,54.697147],[20.505084,54.697163],[20.505103,54.697289],[20.504904,54.697289],[20.504904,54.697243],[20.504828,54.697241],[20.504715,54.69724],[20.50471,54.697308],[20.504795,54.697308],[20.504786,54.697693],[20.504521,54.69769],[20.504538,54.697267],[20.504187,54.697251],[20.504181,54.697305],[20.504225,54.697319],[20.504216,54.697411],[20.503991,54.697388]]]}},{"type":"Feature","properties":{"kind":"building","name":"","osm":"way/90861327"},"geometry":{"type":"Polygon","coordinates":[[[20.511005,54.69749],[20.511218,54.697492],[20.511432,54.697495],[20.511647,54.697497],[20.511861,54.697499],[20.512076,54.697502],[20.512078,54.697455],[20.512241,54.697457],[20.512402,54.697458],[20.5124,54.697513],[20.512619,54.697516],[20.512836,54.697518],[20.513053,54.697521],[20.513269,54.697523],[20.513482,54.697525],[20.513486,54.697406],[20.512404,54.697395],[20.512406,54.697322],[20.512078,54.697318],[20.512075,54.697389],[20.511008,54.697377],[20.511005,54.69749]]]}},{"type":"Feature","properties":{"kind":"building","name":"","osm":"way/90861328"},"geometry":{"type":"Polygon","coordinates":[[[20.508834,54.697216],[20.508834,54.69743],[20.509031,54.69743],[20.509031,54.697341],[20.509371,54.697344],[20.509374,54.697385],[20.509427,54.697384],[20.509535,54.697384],[20.509537,54.697216],[20.508834,54.697216]]]}},{"type":"Feature","properties":{"kind":"building","name":"","osm":"way/90861329"},"geometry":{"type":"Polygon","coordinates":[[[20.504869,54.699293],[20.504854,54.699408],[20.505071,54.699418],[20.505289,54.699427],[20.505485,54.699436],[20.505724,54.699447],[20.505871,54.699454],[20.505892,54.699332],[20.505042,54.6993],[20.504869,54.699293]]]}},{"type":"Feature","properties":{"kind":"building","name":"","osm":"way/90861333"},"geometry":{"type":"Polygon","coordinates":[[[20.504858,54.698987],[20.504886,54.698879],[20.504737,54.698866],[20.504498,54.698845],[20.504358,54.698833],[20.504352,54.698856],[20.50433,54.698941],[20.504858,54.698987]]]}},{"type":"Feature","properties":{"kind":"building","name":"","osm":"way/90861334"},"geometry":{"type":"Polygon","coordinates":[[[20.503978,54.697875],[20.504163,54.697881],[20.50417,54.697804],[20.504182,54.697684],[20.504192,54.697575],[20.504007,54.697569],[20.503978,54.697875]]]}},{"type":"Feature","properties":{"kind":"building","name":"","osm":"way/90861336"},"geometry":{"type":"Polygon","coordinates":[[[20.50862,54.697572],[20.508636,54.697229],[20.508443,54.697226],[20.508009,54.697219],[20.507824,54.697216],[20.507808,54.697555],[20.50798,54.697557],[20.507988,54.697385],[20.508072,54.697387],[20.508073,54.697357],[20.508379,54.697362],[20.508378,54.697395],[20.508455,54.697396],[20.508447,54.69757],[20.50862,54.697572]]]}},{"type":"Feature","properties":{"kind":"building","name":"","osm":"way/90861339"},"geometry":{"type":"Polygon","coordinates":[[[20.506613,54.700069],[20.506857,54.700082],[20.506875,54.699959],[20.506894,54.699836],[20.506913,54.699713],[20.506932,54.69959],[20.50695,54.699467],[20.506707,54.699455],[20.506613,54.700069]]]}},{"type":"Feature","properties":{"kind":"building","name":"","osm":"way/90861345"},"geometry":{"type":"Polygon","coordinates":[[[20.509113,54.701569],[20.509386,54.70156],[20.509323,54.700951],[20.50905,54.70096],[20.509063,54.701082],[20.509075,54.701204],[20.509088,54.701326],[20.5091,54.701448],[20.509113,54.701569]]]}},{"type":"Feature","properties":{"kind":"building","name":"","osm":"way/90861350"},"geometry":{"type":"Polygon","coordinates":[[[20.512179,54.70196],[20.512402,54.70196],[20.512402,54.701806],[20.512179,54.701806],[20.512179,54.70196]]]}},{"type":"Feature","properties":{"kind":"building","name":"","osm":"way/90863085"},"geometry":{"type":"Polygon","coordinates":[[[20.501696,54.698508],[20.501763,54.698394],[20.501883,54.698416],[20.502047,54.698447],[20.502298,54.698493],[20.502327,54.698467],[20.502301,54.698459],[20.502182,54.698339],[20.502119,54.698276],[20.502016,54.698172],[20.502215,54.698114],[20.502488,54.698382],[20.50255,54.698506],[20.502474,54.698555],[20.502441,54.69861],[20.502239,54.6986],[20.501696,54.698508]]]}},{"type":"Feature","properties":{"kind":"building","name":"","osm":"way/90863089"},"geometry":{"type":"Polygon","coordinates":[[[20.499457,54.697072],[20.499401,54.697092],[20.49938,54.697072],[20.499457,54.697072]]]}},{"type":"Feature","properties":{"kind":"building","name":"","osm":"way/90863090"},"geometry":{"type":"Polygon","coordinates":[[[20.495346,54.698518],[20.495456,54.698543],[20.495524,54.698443],[20.495414,54.698418],[20.495346,54.698518]]]}},{"type":"Feature","properties":{"kind":"building","name":"БЦ Панорама","osm":"way/90863091"},"geometry":{"type":"Polygon","coordinates":[[[20.503584,54.698532],[20.503383,54.698548],[20.503386,54.69857],[20.503301,54.698579],[20.503304,54.698601],[20.503314,54.698662],[20.503329,54.698753],[20.503351,54.698825],[20.503407,54.698862],[20.503529,54.698879],[20.503584,54.698532]]]}},{"type":"Feature","properties":{"kind":"building","name":"","osm":"way/90863094"},"geometry":{"type":"Polygon","coordinates":[[[20.493389,54.698442],[20.493508,54.698365],[20.493635,54.698284],[20.493476,54.698209],[20.49336,54.698276],[20.493195,54.698208],[20.493089,54.698285],[20.49325,54.698369],[20.493389,54.698442]]]}},{"type":"Feature","properties":{"kind":"building","name":"","osm":"way/90863095"},"geometry":{"type":"Polygon","coordinates":[[[20.503245,54.697686],[20.503254,54.697637],[20.503271,54.697549],[20.503287,54.697461],[20.503304,54.697373],[20.503327,54.697247],[20.503352,54.697261],[20.503371,54.697153],[20.503452,54.697155],[20.50354,54.697157],[20.503533,54.697186],[20.503643,54.697186],[20.503739,54.69719],[20.503757,54.697072],[20.503177,54.697072],[20.503055,54.697687],[20.503133,54.698072],[20.503203,54.698414],[20.503243,54.698584],[20.503301,54.698579],[20.503386,54.69857],[20.503383,54.698548],[20.503362,54.698427],[20.503342,54.698306],[20.503322,54.698185],[20.503301,54.698064],[20.503281,54.697943],[20.50326,54.697822],[20.503245,54.697686]]]}},{"type":"Feature","properties":{"kind":"building","name":"","osm":"way/90863101"},"geometry":{"type":"Polygon","coordinates":[[[20.494379,54.697565],[20.493732,54.698019],[20.493905,54.698079],[20.493983,54.698024],[20.494094,54.697945],[20.494195,54.697875],[20.494311,54.697793],[20.494447,54.697696],[20.494563,54.697722],[20.49465,54.697632],[20.494379,54.697565]]]}},{"type":"Feature","properties":{"kind":"building","name":"","osm":"way/90863102"},"geometry":{"type":"Polygon","coordinates":[[[20.493481,54.6982],[20.493645,54.698276],[20.493718,54.698224],[20.4938,54.698165],[20.493897,54.698095],[20.493732,54.698019],[20.493481,54.6982]]]}},{"type":"Feature","properties":{"kind":"building","name":"","osm":"way/90863103"},"geometry":{"type":"Polygon","coordinates":[[[20.491535,54.697072],[20.491535,54.697251],[20.491759,54.697163],[20.491651,54.697072],[20.491535,54.697072]]]}},{"type":"Feature","properties":{"kind":"building","name":"","osm":"way/90909997"},"geometry":{"type":"Polygon","coordinates":[[[20.521062,54.700909],[20.520829,54.700499],[20.520659,54.700531],[20.520892,54.700941],[20.521062,54.700909]]]}},{"type":"Feature","properties":{"kind":"building","name":"","osm":"way/90910002"},"geometry":{"type":"Polygon","coordinates":[[[20.521037,54.700998],[20.521289,54.701403],[20.521468,54.701366],[20.521216,54.700961],[20.521037,54.700998]]]}},{"type":"Feature","properties":{"kind":"building","name":"","osm":"way/90910004"},"geometry":{"type":"Polygon","coordinates":[[[20.52173,54.701655],[20.521562,54.70169],[20.521834,54.70212],[20.522002,54.702085],[20.52173,54.701655]]]}},{"type":"Feature","properties":{"kind":"building","name":"","osm":"way/90910011"},"geometry":{"type":"Polygon","coordinates":[[[20.52247,54.703298],[20.522775,54.703236],[20.522668,54.703058],[20.52246,54.7031],[20.522362,54.70312],[20.522424,54.703223],[20.52247,54.703298]]]}},{"type":"Feature","properties":{"kind":"building","name":"","osm":"way/90910012"},"geometry":{"type":"Polygon","coordinates":[[[20.521277,54.701567],[20.521557,54.701509],[20.521468,54.701366],[20.521289,54.701403],[20.521188,54.701424],[20.521259,54.701539],[20.521277,54.701567]]]}},{"type":"Feature","properties":{"kind":"building","name":"","osm":"way/90910014"},"geometry":{"type":"Polygon","coordinates":[[[20.521188,54.701424],[20.520443,54.701579],[20.520514,54.701693],[20.521259,54.701539],[20.521188,54.701424]]]}},{"type":"Feature","properties":{"kind":"building","name":"","osm":"way/90910016"},"geometry":{"type":"Polygon","coordinates":[[[20.522276,54.702409],[20.522068,54.702451],[20.52246,54.7031],[20.522668,54.703058],[20.522276,54.702409]]]}},{"type":"Feature","properties":{"kind":"building","name":"","osm":"way/90910021"},"geometry":{"type":"Polygon","coordinates":[[[20.521074,54.702474],[20.520884,54.702514],[20.521162,54.702953],[20.521352,54.702913],[20.521074,54.702474]]]}},{"type":"Feature","properties":{"kind":"building","name":"","osm":"way/90910023"},"geometry":{"type":"Polygon","coordinates":[[[20.521667,54.70326],[20.521729,54.703363],[20.522424,54.703223],[20.522362,54.70312],[20.521667,54.70326]]]}},{"type":"Feature","properties":{"kind":"building","name":"","osm":"way/90910025"},"geometry":{"type":"Polygon","coordinates":[[[20.521111,54.702383],[20.521823,54.702232],[20.521762,54.702136],[20.52105,54.702286],[20.521111,54.702383]]]}},{"type":"Feature","properties":{"kind":"building","name":"","osm":"way/90910026"},"geometry":{"type":"Polygon","coordinates":[[[20.522535,54.704718],[20.522639,54.704718],[20.522639,54.704631],[20.522535,54.704631],[20.522535,54.704718]]]}},{"type":"Feature","properties":{"kind":"building","name":"","osm":"way/90910033"},"geometry":{"type":"Polygon","coordinates":[[[20.5226,54.70405],[20.521522,54.704272],[20.521592,54.704386],[20.52267,54.704164],[20.5226,54.70405]]]}},{"type":"Feature","properties":{"kind":"building","name":"","osm":"way/90910035"},"geometry":{"type":"Polygon","coordinates":[[[20.520652,54.702113],[20.520377,54.701673],[20.520178,54.701715],[20.520453,54.702154],[20.520652,54.702113]]]}},{"type":"Feature","properties":{"kind":"building","name":"","osm":"way/90910036"},"geometry":{"type":"Polygon","coordinates":[[[20.521635,54.703382],[20.521445,54.703421],[20.521711,54.703857],[20.521902,54.703818],[20.521635,54.703382]]]}},{"type":"Feature","properties":{"kind":"building","name":"","osm":"way/90910042"},"geometry":{"type":"Polygon","coordinates":[[[20.521671,54.704909],[20.521887,54.704865],[20.521621,54.704432],[20.521405,54.704477],[20.521671,54.704909]]]}},{"type":"Feature","properties":{"kind":"building","name":"","osm":"way/90910043"},"geometry":{"type":"Polygon","coordinates":[[[20.520203,54.705226],[20.519923,54.704797],[20.519759,54.704832],[20.52004,54.705261],[20.520203,54.705226]]]}},{"type":"Feature","properties":{"kind":"building","name":"","osm":"way/90910044"},"geometry":{"type":"Polygon","coordinates":[[[20.520356,54.701226],[20.520404,54.701297],[20.520555,54.701264],[20.520508,54.701193],[20.520356,54.701226]]]}},{"type":"Feature","properties":{"kind":"building","name":"","osm":"way/90910045"},"geometry":{"type":"Polygon","coordinates":[[[20.519891,54.702293],[20.520079,54.702259],[20.520023,54.702155],[20.519835,54.702189],[20.519891,54.702293]]]}},{"type":"Feature","properties":{"kind":"building","name":"","osm":"way/90910055"},"geometry":{"type":"Polygon","coordinates":[[[20.520527,54.700546],[20.520849,54.70048],[20.520745,54.700312],[20.520424,54.700379],[20.520527,54.700546]]]}},{"type":"Feature","properties":{"kind":"building","name":"","osm":"way/90910065"},"geometry":{"type":"Polygon","coordinates":[[[20.520765,54.701877],[20.520799,54.701936],[20.520935,54.70191],[20.520901,54.701851],[20.520765,54.701877]]]}},{"type":"Feature","properties":{"kind":"building","name":"теплопункт","osm":"way/90910068"},"geometry":{"type":"Polygon","coordinates":[[[20.519803,54.701221],[20.52,54.701173],[20.519933,54.701082],[20.519737,54.70113],[20.519803,54.701221]]]}},{"type":"Feature","properties":{"kind":"building","name":"Пятёрочка","osm":"way/90910080"},"geometry":{"type":"Polygon","coordinates":[[[20.520668,54.705288],[20.521409,54.705123],[20.5213,54.70496],[20.521201,54.704982],[20.521173,54.70494],[20.520818,54.705019],[20.520842,54.705055],[20.520554,54.705119],[20.520668,54.705288]]]}},{"type":"Feature","properties":{"kind":"building","name":"","osm":"way/90910081"},"geometry":{"type":"Polygon","coordinates":[[[20.521868,54.702303],[20.522108,54.702252],[20.522002,54.702085],[20.521834,54.70212],[20.521762,54.702136],[20.521823,54.702232],[20.521868,54.702303]]]}},{"type":"Feature","properties":{"kind":"rail","name":"","osm":"way/91264368"},"geometry":{"type":"LineString","coordinates":[[20.516863,54.698233],[20.516991,54.698202],[20.517088,54.698178],[20.517235,54.698137],[20.517407,54.698086]]}},{"type":"Feature","properties":{"kind":"rail","name":"","osm":"way/91277947"},"geometry":{"type":"LineString","coordinates":[[20.503306,54.698928],[20.503678,54.698997],[20.503808,54.699021],[20.504082,54.699061],[20.504355,54.699097],[20.504614,54.699127],[20.504949,54.699149],[20.505918,54.699199],[20.506921,54.699242],[20.507122,54.699254],[20.508771,54.699352],[20.509507,54.699396],[20.509849,54.69942],[20.510415,54.69946],[20.511489,54.699528],[20.512626,54.699602],[20.513025,54.699614],[20.513099,54.699616],[20.513142,54.699609],[20.513164,54.699595],[20.513196,54.699581],[20.513211,54.699573],[20.513218,54.699559],[20.513266,54.699367],[20.513295,54.699208],[20.51335,54.699126],[20.513475,54.699003],[20.513623,54.698948],[20.515183,54.698637],[20.515643,54.698524],[20.516157,54.698396],[20.516271,54.698368],[20.516706,54.698268],[20.516857,54.698234],[20.516863,54.698233]]}},{"type":"Feature","properties":{"kind":"road","name":"","osm":"way/97253391","highway":"footway","access":"","foot":""},"geometry":{"type":"LineString","coordinates":[[20.517902,54.698059],[20.517756,54.698142]]}},{"type":"Feature","properties":{"kind":"road","name":"улица Багратиона","osm":"way/97264559","highway":"secondary","access":"","foot":"yes"},"geometry":{"type":"LineString","coordinates":[[20.513164,54.699595],[20.513234,54.699598],[20.513283,54.699599],[20.513342,54.6996],[20.513621,54.699601],[20.513777,54.699602]]}},{"type":"Feature","properties":{"kind":"building","name":"Бранденбургские ворота","osm":"way/98840945"},"geometry":{"type":"Polygon","coordinates":[[[20.494424,54.697383],[20.494454,54.697358],[20.494531,54.697293],[20.494555,54.697273],[20.494604,54.697232],[20.494642,54.697201],[20.494742,54.697117],[20.49493,54.697192],[20.49483,54.697276],[20.494797,54.697304],[20.494745,54.697347],[20.494719,54.697368],[20.494646,54.69743],[20.494612,54.697458],[20.494514,54.697419],[20.494424,54.697383]]]}},{"type":"Feature","properties":{"kind":"building","name":"","osm":"way/98888767"},"geometry":{"type":"Polygon","coordinates":[[[20.518311,54.70103],[20.518375,54.70112],[20.518578,54.701071],[20.518889,54.700997],[20.519072,54.700953],[20.519007,54.700863],[20.518311,54.70103]]]}},{"type":"Feature","properties":{"kind":"building","name":"","osm":"way/98888769"},"geometry":{"type":"Polygon","coordinates":[[[20.519034,54.700793],[20.518969,54.700695],[20.519648,54.700545],[20.519713,54.700643],[20.51957,54.700675],[20.519224,54.700751],[20.519034,54.700793]]]}},{"type":"Feature","properties":{"kind":"building","name":"","osm":"way/98888770"},"geometry":{"type":"Polygon","coordinates":[[[20.518327,54.701465],[20.518164,54.701499],[20.518235,54.701612],[20.518306,54.701725],[20.518377,54.701838],[20.518448,54.70195],[20.518519,54.702063],[20.51859,54.702176],[20.518752,54.702142],[20.518327,54.701465]]]}},{"type":"Feature","properties":{"kind":"building","name":"","osm":"way/98888772"},"geometry":{"type":"Polygon","coordinates":[[[20.518042,54.702444],[20.518109,54.702545],[20.518298,54.702503],[20.518633,54.702428],[20.518817,54.702387],[20.518749,54.702286],[20.518042,54.702444]]]}},{"type":"Feature","properties":{"kind":"building","name":"","osm":"way/98888783"},"geometry":{"type":"Polygon","coordinates":[[[20.517568,54.701374],[20.517622,54.701451],[20.517522,54.701474],[20.517613,54.701604],[20.517348,54.701666],[20.517254,54.701531],[20.517383,54.701501],[20.517332,54.701428],[20.517568,54.701374]]]}},{"type":"Feature","properties":{"kind":"building","name":"","osm":"way/98888788"},"geometry":{"type":"Polygon","coordinates":[[[20.518917,54.702787],[20.5188,54.70259],[20.518983,54.702549],[20.5191,54.702752],[20.518917,54.702787]]]}},{"type":"Feature","properties":{"kind":"building","name":"","osm":"way/98888790"},"geometry":{"type":"Polygon","coordinates":[[[20.517784,54.702899],[20.517622,54.702936],[20.517697,54.703048],[20.517773,54.70316],[20.517848,54.703272],[20.517924,54.703384],[20.517999,54.703496],[20.518075,54.703608],[20.518237,54.703571],[20.517784,54.702899]]]}},{"type":"Feature","properties":{"kind":"building","name":"","osm":"way/98888791"},"geometry":{"type":"Polygon","coordinates":[[[20.518285,54.703734],[20.51836,54.703832],[20.518189,54.703867],[20.517837,54.70394],[20.517653,54.703978],[20.517588,54.703883],[20.518285,54.703734]]]}},{"type":"Feature","properties":{"kind":"building","name":"","osm":"way/98888818"},"geometry":{"type":"Polygon","coordinates":[[[20.521197,54.70452],[20.521065,54.704306],[20.521489,54.704218],[20.521522,54.704272],[20.521592,54.704386],[20.521621,54.704432],[20.521405,54.704477],[20.521197,54.70452]]]}},{"type":"Feature","properties":{"kind":"building","name":"","osm":"way/98888825"},"geometry":{"type":"Polygon","coordinates":[[[20.522502,54.703892],[20.522949,54.7038],[20.523047,54.703958],[20.522786,54.704012],[20.5226,54.70405],[20.522502,54.703892]]]}},{"type":"Feature","properties":{"kind":"building","name":"","osm":"way/102136346"},"geometry":{"type":"Polygon","coordinates":[[[20.514041,54.699719],[20.514013,54.699738],[20.513995,54.699801],[20.51399,54.70007],[20.514136,54.700069],[20.514146,54.699859],[20.514176,54.699853],[20.51418,54.699817],[20.51438,54.699794],[20.514532,54.699777],[20.514551,54.699759],[20.514756,54.699719],[20.514929,54.699686],[20.514877,54.699593],[20.514499,54.699666],[20.514041,54.699719]]]}},{"type":"Feature","properties":{"kind":"road","name":"","osm":"way/103180489","highway":"service","access":"","foot":""},"geometry":{"type":"LineString","coordinates":[[20.518391,54.701358],[20.518005,54.701439],[20.517623,54.701518]]}},{"type":"Feature","properties":{"kind":"road","name":"","osm":"way/103180490","highway":"service","access":"","foot":""},"geometry":{"type":"LineString","coordinates":[[20.518005,54.701439],[20.518535,54.702246],[20.518888,54.70217]]}},{"type":"Feature","properties":{"kind":"road","name":"","osm":"way/103180495","highway":"service","access":"","foot":""},"geometry":{"type":"LineString","coordinates":[[20.518298,54.701207],[20.519144,54.701005],[20.519236,54.700929],[20.520317,54.700698],[20.520776,54.701417],[20.520291,54.70152],[20.52032,54.701572],[20.520393,54.701643],[20.520484,54.701709],[20.520585,54.701759],[20.520904,54.702231],[20.521001,54.702383],[20.521074,54.702417],[20.521155,54.702424],[20.521766,54.702305],[20.521882,54.702378],[20.522291,54.703044]]}},{"type":"Feature","properties":{"kind":"road","name":"","osm":"way/103180497","highway":"service","access":"","foot":""},"geometry":{"type":"LineString","coordinates":[[20.520317,54.700698],[20.520106,54.700386]]}},{"type":"Feature","properties":{"kind":"road","name":"","osm":"way/103180499","highway":"service","access":"","foot":""},"geometry":{"type":"LineString","coordinates":[[20.517696,54.702793],[20.517441,54.702859],[20.517128,54.702944]]}},{"type":"Feature","properties":{"kind":"road","name":"","osm":"way/103180500","highway":"service","access":"","foot":""},"geometry":{"type":"LineString","coordinates":[[20.517441,54.702859],[20.518034,54.703665],[20.518411,54.703584]]}},{"type":"Feature","properties":{"kind":"road","name":"","osm":"way/103842698","highway":"service","access":"private","foot":""},"geometry":{"type":"LineString","coordinates":[[20.516182,54.697276],[20.516188,54.697235],[20.516199,54.697158],[20.51622,54.696995],[20.51618,54.696874],[20.515244,54.696859],[20.515241,54.696909],[20.51523,54.697155],[20.515229,54.69722],[20.515229,54.697265]]}},{"type":"Feature","properties":{"kind":"road","name":"Железнодорожная улица","osm":"way/107422780","highway":"primary","access":"","foot":""},"geometry":{"type":"LineString","coordinates":[[20.492547,54.698408],[20.492883,54.69792],[20.493307,54.697501],[20.493668,54.697188]]}},{"type":"Feature","properties":{"kind":"road","name":"улица Богдана Хмельницкого","osm":"way/121516045","highway":"tertiary","access":"","foot":""},"geometry":{"type":"LineString","coordinates":[[20.516538,54.697282],[20.516411,54.69728],[20.516182,54.697276]]}},{"type":"Feature","properties":{"kind":"road","name":"Ленинский проспект","osm":"way/132322809","highway":"primary","access":"","foot":"no"},"geometry":{"type":"LineString","coordinates":[[20.503579,54.699908],[20.503792,54.700302],[20.504031,54.700713]]}},{"type":"Feature","properties":{"kind":"road","name":"","osm":"way/132690535","highway":"footway","access":"","foot":""},"geometry":{"type":"LineString","coordinates":[[20.503819,54.701679],[20.503215,54.701798],[20.503246,54.701862]]}},{"type":"Feature","properties":{"kind":"building","name":"","osm":"way/132690540"},"geometry":{"type":"Polygon","coordinates":[[[20.503798,54.701716],[20.503632,54.701748],[20.503607,54.701752],[20.503629,54.70179],[20.50382,54.701753],[20.503798,54.701716]]]}},{"type":"Feature","properties":{"kind":"road","name":"Второй эстакадный мост","osm":"way/133259309","highway":"secondary","access":"","foot":"no"},"geometry":{"type":"LineString","coordinates":[[20.516857,54.697473],[20.516817,54.697578],[20.51685,54.697727],[20.51695,54.697925],[20.517038,54.698084],[20.517088,54.698178],[20.517099,54.698197],[20.517115,54.698228]]}},{"type":"Feature","properties":{"kind":"road","name":"Второй эстакадный мост","osm":"way/133259320","highway":"primary","access":"","foot":"no"},"geometry":{"type":"LineString","coordinates":[[20.518739,54.697482],[20.518611,54.697392],[20.518456,54.697313],[20.518286,54.697253],[20.518085,54.697216]]}},{"type":"Feature","properties":{"kind":"road","name":"Второй эстакадный мост","osm":"way/133259326","highway":"primary_link","access":"","foot":""},"geometry":{"type":"LineString","coordinates":[[20.52095,54.696116],[20.520609,54.696258],[20.519498,54.69676],[20.519212,54.696949],[20.519091,54.697046],[20.519024,54.697126],[20.518971,54.697258],[20.518968,54.697386]]}},{"type":"Feature","properties":{"kind":"road","name":"Второй эстакадный мост","osm":"way/133259329","highway":"primary","access":"","foot":"no"},"geometry":{"type":"LineString","coordinates":[[20.518085,54.697216],[20.517839,54.697192],[20.517708,54.69719],[20.517563,54.697188]]}},{"type":"Feature","properties":{"kind":"road","name":"Южный переулок","osm":"way/133597556","highway":"residential","access":"","foot":""},"geometry":{"type":"LineString","coordinates":[[20.494916,54.697439],[20.494811,54.697558],[20.49447,54.697857],[20.49346,54.698494]]}},{"type":"Feature","properties":{"kind":"building","name":"","osm":"way/133606351"},"geometry":{"type":"Polygon","coordinates":[[[20.493529,54.697072],[20.493032,54.697491],[20.49287,54.697427],[20.492968,54.697344],[20.493064,54.697263],[20.493161,54.697181],[20.493258,54.697099],[20.49329,54.697072],[20.493529,54.697072]]]}},{"type":"Feature","properties":{"kind":"building","name":"","osm":"way/135629136"},"geometry":{"type":"Polygon","coordinates":[[[20.513129,54.699874],[20.513413,54.699808],[20.513492,54.699906],[20.513545,54.699912],[20.513597,54.699936],[20.513651,54.699991],[20.513641,54.700036],[20.513621,54.700054],[20.513655,54.700101],[20.513366,54.700153],[20.513263,54.699989],[20.512933,54.699985],[20.512962,54.699864],[20.513129,54.699874]]]}},{"type":"Feature","properties":{"kind":"building","name":"","osm":"way/135629138"},"geometry":{"type":"Polygon","coordinates":[[[20.508668,54.699196],[20.508704,54.699049],[20.508265,54.699009],[20.508239,54.69916],[20.508668,54.699196]]]}},{"type":"Feature","properties":{"kind":"building","name":"","osm":"way/135629150"},"geometry":{"type":"Polygon","coordinates":[[[20.507145,54.699483],[20.507368,54.699493],[20.507591,54.699504],[20.507814,54.699515],[20.508036,54.699525],[20.508259,54.699536],[20.508482,54.699547],[20.508705,54.699558],[20.508928,54.699568],[20.509147,54.69958],[20.509163,54.699488],[20.50716,54.69938],[20.507145,54.699483]]]}},{"type":"Feature","properties":{"kind":"building","name":"","osm":"way/135629184"},"geometry":{"type":"Polygon","coordinates":[[[20.507933,54.699126],[20.508242,54.699142],[20.508262,54.69901],[20.507954,54.698994],[20.507933,54.699126]]]}},{"type":"Feature","properties":{"kind":"building","name":"","osm":"way/135629210"},"geometry":{"type":"Polygon","coordinates":[[[20.507165,54.699921],[20.507297,54.699928],[20.507549,54.699942],[20.507783,54.699954],[20.508054,54.699969],[20.508285,54.699981],[20.508523,54.699994],[20.508648,54.700001],[20.508666,54.699894],[20.507183,54.699814],[20.507165,54.699921]]]}},{"type":"Feature","properties":{"kind":"building","name":"","osm":"way/135629212"},"geometry":{"type":"Polygon","coordinates":[[[20.50939,54.69975],[20.509436,54.699504],[20.509163,54.699488],[20.509147,54.69958],[20.509132,54.699657],[20.509118,54.699734],[20.509148,54.699735],[20.509365,54.699749],[20.50939,54.69975]]]}},{"type":"Feature","properties":{"kind":"building","name":"","osm":"way/135629213"},"geometry":{"type":"Polygon","coordinates":[[[20.508974,54.700044],[20.509137,54.700043],[20.509337,54.700043],[20.509355,54.699847],[20.509365,54.699749],[20.509148,54.699735],[20.50914,54.69991],[20.508972,54.699906],[20.508974,54.700044]]]}},{"type":"Feature","properties":{"kind":"building","name":"","osm":"way/136496188"},"geometry":{"type":"Polygon","coordinates":[[[20.504976,54.701751],[20.504922,54.701743],[20.504871,54.70172],[20.504843,54.701691],[20.504827,54.701664],[20.504803,54.701623],[20.505102,54.70157],[20.505141,54.701641],[20.505146,54.701677],[20.505124,54.701709],[20.505103,54.701725],[20.505068,54.701741],[20.505032,54.701749],[20.504976,54.701751]]]}},{"type":"Feature","properties":{"kind":"road","name":"","osm":"way/137240566","highway":"service","access":"","foot":""},"geometry":{"type":"LineString","coordinates":[[20.498214,54.701506],[20.497424,54.701908]]}},{"type":"Feature","properties":{"kind":"building","name":"","osm":"way/137240574"},"geometry":{"type":"Polygon","coordinates":[[[20.497553,54.701135],[20.497413,54.701178],[20.497201,54.701286],[20.496962,54.701418],[20.497112,54.70152],[20.49711,54.701521],[20.497134,54.701536],[20.497073,54.701566],[20.496992,54.701511],[20.496884,54.701446],[20.496871,54.70144],[20.496786,54.701483],[20.496997,54.701661],[20.497008,54.70167],[20.497049,54.701652],[20.497038,54.701643],[20.497136,54.701602],[20.497282,54.701525],[20.497294,54.701532],[20.497318,54.701519],[20.497306,54.701512],[20.497351,54.701487],[20.497374,54.701476],[20.497384,54.701482],[20.49738,54.701484],[20.497395,54.701493],[20.497429,54.701475],[20.497415,54.701466],[20.497411,54.701468],[20.497402,54.701462],[20.497438,54.701444],[20.497583,54.701368],[20.497594,54.701375],[20.497618,54.701363],[20.497607,54.701355],[20.497668,54.701323],[20.497684,54.701334],[20.497705,54.701323],[20.497689,54.701312],[20.497724,54.701294],[20.497745,54.701308],[20.497785,54.701287],[20.497786,54.701286],[20.497785,54.701285],[20.497766,54.701272],[20.497763,54.701274],[20.497553,54.701135]]]}},{"type":"Feature","properties":{"kind":"building","name":"","osm":"way/137240579"},"geometry":{"type":"Polygon","coordinates":[[[20.498987,54.701935],[20.499131,54.701902],[20.49927,54.701875],[20.499169,54.701723],[20.498888,54.701786],[20.498987,54.701935]]]}},{"type":"Feature","properties":{"kind":"building","name":"","osm":"way/137240581"},"geometry":{"type":"Polygon","coordinates":[[[20.498541,54.700995],[20.498411,54.7009],[20.498107,54.701038],[20.498237,54.701133],[20.498541,54.700995]]]}},{"type":"Feature","properties":{"kind":"building","name":"","osm":"way/137954640"},"geometry":{"type":"Polygon","coordinates":[[[20.496776,54.699017],[20.496991,54.699062],[20.497278,54.698614],[20.497063,54.698566],[20.496776,54.699017]]]}},{"type":"Feature","properties":{"kind":"building","name":"Музей открыток","osm":"way/137954641"},"geometry":{"type":"Polygon","coordinates":[[[20.51711,54.699094],[20.517143,54.699147],[20.517247,54.699125],[20.517214,54.699072],[20.51711,54.699094]]]}},{"type":"Feature","properties":{"kind":"road","name":"","osm":"way/137954642","highway":"footway","access":"","foot":""},"geometry":{"type":"LineString","coordinates":[[20.502581,54.697767],[20.502678,54.697754]]}},{"type":"Feature","properties":{"kind":"road","name":"","osm":"way/137954644","highway":"service","access":"","foot":""},"geometry":{"type":"LineString","coordinates":[[20.496137,54.697668],[20.496119,54.697686],[20.496105,54.697701],[20.496092,54.69772]]}},{"type":"Feature","properties":{"kind":"road","name":"","osm":"way/137954645","highway":"footway","access":"","foot":""},"geometry":{"type":"LineString","coordinates":[[20.50198,54.697339],[20.502214,54.697365],[20.502601,54.697331]]}},{"type":"Feature","properties":{"kind":"road","name":"","osm":"way/137954646","highway":"footway","access":"","foot":""},"geometry":{"type":"LineString","coordinates":[[20.502364,54.697098],[20.502363,54.697168],[20.502214,54.697365],[20.502581,54.697767],[20.502475,54.697821]]}},{"type":"Feature","properties":{"kind":"road","name":"Серпуховский переулок","osm":"way/137954647","highway":"residential","access":"","foot":""},"geometry":{"type":"LineString","coordinates":[[20.499597,54.698418],[20.4996,54.698406],[20.499604,54.698388],[20.499608,54.698371]]}},{"type":"Feature","properties":{"kind":"road","name":"","osm":"way/137954649","highway":"service","access":"","foot":""},"geometry":{"type":"LineString","coordinates":[[20.5048,54.699199],[20.504765,54.699249],[20.504743,54.699278],[20.504702,54.699446]]}},{"type":"Feature","properties":{"kind":"road","name":"","osm":"way/137954650","highway":"service","access":"","foot":""},"geometry":{"type":"LineString","coordinates":[[20.498414,54.698155],[20.498402,54.69817],[20.498387,54.69819],[20.498373,54.698208]]}},{"type":"Feature","properties":{"kind":"road","name":"","osm":"way/137954652","highway":"service","access":"","foot":""},"geometry":{"type":"LineString","coordinates":[[20.504751,54.698631],[20.504533,54.698471],[20.504335,54.698412],[20.504464,54.697763],[20.504284,54.697752],[20.504309,54.697482],[20.503894,54.697472]]}},{"type":"Feature","properties":{"kind":"building","name":"","osm":"way/137954653"},"geometry":{"type":"Polygon","coordinates":[[[20.503767,54.69891],[20.504325,54.698969],[20.50433,54.698941],[20.504352,54.698856],[20.504185,54.698843],[20.503987,54.698828],[20.503994,54.698797],[20.504043,54.698801],[20.504053,54.698758],[20.50406,54.698727],[20.504351,54.69875],[20.50437,54.698668],[20.504031,54.698642],[20.50405,54.698563],[20.504064,54.698502],[20.504012,54.698498],[20.503874,54.698488],[20.503767,54.69891]]]}},{"type":"Feature","properties":{"kind":"green","name":"","osm":"way/137954654"},"geometry":{"type":"Polygon","coordinates":[[[20.495705,54.697072],[20.495905,54.697147],[20.496964,54.697327],[20.497175,54.697252],[20.497436,54.697365],[20.497599,54.697453],[20.497873,54.697307],[20.497786,54.697072],[20.495705,54.697072]]]}},{"type":"Feature","properties":{"kind":"building","name":"Судебный участок мировых судей Московского района","osm":"way/139827925"},"geometry":{"type":"Polygon","coordinates":[[[20.508987,54.697742],[20.50898,54.697447],[20.508834,54.697448],[20.508841,54.697743],[20.508987,54.697742]]]}},{"type":"Feature","properties":{"kind":"building","name":"","osm":"way/139827926"},"geometry":{"type":"Polygon","coordinates":[[[20.509327,54.697614],[20.509325,54.697467],[20.509428,54.697467],[20.509427,54.697384],[20.509535,54.697384],[20.509537,54.697614],[20.509327,54.697614]]]}},{"type":"Feature","properties":{"kind":"road","name":"","osm":"way/140385125","highway":"service","access":"","foot":""},"geometry":{"type":"LineString","coordinates":[[20.504833,54.697147],[20.504828,54.697241]]}},{"type":"Feature","properties":{"kind":"road","name":"","osm":"way/140385126","highway":"service","access":"","foot":""},"geometry":{"type":"LineString","coordinates":[[20.504842,54.697076],[20.50484,54.697129],[20.504833,54.697147]]}},{"type":"Feature","properties":{"kind":"road","name":"","osm":"way/140385127","highway":"service","access":"","foot":""},"geometry":{"type":"LineString","coordinates":[[20.510813,54.697514],[20.510805,54.697679],[20.510806,54.697778],[20.510864,54.699103],[20.510866,54.699148],[20.51157,54.699206]]}},{"type":"Feature","properties":{"kind":"road","name":"","osm":"way/140385128","highway":"service","access":"","foot":""},"geometry":{"type":"LineString","coordinates":[[20.510793,54.697183],[20.510794,54.69722],[20.510813,54.697514],[20.513512,54.697546]]}},{"type":"Feature","properties":{"kind":"road","name":"","osm":"way/140385129","highway":"service","access":"","foot":""},"geometry":{"type":"LineString","coordinates":[[20.511145,54.697189],[20.511147,54.697153],[20.511192,54.696188],[20.510656,54.696186],[20.510614,54.697144],[20.510613,54.69718]]}},{"type":"Feature","properties":{"kind":"road","name":"","osm":"way/140385130","highway":"living_street","access":"","foot":""},"geometry":{"type":"LineString","coordinates":[[20.508754,54.697139],[20.508755,54.697105],[20.50879,54.696149],[20.508291,54.696149],[20.508237,54.697086],[20.508235,54.697127]]}},{"type":"Feature","properties":{"kind":"road","name":"","osm":"way/140385131","highway":"service","access":"","foot":""},"geometry":{"type":"LineString","coordinates":[[20.504828,54.697241],[20.504831,54.697244],[20.504857,54.697314],[20.504839,54.697764],[20.504464,54.697763]]}},{"type":"Feature","properties":{"kind":"road","name":"","osm":"way/140385132","highway":"residential","access":"","foot":""},"geometry":{"type":"LineString","coordinates":[[20.507587,54.697112],[20.507592,54.697077],[20.507634,54.696774],[20.507657,54.696386],[20.507467,54.696346],[20.506529,54.69633],[20.506404,54.696232],[20.50641,54.696116]]}},{"type":"Feature","properties":{"kind":"building","name":"","osm":"way/141192927"},"geometry":{"type":"Polygon","coordinates":[[[20.506565,54.698677],[20.506789,54.698681],[20.50679,54.698629],[20.506589,54.698625],[20.506589,54.698647],[20.506566,54.698647],[20.506565,54.698677]]]}},{"type":"Feature","properties":{"kind":"road","name":"Красноармейская улица","osm":"way/141192928","highway":"pedestrian","access":"","foot":""},"geometry":{"type":"LineString","coordinates":[[20.510373,54.698479],[20.510362,54.698105],[20.510351,54.697709],[20.51034,54.697356]]}},{"type":"Feature","properties":{"kind":"road","name":"Красноармейская улица","osm":"way/141192929","highway":"residential","access":"","foot":""},"geometry":{"type":"LineString","coordinates":[[20.51034,54.697356],[20.510336,54.697204],[20.510332,54.697175]]}},{"type":"Feature","properties":{"kind":"road","name":"","osm":"way/141192930","highway":"service","access":"","foot":""},"geometry":{"type":"LineString","coordinates":[[20.505942,54.698832],[20.504944,54.698808]]}},{"type":"Feature","properties":{"kind":"road","name":"","osm":"way/141192931","highway":"living_street","access":"","foot":""},"geometry":{"type":"LineString","coordinates":[[20.50601,54.698059],[20.505496,54.698042],[20.505459,54.698675]]}},{"type":"Feature","properties":{"kind":"road","name":"","osm":"way/141192932","highway":"service","access":"","foot":""},"geometry":{"type":"LineString","coordinates":[[20.51353,54.698921],[20.513509,54.698886],[20.513393,54.698733],[20.513271,54.698699],[20.513009,54.698721],[20.512262,54.698673]]}},{"type":"Feature","properties":{"kind":"road","name":"","osm":"way/141192933","highway":"service","access":"","foot":""},"geometry":{"type":"LineString","coordinates":[[20.50878,54.69841],[20.508455,54.698394],[20.5084,54.698329],[20.508394,54.697832]]}},{"type":"Feature","properties":{"kind":"road","name":"","osm":"way/141192934","highway":"service","access":"","foot":""},"geometry":{"type":"LineString","coordinates":[[20.51148,54.699563],[20.511487,54.699537],[20.511489,54.699528],[20.511494,54.699508]]}},{"type":"Feature","properties":{"kind":"building","name":"","osm":"way/141192935"},"geometry":{"type":"Polygon","coordinates":[[[20.506439,54.698647],[20.506566,54.698647],[20.506589,54.698647],[20.506589,54.698625],[20.50659,54.69849],[20.506662,54.69849],[20.506661,54.698453],[20.506662,54.698421],[20.506646,54.698421],[20.50644,54.69842],[20.506439,54.698647]]]}},{"type":"Feature","properties":{"kind":"building","name":"","osm":"way/141192937"},"geometry":{"type":"Polygon","coordinates":[[[20.508406,54.698517],[20.508686,54.698516],[20.508686,54.698447],[20.508405,54.698448],[20.508406,54.698517]]]}},{"type":"Feature","properties":{"kind":"building","name":"","osm":"way/141192942"},"geometry":{"type":"Polygon","coordinates":[[[20.506646,54.698404],[20.506648,54.698332],[20.506809,54.698336],[20.506803,54.698584],[20.506734,54.698582],[20.506736,54.698455],[20.506661,54.698453],[20.506662,54.698421],[20.506646,54.698421],[20.506646,54.698404]]]}},{"type":"Feature","properties":{"kind":"road","name":"Октябрьская улица","osm":"way/142675430","highway":"secondary","access":"","foot":"no"},"geometry":{"type":"LineString","coordinates":[[20.516538,54.697282],[20.516559,54.697085],[20.516569,54.696984],[20.516585,54.696837],[20.516602,54.696676]]}},{"type":"Feature","properties":{"kind":"road","name":"Второй эстакадный мост","osm":"way/142675431","highway":"primary","access":"","foot":"no"},"geometry":{"type":"LineString","coordinates":[[20.517563,54.697188],[20.517236,54.69714],[20.517037,54.69709],[20.516883,54.697031],[20.516765,54.696943],[20.516702,54.696878],[20.516649,54.6968],[20.516602,54.696676]]}},{"type":"Feature","properties":{"kind":"building","name":"","osm":"way/146253553"},"geometry":{"type":"Polygon","coordinates":[[[20.515662,54.698125],[20.515288,54.698123],[20.515467,54.698406],[20.515509,54.698476],[20.515975,54.698356],[20.516549,54.698208],[20.516524,54.698172],[20.516425,54.698174],[20.516344,54.698172],[20.516322,54.698216],[20.516295,54.698215],[20.516273,54.698214],[20.516265,54.698168],[20.516059,54.698169],[20.516052,54.698229],[20.515987,54.69824],[20.51591,54.698257],[20.515773,54.698287],[20.515632,54.698317],[20.515636,54.698323],[20.515602,54.698328],[20.515589,54.698311],[20.5156,54.698307],[20.515534,54.698206],[20.515528,54.698206],[20.515521,54.69819],[20.515551,54.69819],[20.515552,54.698194],[20.515678,54.698189],[20.515662,54.698125]]]}},{"type":"Feature","properties":{"kind":"building","name":"","osm":"way/146352810"},"geometry":{"type":"Polygon","coordinates":[[[20.494825,54.699651],[20.494966,54.699563],[20.494802,54.699476],[20.494661,54.699563],[20.494825,54.699651]]]}},{"type":"Feature","properties":{"kind":"building","name":"","osm":"way/146352811"},"geometry":{"type":"Polygon","coordinates":[[[20.493724,54.699218],[20.494067,54.699026],[20.49378,54.698855],[20.493636,54.698936],[20.493426,54.69881],[20.493227,54.698921],[20.493724,54.699218]]]}},{"type":"Feature","properties":{"kind":"building","name":"","osm":"way/146352812"},"geometry":{"type":"Polygon","coordinates":[[[20.495978,54.698245],[20.495493,54.699033],[20.495674,54.69907],[20.49616,54.698282],[20.495978,54.698245]]]}},{"type":"Feature","properties":{"kind":"building","name":"","osm":"way/146352813"},"geometry":{"type":"Polygon","coordinates":[[[20.501318,54.699932],[20.501536,54.699896],[20.501393,54.699661],[20.501185,54.699694],[20.501318,54.699932]]]}},{"type":"Feature","properties":{"kind":"road","name":"","osm":"way/146352815","highway":"living_street","access":"","foot":""},"geometry":{"type":"LineString","coordinates":[[20.501035,54.699809],[20.50029,54.699935]]}},{"type":"Feature","properties":{"kind":"road","name":"","osm":"way/146352816","highway":"service","access":"","foot":""},"geometry":{"type":"LineString","coordinates":[[20.494024,54.698817],[20.494093,54.698771],[20.494134,54.698744],[20.494331,54.698822],[20.494893,54.698936]]}},{"type":"Feature","properties":{"kind":"road","name":"","osm":"way/146352817","highway":"service","access":"","foot":""},"geometry":{"type":"LineString","coordinates":[[20.494134,54.698744],[20.494183,54.698655],[20.494444,54.698401],[20.495237,54.698573]]}},{"type":"Feature","properties":{"kind":"building","name":"","osm":"way/146352819"},"geometry":{"type":"Polygon","coordinates":[[[20.495147,54.699405],[20.495335,54.699444],[20.495388,54.699356],[20.495521,54.699139],[20.495574,54.699051],[20.495386,54.699013],[20.495147,54.699405]]]}},{"type":"Feature","properties":{"kind":"building","name":"","osm":"way/146462876"},"geometry":{"type":"Polygon","coordinates":[[[20.506427,54.700495],[20.507405,54.700453],[20.507383,54.700305],[20.506408,54.700346],[20.506427,54.700495]]]}},{"type":"Feature","properties":{"kind":"building","name":"","osm":"way/146462883"},"geometry":{"type":"Polygon","coordinates":[[[20.512415,54.701544],[20.512368,54.701375],[20.512485,54.701362],[20.512475,54.701338],[20.512552,54.701333],[20.512532,54.701269],[20.512738,54.701255],[20.512765,54.701391],[20.512651,54.701401],[20.512683,54.701512],[20.512415,54.701544]]]}},{"type":"Feature","properties":{"kind":"building","name":"","osm":"way/146462891"},"geometry":{"type":"Polygon","coordinates":[[[20.51399,54.70007],[20.513986,54.700275],[20.514168,54.700276],[20.514172,54.700071],[20.51399,54.70007]]]}},{"type":"Feature","properties":{"kind":"building","name":"","osm":"way/146462892"},"geometry":{"type":"Polygon","coordinates":[[[20.513898,54.700408],[20.513979,54.700331],[20.513986,54.700275],[20.514168,54.700276],[20.514238,54.700289],[20.514055,54.700465],[20.513898,54.700408]]]}},{"type":"Feature","properties":{"kind":"road","name":"Краснооктябрьская улица","osm":"way/146462894","highway":"tertiary","access":"","foot":"no"},"geometry":{"type":"LineString","coordinates":[[20.509064,54.701793],[20.508193,54.70193],[20.508089,54.701948]]}},{"type":"Feature","properties":{"kind":"road","name":"","osm":"way/146462897","highway":"service","access":"","foot":""},"geometry":{"type":"LineString","coordinates":[[20.512167,54.700854],[20.512801,54.700778],[20.513216,54.700319],[20.513234,54.7003]]}},{"type":"Feature","properties":{"kind":"road","name":"","osm":"way/146462899","highway":"service","access":"","foot":""},"geometry":{"type":"LineString","coordinates":[[20.511538,54.700856],[20.511581,54.700856],[20.512167,54.700854],[20.512217,54.700299],[20.512218,54.700269]]}},{"type":"Feature","properties":{"kind":"road","name":"","osm":"way/146462901","highway":"service","access":"","foot":""},"geometry":{"type":"LineString","coordinates":[[20.512239,54.701177],[20.512257,54.701241],[20.512286,54.701346],[20.512324,54.701547]]}},{"type":"Feature","properties":{"kind":"building","name":"","osm":"way/146462916"},"geometry":{"type":"Polygon","coordinates":[[[20.512077,54.700811],[20.511662,54.700808],[20.511664,54.700705],[20.511666,54.700594],[20.512087,54.700597],[20.512086,54.700674],[20.512012,54.700674],[20.511923,54.700673],[20.511923,54.700655],[20.511858,54.700655],[20.511856,54.700752],[20.511916,54.700752],[20.511917,54.700732],[20.511989,54.700732],[20.512079,54.700733],[20.512077,54.700811]]]}},{"type":"Feature","properties":{"kind":"building","name":"","osm":"way/146462923"},"geometry":{"type":"Polygon","coordinates":[[[20.506226,54.700496],[20.506424,54.700487],[20.506393,54.700257],[20.506195,54.700266],[20.506226,54.700496]]]}},{"type":"Feature","properties":{"kind":"building","name":"","osm":"way/146462925"},"geometry":{"type":"Polygon","coordinates":[[[20.507405,54.700453],[20.50756,54.700445],[20.507528,54.700228],[20.507373,54.700235],[20.507383,54.700305],[20.507405,54.700453]]]}},{"type":"Feature","properties":{"kind":"building","name":"","osm":"way/146462928"},"geometry":{"type":"Polygon","coordinates":[[[20.512661,54.701183],[20.512931,54.701164],[20.512973,54.701162],[20.513015,54.701372],[20.513053,54.701369],[20.513065,54.701431],[20.512775,54.701446],[20.512765,54.701391],[20.512738,54.701255],[20.512532,54.701269],[20.512522,54.70124],[20.512665,54.701228],[20.512661,54.701183]]]}},{"type":"Feature","properties":{"kind":"road","name":"Второй эстакадный мост","osm":"way/148444170","highway":"primary","access":"","foot":"no"},"geometry":{"type":"LineString","coordinates":[[20.523752,54.703602],[20.523846,54.703897],[20.523904,54.704188],[20.52393,54.704496],[20.523916,54.704926],[20.523909,54.705271],[20.523864,54.705636],[20.523815,54.705924],[20.523748,54.706268],[20.523684,54.706539]]}},{"type":"Feature","properties":{"kind":"building","name":"Дент-сенат","osm":"way/148564495"},"geometry":{"type":"Polygon","coordinates":[[[20.517538,54.70103],[20.517657,54.701002],[20.517747,54.701134],[20.517629,54.701161],[20.517538,54.70103]]]}},{"type":"Feature","properties":{"kind":"building","name":"","osm":"way/148564496"},"geometry":{"type":"Polygon","coordinates":[[[20.523007,54.704461],[20.522786,54.704012],[20.5226,54.70405],[20.52267,54.704164],[20.522801,54.704495],[20.523003,54.704499],[20.523007,54.704461]]]}},{"type":"Feature","properties":{"kind":"building","name":"","osm":"way/148564499"},"geometry":{"type":"Polygon","coordinates":[[[20.519759,54.704832],[20.519923,54.704797],[20.520228,54.70473],[20.520127,54.704575],[20.520088,54.704584],[20.520048,54.704522],[20.519618,54.704616],[20.519695,54.704662],[20.519755,54.704754],[20.519759,54.704832]]]}},{"type":"Feature","properties":{"kind":"building","name":"","osm":"way/148564510"},"geometry":{"type":"Polygon","coordinates":[[[20.51752,54.701346],[20.517427,54.701209],[20.517799,54.701126],[20.51787,54.701238],[20.517662,54.701281],[20.517682,54.701313],[20.51752,54.701346]]]}},{"type":"Feature","properties":{"kind":"building","name":"","osm":"way/148564515"},"geometry":{"type":"Polygon","coordinates":[[[20.51874,54.704975],[20.519755,54.704754],[20.519695,54.704662],[20.519111,54.70479],[20.518901,54.704836],[20.518681,54.704884],[20.51874,54.704975]]]}},{"type":"Feature","properties":{"kind":"building","name":"","osm":"way/148564518"},"geometry":{"type":"Polygon","coordinates":[[[20.522753,54.705158],[20.522955,54.705163],[20.523003,54.704499],[20.522801,54.704495],[20.522753,54.705158]]]}},{"type":"Feature","properties":{"kind":"building","name":"Рублёвка","osm":"way/148564525"},"geometry":{"type":"Polygon","coordinates":[[[20.517751,54.701134],[20.51759,54.7009],[20.517942,54.700825],[20.518124,54.701134],[20.517846,54.701194],[20.5178,54.701124],[20.517751,54.701134]]]}},{"type":"Feature","properties":{"kind":"building","name":"Мода Центр","osm":"way/155144051"},"geometry":{"type":"Polygon","coordinates":[[[20.503866,54.701642],[20.503955,54.70162],[20.504022,54.701604],[20.503982,54.701549],[20.503826,54.701587],[20.503866,54.701642]]]}},{"type":"Feature","properties":{"kind":"road","name":"","osm":"way/167296426","highway":"service","access":"","foot":""},"geometry":{"type":"LineString","coordinates":[[20.492542,54.70059],[20.492399,54.699583],[20.492338,54.699281],[20.492278,54.699109],[20.492189,54.699008],[20.492072,54.698952],[20.491966,54.698935],[20.491828,54.698955],[20.49172,54.698989],[20.491568,54.699139],[20.491547,54.69931],[20.491508,54.699795],[20.491472,54.70028],[20.491461,54.700788],[20.491435,54.701209],[20.491546,54.701211],[20.491566,54.701211]]}},{"type":"Feature","properties":{"kind":"road","name":"","osm":"way/167296427","highway":"service","access":"","foot":""},"geometry":{"type":"LineString","coordinates":[[20.49635,54.69821],[20.497979,54.698506]]}},{"type":"Feature","properties":{"kind":"road","name":"","osm":"way/167296976","highway":"service","access":"","foot":""},"geometry":{"type":"LineString","coordinates":[[20.521583,54.703065],[20.521155,54.702424]]}},{"type":"Feature","properties":{"kind":"road","name":"","osm":"way/167296977","highway":"service","access":"","foot":""},"geometry":{"type":"LineString","coordinates":[[20.521583,54.703065],[20.521647,54.703171],[20.522291,54.703044]]}},{"type":"Feature","properties":{"kind":"road","name":"","osm":"way/167296978","highway":"service","access":"","foot":""},"geometry":{"type":"LineString","coordinates":[[20.522075,54.703874],[20.522037,54.703835],[20.521996,54.703778],[20.52178,54.703414],[20.522172,54.70334],[20.52231,54.70337],[20.522858,54.703255]]}},{"type":"Feature","properties":{"kind":"road","name":"Октябрьская улица","osm":"way/172879463","highway":"secondary","access":"","foot":""},"geometry":{"type":"LineString","coordinates":[[20.517145,54.698291],[20.517169,54.69833],[20.517189,54.69836],[20.517212,54.698399]]}},{"type":"Feature","properties":{"kind":"road","name":"","osm":"way/188301803","highway":"footway","access":"","foot":""},"geometry":{"type":"LineString","coordinates":[[20.494811,54.697558],[20.494689,54.697518],[20.494636,54.697499],[20.494542,54.697465],[20.494393,54.697393],[20.494354,54.69737],[20.494069,54.697251],[20.493956,54.697183],[20.493918,54.697164]]}},{"type":"Feature","properties":{"kind":"road","name":"улица Багратиона","osm":"way/188301805","highway":"secondary","access":"","foot":""},"geometry":{"type":"LineString","coordinates":[[20.494745,54.697347],[20.494555,54.697273]]}},{"type":"Feature","properties":{"kind":"road","name":"улица Багратиона","osm":"way/188301806","highway":"secondary","access":"","foot":""},"geometry":{"type":"LineString","coordinates":[[20.494797,54.697304],[20.494914,54.697371],[20.49495,54.69739]]}},{"type":"Feature","properties":{"kind":"road","name":"улица Багратиона","osm":"way/188301807","highway":"secondary","access":"","foot":""},"geometry":{"type":"LineString","coordinates":[[20.494604,54.697232],[20.494797,54.697304]]}},{"type":"Feature","properties":{"kind":"road","name":"улица Багратиона","osm":"way/188301808","highway":"secondary","access":"","foot":""},"geometry":{"type":"LineString","coordinates":[[20.493985,54.696992],[20.49411,54.697049],[20.494604,54.697232]]}},{"type":"Feature","properties":{"kind":"road","name":"улица Багратиона","osm":"way/188301809","highway":"secondary","access":"","foot":""},"geometry":{"type":"LineString","coordinates":[[20.495112,54.697442],[20.495879,54.69761]]}},{"type":"Feature","properties":{"kind":"road","name":"","osm":"way/188313988","highway":"service","access":"","foot":""},"geometry":{"type":"LineString","coordinates":[[20.499401,54.698056],[20.499204,54.698013],[20.498909,54.697949],[20.498781,54.697918],[20.498089,54.697752],[20.497689,54.697664],[20.497068,54.697527],[20.496797,54.697474],[20.496388,54.697395]]}},{"type":"Feature","properties":{"kind":"road","name":"","osm":"way/188315977","highway":"living_street","access":"","foot":""},"geometry":{"type":"LineString","coordinates":[[20.500992,54.698238],[20.50093,54.698088],[20.500903,54.697956]]}},{"type":"Feature","properties":{"kind":"road","name":"","osm":"way/188315979","highway":"living_street","access":"","foot":""},"geometry":{"type":"LineString","coordinates":[[20.500881,54.698446],[20.500909,54.698423],[20.500992,54.698238],[20.501584,54.69831],[20.502099,54.698408]]}},{"type":"Feature","properties":{"kind":"road","name":"","osm":"way/188315980","highway":"path","access":"","foot":""},"geometry":{"type":"LineString","coordinates":[[20.499602,54.697168],[20.499485,54.697116],[20.499329,54.697078],[20.499213,54.696945],[20.499111,54.696665]]}},{"type":"Feature","properties":{"kind":"road","name":"","osm":"way/188315982","highway":"living_street","access":"","foot":""},"geometry":{"type":"LineString","coordinates":[[20.500562,54.698776],[20.500863,54.698834],[20.500933,54.698837],[20.501515,54.698931],[20.502011,54.699068],[20.502216,54.699161],[20.502391,54.699428]]}},{"type":"Feature","properties":{"kind":"road","name":"","osm":"way/188315984","highway":"path","access":"","foot":""},"geometry":{"type":"LineString","coordinates":[[20.498054,54.697134],[20.497874,54.69713],[20.497604,54.697143],[20.497333,54.697187],[20.496975,54.697236],[20.496892,54.697359],[20.49688,54.697377],[20.496797,54.697474]]}},{"type":"Feature","properties":{"kind":"road","name":"","osm":"way/188315985","highway":"path","access":"","foot":""},"geometry":{"type":"LineString","coordinates":[[20.497989,54.697029],[20.498054,54.697134],[20.498191,54.697265],[20.498427,54.697381],[20.49845,54.69746],[20.498587,54.697566],[20.498694,54.697676],[20.498789,54.697822],[20.498909,54.697949]]}},{"type":"Feature","properties":{"kind":"road","name":"Ленинский проспект","osm":"way/202374199","highway":"primary","access":"","foot":"no"},"geometry":{"type":"LineString","coordinates":[[20.503146,54.698871],[20.503152,54.698896],[20.50316,54.698926],[20.503172,54.698974]]}},{"type":"Feature","properties":{"kind":"building","name":"","osm":"way/210176825"},"geometry":{"type":"Polygon","coordinates":[[[20.519392,54.697368],[20.519531,54.697455],[20.519737,54.697346],[20.519598,54.697259],[20.519392,54.697368]]]}},{"type":"Feature","properties":{"kind":"building","name":"","osm":"way/210176826"},"geometry":{"type":"Polygon","coordinates":[[[20.519582,54.697504],[20.519786,54.697401],[20.519913,54.697485],[20.519825,54.69753],[20.519972,54.697627],[20.519857,54.697686],[20.519582,54.697504]]]}},{"type":"Feature","properties":{"kind":"road","name":"Октябрьская улица","osm":"way/210176827","highway":"secondary","access":"","foot":"no"},"geometry":{"type":"LineString","coordinates":[[20.516745,54.697749],[20.516595,54.697407]]}},{"type":"Feature","properties":{"kind":"road","name":"","osm":"way/210176829","highway":"service","access":"","foot":""},"geometry":{"type":"LineString","coordinates":[[20.520559,54.696981],[20.521668,54.697567]]}},{"type":"Feature","properties":{"kind":"building","name":"","osm":"way/210176835"},"geometry":{"type":"Polygon","coordinates":[[[20.521747,54.697443],[20.522126,54.697622],[20.522278,54.697515],[20.521899,54.697335],[20.521747,54.697443]]]}},{"type":"Feature","properties":{"kind":"building","name":"","osm":"way/210176836"},"geometry":{"type":"Polygon","coordinates":[[[20.522057,54.697403],[20.522298,54.697524],[20.52255,54.697357],[20.52231,54.697236],[20.522057,54.697403]]]}},{"type":"Feature","properties":{"kind":"building","name":"","osm":"way/210176837"},"geometry":{"type":"Polygon","coordinates":[[[20.520994,54.697941],[20.521131,54.69802],[20.521679,54.697704],[20.521542,54.697625],[20.520994,54.697941]]]}},{"type":"Feature","properties":{"kind":"building","name":"","osm":"way/210176838"},"geometry":{"type":"Polygon","coordinates":[[[20.522136,54.697072],[20.522419,54.697218],[20.522645,54.697072],[20.522136,54.697072]]]}},{"type":"Feature","properties":{"kind":"building","name":"","osm":"way/210176839"},"geometry":{"type":"Polygon","coordinates":[[[20.520179,54.697072],[20.520031,54.697072],[20.519863,54.697169],[20.5209,54.697768],[20.521142,54.697628],[20.520179,54.697072]]]}},{"type":"Feature","properties":{"kind":"building","name":"","osm":"way/210176843"},"geometry":{"type":"Polygon","coordinates":[[[20.521418,54.697072],[20.521315,54.697138],[20.521664,54.697318],[20.52188,54.697178],[20.521674,54.697072],[20.521418,54.697072]]]}},{"type":"Feature","properties":{"kind":"road","name":"","osm":"way/210487647","highway":"service","access":"","foot":""},"geometry":{"type":"LineString","coordinates":[[20.520602,54.702289],[20.520904,54.702231]]}},{"type":"Feature","properties":{"kind":"road","name":"улица Генерала Павлова","osm":"way/210932030","highway":"tertiary","access":"","foot":""},"geometry":{"type":"LineString","coordinates":[[20.522418,54.702209],[20.523085,54.703146],[20.523171,54.703333],[20.523167,54.703408],[20.523131,54.703476]]}},{"type":"Feature","properties":{"kind":"building","name":"","osm":"way/211892189"},"geometry":{"type":"Polygon","coordinates":[[[20.498336,54.701222],[20.498526,54.70112],[20.498738,54.701257],[20.498756,54.701249],[20.498798,54.701276],[20.498852,54.701249],[20.498868,54.701316],[20.498645,54.701425],[20.498336,54.701222]]]}},{"type":"Feature","properties":{"kind":"building","name":"","osm":"way/211892191"},"geometry":{"type":"Polygon","coordinates":[[[20.497765,54.701206],[20.497988,54.701107],[20.498126,54.701202],[20.498212,54.701162],[20.498251,54.701144],[20.498237,54.701133],[20.498107,54.701038],[20.49807,54.701007],[20.498065,54.701004],[20.497639,54.701118],[20.497765,54.701206]]]}},{"type":"Feature","properties":{"kind":"building","name":"","osm":"way/218998644"},"geometry":{"type":"Polygon","coordinates":[[[20.513348,54.701022],[20.513537,54.701029],[20.513532,54.701069],[20.513344,54.701063],[20.513348,54.701022]]]}},{"type":"Feature","properties":{"kind":"road","name":"","osm":"way/220218843","highway":"service","access":"","foot":""},"geometry":{"type":"LineString","coordinates":[[20.513163,54.700974],[20.513228,54.701019],[20.513536,54.700998],[20.513578,54.700882],[20.513864,54.700625]]}},{"type":"Feature","properties":{"kind":"road","name":"","osm":"way/220225049","highway":"service","access":"","foot":""},"geometry":{"type":"LineString","coordinates":[[20.51355,54.701522],[20.51342,54.701536],[20.513375,54.701541],[20.513252,54.701555]]}},{"type":"Feature","properties":{"kind":"road","name":"","osm":"way/220225385","highway":"service","access":"","foot":""},"geometry":{"type":"LineString","coordinates":[[20.513228,54.701019],[20.513318,54.70109]]}},{"type":"Feature","properties":{"kind":"road","name":"","osm":"way/229960688","highway":"service","access":"","foot":""},"geometry":{"type":"LineString","coordinates":[[20.501937,54.700226],[20.502531,54.700118],[20.502737,54.70008],[20.503165,54.700002]]}},{"type":"Feature","properties":{"kind":"road","name":"","osm":"way/231387272","highway":"service","access":"","foot":""},"geometry":{"type":"LineString","coordinates":[[20.502518,54.69867],[20.502718,54.698534]]}},{"type":"Feature","properties":{"kind":"rail","name":"","osm":"way/240142534"},"geometry":{"type":"LineString","coordinates":[[20.513742,54.683059],[20.513248,54.683155],[20.512633,54.683275],[20.512319,54.683325],[20.512006,54.683363],[20.51142,54.68341],[20.509071,54.683565],[20.504723,54.683823],[20.50411,54.683871],[20.50357,54.683939],[20.502897,54.684035],[20.502426,54.68412],[20.501929,54.684231],[20.501471,54.684351],[20.501055,54.684471],[20.500854,54.68454],[20.500231,54.684761],[20.49985,54.684913],[20.498958,54.68531],[20.498025,54.685871],[20.497844,54.686015],[20.497672,54.68616],[20.497439,54.686352],[20.496885,54.686774],[20.496506,54.687103],[20.496156,54.68738],[20.495769,54.687657],[20.495315,54.687975],[20.494428,54.688593],[20.494127,54.68881],[20.493942,54.688947],[20.493696,54.689154],[20.493475,54.689352],[20.493219,54.689621],[20.49301,54.689866],[20.492835,54.69011],[20.492678,54.690354],[20.492545,54.690598],[20.492396,54.690919],[20.492015,54.692123],[20.491889,54.692507],[20.491767,54.692786],[20.491668,54.692968],[20.491566,54.693143],[20.491509,54.693241],[20.491305,54.693548],[20.491146,54.693798],[20.490997,54.694042],[20.490855,54.694306],[20.490734,54.694567],[20.490634,54.694856],[20.490567,54.69513],[20.490526,54.695454],[20.490513,54.69574],[20.49051,54.696027],[20.490517,54.69624],[20.490543,54.69645],[20.490571,54.69661],[20.490608,54.696748],[20.490651,54.696863],[20.49079,54.697193],[20.491019,54.697753],[20.491166,54.698109],[20.491296,54.698413]]}},{"type":"Feature","properties":{"kind":"building","name":"Льдинка","osm":"way/240222512"},"geometry":{"type":"Polygon","coordinates":[[[20.503438,54.698479],[20.503588,54.698479],[20.503588,54.698363],[20.503438,54.698363],[20.503438,54.698479]]]}},{"type":"Feature","properties":{"kind":"road","name":"Эльблонгская улица","osm":"way/251445223","highway":"residential","access":"","foot":""},"geometry":{"type":"LineString","coordinates":[[20.495252,54.699528],[20.49487,54.699307]]}},{"type":"Feature","properties":{"kind":"road","name":"","osm":"way/251445224","highway":"service","access":"","foot":""},"geometry":{"type":"LineString","coordinates":[[20.496147,54.699424],[20.495588,54.699312]]}},{"type":"Feature","properties":{"kind":"road","name":"","osm":"way/259017136","highway":"footway","access":"","foot":""},"geometry":{"type":"LineString","coordinates":[[20.509663,54.699286],[20.509677,54.699081]]}},{"type":"Feature","properties":{"kind":"road","name":"","osm":"way/259017137","highway":"footway","access":"","foot":""},"geometry":{"type":"LineString","coordinates":[[20.510148,54.699086],[20.51039,54.69917]]}},{"type":"Feature","properties":{"kind":"road","name":"","osm":"way/259017138","highway":"footway","access":"","foot":""},"geometry":{"type":"LineString","coordinates":[[20.509507,54.699079],[20.508774,54.699066]]}},{"type":"Feature","properties":{"kind":"road","name":"","osm":"way/259017139","highway":"footway","access":"","foot":""},"geometry":{"type":"LineString","coordinates":[[20.509492,54.699276],[20.509507,54.699079],[20.509677,54.699081],[20.510148,54.699086],[20.510256,54.699078]]}},{"type":"Feature","properties":{"kind":"road","name":"","osm":"way/259017140","highway":"service","access":"","foot":""},"geometry":{"type":"LineString","coordinates":[[20.508773,54.699233],[20.508876,54.699218],[20.509492,54.699276],[20.509663,54.699286],[20.510266,54.699307],[20.510392,54.69932]]}},{"type":"Feature","properties":{"kind":"building","name":"","osm":"way/261379752"},"geometry":{"type":"Polygon","coordinates":[[[20.492362,54.700842],[20.492816,54.701135],[20.493041,54.701019],[20.492587,54.700725],[20.492362,54.700842]]]}},{"type":"Feature","properties":{"kind":"building","name":"","osm":"way/261379755"},"geometry":{"type":"Polygon","coordinates":[[[20.492661,54.700481],[20.492847,54.700462],[20.49277,54.700208],[20.492914,54.700194],[20.492867,54.700039],[20.492675,54.700058],[20.492537,54.700072],[20.492661,54.700481]]]}},{"type":"Feature","properties":{"kind":"road","name":"Эльблонгская улица","osm":"way/287846925","highway":"residential","access":"","foot":""},"geometry":{"type":"LineString","coordinates":[[20.503563,54.700681],[20.503495,54.700692],[20.5031,54.700759],[20.502277,54.700897],[20.502116,54.700909],[20.502036,54.700916],[20.501783,54.700958],[20.501679,54.700975],[20.501583,54.700965],[20.50067,54.700862]]}},{"type":"Feature","properties":{"kind":"road","name":"","osm":"way/287846930","highway":"footway","access":"","foot":""},"geometry":{"type":"LineString","coordinates":[[20.502357,54.698862],[20.502376,54.698795],[20.502383,54.698766],[20.502388,54.698743],[20.502392,54.698727],[20.502411,54.698659],[20.502578,54.698534],[20.502592,54.698484],[20.50252,54.698404],[20.502226,54.698101],[20.502116,54.698073],[20.500804,54.696822],[20.500422,54.696439],[20.499988,54.696004],[20.499944,54.695977],[20.499724,54.696049]]}},{"type":"Feature","properties":{"kind":"road","name":"","osm":"way/287846932","highway":"footway","access":"","foot":""},"geometry":{"type":"LineString","coordinates":[[20.503159,54.697023],[20.503144,54.697034],[20.503089,54.697107],[20.503048,54.697276],[20.503061,54.697571],[20.503038,54.697684],[20.503049,54.697742],[20.503133,54.698167],[20.503137,54.698186],[20.50317,54.698377],[20.503199,54.698541],[20.50323,54.698657],[20.503276,54.698771],[20.503304,54.698819],[20.503385,54.698876],[20.503517,54.698894],[20.503679,54.698915],[20.504128,54.698961],[20.504642,54.69902],[20.504904,54.699042],[20.505032,54.699051],[20.505598,54.699083],[20.505925,54.699099]]}},{"type":"Feature","properties":{"kind":"road","name":"","osm":"way/287846944","highway":"secondary_link","access":"","foot":"no"},"geometry":{"type":"LineString","coordinates":[[20.503432,54.699152],[20.503379,54.69918],[20.503351,54.699202],[20.503328,54.699234],[20.503273,54.699325]]}},{"type":"Feature","properties":{"kind":"road","name":"","osm":"way/287846945","highway":"service","access":"","foot":"no"},"geometry":{"type":"LineString","coordinates":[[20.503165,54.700002],[20.503322,54.699977]]}},{"type":"Feature","properties":{"kind":"road","name":"","osm":"way/287846948","highway":"footway","access":"","foot":""},"geometry":{"type":"LineString","coordinates":[[20.503357,54.699061],[20.503364,54.699017],[20.503379,54.698915],[20.503385,54.698876]]}},{"type":"Feature","properties":{"kind":"road","name":"","osm":"way/287846950","highway":"footway","access":"","foot":""},"geometry":{"type":"LineString","coordinates":[[20.503707,54.700933],[20.503563,54.700681],[20.503165,54.700002],[20.502851,54.699418],[20.502835,54.69936],[20.502768,54.699219],[20.502722,54.699126],[20.502664,54.699054],[20.502609,54.699006],[20.50253,54.698955],[20.502422,54.698892],[20.502371,54.698868],[20.502357,54.698862],[20.502165,54.69882],[20.501995,54.698787]]}},{"type":"Feature","properties":{"kind":"road","name":"","osm":"way/287846957","highway":"footway","access":"","foot":""},"geometry":{"type":"LineString","coordinates":[[20.503311,54.699089],[20.503357,54.699086],[20.503413,54.699137]]}},{"type":"Feature","properties":{"kind":"road","name":"","osm":"way/287846964","highway":"footway","access":"","foot":""},"geometry":{"type":"LineString","coordinates":[[20.5026,54.695042],[20.50176,54.695352],[20.50168,54.695379],[20.501596,54.695408],[20.500951,54.69563],[20.50037,54.695829],[20.500856,54.696311],[20.501708,54.697091],[20.501876,54.697246],[20.50198,54.697339],[20.502475,54.697821],[20.502791,54.69819],[20.502834,54.698183]]}},{"type":"Feature","properties":{"kind":"building","name":"","osm":"way/287846969"},"geometry":{"type":"Polygon","coordinates":[[[20.506019,54.701594],[20.505996,54.701554],[20.505971,54.701507],[20.506407,54.701426],[20.506052,54.700801],[20.505857,54.700838],[20.505821,54.700774],[20.506189,54.700704],[20.506603,54.701427],[20.506549,54.701493],[20.506019,54.701594]]]}},{"type":"Feature","properties":{"kind":"building","name":"","osm":"way/287846971"},"geometry":{"type":"Polygon","coordinates":[[[20.505788,54.70159],[20.505996,54.701554],[20.505971,54.701507],[20.505763,54.701543],[20.505788,54.70159]]]}},{"type":"Feature","properties":{"kind":"building","name":"","osm":"way/287846972"},"geometry":{"type":"Polygon","coordinates":[[[20.504368,54.700372],[20.504397,54.700366],[20.504365,54.700309],[20.504107,54.700358],[20.504139,54.700415],[20.504368,54.700372]]]}},{"type":"Feature","properties":{"kind":"building","name":"","osm":"way/287846974"},"geometry":{"type":"Polygon","coordinates":[[[20.505388,54.701608],[20.505147,54.701649],[20.504793,54.700968],[20.505036,54.700926],[20.505227,54.701292],[20.505325,54.701275],[20.505466,54.701548],[20.505366,54.701565],[20.505388,54.701608]]]}},{"type":"Feature","properties":{"kind":"building","name":"","osm":"way/287846975"},"geometry":{"type":"Polygon","coordinates":[[[20.505466,54.701548],[20.505587,54.701527],[20.505555,54.701464],[20.505708,54.701438],[20.505763,54.701543],[20.505788,54.70159],[20.505412,54.701655],[20.505388,54.701608],[20.505366,54.701565],[20.505466,54.701548]]]}},{"type":"Feature","properties":{"kind":"green","name":"Тополиная аллея","osm":"way/287846977"},"geometry":{"type":"Polygon","coordinates":[[[20.501473,54.697072],[20.501306,54.697072],[20.50255,54.698281],[20.502673,54.698239],[20.501473,54.697072]]]}},{"type":"Feature","properties":{"kind":"road","name":"улица Багратиона","osm":"way/287846979","highway":"secondary","access":"","foot":"no"},"geometry":{"type":"LineString","coordinates":[[20.503146,54.698871],[20.503379,54.698915],[20.503668,54.698969]]}},{"type":"Feature","properties":{"kind":"road","name":"Ленинский проспект","osm":"way/288009608","highway":"primary","access":"","foot":""},"geometry":{"type":"LineString","coordinates":[[20.50283,54.698676],[20.502885,54.698435],[20.502871,54.698396],[20.502847,54.698356],[20.502805,54.698308],[20.502728,54.698231],[20.500772,54.696343]]}},{"type":"Feature","properties":{"kind":"road","name":"","osm":"way/288737314","highway":"footway","access":"","foot":""},"geometry":{"type":"LineString","coordinates":[[20.521219,54.696097],[20.521009,54.696167],[20.520745,54.696255],[20.519604,54.69679],[20.519278,54.696982],[20.519164,54.697096],[20.519119,54.697184],[20.51909,54.697297],[20.519101,54.697417],[20.519159,54.697521],[20.519216,54.697624],[20.519341,54.697764],[20.519423,54.697853],[20.519572,54.698014],[20.520176,54.698669],[20.52052,54.699042],[20.52068,54.699216],[20.520808,54.699354],[20.520888,54.699331]]}},{"type":"Feature","properties":{"kind":"road","name":"Эпроновская улица","osm":"way/293321998","highway":"tertiary","access":"","foot":"no"},"geometry":{"type":"LineString","coordinates":[[20.513758,54.700321],[20.513594,54.700488]]}},{"type":"Feature","properties":{"kind":"road","name":"Октябрьская улица","osm":"way/305683604","highway":"service","access":"","foot":""},"geometry":{"type":"LineString","coordinates":[[20.518624,54.703978],[20.518584,54.703842]]}},{"type":"Feature","properties":{"kind":"road","name":"","osm":"way/308387916","highway":"footway","access":"","foot":""},"geometry":{"type":"LineString","coordinates":[[20.517125,54.698068],[20.51705,54.697971],[20.516947,54.6978],[20.51693,54.697697],[20.516931,54.697595],[20.516954,54.69752],[20.51701,54.697442],[20.517083,54.697384],[20.517154,54.697344],[20.517269,54.697301],[20.517369,54.697277],[20.517481,54.697264],[20.517737,54.697256],[20.517975,54.697259],[20.518065,54.69727]]}},{"type":"Feature","properties":{"kind":"road","name":"","osm":"way/310237313","highway":"service","access":"","foot":""},"geometry":{"type":"LineString","coordinates":[[20.515213,54.698085],[20.515813,54.698097],[20.516307,54.698106],[20.516401,54.698087],[20.516425,54.698082],[20.516453,54.698114],[20.516495,54.698144],[20.516519,54.698154],[20.516548,54.698161],[20.516597,54.698232],[20.516628,54.698275]]}},{"type":"Feature","properties":{"kind":"road","name":"","osm":"way/310237314","highway":"service","access":"","foot":""},"geometry":{"type":"LineString","coordinates":[[20.5161,54.697514],[20.515299,54.69751],[20.515206,54.697509],[20.515169,54.697509]]}},{"type":"Feature","properties":{"kind":"road","name":"","osm":"way/310396093","highway":"pedestrian","access":"","foot":""},"geometry":{"type":"LineString","coordinates":[[20.509915,54.69617],[20.510151,54.697138],[20.510161,54.697172]]}},{"type":"Feature","properties":{"kind":"road","name":"","osm":"way/310396112","highway":"pedestrian","access":"","foot":""},"geometry":{"type":"LineString","coordinates":[[20.509537,54.696164],[20.509218,54.697109],[20.509205,54.69715]]}},{"type":"Feature","properties":{"kind":"road","name":"","osm":"way/310406935","highway":"service","access":"","foot":""},"geometry":{"type":"LineString","coordinates":[[20.513063,54.699364],[20.513266,54.699367],[20.513303,54.69937],[20.513416,54.699379],[20.513773,54.69941],[20.513924,54.699423],[20.516097,54.698965],[20.516168,54.698964],[20.516226,54.699003]]}},{"type":"Feature","properties":{"kind":"road","name":"","osm":"way/310410723","highway":"footway","access":"","foot":""},"geometry":{"type":"LineString","coordinates":[[20.517571,54.697433],[20.517543,54.697552]]}},{"type":"Feature","properties":{"kind":"road","name":"","osm":"way/310410808","highway":"footway","access":"","foot":""},"geometry":{"type":"LineString","coordinates":[[20.517342,54.698033],[20.517383,54.697913],[20.517495,54.697674]]}},{"type":"Feature","properties":{"kind":"road","name":"","osm":"way/310467113","highway":"path","access":"","foot":""},"geometry":{"type":"LineString","coordinates":[[20.513393,54.698733],[20.513561,54.69854],[20.515052,54.698223],[20.515228,54.698113]]}},{"type":"Feature","properties":{"kind":"road","name":"","osm":"way/310467925","highway":"footway","access":"","foot":""},"geometry":{"type":"LineString","coordinates":[[20.516168,54.698964],[20.516215,54.698694],[20.516261,54.698418],[20.516877,54.698262]]}},{"type":"Feature","properties":{"kind":"road","name":"","osm":"way/310467927","highway":"footway","access":"","foot":""},"geometry":{"type":"LineString","coordinates":[[20.516485,54.698763],[20.516838,54.698416],[20.516928,54.698327]]}},{"type":"Feature","properties":{"kind":"road","name":"","osm":"way/310467933","highway":"footway","access":"","foot":""},"geometry":{"type":"LineString","coordinates":[[20.513191,54.699105],[20.51335,54.699126],[20.513397,54.699129],[20.513518,54.699138],[20.513958,54.699178],[20.515783,54.698783],[20.515991,54.698738],[20.516084,54.698937],[20.516097,54.698965]]}},{"type":"Feature","properties":{"kind":"building","name":"Русский хлеб","osm":"way/310472280"},"geometry":{"type":"Polygon","coordinates":[[[20.510516,54.69727],[20.510581,54.697269],[20.510581,54.697251],[20.510516,54.697251],[20.510516,54.69727]]]}},{"type":"Feature","properties":{"kind":"building","name":"","osm":"way/310493240"},"geometry":{"type":"Polygon","coordinates":[[[20.518606,54.700019],[20.519823,54.699691],[20.520248,54.700219],[20.519945,54.7003],[20.51984,54.70017],[20.519901,54.700153],[20.519718,54.699927],[20.518859,54.700157],[20.518248,54.700649],[20.517967,54.700533],[20.518606,54.700019]]]}},{"type":"Feature","properties":{"kind":"road","name":"","osm":"way/310642553","highway":"footway","access":"","foot":""},"geometry":{"type":"LineString","coordinates":[[20.515783,54.698783],[20.515655,54.698547],[20.515643,54.698524],[20.515636,54.698512]]}},{"type":"Feature","properties":{"kind":"road","name":"","osm":"way/312850185","highway":"footway","access":"","foot":""},"geometry":{"type":"LineString","coordinates":[[20.513046,54.701068],[20.513012,54.70101],[20.512988,54.700969]]}},{"type":"Feature","properties":{"kind":"road","name":"","osm":"way/312850186","highway":"footway","access":"","foot":""},"geometry":{"type":"LineString","coordinates":[[20.517405,54.69832],[20.517363,54.698277],[20.517282,54.698189],[20.517278,54.698185],[20.517262,54.698167],[20.517251,54.698154],[20.517235,54.698137],[20.517194,54.698082]]}},{"type":"Feature","properties":{"kind":"road","name":"","osm":"way/312850187","highway":"footway","access":"","foot":""},"geometry":{"type":"LineString","coordinates":[[20.517125,54.698068],[20.517038,54.698084],[20.516934,54.698102],[20.516767,54.698159]]}},{"type":"Feature","properties":{"kind":"road","name":"","osm":"way/312850188","highway":"footway","access":"","foot":""},"geometry":{"type":"LineString","coordinates":[[20.513943,54.699759],[20.513864,54.69976],[20.513773,54.699761]]}},{"type":"Feature","properties":{"kind":"road","name":"","osm":"way/312850189","highway":"service","access":"","foot":""},"geometry":{"type":"LineString","coordinates":[[20.509064,54.701793],[20.509058,54.701741],[20.508969,54.700878]]}},{"type":"Feature","properties":{"kind":"road","name":"","osm":"way/312850190","highway":"footway","access":"","foot":""},"geometry":{"type":"LineString","coordinates":[[20.50972,54.701779],[20.509706,54.701687],[20.509699,54.701634]]}},{"type":"Feature","properties":{"kind":"road","name":"","osm":"way/312850191","highway":"footway","access":"","foot":""},"geometry":{"type":"LineString","coordinates":[[20.522547,54.701961],[20.522602,54.702015],[20.522653,54.70207],[20.522857,54.702383],[20.522929,54.702502],[20.522997,54.70262],[20.523061,54.702738],[20.523119,54.702857],[20.523352,54.703396],[20.523412,54.703596],[20.523443,54.703699],[20.523507,54.703999],[20.52357,54.70449],[20.52357,54.705101],[20.523508,54.705577],[20.523186,54.707004],[20.523147,54.707175],[20.523093,54.707493],[20.523015,54.707893],[20.522994,54.707954],[20.522978,54.707979],[20.522972,54.707992],[20.522959,54.708006],[20.522943,54.70802],[20.522926,54.708029],[20.522907,54.708037],[20.522867,54.708053],[20.522829,54.708065],[20.522756,54.708085],[20.522636,54.708112],[20.522569,54.70813],[20.522485,54.708152],[20.522423,54.70817],[20.522362,54.708194],[20.522301,54.708225],[20.522262,54.708254],[20.522232,54.708284],[20.522209,54.708311],[20.522191,54.708339],[20.522173,54.708399],[20.522161,54.708471]]}},{"type":"Feature","properties":{"kind":"road","name":"","osm":"way/312850192","highway":"footway","access":"","foot":""},"geometry":{"type":"LineString","coordinates":[[20.516758,54.69884],[20.517224,54.698879]]}},{"type":"Feature","properties":{"kind":"road","name":"","osm":"way/312850193","highway":"footway","access":"","foot":""},"geometry":{"type":"LineString","coordinates":[[20.517178,54.698669],[20.517252,54.69863],[20.517289,54.69861],[20.517309,54.6986],[20.517328,54.698589],[20.517417,54.698545]]}},{"type":"Feature","properties":{"kind":"road","name":"","osm":"way/312850194","highway":"footway","access":"","foot":""},"geometry":{"type":"LineString","coordinates":[[20.516767,54.698159],[20.516846,54.698218],[20.516857,54.698234],[20.51687,54.698252],[20.516871,54.698254],[20.516877,54.698262],[20.516887,54.698278],[20.516928,54.698327]]}},{"type":"Feature","properties":{"kind":"road","name":"","osm":"way/312850195","highway":"footway","access":"","foot":""},"geometry":{"type":"LineString","coordinates":[[20.516416,54.697239],[20.516468,54.696732],[20.516444,54.696529],[20.516442,54.696512],[20.516427,54.696361],[20.516508,54.695403]]}},{"type":"Feature","properties":{"kind":"road","name":"улица Багратиона","osm":"way/312850196","highway":"secondary","access":"","foot":"no"},"geometry":{"type":"LineString","coordinates":[[20.513777,54.699602],[20.513875,54.699603]]}},{"type":"Feature","properties":{"kind":"road","name":"улица Багратиона","osm":"way/312850197","highway":"secondary","access":"","foot":"no"},"geometry":{"type":"LineString","coordinates":[[20.516866,54.698479],[20.517048,54.698346],[20.517083,54.698328],[20.517111,54.698313],[20.517145,54.698291]]}},{"type":"Feature","properties":{"kind":"road","name":"улица Багратиона","osm":"way/312850198","highway":"secondary","access":"","foot":"no"},"geometry":{"type":"LineString","coordinates":[[20.516226,54.699003],[20.516375,54.698905],[20.516547,54.698777],[20.516866,54.698479]]}},{"type":"Feature","properties":{"kind":"road","name":"","osm":"way/313093723","highway":"footway","access":"","foot":""},"geometry":{"type":"LineString","coordinates":[[20.517756,54.698142],[20.517616,54.698225]]}},{"type":"Feature","properties":{"kind":"road","name":"","osm":"way/313093728","highway":"footway","access":"","foot":""},"geometry":{"type":"LineString","coordinates":[[20.525457,54.693829],[20.525113,54.694007],[20.524324,54.694477],[20.522291,54.695691],[20.522065,54.695827],[20.521429,54.696203],[20.521123,54.696365],[20.518428,54.697782],[20.517902,54.698059]]}},{"type":"Feature","properties":{"kind":"road","name":"","osm":"way/313093744","highway":"footway","access":"","foot":""},"geometry":{"type":"LineString","coordinates":[[20.517125,54.698068],[20.517194,54.698082],[20.517342,54.698033],[20.518124,54.697752],[20.518345,54.697658],[20.51884,54.697404],[20.51918,54.69723],[20.520485,54.696501]]}},{"type":"Feature","properties":{"kind":"road","name":"","osm":"way/314321307","highway":"footway","access":"","foot":""},"geometry":{"type":"LineString","coordinates":[[20.502567,54.697103],[20.502502,54.6971],[20.502364,54.697098],[20.502116,54.697057],[20.501884,54.69703],[20.501708,54.697091]]}},{"type":"Feature","properties":{"kind":"road","name":"Второй эстакадный мост","osm":"way/333338256","highway":"primary","access":"","foot":"no"},"geometry":{"type":"LineString","coordinates":[[20.523124,54.707892],[20.523143,54.707797],[20.523158,54.707724],[20.523502,54.706239],[20.52358,54.705895],[20.523629,54.705601],[20.523683,54.70523],[20.523695,54.704891],[20.523697,54.704783],[20.523696,54.704676],[20.523691,54.704569],[20.523681,54.704463],[20.523668,54.704302],[20.523644,54.70414],[20.523619,54.703986],[20.523589,54.703832],[20.523553,54.703687],[20.523516,54.703551],[20.523416,54.703285],[20.523335,54.703097]]}},{"type":"Feature","properties":{"kind":"road","name":"","osm":"way/335613765","highway":"secondary_link","access":"","foot":""},"geometry":{"type":"LineString","coordinates":[[20.52124,54.700544],[20.521035,54.7003],[20.52095,54.700202],[20.520887,54.700147],[20.520673,54.69998],[20.520576,54.699903],[20.520396,54.699759],[20.520322,54.699694],[20.520244,54.699617],[20.520113,54.699466],[20.520093,54.699443]]}},{"type":"Feature","properties":{"kind":"road","name":"","osm":"way/335613766","highway":"secondary_link","access":"","foot":""},"geometry":{"type":"LineString","coordinates":[[20.520093,54.699443],[20.519961,54.699279]]}},{"type":"Feature","properties":{"kind":"road","name":"","osm":"way/335613767","highway":"secondary_link","access":"","foot":""},"geometry":{"type":"LineString","coordinates":[[20.521385,54.698909],[20.52118,54.698999],[20.52108,54.699049],[20.521041,54.699104],[20.521008,54.699179]]}},{"type":"Feature","properties":{"kind":"road","name":"","osm":"way/335613768","highway":"secondary_link","access":"","foot":""},"geometry":{"type":"LineString","coordinates":[[20.520657,54.699079],[20.520767,54.699087],[20.520848,54.6991],[20.520923,54.699129],[20.521008,54.699179]]}},{"type":"Feature","properties":{"kind":"road","name":"","osm":"way/335613769","highway":"secondary_link","access":"","foot":""},"geometry":{"type":"LineString","coordinates":[[20.521008,54.699179],[20.521033,54.69921],[20.521111,54.699308],[20.521577,54.699874],[20.521966,54.700326]]}},{"type":"Feature","properties":{"kind":"road","name":"","osm":"way/335613770","highway":"secondary_link","access":"","foot":""},"geometry":{"type":"LineString","coordinates":[[20.522658,54.70191],[20.522087,54.701504],[20.521985,54.701423],[20.521926,54.701358],[20.52124,54.700544]]}},{"type":"Feature","properties":{"kind":"road","name":"набережная Ветеранов","osm":"way/335613771","highway":"secondary","access":"","foot":""},"geometry":{"type":"LineString","coordinates":[[20.520657,54.699079],[20.520976,54.699008],[20.521385,54.698909]]}},{"type":"Feature","properties":{"kind":"road","name":"","osm":"way/335613772","highway":"secondary_link","access":"","foot":""},"geometry":{"type":"LineString","coordinates":[[20.521966,54.700326],[20.5222,54.700622],[20.52236,54.700845],[20.522451,54.700982],[20.52267,54.70138],[20.522748,54.701536],[20.522883,54.70189]]}},{"type":"Feature","properties":{"kind":"road","name":"Ленинский проспект","osm":"way/360956814","highway":"primary","access":"","foot":"no"},"geometry":{"type":"LineString","coordinates":[[20.504031,54.700713],[20.504558,54.701578],[20.504737,54.701893]]}},{"type":"Feature","properties":{"kind":"road","name":"улица Богдана Хмельницкого","osm":"way/368032600","highway":"tertiary","access":"","foot":""},"geometry":{"type":"LineString","coordinates":[[20.508754,54.697139],[20.508235,54.697127]]}},{"type":"Feature","properties":{"kind":"road","name":"","osm":"way/378597382","highway":"service","access":"","foot":""},"geometry":{"type":"LineString","coordinates":[[20.520012,54.705527],[20.519656,54.70496],[20.519576,54.704912],[20.519468,54.704901],[20.518806,54.705054]]}},{"type":"Feature","properties":{"kind":"road","name":"","osm":"way/378597383","highway":"footway","access":"","foot":""},"geometry":{"type":"LineString","coordinates":[[20.518806,54.705054],[20.518699,54.705016],[20.518637,54.705014],[20.518558,54.704938],[20.518455,54.704833]]}},{"type":"Feature","properties":{"kind":"road","name":"","osm":"way/380923580","highway":"service","access":"","foot":""},"geometry":{"type":"LineString","coordinates":[[20.522613,54.704262],[20.522718,54.70448],[20.522699,54.705097],[20.521867,54.705089]]}},{"type":"Feature","properties":{"kind":"road","name":"","osm":"way/405006176","highway":"service","access":"","foot":""},"geometry":{"type":"LineString","coordinates":[[20.520337,54.704651],[20.520823,54.704546],[20.520951,54.704542],[20.521091,54.704577],[20.521182,54.704641],[20.5214,54.704962],[20.521489,54.705009],[20.521589,54.705025],[20.521705,54.705017],[20.521939,54.704994]]}},{"type":"Feature","properties":{"kind":"road","name":"","osm":"way/405006177","highway":"service","access":"","foot":""},"geometry":{"type":"LineString","coordinates":[[20.521127,54.703175],[20.521583,54.703065]]}},{"type":"Feature","properties":{"kind":"road","name":"","osm":"way/405006180","highway":"service","access":"","foot":""},"geometry":{"type":"LineString","coordinates":[[20.521127,54.703175],[20.520602,54.702289]]}},{"type":"Feature","properties":{"kind":"road","name":"","osm":"way/405006182","highway":"service","access":"","foot":""},"geometry":{"type":"LineString","coordinates":[[20.520585,54.701759],[20.521392,54.701605]]}},{"type":"Feature","properties":{"kind":"road","name":"","osm":"way/405006183","highway":"service","access":"","foot":""},"geometry":{"type":"LineString","coordinates":[[20.521629,54.703991],[20.521602,54.703949],[20.521367,54.703579],[20.521127,54.703175]]}},{"type":"Feature","properties":{"kind":"road","name":"","osm":"way/405006184","highway":"tertiary","access":"","foot":""},"geometry":{"type":"LineString","coordinates":[[20.517374,54.700584],[20.517432,54.700601],[20.517449,54.700606],[20.517494,54.70062]]}},{"type":"Feature","properties":{"kind":"road","name":"","osm":"way/405006199","highway":"service","access":"","foot":""},"geometry":{"type":"LineString","coordinates":[[20.520106,54.700386],[20.520334,54.700482],[20.520485,54.700568],[20.520651,54.700843],[20.520886,54.701035],[20.520937,54.701085],[20.521089,54.70135],[20.520776,54.701417]]}},{"type":"Feature","properties":{"kind":"building","name":"","osm":"way/405006202"},"geometry":{"type":"Polygon","coordinates":[[[20.519187,54.703035],[20.519248,54.703138],[20.519979,54.702992],[20.519856,54.703121],[20.519564,54.703183],[20.519682,54.70337],[20.519398,54.70343],[20.519496,54.703585],[20.519364,54.703734],[20.519394,54.703782],[20.519415,54.703777],[20.519539,54.70363],[20.519877,54.703556],[20.519755,54.703371],[20.520013,54.703314],[20.519906,54.70315],[20.520026,54.703018],[20.520286,54.703453],[20.52051,54.703409],[20.52017,54.702839],[20.519187,54.703035]]]}},{"type":"Feature","properties":{"kind":"road","name":"улица Генерала Павлова","osm":"way/405006215","highway":"tertiary","access":"","foot":""},"geometry":{"type":"LineString","coordinates":[[20.521182,54.700645],[20.521731,54.701355],[20.522048,54.701741]]}},{"type":"Feature","properties":{"kind":"road","name":"","osm":"way/411615116","highway":"footway","access":"","foot":""},"geometry":{"type":"LineString","coordinates":[[20.502835,54.69936],[20.502455,54.699432],[20.502391,54.699428],[20.501666,54.699381],[20.501236,54.699233]]}},{"type":"Feature","properties":{"kind":"road","name":"","osm":"way/411615122","highway":"service","access":"","foot":""},"geometry":{"type":"LineString","coordinates":[[20.501817,54.700319],[20.501496,54.699719],[20.501344,54.699443],[20.501236,54.699233],[20.501168,54.699103],[20.501157,54.699081],[20.500863,54.698834]]}},{"type":"Feature","properties":{"kind":"road","name":"","osm":"way/411615124","highway":"service","access":"","foot":""},"geometry":{"type":"LineString","coordinates":[[20.501496,54.699719],[20.502119,54.699608]]}},{"type":"Feature","properties":{"kind":"green","name":"","osm":"way/411799090"},"geometry":{"type":"Polygon","coordinates":[[[20.501584,54.699636],[20.502265,54.699524],[20.502096,54.699189],[20.50153,54.699022],[20.501021,54.698898],[20.501203,54.699069],[20.501275,54.699222],[20.501584,54.699636]]]}},{"type":"Feature","properties":{"kind":"green","name":"","osm":"way/411799091"},"geometry":{"type":"Polygon","coordinates":[[[20.498397,54.698358],[20.498446,54.698278],[20.498467,54.698244],[20.499562,54.698445],[20.500302,54.698507],[20.50035,54.698588],[20.500007,54.698706],[20.498397,54.698358]]]}},{"type":"Feature","properties":{"kind":"green","name":"","osm":"way/411799092"},"geometry":{"type":"Polygon","coordinates":[[[20.496139,54.697872],[20.496155,54.697846],[20.496198,54.697776],[20.498296,54.6982],[20.498226,54.698318],[20.496139,54.697872]]]}},{"type":"Feature","properties":{"kind":"green","name":"","osm":"way/411799093"},"geometry":{"type":"Polygon","coordinates":[[[20.493961,54.6971],[20.494428,54.69727],[20.494393,54.697393],[20.494542,54.697465],[20.494636,54.697499],[20.494689,54.697532],[20.494621,54.69759],[20.494374,54.697525],[20.493323,54.698231],[20.493194,54.698179],[20.493044,54.698281],[20.493309,54.698469],[20.492792,54.69851],[20.492617,54.698487],[20.492766,54.698249],[20.493045,54.697918],[20.493961,54.6971]]]}},{"type":"Feature","properties":{"kind":"green","name":"","osm":"way/411799094"},"geometry":{"type":"Polygon","coordinates":[[[20.495198,54.697305],[20.49517,54.697347],[20.495223,54.697385],[20.495588,54.697484],[20.495597,54.697451],[20.49556,54.697444],[20.495564,54.697418],[20.495617,54.697425],[20.495625,54.697392],[20.495198,54.697305]]]}},{"type":"Feature","properties":{"kind":"green","name":"","osm":"way/411799095"},"geometry":{"type":"Polygon","coordinates":[[[20.495641,54.697498],[20.495649,54.69747],[20.495682,54.697479],[20.495698,54.697444],[20.495653,54.697437],[20.49567,54.697406],[20.495889,54.697449],[20.495893,54.697423],[20.49608,54.697463],[20.496003,54.697578],[20.495641,54.697498]]]}},{"type":"Feature","properties":{"kind":"road","name":"","osm":"way/411799876","highway":"footway","access":"","foot":""},"geometry":{"type":"LineString","coordinates":[[20.49605,54.697787],[20.498342,54.698266]]}},{"type":"Feature","properties":{"kind":"road","name":"","osm":"way/412088210","highway":"service","access":"","foot":""},"geometry":{"type":"LineString","coordinates":[[20.510806,54.697778],[20.511066,54.69778],[20.511128,54.698802],[20.511353,54.6988],[20.511647,54.698797]]}},{"type":"Feature","properties":{"kind":"road","name":"","osm":"way/412088211","highway":"service","access":"","foot":""},"geometry":{"type":"LineString","coordinates":[[20.511786,54.698642],[20.511787,54.698103]]}},{"type":"Feature","properties":{"kind":"road","name":"","osm":"way/412090807","highway":"service","access":"","foot":""},"geometry":{"type":"LineString","coordinates":[[20.504702,54.699446],[20.503982,54.699349],[20.503867,54.699378],[20.503895,54.699428],[20.504106,54.699802]]}},{"type":"Feature","properties":{"kind":"road","name":"","osm":"way/412090808","highway":"service","access":"","foot":""},"geometry":{"type":"LineString","coordinates":[[20.504702,54.699446],[20.505821,54.699501]]}},{"type":"Feature","properties":{"kind":"building","name":"","osm":"way/412090809"},"geometry":{"type":"Polygon","coordinates":[[[20.504732,54.699615],[20.504711,54.699573],[20.504761,54.699565],[20.504741,54.699523],[20.504854,54.699505],[20.504895,54.699589],[20.504732,54.699615]]]}},{"type":"Feature","properties":{"kind":"road","name":"","osm":"way/418129074","highway":"service","access":"","foot":""},"geometry":{"type":"LineString","coordinates":[[20.518391,54.6954],[20.518389,54.695441],[20.518386,54.695483],[20.518385,54.695498],[20.518363,54.695796],[20.518327,54.696302],[20.518429,54.696401],[20.518476,54.69644],[20.518493,54.696513],[20.518691,54.697175],[20.51884,54.697404],[20.518857,54.697431]]}},{"type":"Feature","properties":{"kind":"road","name":"","osm":"way/422128787","highway":"service","access":"","foot":""},"geometry":{"type":"LineString","coordinates":[[20.504395,54.700252],[20.504471,54.700395],[20.504479,54.700409],[20.504514,54.700474],[20.504684,54.700792],[20.504726,54.70087]]}},{"type":"Feature","properties":{"kind":"road","name":"","osm":"way/422129331","highway":"service","access":"","foot":""},"geometry":{"type":"LineString","coordinates":[[20.502553,54.701682],[20.503578,54.701478],[20.50332,54.70101],[20.502282,54.701203]]}},{"type":"Feature","properties":{"kind":"road","name":"","osm":"way/422129332","highway":"service","access":"","foot":""},"geometry":{"type":"LineString","coordinates":[[20.502049,54.701686],[20.502503,54.701594]]}},{"type":"Feature","properties":{"kind":"green","name":"","osm":"way/422625148"},"geometry":{"type":"Polygon","coordinates":[[[20.49236,54.697072],[20.492898,54.697072],[20.492681,54.697314],[20.492503,54.697237],[20.492239,54.697473],[20.492061,54.697395],[20.49236,54.697072]]]}},{"type":"Feature","properties":{"kind":"building","name":"","osm":"way/422625149"},"geometry":{"type":"Polygon","coordinates":[[[20.49535,54.697657],[20.495378,54.697619],[20.495439,54.697633],[20.495412,54.697666],[20.49535,54.697657]]]}},{"type":"Feature","properties":{"kind":"building","name":"","osm":"way/422625150"},"geometry":{"type":"Polygon","coordinates":[[[20.495439,54.697675],[20.495466,54.697637],[20.495528,54.697651],[20.495501,54.697684],[20.495439,54.697675]]]}},{"type":"Feature","properties":{"kind":"building","name":"","osm":"way/422625151"},"geometry":{"type":"Polygon","coordinates":[[[20.495538,54.697695],[20.495565,54.697657],[20.495627,54.697671],[20.4956,54.697704],[20.495538,54.697695]]]}},{"type":"Feature","properties":{"kind":"road","name":"","osm":"way/422625152","highway":"footway","access":"","foot":""},"geometry":{"type":"LineString","coordinates":[[20.494811,54.697558],[20.49497,54.697612],[20.49512,54.697655],[20.495647,54.697774],[20.496011,54.697849]]}},{"type":"Feature","properties":{"kind":"green","name":"","osm":"way/422625154"},"geometry":{"type":"Polygon","coordinates":[[[20.495622,54.697746],[20.495785,54.697786],[20.495805,54.697744],[20.495637,54.697712],[20.495622,54.697746]]]}},{"type":"Feature","properties":{"kind":"green","name":"","osm":"way/422625155"},"geometry":{"type":"Polygon","coordinates":[[[20.49498,54.697596],[20.495143,54.697636],[20.495163,54.697595],[20.494995,54.697562],[20.49498,54.697596]]]}},{"type":"Feature","properties":{"kind":"road","name":"","osm":"way/422625156","highway":"footway","access":"","foot":""},"geometry":{"type":"LineString","coordinates":[[20.498539,54.701041],[20.498581,54.701008],[20.498509,54.700938],[20.498621,54.700865],[20.498874,54.700785],[20.498682,54.700622]]}},{"type":"Feature","properties":{"kind":"road","name":"","osm":"way/422625157","highway":"footway","access":"","foot":""},"geometry":{"type":"LineString","coordinates":[[20.498874,54.700785],[20.499209,54.700807]]}},{"type":"Feature","properties":{"kind":"road","name":"","osm":"way/422625158","highway":"service","access":"","foot":""},"geometry":{"type":"LineString","coordinates":[[20.498155,54.701245],[20.498539,54.701041]]}},{"type":"Feature","properties":{"kind":"green","name":"","osm":"way/422640278"},"geometry":{"type":"Polygon","coordinates":[[[20.500709,54.699812],[20.500947,54.699765],[20.500516,54.699026],[20.500196,54.698964],[20.500709,54.699812]]]}},{"type":"Feature","properties":{"kind":"building","name":"","osm":"way/422640279"},"geometry":{"type":"Polygon","coordinates":[[[20.500483,54.698962],[20.500467,54.698919],[20.500515,54.698912],[20.500538,54.698956],[20.500483,54.698962]]]}},{"type":"Feature","properties":{"kind":"building","name":"","osm":"way/422640280"},"geometry":{"type":"Polygon","coordinates":[[[20.500449,54.69891],[20.500433,54.698868],[20.500481,54.698861],[20.500504,54.698905],[20.500449,54.69891]]]}},{"type":"Feature","properties":{"kind":"building","name":"","osm":"way/422640281"},"geometry":{"type":"Polygon","coordinates":[[[20.500418,54.698862],[20.500402,54.69882],[20.50045,54.698813],[20.500473,54.698857],[20.500418,54.698862]]]}},{"type":"Feature","properties":{"kind":"building","name":"","osm":"way/422640282"},"geometry":{"type":"Polygon","coordinates":[[[20.500399,54.698771],[20.500383,54.698728],[20.500431,54.698721],[20.500454,54.698765],[20.500399,54.698771]]]}},{"type":"Feature","properties":{"kind":"building","name":"","osm":"way/422640283"},"geometry":{"type":"Polygon","coordinates":[[[20.500323,54.698647],[20.500303,54.698621],[20.500366,54.698606],[20.500388,54.698627],[20.500323,54.698647]]]}},{"type":"Feature","properties":{"kind":"road","name":"","osm":"way/422640286","highway":"footway","access":"","foot":""},"geometry":{"type":"LineString","coordinates":[[20.49891,54.698475],[20.498896,54.698434],[20.498868,54.698359]]}},{"type":"Feature","properties":{"kind":"building","name":"","osm":"way/422643966"},"geometry":{"type":"Polygon","coordinates":[[[20.500814,54.698948],[20.500832,54.698919],[20.50091,54.69894],[20.500889,54.698968],[20.500814,54.698948]]]}},{"type":"Feature","properties":{"kind":"green","name":"","osm":"way/422643967"},"geometry":{"type":"Polygon","coordinates":[[[20.500831,54.699136],[20.500693,54.698886],[20.500926,54.698937],[20.500852,54.699012],[20.500876,54.699078],[20.501059,54.699102],[20.500831,54.699136]]]}},{"type":"Feature","properties":{"kind":"road","name":"","osm":"way/422643968","highway":"path","access":"","foot":""},"geometry":{"type":"LineString","coordinates":[[20.500661,54.699043],[20.501168,54.699103]]}},{"type":"Feature","properties":{"kind":"road","name":"","osm":"way/422643969","highway":"footway","access":"","foot":""},"geometry":{"type":"LineString","coordinates":[[20.500496,54.698622],[20.500281,54.698747],[20.500244,54.698803],[20.500244,54.698905],[20.500066,54.698952],[20.499806,54.699022]]}},{"type":"Feature","properties":{"kind":"road","name":"","osm":"way/422643970","highway":"service","access":"","foot":""},"geometry":{"type":"LineString","coordinates":[[20.498809,54.699829],[20.498939,54.700159]]}},{"type":"Feature","properties":{"kind":"road","name":"","osm":"way/422643971","highway":"service","access":"","foot":""},"geometry":{"type":"LineString","coordinates":[[20.498175,54.69855],[20.498374,54.698593],[20.499654,54.698866]]}},{"type":"Feature","properties":{"kind":"road","name":"","osm":"way/422643973","highway":"footway","access":"","foot":""},"geometry":{"type":"LineString","coordinates":[[20.500066,54.698952],[20.499933,54.698744],[20.499641,54.69851]]}},{"type":"Feature","properties":{"kind":"green","name":"","osm":"way/422643976"},"geometry":{"type":"Polygon","coordinates":[[[20.496056,54.699045],[20.496432,54.699133],[20.496379,54.699211],[20.495908,54.699109],[20.495869,54.699176],[20.497316,54.699484],[20.497279,54.699419],[20.497236,54.699342],[20.497584,54.698772],[20.497528,54.698759],[20.497301,54.699133],[20.496776,54.699017],[20.497063,54.698566],[20.496865,54.698523],[20.496467,54.698437],[20.496344,54.698619],[20.496224,54.698796],[20.496056,54.699045]]]}},{"type":"Feature","properties":{"kind":"road","name":"Второй эстакадный мост","osm":"way/423080013","highway":"primary","access":"","foot":"no"},"geometry":{"type":"LineString","coordinates":[[20.522351,54.701249],[20.522623,54.701568],[20.522756,54.701727],[20.522883,54.70189]]}},{"type":"Feature","properties":{"kind":"road","name":"Второй эстакадный мост","osm":"way/423080015","highway":"primary","access":"","foot":"no"},"geometry":{"type":"LineString","coordinates":[[20.521635,54.700447],[20.521978,54.700831],[20.522165,54.701041],[20.522351,54.701249]]}},{"type":"Feature","properties":{"kind":"road","name":"Второй эстакадный мост","osm":"way/423080016","highway":"primary","access":"","foot":"no"},"geometry":{"type":"LineString","coordinates":[[20.522883,54.70189],[20.522973,54.702018],[20.522998,54.702057],[20.523108,54.702226],[20.523187,54.702348],[20.523262,54.702472],[20.523334,54.702594],[20.523367,54.702656],[20.5234,54.702719],[20.5235,54.702937],[20.523595,54.703158],[20.523679,54.703379],[20.523735,54.703527],[20.523752,54.703602]]}},{"type":"Feature","properties":{"kind":"road","name":"Второй эстакадный мост","osm":"way/423080017","highway":"primary","access":"","foot":"no"},"geometry":{"type":"LineString","coordinates":[[20.518968,54.697386],[20.519016,54.697494],[20.519083,54.697598],[20.520776,54.699479],[20.521635,54.700447]]}},{"type":"Feature","properties":{"kind":"building","name":"","osm":"way/423596049"},"geometry":{"type":"Polygon","coordinates":[[[20.504739,54.699949],[20.504713,54.699896],[20.50477,54.699887],[20.504796,54.69994],[20.504739,54.699949]]]}},{"type":"Feature","properties":{"kind":"building","name":"","osm":"way/423596050"},"geometry":{"type":"Polygon","coordinates":[[[20.504801,54.699939],[20.504775,54.699886],[20.504832,54.699876],[20.504857,54.69993],[20.504801,54.699939]]]}},{"type":"Feature","properties":{"kind":"building","name":"","osm":"way/423596051"},"geometry":{"type":"Polygon","coordinates":[[[20.504873,54.699931],[20.504847,54.699878],[20.504904,54.699869],[20.50493,54.699922],[20.504873,54.699931]]]}},{"type":"Feature","properties":{"kind":"building","name":"","osm":"way/423596052"},"geometry":{"type":"Polygon","coordinates":[[[20.504935,54.69992],[20.504909,54.699867],[20.504966,54.699858],[20.504992,54.699911],[20.504935,54.69992]]]}},{"type":"Feature","properties":{"kind":"building","name":"","osm":"way/423596053"},"geometry":{"type":"Polygon","coordinates":[[[20.504999,54.699907],[20.504971,54.699855],[20.505024,54.699845],[20.505051,54.699898],[20.504999,54.699907]]]}},{"type":"Feature","properties":{"kind":"building","name":"","osm":"way/423596054"},"geometry":{"type":"Polygon","coordinates":[[[20.504446,54.699758],[20.504417,54.69969],[20.50452,54.699676],[20.504549,54.699744],[20.504446,54.699758]]]}},{"type":"Feature","properties":{"kind":"road","name":"","osm":"way/423596055","highway":"service","access":"","foot":""},"geometry":{"type":"LineString","coordinates":[[20.505789,54.69996],[20.505832,54.699651],[20.505853,54.6995],[20.505821,54.699501]]}},{"type":"Feature","properties":{"kind":"road","name":"","osm":"way/423596056","highway":"service","access":"","foot":""},"geometry":{"type":"LineString","coordinates":[[20.504625,54.700212],[20.504437,54.699909],[20.504477,54.699853],[20.504541,54.699839],[20.504574,54.699859],[20.504675,54.699921],[20.504718,54.69998],[20.505,54.699945]]}},{"type":"Feature","properties":{"kind":"building","name":"","osm":"way/423596057"},"geometry":{"type":"Polygon","coordinates":[[[20.505085,54.699934],[20.505059,54.699881],[20.505116,54.699872],[20.505142,54.699925],[20.505085,54.699934]]]}},{"type":"Feature","properties":{"kind":"building","name":"","osm":"way/423596058"},"geometry":{"type":"Polygon","coordinates":[[[20.504843,54.699863],[20.504752,54.69988],[20.504734,54.699848],[20.504825,54.699831],[20.504843,54.699863]]]}},{"type":"Feature","properties":{"kind":"building","name":"","osm":"way/423596059"},"geometry":{"type":"Polygon","coordinates":[[[20.5049,54.69981],[20.504809,54.699827],[20.50479,54.699795],[20.504881,54.699778],[20.5049,54.69981]]]}},{"type":"Feature","properties":{"kind":"building","name":"","osm":"way/423596060"},"geometry":{"type":"Polygon","coordinates":[[[20.504851,54.69977],[20.50476,54.699787],[20.504742,54.699755],[20.504833,54.699738],[20.504851,54.69977]]]}},{"type":"Feature","properties":{"kind":"building","name":"","osm":"way/423596061"},"geometry":{"type":"Polygon","coordinates":[[[20.504887,54.699706],[20.504721,54.699741],[20.504697,54.699702],[20.504863,54.699667],[20.504887,54.699706]]]}},{"type":"Feature","properties":{"kind":"building","name":"","osm":"way/423596062"},"geometry":{"type":"Polygon","coordinates":[[[20.504827,54.699649],[20.504736,54.699666],[20.504718,54.699634],[20.504809,54.699617],[20.504827,54.699649]]]}},{"type":"Feature","properties":{"kind":"road","name":"","osm":"way/423596063","highway":"service","access":"","foot":""},"geometry":{"type":"LineString","coordinates":[[20.504574,54.699859],[20.504619,54.699766],[20.504659,54.699642],[20.504667,54.699548]]}},{"type":"Feature","properties":{"kind":"road","name":"","osm":"way/423596066","highway":"footway","access":"","foot":""},"geometry":{"type":"LineString","coordinates":[[20.504667,54.699548],[20.504702,54.699446]]}},{"type":"Feature","properties":{"kind":"road","name":"","osm":"way/423596067","highway":"footway","access":"","foot":""},"geometry":{"type":"LineString","coordinates":[[20.505853,54.6995],[20.505896,54.699455],[20.505915,54.699414],[20.505935,54.699324],[20.505939,54.699309],[20.505182,54.699283],[20.504765,54.699249],[20.504589,54.699225],[20.504063,54.699167]]}},{"type":"Feature","properties":{"kind":"road","name":"","osm":"way/423596068","highway":"footway","access":"","foot":""},"geometry":{"type":"LineString","coordinates":[[20.505935,54.699324],[20.506252,54.699338],[20.507044,54.699373],[20.507101,54.69937],[20.507363,54.699357],[20.509498,54.699482]]}},{"type":"Feature","properties":{"kind":"green","name":"","osm":"way/423596072"},"geometry":{"type":"Polygon","coordinates":[[[20.504745,54.700935],[20.505268,54.700828],[20.504901,54.70023],[20.50471,54.700233],[20.504479,54.700409],[20.504745,54.700935]]]}},{"type":"Feature","properties":{"kind":"green","name":"","osm":"way/423596073"},"geometry":{"type":"Polygon","coordinates":[[[20.504836,54.69947],[20.505403,54.699497],[20.505389,54.69963],[20.505832,54.699651],[20.505789,54.699976],[20.504761,54.700036],[20.50474,54.7],[20.505169,54.699927],[20.505129,54.699845],[20.505062,54.699861],[20.505029,54.699828],[20.504962,54.699841],[20.504925,54.699777],[20.504895,54.699732],[20.504925,54.699717],[20.504869,54.699614],[20.504954,54.699596],[20.504906,54.699514],[20.504836,54.69947]]]}},{"type":"Feature","properties":{"kind":"road","name":"","osm":"way/423596074","highway":"path","access":"","foot":""},"geometry":{"type":"LineString","coordinates":[[20.505832,54.699651],[20.505559,54.699765],[20.505169,54.699927],[20.505,54.699945]]}},{"type":"Feature","properties":{"kind":"road","name":"","osm":"way/423596075","highway":"path","access":"","foot":""},"geometry":{"type":"LineString","coordinates":[[20.505789,54.69996],[20.505654,54.699852],[20.505638,54.699816],[20.505559,54.699765],[20.505386,54.699675],[20.505389,54.69963]]}},{"type":"Feature","properties":{"kind":"road","name":"","osm":"way/423596076","highway":"path","access":"","foot":""},"geometry":{"type":"LineString","coordinates":[[20.503812,54.69997],[20.504158,54.699895],[20.504252,54.699875],[20.504437,54.699909]]}},{"type":"Feature","properties":{"kind":"road","name":"","osm":"way/423596077","highway":"path","access":"","foot":""},"geometry":{"type":"LineString","coordinates":[[20.504158,54.699895],[20.504147,54.699875],[20.504106,54.699802]]}},{"type":"Feature","properties":{"kind":"green","name":"","osm":"way/423596078"},"geometry":{"type":"Polygon","coordinates":[[[20.504147,54.699875],[20.504311,54.699848],[20.504289,54.699794],[20.504431,54.699765],[20.504402,54.699687],[20.50459,54.699666],[20.504638,54.699568],[20.504641,54.699495],[20.503992,54.699393],[20.503895,54.699428],[20.504147,54.699875]]]}},{"type":"Feature","properties":{"kind":"green","name":"","osm":"way/423658759"},"geometry":{"type":"Polygon","coordinates":[[[20.505459,54.701442],[20.505657,54.701403],[20.505367,54.700882],[20.505072,54.700932],[20.505244,54.701263],[20.505343,54.70125],[20.505459,54.701442]]]}},{"type":"Feature","properties":{"kind":"road","name":"","osm":"way/423658760","highway":"service","access":"","foot":""},"geometry":{"type":"LineString","coordinates":[[20.506192,54.700656],[20.505534,54.700757],[20.505572,54.700799]]}},{"type":"Feature","properties":{"kind":"road","name":"","osm":"way/427596415","highway":"footway","access":"","foot":""},"geometry":{"type":"LineString","coordinates":[[20.517405,54.69832],[20.517616,54.698225]]}},{"type":"Feature","properties":{"kind":"road","name":"","osm":"way/427596416","highway":"footway","access":"","foot":""},"geometry":{"type":"LineString","coordinates":[[20.516838,54.698416],[20.516866,54.698479],[20.516951,54.698602],[20.516992,54.698657]]}},{"type":"Feature","properties":{"kind":"road","name":"","osm":"way/428578882","highway":"footway","access":"","foot":""},"geometry":{"type":"LineString","coordinates":[[20.518065,54.69727],[20.518162,54.697281],[20.518345,54.697337],[20.518458,54.697396],[20.518561,54.697456],[20.518654,54.697534],[20.518781,54.697664],[20.519078,54.697999],[20.51955,54.698532],[20.519889,54.698915],[20.520072,54.69912],[20.520394,54.699482],[20.520318,54.699504]]}},{"type":"Feature","properties":{"kind":"road","name":"","osm":"way/428578885","highway":"footway","access":"","foot":""},"geometry":{"type":"LineString","coordinates":[[20.521172,54.700563],[20.520886,54.700223],[20.520611,54.700006],[20.520513,54.699929],[20.520333,54.699785],[20.520259,54.69972],[20.52018,54.699637],[20.520051,54.699484]]}},{"type":"Feature","properties":{"kind":"road","name":"","osm":"way/428578886","highway":"footway","access":"","foot":""},"geometry":{"type":"LineString","coordinates":[[20.522547,54.701961],[20.522417,54.701851],[20.522283,54.701744],[20.522026,54.701529],[20.521923,54.701448],[20.521857,54.701378],[20.521172,54.700563]]}},{"type":"Feature","properties":{"kind":"road","name":"","osm":"way/428578889","highway":"footway","access":"","foot":""},"geometry":{"type":"LineString","coordinates":[[20.523018,54.701893],[20.523313,54.702329],[20.523377,54.702433],[20.523408,54.702485],[20.523454,54.702565],[20.523543,54.702748],[20.523618,54.702914],[20.523735,54.70319],[20.523771,54.703293],[20.523827,54.703451],[20.523851,54.703509],[20.523914,54.70362]]}},{"type":"Feature","properties":{"kind":"road","name":"","osm":"way/428578891","highway":"steps","access":"","foot":""},"geometry":{"type":"LineString","coordinates":[[20.520318,54.699504],[20.520358,54.69955],[20.520408,54.699536],[20.520434,54.699564]]}},{"type":"Feature","properties":{"kind":"road","name":"","osm":"way/428578893","highway":"steps","access":"","foot":""},"geometry":{"type":"LineString","coordinates":[[20.520888,54.699331],[20.520933,54.699383],[20.520885,54.699396],[20.52091,54.699423]]}},{"type":"Feature","properties":{"kind":"road","name":"","osm":"way/428578895","highway":"footway","access":"","foot":""},"geometry":{"type":"LineString","coordinates":[[20.521131,54.699183],[20.521211,54.69928],[20.521688,54.69985],[20.522079,54.700299]]}},{"type":"Feature","properties":{"kind":"road","name":"","osm":"way/428578896","highway":"footway","access":"","foot":""},"geometry":{"type":"LineString","coordinates":[[20.52091,54.699423],[20.52099,54.699399],[20.520921,54.699319],[20.520867,54.699257],[20.521033,54.69921],[20.521131,54.699183]]}},{"type":"Feature","properties":{"kind":"road","name":"","osm":"way/428578898","highway":"footway","access":"","foot":""},"geometry":{"type":"LineString","coordinates":[[20.520434,54.699564],[20.520329,54.699593],[20.520196,54.699441],[20.520113,54.699466],[20.520051,54.699484]]}},{"type":"Feature","properties":{"kind":"road","name":"","osm":"way/428578900","highway":"footway","access":"","foot":""},"geometry":{"type":"LineString","coordinates":[[20.522079,54.700299],[20.522447,54.700741],[20.522532,54.700861],[20.522602,54.700981],[20.52278,54.701364],[20.52283,54.701487],[20.522925,54.701694],[20.523018,54.701893]]}},{"type":"Feature","properties":{"kind":"road","name":"","osm":"way/428635502","highway":"footway","access":"","foot":""},"geometry":{"type":"LineString","coordinates":[[20.520196,54.699441],[20.520867,54.699257]]}},{"type":"Feature","properties":{"kind":"road","name":"набережная Ветеранов","osm":"way/428635503","highway":"secondary","access":"","foot":""},"geometry":{"type":"LineString","coordinates":[[20.518071,54.699864],[20.518128,54.699857],[20.518158,54.699849],[20.518194,54.699833]]}},{"type":"Feature","properties":{"kind":"road","name":"набережная Ветеранов","osm":"way/428635505","highway":"secondary","access":"","foot":""},"geometry":{"type":"LineString","coordinates":[[20.519961,54.699279],[20.520657,54.699079]]}},{"type":"Feature","properties":{"kind":"road","name":"набережная Ветеранов","osm":"way/428635507","highway":"secondary","access":"","foot":""},"geometry":{"type":"LineString","coordinates":[[20.519082,54.699521],[20.519491,54.699409],[20.519895,54.699299],[20.519961,54.699279]]}},{"type":"Feature","properties":{"kind":"road","name":"Второй эстакадный мост","osm":"way/428812624","highway":"primary","access":"","foot":"no"},"geometry":{"type":"LineString","coordinates":[[20.523335,54.703097],[20.523258,54.702915],[20.523172,54.702732],[20.523075,54.702553],[20.522885,54.70223],[20.522781,54.702076],[20.522658,54.70191]]}},{"type":"Feature","properties":{"kind":"road","name":"Второй эстакадный мост","osm":"way/428812625","highway":"primary","access":"","foot":"no"},"geometry":{"type":"LineString","coordinates":[[20.522658,54.70191],[20.522541,54.701757],[20.52242,54.701605],[20.52211,54.701249],[20.521793,54.700893],[20.521441,54.700504],[20.520564,54.69953],[20.51945,54.698235],[20.518739,54.697482]]}},{"type":"Feature","properties":{"kind":"road","name":"улица Генерала Павлова","osm":"way/430217000","highway":"tertiary","access":"","foot":""},"geometry":{"type":"LineString","coordinates":[[20.520106,54.700386],[20.520661,54.700266],[20.520755,54.70026],[20.520838,54.700288],[20.521182,54.700645]]}},{"type":"Feature","properties":{"kind":"building","name":"","osm":"way/436608914"},"geometry":{"type":"Polygon","coordinates":[[[20.518307,54.698116],[20.518585,54.698582],[20.51882,54.698535],[20.518542,54.698069],[20.518307,54.698116]]]}},{"type":"Feature","properties":{"kind":"building","name":"","osm":"way/437266815"},"geometry":{"type":"Polygon","coordinates":[[[20.517571,54.7025],[20.51784,54.702447],[20.517419,54.701732],[20.51715,54.701785],[20.517571,54.7025]]]}},{"type":"Feature","properties":{"kind":"green","name":"","osm":"way/442081015"},"geometry":{"type":"Polygon","coordinates":[[[20.522844,54.703662],[20.522196,54.703872],[20.522146,54.703888],[20.52212,54.703897],[20.522072,54.703912],[20.522039,54.703922],[20.52201,54.703931],[20.521984,54.703938],[20.52194,54.70395],[20.521912,54.703958],[20.521885,54.703965],[20.521848,54.703975],[20.521823,54.703981],[20.521782,54.703991],[20.521755,54.703997],[20.521684,54.704013],[20.521526,54.70405],[20.521491,54.704058],[20.521284,54.704106],[20.519295,54.704566],[20.519305,54.704583],[20.521295,54.704122],[20.521502,54.704074],[20.521537,54.704066],[20.521695,54.704029],[20.521767,54.704013],[20.521793,54.704006],[20.521834,54.703997],[20.521859,54.70399],[20.521897,54.703981],[20.521924,54.703974],[20.521953,54.703966],[20.521997,54.703954],[20.522024,54.703946],[20.522053,54.703937],[20.522086,54.703927],[20.522134,54.703912],[20.52216,54.703903],[20.52221,54.703887],[20.522858,54.703677],[20.522844,54.703662]]]}},{"type":"Feature","properties":{"kind":"road","name":"Солнечный бульвар","osm":"way/442081021","highway":"tertiary","access":"","foot":""},"geometry":{"type":"LineString","coordinates":[[20.523131,54.703476],[20.523093,54.70351],[20.523025,54.703547],[20.52285,54.703632],[20.522168,54.703844],[20.522119,54.70386],[20.522093,54.703868],[20.522075,54.703874],[20.522046,54.703884],[20.522013,54.703893],[20.521985,54.703902],[20.521959,54.703909],[20.521916,54.703921],[20.521888,54.703929],[20.521862,54.703936],[20.521825,54.703945],[20.521801,54.703951],[20.52176,54.703961],[20.521734,54.703967],[20.521664,54.703983],[20.521629,54.703991],[20.521505,54.70402],[20.52147,54.704028],[20.521263,54.704076],[20.520113,54.704342],[20.519245,54.704543],[20.51899,54.704602]]}},{"type":"Feature","properties":{"kind":"road","name":"","osm":"way/442081035","highway":"footway","access":"","foot":""},"geometry":{"type":"LineString","coordinates":[[20.523045,54.703673],[20.522927,54.703711],[20.522252,54.70393],[20.522202,54.703947],[20.522175,54.703955],[20.522127,54.703971],[20.522092,54.703981],[20.522062,54.70399],[20.522034,54.703998],[20.52199,54.704011],[20.52196,54.704018],[20.521932,54.704026],[20.521894,54.704036],[20.521867,54.704042],[20.521826,54.704052],[20.521799,54.704059],[20.521727,54.704075],[20.521569,54.704112],[20.521534,54.70412],[20.521327,54.704168],[20.520179,54.704434],[20.519308,54.704635],[20.519048,54.704695]]}},{"type":"Feature","properties":{"kind":"road","name":"","osm":"way/442081038","highway":"cycleway","access":"","foot":"no"},"geometry":{"type":"LineString","coordinates":[[20.523014,54.703642],[20.522897,54.70368],[20.522222,54.703899],[20.522172,54.703916],[20.522146,54.703924],[20.522098,54.703939],[20.522064,54.70395],[20.522035,54.703958],[20.522007,54.703966],[20.521963,54.703978],[20.521934,54.703986],[20.521907,54.703994],[20.521869,54.704003],[20.521844,54.704009],[20.521802,54.704019],[20.521776,54.704026],[20.521704,54.704042],[20.521546,54.704079],[20.521511,54.704087],[20.521304,54.704135],[20.520155,54.704401],[20.519285,54.704602],[20.519025,54.704662]]}},{"type":"Feature","properties":{"kind":"road","name":"","osm":"way/442081042","highway":"footway","access":"","foot":""},"geometry":{"type":"LineString","coordinates":[[20.522808,54.703587],[20.52213,54.703805],[20.522081,54.703821],[20.522056,54.703829],[20.522037,54.703835],[20.522009,54.703844],[20.521977,54.703854],[20.52195,54.703862],[20.521925,54.703869],[20.521883,54.703881],[20.521856,54.703888],[20.52183,54.703895],[20.521794,54.703904],[20.521771,54.70391],[20.521731,54.703919],[20.521705,54.703925],[20.521635,54.703942],[20.521602,54.703949],[20.521476,54.703978],[20.521441,54.703986],[20.521234,54.704034],[20.520083,54.704301],[20.519217,54.704501],[20.518966,54.70456]]}},{"type":"Feature","properties":{"kind":"road","name":"","osm":"way/442081045","highway":"footway","access":"","foot":""},"geometry":{"type":"LineString","coordinates":[[20.518637,54.705014],[20.51823,54.704982],[20.517938,54.704952]]}},{"type":"Feature","properties":{"kind":"road","name":"","osm":"way/442081046","highway":"footway","access":"","foot":""},"geometry":{"type":"LineString","coordinates":[[20.517241,54.704959],[20.51727,54.705],[20.517312,54.705059],[20.517335,54.705092]]}},{"type":"Feature","properties":{"kind":"building","name":"Гимназия № 22","osm":"way/442081057"},"geometry":{"type":"Polygon","coordinates":[[[20.51907,54.703256],[20.518769,54.703318],[20.519197,54.704013],[20.520345,54.703776],[20.52024,54.703607],[20.519415,54.703777],[20.519394,54.703782],[20.519364,54.703734],[20.51907,54.703256]]]}},{"type":"Feature","properties":{"kind":"green","name":"","osm":"way/442081061"},"geometry":{"type":"Polygon","coordinates":[[[20.518995,54.704636],[20.517322,54.705023],[20.517333,54.705039],[20.519006,54.704652],[20.519247,54.704596],[20.519235,54.70458],[20.518995,54.704636]]]}},{"type":"Feature","properties":{"kind":"road","name":"","osm":"way/456948519","highway":"service","access":"","foot":""},"geometry":{"type":"LineString","coordinates":[[20.494916,54.697439],[20.494926,54.697424],[20.49495,54.69739],[20.494964,54.697373],[20.495127,54.697187],[20.495149,54.69711],[20.495109,54.697046],[20.494905,54.696975],[20.49502,54.696883]]}},{"type":"Feature","properties":{"kind":"road","name":"","osm":"way/457867500","highway":"service","access":"","foot":""},"geometry":{"type":"LineString","coordinates":[[20.521392,54.701605],[20.521687,54.702092]]}},{"type":"Feature","properties":{"kind":"rail","name":"","osm":"way/464463079"},"geometry":{"type":"LineString","coordinates":[[20.517178,54.698465],[20.517176,54.698434],[20.517173,54.698427],[20.51716,54.698381],[20.517169,54.69833],[20.517173,54.698313],[20.51718,54.698289],[20.517196,54.698251],[20.517216,54.698216],[20.517236,54.698192],[20.517253,54.698175],[20.517262,54.698167],[20.517271,54.698158],[20.51729,54.698144],[20.517341,54.698115],[20.517407,54.698086]]}},{"type":"Feature","properties":{"kind":"rail","name":"","osm":"way/464463080"},"geometry":{"type":"LineString","coordinates":[[20.517684,54.698018],[20.517413,54.698111],[20.517342,54.698147],[20.517282,54.698189],[20.517266,54.698202],[20.517246,54.698223],[20.517236,54.698237],[20.517227,54.698249],[20.517207,54.698299],[20.517199,54.698321],[20.517193,54.698341],[20.517189,54.69836],[20.517194,54.698389],[20.517196,54.698401],[20.517198,54.698407],[20.517199,54.698412],[20.5172,54.698446]]}},{"type":"Feature","properties":{"kind":"building","name":"Unit Киберклуб","osm":"way/469468569"},"geometry":{"type":"Polygon","coordinates":[[[20.511738,54.700498],[20.512066,54.700496],[20.512074,54.70038],[20.511741,54.700385],[20.511738,54.700498]]]}},{"type":"Feature","properties":{"kind":"road","name":"","osm":"way/475588686","highway":"footway","access":"","foot":""},"geometry":{"type":"LineString","coordinates":[[20.52285,54.703632],[20.522897,54.70368],[20.522927,54.703711]]}},{"type":"Feature","properties":{"kind":"green","name":"","osm":"way/475588687"},"geometry":{"type":"Polygon","coordinates":[[[20.522913,54.703659],[20.522899,54.703643],[20.522988,54.703615],[20.523003,54.70363],[20.522913,54.703659]]]}},{"type":"Feature","properties":{"kind":"road","name":"","osm":"way/475588688","highway":"footway","access":"","foot":""},"geometry":{"type":"LineString","coordinates":[[20.519217,54.704501],[20.519245,54.704543],[20.519285,54.704602],[20.519308,54.704635]]}},{"type":"Feature","properties":{"kind":"road","name":"","osm":"way/480035250","highway":"service","access":"","foot":""},"geometry":{"type":"LineString","coordinates":[[20.506977,54.700168],[20.507006,54.699972],[20.507068,54.699553],[20.508982,54.699647]]}},{"type":"Feature","properties":{"kind":"road","name":"","osm":"way/480035251","highway":"service","access":"","foot":""},"geometry":{"type":"LineString","coordinates":[[20.507006,54.699972],[20.508662,54.700052],[20.508801,54.700125]]}},{"type":"Feature","properties":{"kind":"road","name":"","osm":"way/480035252","highway":"service","access":"","foot":""},"geometry":{"type":"LineString","coordinates":[[20.508897,54.700123],[20.508969,54.700878]]}},{"type":"Feature","properties":{"kind":"road","name":"","osm":"way/480035253","highway":"service","access":"","foot":""},"geometry":{"type":"LineString","coordinates":[[20.510539,54.700243],[20.510545,54.700221],[20.510675,54.69992],[20.511516,54.699981],[20.511631,54.699989],[20.511799,54.699974],[20.51286,54.700058],[20.512944,54.700137],[20.512936,54.700268],[20.512934,54.700287]]}},{"type":"Feature","properties":{"kind":"road","name":"","osm":"way/480035254","highway":"footway","access":"","foot":""},"geometry":{"type":"LineString","coordinates":[[20.511516,54.699981],[20.511497,54.700242],[20.511496,54.700265]]}},{"type":"Feature","properties":{"kind":"road","name":"Большая Песочная улица","osm":"way/480035255","highway":"residential","access":"","foot":""},"geometry":{"type":"LineString","coordinates":[[20.513023,54.699601],[20.513025,54.699614],[20.513027,54.699631],[20.513029,54.699647]]}},{"type":"Feature","properties":{"kind":"road","name":"","osm":"way/494970848","highway":"footway","access":"","foot":""},"geometry":{"type":"LineString","coordinates":[[20.500556,54.698562],[20.500668,54.698571],[20.500714,54.698575],[20.501995,54.698787]]}},{"type":"Feature","properties":{"kind":"road","name":"","osm":"way/494970849","highway":"footway","access":"","foot":""},"geometry":{"type":"LineString","coordinates":[[20.498342,54.698266],[20.498575,54.698307],[20.498868,54.698359],[20.499641,54.69851],[20.500386,54.698549]]}},{"type":"Feature","properties":{"kind":"road","name":"","osm":"way/494970853","highway":"footway","access":"","foot":""},"geometry":{"type":"LineString","coordinates":[[20.495879,54.697852],[20.495994,54.697876],[20.496137,54.697904]]}},{"type":"Feature","properties":{"kind":"road","name":"","osm":"way/494970854","highway":"footway","access":"","foot":""},"geometry":{"type":"LineString","coordinates":[[20.500668,54.698571],[20.500678,54.698507],[20.500679,54.698473],[20.500682,54.698453],[20.500683,54.698432],[20.500685,54.698403]]}},{"type":"Feature","properties":{"kind":"road","name":"","osm":"way/494970855","highway":"footway","access":"","foot":""},"geometry":{"type":"LineString","coordinates":[[20.500685,54.698403],[20.500909,54.698423]]}},{"type":"Feature","properties":{"kind":"road","name":"","osm":"way/494970856","highway":"footway","access":"","foot":""},"geometry":{"type":"LineString","coordinates":[[20.500386,54.698549],[20.500467,54.698555],[20.500556,54.698562]]}},{"type":"Feature","properties":{"kind":"road","name":"","osm":"way/545440020","highway":"footway","access":"","foot":""},"geometry":{"type":"LineString","coordinates":[[20.516485,54.698763],[20.516168,54.698964]]}},{"type":"Feature","properties":{"kind":"road","name":"","osm":"way/545914130","highway":"steps","access":"","foot":""},"geometry":{"type":"LineString","coordinates":[[20.519423,54.697853],[20.519472,54.697839],[20.519432,54.697792],[20.51939,54.697803]]}},{"type":"Feature","properties":{"kind":"road","name":"","osm":"way/545914131","highway":"steps","access":"","foot":""},"geometry":{"type":"LineString","coordinates":[[20.521963,54.700643],[20.522021,54.700625],[20.522184,54.700824],[20.522107,54.70085]]}},{"type":"Feature","properties":{"kind":"road","name":"","osm":"way/545914132","highway":"footway","access":"","foot":""},"geometry":{"type":"LineString","coordinates":[[20.520808,54.699354],[20.520877,54.699436],[20.521226,54.699852],[20.52193,54.700643],[20.521942,54.700656],[20.522097,54.700837],[20.522107,54.70085],[20.522145,54.700897],[20.522728,54.701628]]}},{"type":"Feature","properties":{"kind":"rail","name":"","osm":"way/570723938"},"geometry":{"type":"LineString","coordinates":[[20.517407,54.698086],[20.517433,54.698077],[20.517879,54.697922],[20.518737,54.697516],[20.519184,54.697273],[20.520964,54.6963],[20.521279,54.696125],[20.521495,54.696],[20.521604,54.695942],[20.521758,54.695855],[20.521867,54.695795],[20.521963,54.695739],[20.523843,54.694612],[20.524016,54.6945],[20.524042,54.694473],[20.524057,54.694456],[20.524069,54.694436],[20.524073,54.694412],[20.52407,54.694368],[20.52397,54.69383],[20.52397,54.693821],[20.523784,54.692645],[20.523715,54.692157],[20.523619,54.691707],[20.523516,54.691081],[20.523509,54.691036],[20.523192,54.689034],[20.523187,54.688903],[20.523177,54.688816],[20.523012,54.687646],[20.522999,54.687549],[20.522821,54.686191],[20.52274,54.68572],[20.522725,54.685633],[20.52269,54.685554],[20.522645,54.685497],[20.522535,54.685421],[20.522243,54.685238]]}},{"type":"Feature","properties":{"kind":"rail","name":"","osm":"way/570723939"},"geometry":{"type":"LineString","coordinates":[[20.517413,54.698111],[20.517365,54.698124],[20.517297,54.698143],[20.51729,54.698144],[20.517251,54.698154],[20.517099,54.698197],[20.517004,54.698219],[20.516946,54.698232],[20.51687,54.698252],[20.516861,54.698254]]}},{"type":"Feature","properties":{"kind":"rail","name":"","osm":"way/570723940"},"geometry":{"type":"LineString","coordinates":[[20.516861,54.698254],[20.516723,54.698287],[20.516291,54.698386],[20.516153,54.698419],[20.515655,54.698547],[20.515235,54.698655],[20.514278,54.698842],[20.513659,54.698975],[20.513515,54.699024],[20.513397,54.699129],[20.51334,54.69921],[20.513303,54.69937],[20.513261,54.699559],[20.51325,54.69958],[20.513234,54.699598],[20.513205,54.699615],[20.513169,54.699624],[20.513145,54.699629],[20.513027,54.699631],[20.512987,54.699632],[20.512617,54.699617],[20.511487,54.699537],[20.510413,54.699472],[20.509848,54.69943],[20.509505,54.699405],[20.508771,54.699368],[20.50712,54.699267],[20.506922,54.699259],[20.505913,54.699225],[20.504945,54.69918],[20.504606,54.699156],[20.504344,54.699132],[20.504068,54.699091],[20.503794,54.699047],[20.503666,54.699026],[20.503302,54.698954]]}},{"type":"Feature","properties":{"kind":"rail","name":"","osm":"way/570723941"},"geometry":{"type":"LineString","coordinates":[[20.5172,54.698446],[20.517299,54.698583],[20.517309,54.6986],[20.517318,54.698615]]}},{"type":"Feature","properties":{"kind":"building","name":"","osm":"way/571116091"},"geometry":{"type":"Polygon","coordinates":[[[20.512008,54.70171],[20.512161,54.701712],[20.512166,54.70157],[20.512014,54.701568],[20.512008,54.70171]]]}},{"type":"Feature","properties":{"kind":"road","name":"","osm":"way/596477870","highway":"footway","access":"","foot":""},"geometry":{"type":"LineString","coordinates":[[20.546264,54.696085],[20.546149,54.69613],[20.546078,54.696156],[20.544863,54.69666],[20.54368,54.697147],[20.543624,54.69717],[20.543468,54.697235],[20.543293,54.697307],[20.543225,54.697335],[20.543146,54.697367],[20.542873,54.697458],[20.541769,54.697823],[20.541424,54.697938],[20.541265,54.697988],[20.541169,54.698018],[20.54099,54.698074],[20.54091,54.698099],[20.540511,54.698224],[20.53786,54.699057],[20.536301,54.699547],[20.535426,54.699839],[20.535129,54.699937],[20.533308,54.700505],[20.533053,54.700589],[20.53187,54.70098],[20.530809,54.70133],[20.528873,54.701971],[20.524878,54.703192],[20.523925,54.703412],[20.523627,54.703523],[20.523532,54.703556],[20.52345,54.703569],[20.523327,54.703594],[20.523211,54.703623],[20.523045,54.703673]]}},{"type":"Feature","properties":{"kind":"road","name":"","osm":"way/596477871","highway":"cycleway","access":"","foot":"no"},"geometry":{"type":"LineString","coordinates":[[20.523627,54.703523],[20.523516,54.703522],[20.52343,54.703536],[20.523303,54.703561],[20.523182,54.703592],[20.523014,54.703642]]}},{"type":"Feature","properties":{"kind":"building","name":"","osm":"way/601594076"},"geometry":{"type":"Polygon","coordinates":[[[20.492511,54.701442],[20.492685,54.701442],[20.492683,54.701234],[20.492508,54.701235],[20.492511,54.701442]]]}},{"type":"Feature","properties":{"kind":"road","name":"","osm":"way/605003827","highway":"service","access":"","foot":""},"geometry":{"type":"LineString","coordinates":[[20.513512,54.697546],[20.513515,54.697498],[20.513534,54.697267],[20.513536,54.697234]]}},{"type":"Feature","properties":{"kind":"road","name":"","osm":"way/605003828","highway":"service","access":"","foot":""},"geometry":{"type":"LineString","coordinates":[[20.513515,54.697498],[20.513582,54.697498]]}},{"type":"Feature","properties":{"kind":"road","name":"","osm":"way/605003829","highway":"footway","access":"","foot":""},"geometry":{"type":"LineString","coordinates":[[20.515169,54.697509],[20.514855,54.697505],[20.513582,54.697498]]}},{"type":"Feature","properties":{"kind":"road","name":"","osm":"way/605003830","highway":"service","access":"","foot":""},"geometry":{"type":"LineString","coordinates":[[20.513271,54.698699],[20.513287,54.698461]]}},{"type":"Feature","properties":{"kind":"road","name":"","osm":"way/605005378","highway":"service","access":"","foot":""},"geometry":{"type":"LineString","coordinates":[[20.510866,54.699148],[20.51039,54.699109]]}},{"type":"Feature","properties":{"kind":"road","name":"","osm":"way/605005379","highway":"footway","access":"","foot":""},"geometry":{"type":"LineString","coordinates":[[20.510864,54.699103],[20.51108,54.699047],[20.511625,54.698905]]}},{"type":"Feature","properties":{"kind":"road","name":"","osm":"way/605005380","highway":"footway","access":"","foot":""},"geometry":{"type":"LineString","coordinates":[[20.51108,54.699047],[20.511353,54.6988]]}},{"type":"Feature","properties":{"kind":"road","name":"","osm":"way/605005381","highway":"footway","access":"","foot":""},"geometry":{"type":"LineString","coordinates":[[20.511625,54.698905],[20.512997,54.699024],[20.513068,54.699135],[20.513139,54.699152]]}},{"type":"Feature","properties":{"kind":"road","name":"","osm":"way/605005862","highway":"service","access":"","foot":""},"geometry":{"type":"LineString","coordinates":[[20.508969,54.700878],[20.509464,54.700861]]}},{"type":"Feature","properties":{"kind":"road","name":"","osm":"way/605005864","highway":"service","access":"","foot":""},"geometry":{"type":"LineString","coordinates":[[20.507068,54.699553],[20.507101,54.69937],[20.507115,54.699295]]}},{"type":"Feature","properties":{"kind":"road","name":"","osm":"way/605005865","highway":"path","access":"","foot":""},"geometry":{"type":"LineString","coordinates":[[20.506252,54.699338],[20.506592,54.700179]]}},{"type":"Feature","properties":{"kind":"road","name":"","osm":"way/605009849","highway":"footway","access":"","foot":""},"geometry":{"type":"LineString","coordinates":[[20.513518,54.699138],[20.513432,54.699342],[20.513416,54.699379]]}},{"type":"Feature","properties":{"kind":"road","name":"","osm":"way/605009851","highway":"footway","access":"","foot":""},"geometry":{"type":"LineString","coordinates":[[20.513771,54.699556],[20.513773,54.69941]]}},{"type":"Feature","properties":{"kind":"road","name":"улица Генерала Павлова","osm":"way/627364933","highway":"residential","access":"","foot":""},"geometry":{"type":"LineString","coordinates":[[20.523406,54.704771],[20.5234,54.704269],[20.523378,54.70409]]}},{"type":"Feature","properties":{"kind":"road","name":"Солнечный бульвар","osm":"way/627364935","highway":"residential","access":"","foot":""},"geometry":{"type":"LineString","coordinates":[[20.523378,54.70409],[20.523394,54.704002],[20.523437,54.703936],[20.523547,54.703862],[20.523689,54.703811],[20.524034,54.703719]]}},{"type":"Feature","properties":{"kind":"road","name":"","osm":"way/627366083","highway":"residential","access":"","foot":""},"geometry":{"type":"LineString","coordinates":[[20.524873,54.699175],[20.524007,54.698183]]}},{"type":"Feature","properties":{"kind":"road","name":"Ленинский проспект","osm":"way/641649492","highway":"primary","access":"","foot":"no"},"geometry":{"type":"LineString","coordinates":[[20.503063,54.696951],[20.502969,54.697043],[20.502921,54.697118],[20.5029,54.697164],[20.502891,54.69722],[20.502888,54.697263],[20.502919,54.697456],[20.503058,54.698172]]}},{"type":"Feature","properties":{"kind":"road","name":"","osm":"way/643092039","highway":"service","access":"","foot":""},"geometry":{"type":"LineString","coordinates":[[20.523571,54.698326],[20.523675,54.698442],[20.524355,54.699243]]}},{"type":"Feature","properties":{"kind":"road","name":"улица Багратиона","osm":"way/669208275","highway":"secondary","access":"","foot":""},"geometry":{"type":"LineString","coordinates":[[20.503668,54.698969],[20.504327,54.699079],[20.504619,54.699108],[20.504717,54.699116]]}},{"type":"Feature","properties":{"kind":"road","name":"Парадная набережная","osm":"way/671091231","highway":"secondary","access":"","foot":""},"geometry":{"type":"LineString","coordinates":[[20.521385,54.698909],[20.522661,54.698608],[20.522861,54.698546],[20.523571,54.698326],[20.524007,54.698183],[20.524549,54.69801],[20.52496,54.697885],[20.525597,54.697702],[20.527171,54.697249],[20.528195,54.696981],[20.528523,54.696894],[20.529326,54.696742]]}},{"type":"Feature","properties":{"kind":"road","name":"","osm":"way/672359405","highway":"residential","access":"","foot":""},"geometry":{"type":"LineString","coordinates":[[20.50692,54.698884],[20.507718,54.698912],[20.507677,54.698636],[20.507664,54.698549],[20.507509,54.698509],[20.507493,54.698339],[20.507712,54.698273],[20.507712,54.69806],[20.506911,54.698063]]}},{"type":"Feature","properties":{"kind":"road","name":"","osm":"way/672359406","highway":"residential","access":"","foot":""},"geometry":{"type":"LineString","coordinates":[[20.507677,54.698636],[20.508152,54.698639]]}},{"type":"Feature","properties":{"kind":"building","name":"","osm":"way/672359407"},"geometry":{"type":"Polygon","coordinates":[[[20.507826,54.698441],[20.508241,54.698436],[20.508238,54.69832],[20.507822,54.698324],[20.507826,54.698441]]]}},{"type":"Feature","properties":{"kind":"road","name":"","osm":"way/685190836","highway":"footway","access":"","foot":""},"geometry":{"type":"LineString","coordinates":[[20.516597,54.698232],[20.516,54.698393],[20.515502,54.698512],[20.515454,54.698523],[20.515245,54.698566],[20.513598,54.698856],[20.513509,54.698886],[20.513275,54.699024],[20.513068,54.699135],[20.513014,54.699226],[20.51298,54.699553],[20.512658,54.699553],[20.511979,54.699504],[20.511502,54.69947]]}},{"type":"Feature","properties":{"kind":"road","name":"","osm":"way/685190838","highway":"footway","access":"","foot":""},"geometry":{"type":"LineString","coordinates":[[20.516084,54.698937],[20.513935,54.699385],[20.513784,54.699372],[20.513432,54.699342]]}},{"type":"Feature","properties":{"kind":"road","name":"","osm":"way/685190840","highway":"footway","access":"","foot":""},"geometry":{"type":"LineString","coordinates":[[20.51298,54.699553],[20.513029,54.699551],[20.513218,54.699559],[20.513261,54.699559],[20.513619,54.699557],[20.513771,54.699556]]}},{"type":"Feature","properties":{"kind":"road","name":"","osm":"way/685190842","highway":"footway","access":"","foot":""},"geometry":{"type":"LineString","coordinates":[[20.511502,54.69947],[20.510512,54.699366],[20.510391,54.699364]]}},{"type":"Feature","properties":{"kind":"road","name":"","osm":"way/685887795","highway":"footway","access":"","foot":""},"geometry":{"type":"LineString","coordinates":[[20.516416,54.697239],[20.516188,54.697235],[20.515229,54.69722],[20.514428,54.697207],[20.513463,54.697191],[20.513417,54.69719],[20.512924,54.697182],[20.51274,54.697179],[20.51246,54.697174],[20.511541,54.697159],[20.511147,54.697153],[20.510614,54.697144],[20.510337,54.697139],[20.510151,54.697138],[20.509218,54.697109],[20.508755,54.697105],[20.508237,54.697086],[20.507592,54.697077],[20.505197,54.697047],[20.504668,54.697011],[20.504577,54.697005],[20.503437,54.696928],[20.50321,54.696913]]}},{"type":"Feature","properties":{"kind":"road","name":"","osm":"way/685887796","highway":"footway","access":"","foot":""},"geometry":{"type":"LineString","coordinates":[[20.516407,54.697316],[20.515214,54.697296],[20.515174,54.697295],[20.513534,54.697267],[20.51346,54.697266],[20.510794,54.69722],[20.510336,54.697204],[20.509752,54.6972],[20.509611,54.697199],[20.508761,54.697193],[20.50823,54.697154],[20.5069,54.69713],[20.50607,54.697161],[20.505151,54.697145],[20.50484,54.697129],[20.50456,54.697111],[20.503944,54.697073],[20.503159,54.697023]]}},{"type":"Feature","properties":{"kind":"road","name":"","osm":"way/685887799","highway":"footway","access":"","foot":""},"geometry":{"type":"LineString","coordinates":[[20.516597,54.698232],[20.516767,54.698159]]}},{"type":"Feature","properties":{"kind":"road","name":"","osm":"way/685887800","highway":"footway","access":"","foot":""},"geometry":{"type":"LineString","coordinates":[[20.516992,54.698657],[20.517027,54.69863],[20.517082,54.698624],[20.517138,54.698636],[20.517178,54.698669],[20.517384,54.698973]]}},{"type":"Feature","properties":{"kind":"road","name":"","osm":"way/685887804","highway":"footway","access":"","foot":""},"geometry":{"type":"LineString","coordinates":[[20.514428,54.697207],[20.514437,54.697152],[20.514462,54.696891],[20.514494,54.696567]]}},{"type":"Feature","properties":{"kind":"road","name":"","osm":"way/685887811","highway":"footway","access":"","foot":""},"geometry":{"type":"LineString","coordinates":[[20.513696,54.700297],[20.512936,54.700268],[20.511497,54.700242],[20.510545,54.700221],[20.510061,54.700211],[20.510001,54.700209],[20.509549,54.700205],[20.50945,54.700203],[20.50945,54.700147],[20.509518,54.699539],[20.509533,54.699453]]}},{"type":"Feature","properties":{"kind":"road","name":"","osm":"way/685887815","highway":"footway","access":"","foot":""},"geometry":{"type":"LineString","coordinates":[[20.509533,54.699453],[20.509895,54.699478],[20.51264,54.699663],[20.513033,54.699675],[20.513617,54.699673],[20.513772,54.699673]]}},{"type":"Feature","properties":{"kind":"road","name":"","osm":"way/685887818","highway":"footway","access":"","foot":""},"geometry":{"type":"LineString","coordinates":[[20.50945,54.700203],[20.509452,54.700223],[20.509454,54.700256],[20.509504,54.700955],[20.509589,54.701656]]}},{"type":"Feature","properties":{"kind":"road","name":"","osm":"way/687435380","highway":"service","access":"","foot":""},"geometry":{"type":"LineString","coordinates":[[20.493292,54.696691],[20.493264,54.696717],[20.49324,54.696738],[20.493173,54.696804],[20.493009,54.696931],[20.493193,54.697007],[20.492742,54.697378]]}},{"type":"Feature","properties":{"kind":"road","name":"","osm":"way/708254278","highway":"corridor","access":"","foot":""},"geometry":{"type":"LineString","coordinates":[[20.494646,54.69743],[20.494616,54.697418],[20.494657,54.697384],[20.494533,54.697335],[20.494489,54.697371],[20.494519,54.697383]]}},{"type":"Feature","properties":{"kind":"road","name":"","osm":"way/708254279","highway":"footway","access":"","foot":""},"geometry":{"type":"LineString","coordinates":[[20.494636,54.697499],[20.494687,54.697445],[20.494646,54.69743]]}},{"type":"Feature","properties":{"kind":"road","name":"улица Багратиона","osm":"way/713320338","highway":"secondary","access":"","foot":""},"geometry":{"type":"LineString","coordinates":[[20.49601,54.69764],[20.496137,54.697668]]}},{"type":"Feature","properties":{"kind":"road","name":"улица Багратиона","osm":"way/713320339","highway":"secondary","access":"","foot":""},"geometry":{"type":"LineString","coordinates":[[20.496137,54.697668],[20.498042,54.698081],[20.498289,54.69813]]}},{"type":"Feature","properties":{"kind":"road","name":"улица Багратиона","osm":"way/713320340","highway":"secondary","access":"","foot":""},"geometry":{"type":"LineString","coordinates":[[20.498414,54.698155],[20.498581,54.698189]]}},{"type":"Feature","properties":{"kind":"road","name":"улица Багратиона","osm":"way/713320341","highway":"secondary","access":"","foot":""},"geometry":{"type":"LineString","coordinates":[[20.499608,54.698371],[20.500183,54.69841]]}},{"type":"Feature","properties":{"kind":"road","name":"улица Багратиона","osm":"way/713320342","highway":"secondary","access":"","foot":""},"geometry":{"type":"LineString","coordinates":[[20.500436,54.698416],[20.500683,54.698432]]}},{"type":"Feature","properties":{"kind":"road","name":"Серпуховская улица","osm":"way/713320343","highway":"tertiary","access":"","foot":""},"geometry":{"type":"LineString","coordinates":[[20.500496,54.698622],[20.500467,54.698555]]}},{"type":"Feature","properties":{"kind":"road","name":"Серпуховская улица","osm":"way/713320344","highway":"tertiary","access":"","foot":""},"geometry":{"type":"LineString","coordinates":[[20.500562,54.698776],[20.500496,54.698622]]}},{"type":"Feature","properties":{"kind":"road","name":"улица Багратиона","osm":"way/713320345","highway":"secondary","access":"","foot":""},"geometry":{"type":"LineString","coordinates":[[20.500881,54.698446],[20.501062,54.698471],[20.502392,54.698727]]}},{"type":"Feature","properties":{"kind":"road","name":"","osm":"way/713320347","highway":"service","access":"","foot":""},"geometry":{"type":"LineString","coordinates":[[20.504851,54.699128],[20.504901,54.699057],[20.504904,54.699042],[20.504944,54.698808],[20.504981,54.69865],[20.504751,54.698631],[20.504549,54.698613]]}},{"type":"Feature","properties":{"kind":"road","name":"улица Багратиона","osm":"way/713320348","highway":"secondary","access":"","foot":""},"geometry":{"type":"LineString","coordinates":[[20.505687,54.699171],[20.50592,54.699183]]}},{"type":"Feature","properties":{"kind":"road","name":"улица Багратиона","osm":"way/713320349","highway":"secondary","access":"","foot":""},"geometry":{"type":"LineString","coordinates":[[20.509511,54.699372],[20.509808,54.699393],[20.509912,54.6994],[20.510194,54.699418]]}},{"type":"Feature","properties":{"kind":"road","name":"улица Багратиона","osm":"way/713320350","highway":"secondary","access":"","foot":""},"geometry":{"type":"LineString","coordinates":[[20.506923,54.699224],[20.507126,54.699233]]}},{"type":"Feature","properties":{"kind":"road","name":"улица Багратиона","osm":"way/713320351","highway":"secondary","access":"","foot":""},"geometry":{"type":"LineString","coordinates":[[20.510396,54.699431],[20.510587,54.699444]]}},{"type":"Feature","properties":{"kind":"road","name":"Красноармейская улица","osm":"way/713320352","highway":"residential","access":"","foot":""},"geometry":{"type":"LineString","coordinates":[[20.510392,54.69932],[20.51039,54.69917],[20.51039,54.699109],[20.510389,54.699028],[20.510379,54.698699],[20.510373,54.698479]]}},{"type":"Feature","properties":{"kind":"road","name":"улица Багратиона","osm":"way/713320353","highway":"secondary","access":"","foot":""},"geometry":{"type":"LineString","coordinates":[[20.511966,54.699543],[20.512556,54.699585],[20.512732,54.699592]]}},{"type":"Feature","properties":{"kind":"road","name":"улица Багратиона","osm":"way/713320354","highway":"secondary","access":"","foot":""},"geometry":{"type":"LineString","coordinates":[[20.513023,54.699601],[20.513164,54.699595]]}},{"type":"Feature","properties":{"kind":"road","name":"улица Багратиона","osm":"way/713320355","highway":"secondary","access":"","foot":"no"},"geometry":{"type":"LineString","coordinates":[[20.513875,54.699603],[20.514163,54.699586],[20.514491,54.699535],[20.51469,54.699496]]}},{"type":"Feature","properties":{"kind":"road","name":"улица Багратиона","osm":"way/713320356","highway":"secondary","access":"","foot":"no"},"geometry":{"type":"LineString","coordinates":[[20.514859,54.699464],[20.51519,54.699392],[20.515476,54.699314]]}},{"type":"Feature","properties":{"kind":"road","name":"Большая Песочная улица","osm":"way/713320357","highway":"residential","access":"destination","foot":""},"geometry":{"type":"LineString","coordinates":[[20.516628,54.698275],[20.516846,54.698218],[20.516976,54.698176]]}},{"type":"Feature","properties":{"kind":"road","name":"улица Богдана Хмельницкого","osm":"way/713320358","highway":"tertiary","access":"","foot":""},"geometry":{"type":"LineString","coordinates":[[20.516182,54.697276],[20.515229,54.697265]]}},{"type":"Feature","properties":{"kind":"road","name":"улица Богдана Хмельницкого","osm":"way/713320359","highway":"tertiary","access":"","foot":""},"geometry":{"type":"LineString","coordinates":[[20.515229,54.697265],[20.515177,54.697265]]}},{"type":"Feature","properties":{"kind":"road","name":"улица Богдана Хмельницкого","osm":"way/713320360","highway":"tertiary","access":"","foot":""},"geometry":{"type":"LineString","coordinates":[[20.514645,54.697255],[20.513867,54.69724],[20.513536,54.697234]]}},{"type":"Feature","properties":{"kind":"road","name":"улица Богдана Хмельницкого","osm":"way/713320361","highway":"tertiary","access":"","foot":""},"geometry":{"type":"LineString","coordinates":[[20.513536,54.697234],[20.513462,54.697233],[20.513241,54.697229],[20.51274,54.69722],[20.512459,54.697214],[20.511928,54.697203]]}},{"type":"Feature","properties":{"kind":"road","name":"улица Богдана Хмельницкого","osm":"way/713320362","highway":"tertiary","access":"","foot":""},"geometry":{"type":"LineString","coordinates":[[20.511145,54.697189],[20.510793,54.697183]]}},{"type":"Feature","properties":{"kind":"road","name":"улица Богдана Хмельницкого","osm":"way/713320363","highway":"tertiary","access":"","foot":""},"geometry":{"type":"LineString","coordinates":[[20.510793,54.697183],[20.510613,54.69718]]}},{"type":"Feature","properties":{"kind":"road","name":"улица Богдана Хмельницкого","osm":"way/713320364","highway":"tertiary","access":"","foot":""},"geometry":{"type":"LineString","coordinates":[[20.510613,54.69718],[20.510332,54.697175]]}},{"type":"Feature","properties":{"kind":"road","name":"улица Богдана Хмельницкого","osm":"way/713320365","highway":"tertiary","access":"","foot":""},"geometry":{"type":"LineString","coordinates":[[20.510161,54.697172],[20.509205,54.69715],[20.508986,54.697145]]}},{"type":"Feature","properties":{"kind":"road","name":"улица Богдана Хмельницкого","osm":"way/713320366","highway":"tertiary","access":"","foot":""},"geometry":{"type":"LineString","coordinates":[[20.508235,54.697127],[20.507587,54.697112]]}},{"type":"Feature","properties":{"kind":"road","name":"улица Богдана Хмельницкого","osm":"way/713320367","highway":"tertiary","access":"","foot":""},"geometry":{"type":"LineString","coordinates":[[20.5069,54.6971],[20.506816,54.6971],[20.506202,54.697094]]}},{"type":"Feature","properties":{"kind":"road","name":"","osm":"way/746881033","highway":"footway","access":"","foot":""},"geometry":{"type":"LineString","coordinates":[[20.517905,54.69976],[20.51791,54.699849],[20.517892,54.699901],[20.517845,54.699978],[20.517799,54.700038]]}},{"type":"Feature","properties":{"kind":"road","name":"улица Дзержинского","osm":"way/754616637","highway":"secondary","access":"","foot":"no"},"geometry":{"type":"LineString","coordinates":[[20.521007,54.696313],[20.520028,54.696851],[20.518759,54.697549],[20.518393,54.697738],[20.518266,54.697804],[20.518177,54.69785]]}},{"type":"Feature","properties":{"kind":"building","name":"","osm":"way/790794924"},"geometry":{"type":"Polygon","coordinates":[[[20.500714,54.698114],[20.500712,54.698006],[20.500815,54.698006],[20.500816,54.698113],[20.500714,54.698114]]]}},{"type":"Feature","properties":{"kind":"building","name":"","osm":"way/812828732"},"geometry":{"type":"Polygon","coordinates":[[[20.514224,54.697089],[20.514226,54.697072],[20.514308,54.697072],[20.514308,54.69709],[20.514224,54.697089]]]}},{"type":"Feature","properties":{"kind":"road","name":"","osm":"way/812828738","highway":"footway","access":"","foot":""},"geometry":{"type":"LineString","coordinates":[[20.516416,54.697239],[20.516411,54.69728],[20.516407,54.697316]]}},{"type":"Feature","properties":{"kind":"road","name":"","osm":"way/812828745","highway":"footway","access":"","foot":""},"geometry":{"type":"LineString","coordinates":[[20.493918,54.697164],[20.493838,54.697117],[20.493739,54.697075],[20.493648,54.697047]]}},{"type":"Feature","properties":{"kind":"road","name":"","osm":"way/813886765","highway":"service","access":"","foot":""},"geometry":{"type":"LineString","coordinates":[[20.516307,54.698106],[20.516301,54.698143],[20.516295,54.698193]]}},{"type":"Feature","properties":{"kind":"road","name":"","osm":"way/813886766","highway":"footway","access":"","foot":""},"geometry":{"type":"LineString","coordinates":[[20.51591,54.698257],[20.515901,54.69824],[20.5158,54.698261],[20.515631,54.698295],[20.515571,54.698208],[20.5157,54.698203],[20.515677,54.698111],[20.515252,54.698103],[20.515502,54.698512]]}},{"type":"Feature","properties":{"kind":"road","name":"","osm":"way/813886767","highway":"footway","access":"","foot":""},"geometry":{"type":"LineString","coordinates":[[20.515901,54.69824],[20.516005,54.69822],[20.516018,54.698144],[20.516301,54.698143],[20.516337,54.69816],[20.516548,54.698161]]}},{"type":"Feature","properties":{"kind":"road","name":"","osm":"way/813886768","highway":"footway","access":"","foot":""},"geometry":{"type":"LineString","coordinates":[[20.515975,54.698356],[20.51591,54.698257]]}},{"type":"Feature","properties":{"kind":"road","name":"","osm":"way/813886769","highway":"footway","access":"","foot":""},"geometry":{"type":"LineString","coordinates":[[20.5157,54.698203],[20.515748,54.698202],[20.515677,54.698111]]}},{"type":"Feature","properties":{"kind":"road","name":"","osm":"way/813886771","highway":"footway","access":"","foot":""},"geometry":{"type":"LineString","coordinates":[[20.515748,54.698202],[20.515759,54.698202],[20.5158,54.698261]]}},{"type":"Feature","properties":{"kind":"road","name":"","osm":"way/813886773","highway":"footway","access":"","foot":""},"geometry":{"type":"LineString","coordinates":[[20.515759,54.698202],[20.515875,54.698199]]}},{"type":"Feature","properties":{"kind":"road","name":"","osm":"way/813886774","highway":"service","access":"","foot":""},"geometry":{"type":"LineString","coordinates":[[20.515901,54.69824],[20.515875,54.698199],[20.515813,54.698097]]}},{"type":"Feature","properties":{"kind":"road","name":"","osm":"way/813886778","highway":"path","access":"","foot":""},"geometry":{"type":"LineString","coordinates":[[20.515052,54.698223],[20.515245,54.698566]]}},{"type":"Feature","properties":{"kind":"road","name":"","osm":"way/813886781","highway":"footway","access":"","foot":""},"geometry":{"type":"LineString","coordinates":[[20.515206,54.697509],[20.515214,54.697296]]}},{"type":"Feature","properties":{"kind":"road","name":"","osm":"way/813890071","highway":"footway","access":"","foot":""},"geometry":{"type":"LineString","coordinates":[[20.51346,54.697266],[20.513462,54.697233],[20.513463,54.697191]]}},{"type":"Feature","properties":{"kind":"road","name":"","osm":"way/813890072","highway":"service","access":"","foot":""},"geometry":{"type":"LineString","coordinates":[[20.51274,54.69722],[20.51274,54.697179],[20.512739,54.697137],[20.512742,54.697066],[20.51293,54.697068],[20.51342,54.697075],[20.513666,54.697078],[20.513694,54.696567]]}},{"type":"Feature","properties":{"kind":"road","name":"","osm":"way/813890073","highway":"footway","access":"","foot":""},"geometry":{"type":"LineString","coordinates":[[20.51293,54.697068],[20.512927,54.697139],[20.512924,54.697182]]}},{"type":"Feature","properties":{"kind":"road","name":"","osm":"way/813890074","highway":"footway","access":"","foot":""},"geometry":{"type":"LineString","coordinates":[[20.513417,54.69719],[20.513417,54.697143],[20.51342,54.697075]]}},{"type":"Feature","properties":{"kind":"road","name":"","osm":"way/814581118","highway":"footway","access":"","foot":""},"geometry":{"type":"LineString","coordinates":[[20.517384,54.698973],[20.517402,54.698997],[20.517905,54.69976]]}},{"type":"Feature","properties":{"kind":"road","name":"","osm":"way/814581119","highway":"footway","access":"","foot":""},"geometry":{"type":"LineString","coordinates":[[20.51676,54.699994],[20.516994,54.699909],[20.517542,54.699775],[20.517801,54.699713]]}},{"type":"Feature","properties":{"kind":"road","name":"","osm":"way/814581120","highway":"steps","access":"","foot":""},"geometry":{"type":"LineString","coordinates":[[20.517801,54.699713],[20.517833,54.699751],[20.517905,54.69976]]}},{"type":"Feature","properties":{"kind":"road","name":"","osm":"way/814581121","highway":"footway","access":"","foot":""},"geometry":{"type":"LineString","coordinates":[[20.517801,54.699713],[20.518858,54.699453],[20.520094,54.699072],[20.520563,54.698953],[20.520955,54.698864],[20.522482,54.698512],[20.523287,54.698267],[20.524337,54.697928],[20.524851,54.697769],[20.524947,54.697739],[20.525324,54.697574],[20.526076,54.697356],[20.52698,54.697103],[20.527688,54.696903],[20.528419,54.69672],[20.528994,54.696625],[20.529598,54.696564],[20.530574,54.696441],[20.531225,54.696351],[20.531738,54.696303],[20.533364,54.696164],[20.53355,54.696149],[20.535553,54.695988],[20.537197,54.695857],[20.538316,54.695738],[20.538907,54.695652],[20.538985,54.695643],[20.539821,54.695502],[20.540484,54.695352],[20.541662,54.695064],[20.541825,54.695096],[20.541878,54.695099],[20.541928,54.695096],[20.542009,54.69508],[20.542077,54.695031],[20.542203,54.694987],[20.542389,54.694935],[20.542531,54.694864],[20.542731,54.69479],[20.542839,54.694742],[20.54327,54.694525],[20.543537,54.694389],[20.543725,54.694293],[20.544125,54.693988],[20.544506,54.693649],[20.544665,54.693569],[20.544846,54.693535],[20.545038,54.693546],[20.545222,54.693597],[20.545393,54.693717]]}},{"type":"Feature","properties":{"kind":"road","name":"","osm":"way/814581122","highway":"footway","access":"","foot":""},"geometry":{"type":"LineString","coordinates":[[20.518858,54.699453],[20.518733,54.699515],[20.518539,54.699612],[20.518286,54.699694],[20.518151,54.699718]]}},{"type":"Feature","properties":{"kind":"road","name":"","osm":"way/814581123","highway":"footway","access":"","foot":""},"geometry":{"type":"LineString","coordinates":[[20.518151,54.699718],[20.517471,54.698642]]}},{"type":"Feature","properties":{"kind":"road","name":"","osm":"way/814619374","highway":"service","access":"","foot":""},"geometry":{"type":"LineString","coordinates":[[20.516425,54.698082],[20.516413,54.698062],[20.516374,54.697993],[20.516336,54.697926],[20.516243,54.697764],[20.516152,54.697605],[20.5161,54.697514]]}},{"type":"Feature","properties":{"kind":"road","name":"","osm":"way/814619375","highway":"steps","access":"","foot":""},"geometry":{"type":"LineString","coordinates":[[20.516463,54.698053],[20.516449,54.698055]]}},{"type":"Feature","properties":{"kind":"road","name":"","osm":"way/814619376","highway":"footway","access":"","foot":""},"geometry":{"type":"LineString","coordinates":[[20.516449,54.698055],[20.516413,54.698062]]}},{"type":"Feature","properties":{"kind":"road","name":"","osm":"way/814619377","highway":"steps","access":"","foot":""},"geometry":{"type":"LineString","coordinates":[[20.516425,54.697986],[20.516412,54.697987]]}},{"type":"Feature","properties":{"kind":"road","name":"","osm":"way/814619378","highway":"footway","access":"","foot":""},"geometry":{"type":"LineString","coordinates":[[20.516412,54.697987],[20.516374,54.697993]]}},{"type":"Feature","properties":{"kind":"road","name":"","osm":"way/814619379","highway":"footway","access":"","foot":""},"geometry":{"type":"LineString","coordinates":[[20.516387,54.697919],[20.516336,54.697926]]}},{"type":"Feature","properties":{"kind":"road","name":"","osm":"way/814619380","highway":"footway","access":"","foot":""},"geometry":{"type":"LineString","coordinates":[[20.516293,54.697754],[20.516243,54.697764]]}},{"type":"Feature","properties":{"kind":"road","name":"","osm":"way/814619381","highway":"footway","access":"","foot":""},"geometry":{"type":"LineString","coordinates":[[20.516203,54.697595],[20.516152,54.697605]]}},{"type":"Feature","properties":{"kind":"road","name":"","osm":"way/814619383","highway":"footway","access":"","foot":""},"geometry":{"type":"LineString","coordinates":[[20.511582,54.701257],[20.511582,54.701135],[20.511581,54.700856],[20.511569,54.700296]]}},{"type":"Feature","properties":{"kind":"road","name":"","osm":"way/814619384","highway":"footway","access":"","foot":""},"geometry":{"type":"LineString","coordinates":[[20.511582,54.701135],[20.511773,54.701218]]}},{"type":"Feature","properties":{"kind":"road","name":"","osm":"way/814619385","highway":"footway","access":"","foot":""},"geometry":{"type":"LineString","coordinates":[[20.511486,54.701277],[20.51146,54.700291],[20.509454,54.700256]]}},{"type":"Feature","properties":{"kind":"road","name":"","osm":"way/814619386","highway":"footway","access":"","foot":""},"geometry":{"type":"LineString","coordinates":[[20.51146,54.700291],[20.511528,54.700294],[20.511569,54.700296],[20.512217,54.700299]]}},{"type":"Feature","properties":{"kind":"road","name":"","osm":"way/814619387","highway":"footway","access":"","foot":""},"geometry":{"type":"LineString","coordinates":[[20.513216,54.700319],[20.513597,54.700415]]}},{"type":"Feature","properties":{"kind":"road","name":"","osm":"way/817049772","highway":"footway","access":"","foot":""},"geometry":{"type":"LineString","coordinates":[[20.516767,54.698159],[20.516443,54.697454],[20.516407,54.697316]]}},{"type":"Feature","properties":{"kind":"road","name":"","osm":"way/817049948","highway":"cycleway","access":"","foot":""},"geometry":{"type":"LineString","coordinates":[[20.49608,54.697739],[20.496744,54.69787],[20.498197,54.698185],[20.498367,54.69822],[20.499729,54.698449],[20.500301,54.6985],[20.500359,54.698527],[20.500386,54.698549]]}},{"type":"Feature","properties":{"kind":"road","name":"","osm":"way/819246815","highway":"footway","access":"","foot":""},"geometry":{"type":"LineString","coordinates":[[20.516,54.698393],[20.515975,54.698356]]}},{"type":"Feature","properties":{"kind":"building","name":"","osm":"way/841230860"},"geometry":{"type":"Polygon","coordinates":[[[20.516584,54.698385],[20.516567,54.698362],[20.516635,54.698345],[20.516652,54.698367],[20.516584,54.698385]]]}},{"type":"Feature","properties":{"kind":"road","name":"","osm":"way/841230861","highway":"footway","access":"","foot":""},"geometry":{"type":"LineString","coordinates":[[20.513771,54.699556],[20.514032,54.699542],[20.514355,54.699498],[20.514824,54.699394],[20.515351,54.699265],[20.5158,54.699134],[20.516023,54.699056],[20.516168,54.698964]]}},{"type":"Feature","properties":{"kind":"road","name":"","osm":"way/841230862","highway":"footway","access":"","foot":""},"geometry":{"type":"LineString","coordinates":[[20.513772,54.699673],[20.513774,54.699647],[20.513777,54.699602],[20.513771,54.699556]]}},{"type":"Feature","properties":{"kind":"building","name":"","osm":"way/841230863"},"geometry":{"type":"Polygon","coordinates":[[[20.517645,54.697897],[20.518019,54.697769],[20.517988,54.697739],[20.517614,54.697867],[20.517645,54.697897]]]}},{"type":"Feature","properties":{"kind":"road","name":"","osm":"way/841230864","highway":"footway","access":"","foot":""},"geometry":{"type":"LineString","coordinates":[[20.513773,54.69941],[20.513784,54.699372]]}},{"type":"Feature","properties":{"kind":"road","name":"","osm":"way/845102008","highway":"footway","access":"","foot":""},"geometry":{"type":"LineString","coordinates":[[20.517417,54.698545],[20.517344,54.698441],[20.517405,54.69832]]}},{"type":"Feature","properties":{"kind":"road","name":"","osm":"way/845103653","highway":"footway","access":"","foot":""},"geometry":{"type":"LineString","coordinates":[[20.517224,54.698879],[20.517304,54.698955]]}},{"type":"Feature","properties":{"kind":"road","name":"","osm":"way/845103654","highway":"steps","access":"","foot":""},"geometry":{"type":"LineString","coordinates":[[20.517304,54.698955],[20.517347,54.699007]]}},{"type":"Feature","properties":{"kind":"road","name":"","osm":"way/845103655","highway":"footway","access":"","foot":""},"geometry":{"type":"LineString","coordinates":[[20.517347,54.699007],[20.517402,54.698997]]}},{"type":"Feature","properties":{"kind":"rail","name":"","osm":"way/848870312"},"geometry":{"type":"LineString","coordinates":[[20.51807,54.699748],[20.517748,54.699254],[20.517563,54.699007]]}},{"type":"Feature","properties":{"kind":"rail","name":"","osm":"way/848870313"},"geometry":{"type":"LineString","coordinates":[[20.517614,54.699003],[20.517789,54.699243],[20.518106,54.699745]]}},{"type":"Feature","properties":{"kind":"road","name":"","osm":"way/852163341","highway":"service","access":"","foot":""},"geometry":{"type":"LineString","coordinates":[[20.499121,54.697186],[20.499204,54.698013]]}},{"type":"Feature","properties":{"kind":"road","name":"","osm":"way/852163342","highway":"service","access":"","foot":""},"geometry":{"type":"LineString","coordinates":[[20.498781,54.697918],[20.498645,54.698203]]}},{"type":"Feature","properties":{"kind":"road","name":"улица Багратиона","osm":"way/852163343","highway":"secondary","access":"","foot":""},"geometry":{"type":"LineString","coordinates":[[20.498645,54.698203],[20.499403,54.698345]]}},{"type":"Feature","properties":{"kind":"road","name":"","osm":"way/852163344","highway":"service","access":"","foot":""},"geometry":{"type":"LineString","coordinates":[[20.499648,54.698118],[20.500656,54.698198]]}},{"type":"Feature","properties":{"kind":"road","name":"","osm":"way/852163346","highway":"service","access":"","foot":""},"geometry":{"type":"LineString","coordinates":[[20.496388,54.697395],[20.496437,54.697302],[20.496212,54.697263],[20.495509,54.697113]]}},{"type":"Feature","properties":{"kind":"road","name":"","osm":"way/854656291","highway":"living_street","access":"","foot":""},"geometry":{"type":"LineString","coordinates":[[20.499806,54.699022],[20.500124,54.699622],[20.50029,54.699935]]}},{"type":"Feature","properties":{"kind":"building","name":"","osm":"way/908930767"},"geometry":{"type":"Polygon","coordinates":[[[20.496534,54.697346],[20.496589,54.697218],[20.496754,54.697241],[20.496699,54.697369],[20.496534,54.697346]]]}},{"type":"Feature","properties":{"kind":"road","name":"","osm":"way/908930768","highway":"service","access":"","foot":""},"geometry":{"type":"LineString","coordinates":[[20.496388,54.697395],[20.496174,54.697377],[20.49601,54.69764]]}},{"type":"Feature","properties":{"kind":"building","name":"","osm":"way/909161983"},"geometry":{"type":"Polygon","coordinates":[[[20.495822,54.700104],[20.495813,54.700117],[20.495797,54.700127],[20.495776,54.700134],[20.495752,54.700137],[20.495729,54.700135],[20.495708,54.700128],[20.495691,54.700118],[20.495682,54.700105],[20.49568,54.700092],[20.495685,54.700079],[20.495697,54.700068],[20.495715,54.700059],[20.495737,54.700054],[20.49576,54.700054],[20.495782,54.700058],[20.495802,54.700066],[20.495816,54.700077],[20.495823,54.70009],[20.495822,54.700104]]]}},{"type":"Feature","properties":{"kind":"building","name":"","osm":"way/909161984"},"geometry":{"type":"Polygon","coordinates":[[[20.495653,54.700004],[20.495644,54.700017],[20.495628,54.700028],[20.495608,54.700035],[20.495584,54.700037],[20.49556,54.700035],[20.495539,54.700029],[20.495523,54.700019],[20.495513,54.700006],[20.495511,54.699993],[20.495517,54.69998],[20.495529,54.699968],[20.495547,54.69996],[20.495568,54.699955],[20.495591,54.699954],[20.495614,54.699958],[20.495633,54.699966],[20.495647,54.699977],[20.495654,54.699991],[20.495653,54.700004]]]}},{"type":"Feature","properties":{"kind":"building","name":"","osm":"way/914794358"},"geometry":{"type":"Polygon","coordinates":[[[20.510135,54.700113],[20.510256,54.699632],[20.510591,54.69966],[20.510576,54.69972],[20.510613,54.699721],[20.511684,54.699811],[20.511695,54.699757],[20.51295,54.699863],[20.512921,54.699979],[20.512718,54.699962],[20.512523,54.699945],[20.512307,54.699927],[20.512094,54.699909],[20.511887,54.699892],[20.511668,54.699874],[20.511656,54.699922],[20.511456,54.699905],[20.511239,54.699887],[20.511028,54.699869],[20.510824,54.699852],[20.510585,54.699832],[20.510576,54.699873],[20.510547,54.699992],[20.51052,54.700097],[20.510508,54.700144],[20.510311,54.700128],[20.510135,54.700113]]]}},{"type":"Feature","properties":{"kind":"road","name":"","osm":"way/935129172","highway":"footway","access":"","foot":""},"geometry":{"type":"LineString","coordinates":[[20.517208,54.700446],[20.517382,54.700507],[20.51743,54.700524],[20.517488,54.700538],[20.517512,54.700545],[20.517559,54.700557],[20.517654,54.70059]]}},{"type":"Feature","properties":{"kind":"road","name":"","osm":"way/965901119","highway":"footway","access":"","foot":""},"geometry":{"type":"LineString","coordinates":[[20.497397,54.699456],[20.495734,54.699111]]}},{"type":"Feature","properties":{"kind":"road","name":"","osm":"way/965901120","highway":"service","access":"","foot":""},"geometry":{"type":"LineString","coordinates":[[20.497801,54.699554],[20.498067,54.699144],[20.498487,54.699232]]}},{"type":"Feature","properties":{"kind":"road","name":"","osm":"way/965901121","highway":"path","access":"","foot":""},"geometry":{"type":"LineString","coordinates":[[20.497737,54.699539],[20.498374,54.698593]]}},{"type":"Feature","properties":{"kind":"building","name":"","osm":"way/965920855"},"geometry":{"type":"Polygon","coordinates":[[[20.498217,54.700536],[20.498372,54.700505],[20.498289,54.7004],[20.498131,54.700387],[20.498179,54.700468],[20.497968,54.700454],[20.49797,54.700522],[20.498217,54.700536]]]}},{"type":"Feature","properties":{"kind":"green","name":"","osm":"way/965920856"},"geometry":{"type":"Polygon","coordinates":[[[20.515273,54.698059],[20.516289,54.698079],[20.516384,54.698063],[20.516079,54.697538],[20.515257,54.697533],[20.515264,54.697756],[20.515444,54.697756],[20.515439,54.697835],[20.515332,54.697837],[20.515338,54.698017],[20.515267,54.698017],[20.515273,54.698059]]]}},{"type":"Feature","properties":{"kind":"green","name":"","osm":"way/965920857"},"geometry":{"type":"Polygon","coordinates":[[[20.517254,54.697199],[20.517015,54.69715],[20.516855,54.697072],[20.516631,54.697072],[20.516627,54.697201],[20.516689,54.697332],[20.516754,54.697454],[20.516855,54.697358],[20.517028,54.697264],[20.517254,54.697199]]]}},{"type":"Feature","properties":{"kind":"road","name":"","osm":"way/966703374","highway":"service","access":"","foot":""},"geometry":{"type":"LineString","coordinates":[[20.50029,54.699935],[20.498939,54.700159]]}},{"type":"Feature","properties":{"kind":"road","name":"","osm":"way/966703375","highway":"service","access":"","foot":""},"geometry":{"type":"LineString","coordinates":[[20.497801,54.699554],[20.498809,54.699829]]}},{"type":"Feature","properties":{"kind":"rail","name":"","osm":"way/975677076"},"geometry":{"type":"LineString","coordinates":[[20.522761,54.685504],[20.522871,54.686194],[20.523053,54.687548],[20.523066,54.687647],[20.523208,54.688813],[20.523224,54.688904],[20.523255,54.689036],[20.523405,54.690051],[20.523558,54.691036],[20.523565,54.69108],[20.523675,54.691701],[20.523774,54.692155],[20.523848,54.692649],[20.524028,54.693805],[20.52403,54.693819],[20.524035,54.693864],[20.524109,54.694381],[20.524109,54.69441],[20.524106,54.694438],[20.524096,54.694465],[20.524086,54.694479],[20.524069,54.694503],[20.524053,54.694521],[20.524033,54.694533],[20.521995,54.695758],[20.52177,54.695893],[20.521303,54.696137],[20.520985,54.696304],[20.518754,54.697541],[20.517909,54.697941],[20.517855,54.69796],[20.517684,54.698018]]}},{"type":"Feature","properties":{"kind":"road","name":"Ленинский проспект","osm":"way/980011158","highway":"primary","access":"","foot":"no"},"geometry":{"type":"LineString","coordinates":[[20.503102,54.698502],[20.503111,54.698691],[20.503133,54.698805],[20.503146,54.698871]]}},{"type":"Feature","properties":{"kind":"road","name":"Ленинский проспект","osm":"way/980011165","highway":"primary","access":"","foot":""},"geometry":{"type":"LineString","coordinates":[[20.503857,54.700899],[20.503711,54.700648]]}},{"type":"Feature","properties":{"kind":"road","name":"Ленинский проспект","osm":"way/980011166","highway":"primary","access":"","foot":""},"geometry":{"type":"LineString","coordinates":[[20.503711,54.700648],[20.503456,54.700208],[20.503322,54.699977],[20.503103,54.699585]]}},{"type":"Feature","properties":{"kind":"road","name":"Эльблонгская улица","osm":"way/980011167","highway":"residential","access":"","foot":""},"geometry":{"type":"LineString","coordinates":[[20.503711,54.700648],[20.503563,54.700681]]}},{"type":"Feature","properties":{"kind":"road","name":"улица Багратиона","osm":"way/980011171","highway":"secondary","access":"","foot":""},"geometry":{"type":"LineString","coordinates":[[20.502392,54.698727],[20.502818,54.698808]]}},{"type":"Feature","properties":{"kind":"road","name":"улица Багратиона","osm":"way/980011172","highway":"secondary","access":"","foot":"no"},"geometry":{"type":"LineString","coordinates":[[20.502818,54.698808],[20.502924,54.698828],[20.502975,54.698838],[20.503146,54.698871]]}},{"type":"Feature","properties":{"kind":"road","name":"Ленинский проспект","osm":"way/980011173","highway":"primary","access":"","foot":""},"geometry":{"type":"LineString","coordinates":[[20.503103,54.699585],[20.503,54.699383],[20.502913,54.699181],[20.502891,54.699117],[20.502851,54.698971],[20.502836,54.698919],[20.502831,54.698899]]}},{"type":"Feature","properties":{"kind":"rail","name":"","osm":"way/980011225"},"geometry":{"type":"LineString","coordinates":[[20.503016,54.698626],[20.502973,54.698749],[20.502969,54.698787],[20.502975,54.698838],[20.502977,54.69886],[20.502985,54.698891],[20.502995,54.698935],[20.503,54.698958],[20.503016,54.699017],[20.503048,54.699106],[20.503061,54.69914]]}},{"type":"Feature","properties":{"kind":"road","name":"Железнодорожная улица","osm":"way/981617654","highway":"primary","access":"","foot":""},"geometry":{"type":"LineString","coordinates":[[20.493739,54.697075],[20.493851,54.696935]]}},{"type":"Feature","properties":{"kind":"road","name":"улица Дзержинского","osm":"way/982439481","highway":"secondary","access":"","foot":"no"},"geometry":{"type":"LineString","coordinates":[[20.517145,54.698291],[20.517196,54.698251],[20.517278,54.698185],[20.517365,54.698124],[20.517433,54.698077],[20.517454,54.698062],[20.517797,54.697923],[20.518016,54.697827],[20.518157,54.697767],[20.518623,54.697557],[20.518857,54.697431],[20.519095,54.697303],[20.519272,54.697208],[20.52083,54.696348]]}},{"type":"Feature","properties":{"kind":"road","name":"улица Дзержинского","osm":"way/982439482","highway":"secondary","access":"","foot":"no"},"geometry":{"type":"LineString","coordinates":[[20.518177,54.69785],[20.51785,54.698019],[20.517774,54.698059]]}},{"type":"Feature","properties":{"kind":"road","name":"улица Багратиона","osm":"way/982439488","highway":"secondary","access":"","foot":""},"geometry":{"type":"LineString","coordinates":[[20.495093,54.6975],[20.494916,54.697439]]}},{"type":"Feature","properties":{"kind":"road","name":"улица Багратиона","osm":"way/982439489","highway":"secondary","access":"","foot":""},"geometry":{"type":"LineString","coordinates":[[20.494916,54.697439],[20.494821,54.69739],[20.494745,54.697347]]}},{"type":"Feature","properties":{"kind":"road","name":"улица Багратиона","osm":"way/982439490","highway":"secondary","access":"","foot":""},"geometry":{"type":"LineString","coordinates":[[20.496216,54.697745],[20.496092,54.69772]]}},{"type":"Feature","properties":{"kind":"road","name":"улица Багратиона","osm":"way/982439491","highway":"secondary","access":"","foot":""},"geometry":{"type":"LineString","coordinates":[[20.496092,54.69772],[20.495093,54.6975]]}},{"type":"Feature","properties":{"kind":"road","name":"улица Багратиона","osm":"way/982439492","highway":"secondary","access":"","foot":""},"geometry":{"type":"LineString","coordinates":[[20.498593,54.698246],[20.498373,54.698208]]}},{"type":"Feature","properties":{"kind":"road","name":"улица Багратиона","osm":"way/982439493","highway":"secondary","access":"","foot":""},"geometry":{"type":"LineString","coordinates":[[20.499597,54.698418],[20.498593,54.698246]]}},{"type":"Feature","properties":{"kind":"road","name":"улица Багратиона","osm":"way/982439494","highway":"secondary","access":"","foot":""},"geometry":{"type":"LineString","coordinates":[[20.499704,54.698429],[20.499597,54.698418]]}},{"type":"Feature","properties":{"kind":"road","name":"улица Багратиона","osm":"way/982439496","highway":"secondary","access":"","foot":""},"geometry":{"type":"LineString","coordinates":[[20.50045,54.698492],[20.499704,54.698429]]}},{"type":"Feature","properties":{"kind":"road","name":"улица Багратиона","osm":"way/982439497","highway":"secondary","access":"","foot":""},"geometry":{"type":"LineString","coordinates":[[20.500678,54.698507],[20.50045,54.698492]]}},{"type":"Feature","properties":{"kind":"road","name":"улица Багратиона","osm":"way/982439498","highway":"secondary","access":"","foot":""},"geometry":{"type":"LineString","coordinates":[[20.502831,54.698899],[20.502779,54.698887],[20.502653,54.698858],[20.502376,54.698795],[20.501783,54.69868]]}},{"type":"Feature","properties":{"kind":"road","name":"улица Багратиона","osm":"way/982439509","highway":"secondary","access":"","foot":""},"geometry":{"type":"LineString","coordinates":[[20.503172,54.698974],[20.502995,54.698935],[20.502941,54.698923],[20.502831,54.698899]]}},{"type":"Feature","properties":{"kind":"road","name":"улица Багратиона","osm":"way/982439511","highway":"secondary","access":"","foot":""},"geometry":{"type":"LineString","coordinates":[[20.503764,54.699084],[20.503484,54.699037],[20.503364,54.699017],[20.503172,54.698974]]}},{"type":"Feature","properties":{"kind":"road","name":"","osm":"way/982439513","highway":"secondary_link","access":"","foot":""},"geometry":{"type":"LineString","coordinates":[[20.503764,54.699084],[20.503637,54.699098],[20.503521,54.699116],[20.503432,54.699152]]}},{"type":"Feature","properties":{"kind":"road","name":"улица Багратиона","osm":"way/982439514","highway":"secondary","access":"","foot":""},"geometry":{"type":"LineString","coordinates":[[20.503957,54.699108],[20.503764,54.699084]]}},{"type":"Feature","properties":{"kind":"road","name":"улица Багратиона","osm":"way/982439515","highway":"secondary","access":"","foot":""},"geometry":{"type":"LineString","coordinates":[[20.5048,54.699199],[20.5046,54.699184],[20.504365,54.699161],[20.504236,54.699148],[20.503957,54.699108]]}},{"type":"Feature","properties":{"kind":"road","name":"улица Багратиона","osm":"way/982439516","highway":"secondary","access":"","foot":""},"geometry":{"type":"LineString","coordinates":[[20.504975,54.699206],[20.5048,54.699199]]}},{"type":"Feature","properties":{"kind":"road","name":"улица Багратиона","osm":"way/982439517","highway":"secondary","access":"","foot":""},"geometry":{"type":"LineString","coordinates":[[20.505912,54.699251],[20.504975,54.699206]]}},{"type":"Feature","properties":{"kind":"road","name":"улица Багратиона","osm":"way/982439518","highway":"secondary","access":"","foot":""},"geometry":{"type":"LineString","coordinates":[[20.506074,54.699255],[20.505912,54.699251]]}},{"type":"Feature","properties":{"kind":"road","name":"улица Багратиона","osm":"way/982439519","highway":"secondary","access":"","foot":""},"geometry":{"type":"LineString","coordinates":[[20.506918,54.699282],[20.506074,54.699255]]}},{"type":"Feature","properties":{"kind":"road","name":"улица Багратиона","osm":"way/982439520","highway":"secondary","access":"","foot":""},"geometry":{"type":"LineString","coordinates":[[20.507115,54.699295],[20.506918,54.699282]]}},{"type":"Feature","properties":{"kind":"road","name":"улица Багратиона","osm":"way/982439521","highway":"secondary","access":"","foot":""},"geometry":{"type":"LineString","coordinates":[[20.507433,54.699312],[20.507115,54.699295]]}},{"type":"Feature","properties":{"kind":"road","name":"улица Багратиона","osm":"way/982439522","highway":"secondary","access":"","foot":""},"geometry":{"type":"LineString","coordinates":[[20.50877,54.699387],[20.507433,54.699312]]}},{"type":"Feature","properties":{"kind":"road","name":"улица Багратиона","osm":"way/982439523","highway":"secondary","access":"","foot":""},"geometry":{"type":"LineString","coordinates":[[20.509071,54.699403],[20.50877,54.699387]]}},{"type":"Feature","properties":{"kind":"road","name":"улица Багратиона","osm":"way/982439524","highway":"secondary","access":"","foot":""},"geometry":{"type":"LineString","coordinates":[[20.509501,54.699426],[20.509071,54.699403]]}},{"type":"Feature","properties":{"kind":"road","name":"улица Багратиона","osm":"way/982439527","highway":"secondary","access":"","foot":""},"geometry":{"type":"LineString","coordinates":[[20.509852,54.699451],[20.509501,54.699426]]}},{"type":"Feature","properties":{"kind":"road","name":"улица Багратиона","osm":"way/982439528","highway":"secondary","access":"","foot":""},"geometry":{"type":"LineString","coordinates":[[20.51148,54.699563],[20.51104,54.699535],[20.509852,54.699451]]}},{"type":"Feature","properties":{"kind":"road","name":"улица Багратиона","osm":"way/982439530","highway":"secondary","access":"","foot":""},"geometry":{"type":"LineString","coordinates":[[20.511641,54.699573],[20.51148,54.699563]]}},{"type":"Feature","properties":{"kind":"road","name":"улица Багратиона","osm":"way/982439531","highway":"secondary","access":"","foot":""},"geometry":{"type":"LineString","coordinates":[[20.513029,54.699647],[20.512635,54.699637],[20.512331,54.699616],[20.511641,54.699573]]}},{"type":"Feature","properties":{"kind":"road","name":"улица Багратиона","osm":"way/982439532","highway":"secondary","access":"","foot":""},"geometry":{"type":"LineString","coordinates":[[20.51317,54.699645],[20.513029,54.699647]]}},{"type":"Feature","properties":{"kind":"road","name":"улица Багратиона","osm":"way/982439533","highway":"secondary","access":"","foot":""},"geometry":{"type":"LineString","coordinates":[[20.513358,54.699646],[20.51317,54.699645]]}},{"type":"Feature","properties":{"kind":"road","name":"улица Багратиона","osm":"way/982439534","highway":"secondary","access":"","foot":""},"geometry":{"type":"LineString","coordinates":[[20.513871,54.699647],[20.513774,54.699647],[20.513619,54.699647],[20.513358,54.699646]]}},{"type":"Feature","properties":{"kind":"road","name":"улица Багратиона","osm":"way/982439540","highway":"secondary","access":"","foot":""},"geometry":{"type":"LineString","coordinates":[[20.514167,54.699631],[20.513871,54.699647]]}},{"type":"Feature","properties":{"kind":"road","name":"улица Багратиона","osm":"way/982439541","highway":"secondary","access":"","foot":""},"geometry":{"type":"LineString","coordinates":[[20.515229,54.699438],[20.514892,54.699512]]}},{"type":"Feature","properties":{"kind":"road","name":"улица Багратиона","osm":"way/982439542","highway":"secondary","access":"","foot":""},"geometry":{"type":"LineString","coordinates":[[20.514892,54.699512],[20.514731,54.699543],[20.514167,54.699631]]}},{"type":"Feature","properties":{"kind":"road","name":"улица Багратиона","osm":"way/982439543","highway":"secondary","access":"","foot":""},"geometry":{"type":"LineString","coordinates":[[20.517135,54.698468],[20.516951,54.698602],[20.516616,54.698867],[20.516365,54.699028],[20.516046,54.699182],[20.515588,54.699339],[20.515229,54.699438]]}},{"type":"Feature","properties":{"kind":"road","name":"улица Дзержинского","osm":"way/982439544","highway":"secondary","access":"","foot":"no"},"geometry":{"type":"LineString","coordinates":[[20.517363,54.698277],[20.517274,54.698341],[20.517212,54.698399]]}},{"type":"Feature","properties":{"kind":"road","name":"улица Багратиона","osm":"way/982439545","highway":"secondary","access":"","foot":""},"geometry":{"type":"LineString","coordinates":[[20.49495,54.69739],[20.495039,54.697418],[20.495112,54.697442]]}},{"type":"Feature","properties":{"kind":"road","name":"улица Багратиона","osm":"way/982439546","highway":"secondary","access":"","foot":""},"geometry":{"type":"LineString","coordinates":[[20.498373,54.698208],[20.498172,54.698164],[20.498085,54.698145],[20.497236,54.697952],[20.496216,54.697745]]}},{"type":"Feature","properties":{"kind":"road","name":"улица Дзержинского","osm":"way/982439547","highway":"secondary","access":"","foot":"no"},"geometry":{"type":"LineString","coordinates":[[20.517774,54.698059],[20.517363,54.698277]]}},{"type":"Feature","properties":{"kind":"road","name":"улица Багратиона","osm":"way/982439549","highway":"secondary","access":"","foot":"no"},"geometry":{"type":"LineString","coordinates":[[20.515476,54.699314],[20.515827,54.699204],[20.516056,54.699093],[20.516226,54.699003]]}},{"type":"Feature","properties":{"kind":"road","name":"улица Багратиона","osm":"way/982439550","highway":"secondary","access":"","foot":"no"},"geometry":{"type":"LineString","coordinates":[[20.51469,54.699496],[20.514859,54.699464]]}},{"type":"Feature","properties":{"kind":"road","name":"улица Багратиона","osm":"way/982439551","highway":"secondary","access":"","foot":""},"geometry":{"type":"LineString","coordinates":[[20.512732,54.699592],[20.513023,54.699601]]}},{"type":"Feature","properties":{"kind":"road","name":"улица Багратиона","osm":"way/982439552","highway":"secondary","access":"","foot":""},"geometry":{"type":"LineString","coordinates":[[20.511236,54.69949],[20.511494,54.699508]]}},{"type":"Feature","properties":{"kind":"road","name":"улица Багратиона","osm":"way/982439553","highway":"secondary","access":"","foot":""},"geometry":{"type":"LineString","coordinates":[[20.510194,54.699418],[20.510396,54.699431]]}},{"type":"Feature","properties":{"kind":"road","name":"улица Багратиона","osm":"way/982439554","highway":"secondary","access":"","foot":""},"geometry":{"type":"LineString","coordinates":[[20.509229,54.699354],[20.509511,54.699372]]}},{"type":"Feature","properties":{"kind":"road","name":"улица Багратиона","osm":"way/982439555","highway":"secondary","access":"","foot":""},"geometry":{"type":"LineString","coordinates":[[20.508771,54.699325],[20.509229,54.699354]]}},{"type":"Feature","properties":{"kind":"road","name":"улица Багратиона","osm":"way/982439556","highway":"secondary","access":"","foot":""},"geometry":{"type":"LineString","coordinates":[[20.508444,54.699306],[20.508771,54.699325]]}},{"type":"Feature","properties":{"kind":"road","name":"улица Багратиона","osm":"way/982439558","highway":"secondary","access":"","foot":""},"geometry":{"type":"LineString","coordinates":[[20.507126,54.699233],[20.508444,54.699306]]}},{"type":"Feature","properties":{"kind":"road","name":"улица Багратиона","osm":"way/982439561","highway":"secondary","access":"","foot":""},"geometry":{"type":"LineString","coordinates":[[20.506671,54.699214],[20.506923,54.699224]]}},{"type":"Feature","properties":{"kind":"road","name":"улица Багратиона","osm":"way/982439562","highway":"secondary","access":"","foot":""},"geometry":{"type":"LineString","coordinates":[[20.50592,54.699183],[20.506671,54.699214]]}},{"type":"Feature","properties":{"kind":"road","name":"улица Багратиона","osm":"way/982439563","highway":"secondary","access":"","foot":""},"geometry":{"type":"LineString","coordinates":[[20.504851,54.699128],[20.505687,54.699171]]}},{"type":"Feature","properties":{"kind":"road","name":"улица Багратиона","osm":"way/982439565","highway":"secondary","access":"","foot":""},"geometry":{"type":"LineString","coordinates":[[20.504717,54.699116],[20.504851,54.699128]]}},{"type":"Feature","properties":{"kind":"road","name":"улица Багратиона","osm":"way/982439566","highway":"secondary","access":"","foot":""},"geometry":{"type":"LineString","coordinates":[[20.500683,54.698432],[20.500881,54.698446]]}},{"type":"Feature","properties":{"kind":"road","name":"улица Багратиона","osm":"way/982439567","highway":"secondary","access":"","foot":""},"geometry":{"type":"LineString","coordinates":[[20.500183,54.69841],[20.500436,54.698416]]}},{"type":"Feature","properties":{"kind":"road","name":"улица Багратиона","osm":"way/982439568","highway":"secondary","access":"","foot":""},"geometry":{"type":"LineString","coordinates":[[20.499403,54.698345],[20.499608,54.698371]]}},{"type":"Feature","properties":{"kind":"road","name":"улица Багратиона","osm":"way/982439569","highway":"secondary","access":"","foot":""},"geometry":{"type":"LineString","coordinates":[[20.498581,54.698189],[20.498645,54.698203]]}},{"type":"Feature","properties":{"kind":"road","name":"улица Багратиона","osm":"way/982439570","highway":"secondary","access":"","foot":""},"geometry":{"type":"LineString","coordinates":[[20.498289,54.69813],[20.498414,54.698155]]}},{"type":"Feature","properties":{"kind":"road","name":"улица Багратиона","osm":"way/982439571","highway":"secondary","access":"","foot":""},"geometry":{"type":"LineString","coordinates":[[20.495879,54.69761],[20.49601,54.69764]]}},{"type":"Feature","properties":{"kind":"road","name":"","osm":"way/982439572","highway":"footway","access":"","foot":""},"geometry":{"type":"LineString","coordinates":[[20.498587,54.69842],[20.498575,54.698307]]}},{"type":"Feature","properties":{"kind":"road","name":"Октябрьская улица","osm":"way/982459517","highway":"secondary","access":"","foot":"no"},"geometry":{"type":"LineString","coordinates":[[20.516595,54.697407],[20.516538,54.697282]]}},{"type":"Feature","properties":{"kind":"road","name":"Октябрьская улица","osm":"way/982459593","highway":"secondary","access":"","foot":""},"geometry":{"type":"LineString","coordinates":[[20.517212,54.698399],[20.517328,54.698589],[20.51742,54.698703]]}},{"type":"Feature","properties":{"kind":"road","name":"Октябрьская улица","osm":"way/982459594","highway":"secondary","access":"","foot":""},"geometry":{"type":"LineString","coordinates":[[20.517048,54.698346],[20.517023,54.698271],[20.517016,54.698246],[20.517004,54.698219],[20.516991,54.698202],[20.516976,54.698176]]}},{"type":"Feature","properties":{"kind":"road","name":"Октябрьская улица","osm":"way/982459595","highway":"secondary","access":"","foot":""},"geometry":{"type":"LineString","coordinates":[[20.517135,54.698468],[20.517048,54.698346]]}},{"type":"Feature","properties":{"kind":"road","name":"Октябрьская улица","osm":"way/982459596","highway":"secondary","access":"","foot":""},"geometry":{"type":"LineString","coordinates":[[20.517252,54.69863],[20.517197,54.698553],[20.517135,54.698468]]}},{"type":"Feature","properties":{"kind":"road","name":"Октябрьская улица","osm":"way/982459597","highway":"secondary","access":"","foot":""},"geometry":{"type":"LineString","coordinates":[[20.516976,54.698176],[20.516934,54.698102],[20.516833,54.697915],[20.516745,54.697749]]}},{"type":"Feature","properties":{"kind":"road","name":"Октябрьская улица","osm":"way/982459601","highway":"secondary","access":"","foot":"no"},"geometry":{"type":"LineString","coordinates":[[20.517115,54.698228],[20.517145,54.698291]]}},{"type":"Feature","properties":{"kind":"road","name":"Октябрьская улица","osm":"way/982459602","highway":"secondary","access":"","foot":""},"geometry":{"type":"LineString","coordinates":[[20.517919,54.700073],[20.517993,54.699995],[20.51804,54.699931],[20.518071,54.699864]]}},{"type":"Feature","properties":{"kind":"road","name":"Октябрьская улица","osm":"way/982459603","highway":"secondary","access":"","foot":""},"geometry":{"type":"LineString","coordinates":[[20.518071,54.699864],[20.518044,54.699756]]}},{"type":"Feature","properties":{"kind":"road","name":"Октябрьская улица","osm":"way/982459610","highway":"secondary","access":"","foot":""},"geometry":{"type":"LineString","coordinates":[[20.51814,54.69974],[20.518194,54.699833]]}},{"type":"Feature","properties":{"kind":"road","name":"Октябрьская улица","osm":"way/982459611","highway":"secondary","access":"","foot":""},"geometry":{"type":"LineString","coordinates":[[20.517682,54.699051],[20.51814,54.69974]]}},{"type":"Feature","properties":{"kind":"road","name":"Октябрьская улица","osm":"way/982459612","highway":"secondary","access":"","foot":""},"geometry":{"type":"LineString","coordinates":[[20.517587,54.69907],[20.517479,54.698934],[20.517252,54.69863]]}},{"type":"Feature","properties":{"kind":"road","name":"Октябрьская улица","osm":"way/982459613","highway":"secondary","access":"","foot":""},"geometry":{"type":"LineString","coordinates":[[20.517374,54.700584],[20.51743,54.700524],[20.517578,54.700386],[20.517829,54.700155]]}},{"type":"Feature","properties":{"kind":"road","name":"Октябрьская улица","osm":"way/982459614","highway":"secondary","access":"","foot":""},"geometry":{"type":"LineString","coordinates":[[20.51742,54.698703],[20.517682,54.699051]]}},{"type":"Feature","properties":{"kind":"road","name":"Октябрьская улица","osm":"way/982459615","highway":"secondary","access":"","foot":""},"geometry":{"type":"LineString","coordinates":[[20.517347,54.700617],[20.517374,54.700584]]}},{"type":"Feature","properties":{"kind":"road","name":"Октябрьская улица","osm":"way/982459616","highway":"secondary","access":"","foot":""},"geometry":{"type":"LineString","coordinates":[[20.516724,54.701528],[20.516803,54.701411],[20.516886,54.701283],[20.517039,54.701045],[20.517236,54.700756],[20.517347,54.700617]]}},{"type":"Feature","properties":{"kind":"road","name":"Октябрьская улица","osm":"way/982459617","highway":"secondary","access":"","foot":""},"geometry":{"type":"LineString","coordinates":[[20.516626,54.701703],[20.516724,54.701528]]}},{"type":"Feature","properties":{"kind":"road","name":"Октябрьская улица","osm":"way/982459668","highway":"secondary","access":"","foot":""},"geometry":{"type":"LineString","coordinates":[[20.516896,54.701462],[20.516818,54.70159]]}},{"type":"Feature","properties":{"kind":"road","name":"Октябрьская улица","osm":"way/982459669","highway":"secondary","access":"","foot":""},"geometry":{"type":"LineString","coordinates":[[20.517494,54.70062],[20.517356,54.700804],[20.517156,54.701067],[20.516974,54.701332],[20.516896,54.701462]]}},{"type":"Feature","properties":{"kind":"road","name":"Октябрьская улица","osm":"way/982459670","highway":"secondary","access":"","foot":""},"geometry":{"type":"LineString","coordinates":[[20.517947,54.7002],[20.517559,54.700557],[20.517494,54.70062]]}},{"type":"Feature","properties":{"kind":"road","name":"Октябрьская улица","osm":"way/982459671","highway":"secondary","access":"","foot":""},"geometry":{"type":"LineString","coordinates":[[20.518194,54.699833],[20.518209,54.699881],[20.518199,54.699916],[20.518175,54.69996],[20.518141,54.700004],[20.517947,54.7002]]}},{"type":"Feature","properties":{"kind":"road","name":"Ленинский проспект","osm":"way/983916337","highway":"primary","access":"","foot":""},"geometry":{"type":"LineString","coordinates":[[20.502831,54.698899],[20.502825,54.698857],[20.502821,54.698829],[20.502818,54.698808]]}},{"type":"Feature","properties":{"kind":"road","name":"Ленинский проспект","osm":"way/983991796","highway":"primary","access":"","foot":"no"},"geometry":{"type":"LineString","coordinates":[[20.502818,54.698808],[20.50283,54.698676]]}},{"type":"Feature","properties":{"kind":"road","name":"улица Багратиона","osm":"way/984243073","highway":"secondary","access":"","foot":""},"geometry":{"type":"LineString","coordinates":[[20.517212,54.698399],[20.517199,54.698412],[20.517184,54.698424],[20.517176,54.698434],[20.517163,54.698444],[20.517135,54.698468]]}},{"type":"Feature","properties":{"kind":"road","name":"Краснооктябрьская улица","osm":"way/989399966","highway":"tertiary","access":"","foot":"no"},"geometry":{"type":"LineString","coordinates":[[20.509562,54.701715],[20.509064,54.701793]]}},{"type":"Feature","properties":{"kind":"road","name":"Краснооктябрьская улица","osm":"way/989399967","highway":"tertiary","access":"","foot":"no"},"geometry":{"type":"LineString","coordinates":[[20.509706,54.701687],[20.509562,54.701715]]}},{"type":"Feature","properties":{"kind":"road","name":"Краснооктябрьская улица","osm":"way/989399968","highway":"tertiary","access":"","foot":"no"},"geometry":{"type":"LineString","coordinates":[[20.510956,54.701438],[20.509706,54.701687]]}},{"type":"Feature","properties":{"kind":"road","name":"Краснооктябрьская улица","osm":"way/989399969","highway":"tertiary","access":"","foot":"no"},"geometry":{"type":"LineString","coordinates":[[20.511544,54.701321],[20.510956,54.701438]]}},{"type":"Feature","properties":{"kind":"road","name":"Краснооктябрьская улица","osm":"way/989399970","highway":"tertiary","access":"","foot":"no"},"geometry":{"type":"LineString","coordinates":[[20.512239,54.701177],[20.511544,54.701321]]}},{"type":"Feature","properties":{"kind":"road","name":"Краснооктябрьская улица","osm":"way/989399971","highway":"tertiary","access":"","foot":"no"},"geometry":{"type":"LineString","coordinates":[[20.513012,54.70101],[20.512239,54.701177]]}},{"type":"Feature","properties":{"kind":"road","name":"Краснооктябрьская улица","osm":"way/989399972","highway":"tertiary","access":"","foot":"no"},"geometry":{"type":"LineString","coordinates":[[20.513163,54.700974],[20.513012,54.70101]]}},{"type":"Feature","properties":{"kind":"road","name":"Эпроновская улица","osm":"way/989399973","highway":"tertiary","access":"","foot":"no"},"geometry":{"type":"LineString","coordinates":[[20.513594,54.700488],[20.513163,54.700974]]}},{"type":"Feature","properties":{"kind":"road","name":"Эпроновская улица","osm":"way/989399974","highway":"tertiary","access":"","foot":"no"},"geometry":{"type":"LineString","coordinates":[[20.513811,54.700252],[20.513758,54.700321]]}},{"type":"Feature","properties":{"kind":"road","name":"Эпроновская улица","osm":"way/989399975","highway":"tertiary","access":"","foot":"no"},"geometry":{"type":"LineString","coordinates":[[20.513871,54.699647],[20.513866,54.699719]]}},{"type":"Feature","properties":{"kind":"road","name":"Эпроновская улица","osm":"way/989399976","highway":"secondary","access":"","foot":"no"},"geometry":{"type":"LineString","coordinates":[[20.513875,54.699603],[20.513871,54.699647]]}},{"type":"Feature","properties":{"kind":"road","name":"улица Богдана Хмельницкого","osm":"way/989399977","highway":"tertiary","access":"","foot":""},"geometry":{"type":"LineString","coordinates":[[20.515177,54.697265],[20.514645,54.697255]]}},{"type":"Feature","properties":{"kind":"road","name":"улица Богдана Хмельницкого","osm":"way/989399978","highway":"tertiary","access":"","foot":""},"geometry":{"type":"LineString","coordinates":[[20.511928,54.697203],[20.511539,54.697196],[20.511145,54.697189]]}},{"type":"Feature","properties":{"kind":"road","name":"улица Богдана Хмельницкого","osm":"way/989399979","highway":"tertiary","access":"","foot":""},"geometry":{"type":"LineString","coordinates":[[20.510332,54.697175],[20.510161,54.697172]]}},{"type":"Feature","properties":{"kind":"road","name":"улица Богдана Хмельницкого","osm":"way/989399980","highway":"tertiary","access":"","foot":""},"geometry":{"type":"LineString","coordinates":[[20.508986,54.697145],[20.508754,54.697139]]}},{"type":"Feature","properties":{"kind":"road","name":"улица Богдана Хмельницкого","osm":"way/989399981","highway":"tertiary","access":"","foot":""},"geometry":{"type":"LineString","coordinates":[[20.507587,54.697112],[20.5069,54.6971]]}},{"type":"Feature","properties":{"kind":"road","name":"улица Богдана Хмельницкого","osm":"way/989399982","highway":"tertiary","access":"","foot":""},"geometry":{"type":"LineString","coordinates":[[20.506202,54.697094],[20.506069,54.697099]]}},{"type":"Feature","properties":{"kind":"road","name":"улица Богдана Хмельницкого","osm":"way/989399988","highway":"tertiary","access":"","foot":""},"geometry":{"type":"LineString","coordinates":[[20.506069,54.697099],[20.505172,54.697091],[20.504842,54.697076],[20.504666,54.697065],[20.504568,54.697059],[20.503956,54.697018],[20.503433,54.696978],[20.503188,54.696961],[20.503063,54.696951]]}},{"type":"Feature","properties":{"kind":"road","name":"Омская улица","osm":"way/995233922","highway":"residential","access":"","foot":""},"geometry":{"type":"LineString","coordinates":[[20.506063,54.697252],[20.506067,54.697192],[20.50607,54.697161],[20.506069,54.697099]]}},{"type":"Feature","properties":{"kind":"road","name":"Ленинский проспект","osm":"way/996149788","highway":"primary","access":"","foot":"no"},"geometry":{"type":"LineString","coordinates":[[20.503273,54.699325],[20.503322,54.699461],[20.503463,54.699716],[20.503579,54.699908]]}},{"type":"Feature","properties":{"kind":"road","name":"","osm":"way/996149789","highway":"service","access":"","foot":""},"geometry":{"type":"LineString","coordinates":[[20.5048,54.699199],[20.504851,54.699128]]}},{"type":"Feature","properties":{"kind":"road","name":"","osm":"way/996149790","highway":"service","access":"","foot":""},"geometry":{"type":"LineString","coordinates":[[20.507115,54.699295],[20.50712,54.699267],[20.507122,54.699254],[20.507126,54.699233]]}},{"type":"Feature","properties":{"kind":"road","name":"улица Младшего лейтенанта Ротко","osm":"way/996149791","highway":"residential","access":"","foot":""},"geometry":{"type":"LineString","coordinates":[[20.506923,54.699224],[20.506921,54.699242],[20.506922,54.699259],[20.506918,54.699282]]}},{"type":"Feature","properties":{"kind":"road","name":"улица Подполковника Половца","osm":"way/996149792","highway":"living_street","access":"","foot":""},"geometry":{"type":"LineString","coordinates":[[20.508773,54.699233],[20.508774,54.699066],[20.50878,54.69841],[20.508779,54.698322],[20.508761,54.697193],[20.508754,54.697139]]}},{"type":"Feature","properties":{"kind":"road","name":"улица Подполковника Половца","osm":"way/996149793","highway":"living_street","access":"","foot":""},"geometry":{"type":"LineString","coordinates":[[20.508771,54.699325],[20.508772,54.69928],[20.508773,54.699233]]}},{"type":"Feature","properties":{"kind":"road","name":"улица Новый Вал","osm":"way/996149794","highway":"residential","access":"","foot":""},"geometry":{"type":"LineString","coordinates":[[20.509501,54.699426],[20.509498,54.699482],[20.509423,54.700112],[20.509421,54.700224],[20.509464,54.700861],[20.50947,54.700956],[20.509556,54.701663],[20.509562,54.701715]]}},{"type":"Feature","properties":{"kind":"road","name":"","osm":"way/996149795","highway":"service","access":"","foot":""},"geometry":{"type":"LineString","coordinates":[[20.511494,54.699508],[20.511502,54.69947],[20.511509,54.699443],[20.51157,54.699206],[20.511585,54.69911],[20.511625,54.698905],[20.511647,54.698797],[20.511688,54.698711],[20.511786,54.698642],[20.512262,54.698673]]}},{"type":"Feature","properties":{"kind":"road","name":"","osm":"way/996149796","highway":"service","access":"","foot":""},"geometry":{"type":"LineString","coordinates":[[20.513029,54.699647],[20.513033,54.699675],[20.513068,54.699787],[20.513364,54.699789],[20.513457,54.699799],[20.513542,54.699819],[20.51363,54.699867],[20.513677,54.699914],[20.513697,54.699964],[20.513708,54.700009],[20.513703,54.700054],[20.513672,54.700119],[20.513621,54.700151],[20.513549,54.700176],[20.513418,54.700194],[20.513272,54.700192],[20.512944,54.700137]]}},{"type":"Feature","properties":{"kind":"road","name":"Большая Песочная улица","osm":"way/996149797","highway":"residential","access":"destination","foot":""},"geometry":{"type":"LineString","coordinates":[[20.513023,54.699601],[20.513029,54.699551],[20.513063,54.699364],[20.513086,54.699239],[20.513139,54.699152],[20.513191,54.699105],[20.513307,54.699038],[20.51353,54.698921],[20.513649,54.698878],[20.51547,54.698551],[20.515636,54.698512],[20.516272,54.698361],[20.516628,54.698275]]}},{"type":"Feature","properties":{"kind":"road","name":"","osm":"way/996149798","highway":"service","access":"","foot":""},"geometry":{"type":"LineString","coordinates":[[20.514892,54.699512],[20.514926,54.699558],[20.51499,54.699705],[20.514426,54.699837]]}},{"type":"Feature","properties":{"kind":"road","name":"Серпуховская улица","osm":"way/996149799","highway":"tertiary","access":"","foot":""},"geometry":{"type":"LineString","coordinates":[[20.500467,54.698555],[20.50045,54.698492]]}},{"type":"Feature","properties":{"kind":"road","name":"Серпуховская улица","osm":"way/996149800","highway":"tertiary","access":"","foot":""},"geometry":{"type":"LineString","coordinates":[[20.50045,54.698492],[20.500441,54.698457],[20.500441,54.698435],[20.500436,54.698416]]}},{"type":"Feature","properties":{"kind":"road","name":"Серпуховский переулок","osm":"way/996149801","highway":"residential","access":"","foot":""},"geometry":{"type":"LineString","coordinates":[[20.499608,54.698371],[20.49963,54.698306],[20.499648,54.698118],[20.499602,54.697168],[20.499904,54.697071]]}},{"type":"Feature","properties":{"kind":"road","name":"","osm":"way/996149802","highway":"service","access":"","foot":""},"geometry":{"type":"LineString","coordinates":[[20.498373,54.698208],[20.498367,54.69822],[20.498342,54.698266],[20.498175,54.69855],[20.497979,54.698506],[20.497427,54.699407],[20.497397,54.699456],[20.497737,54.699539],[20.497801,54.699554]]}},{"type":"Feature","properties":{"kind":"road","name":"","osm":"way/996149803","highway":"service","access":"","foot":""},"geometry":{"type":"LineString","coordinates":[[20.496092,54.69772],[20.49608,54.697739],[20.49605,54.697787],[20.496011,54.697849],[20.495994,54.697876],[20.49584,54.698109]]}},{"type":"Feature","properties":{"kind":"rail","name":"","osm":"way/1012626237"},"geometry":{"type":"LineString","coordinates":[[20.517563,54.699007],[20.517289,54.69861],[20.517178,54.698465]]}},{"type":"Feature","properties":{"kind":"rail","name":"","osm":"way/1012626238"},"geometry":{"type":"LineString","coordinates":[[20.517318,54.698615],[20.517614,54.699003]]}},{"type":"Feature","properties":{"kind":"rail","name":"","osm":"way/1012626239"},"geometry":{"type":"LineString","coordinates":[[20.518128,54.699857],[20.518125,54.699842],[20.51807,54.699748]]}},{"type":"Feature","properties":{"kind":"rail","name":"","osm":"way/1012626240"},"geometry":{"type":"LineString","coordinates":[[20.518106,54.699745],[20.518154,54.69984],[20.518158,54.699849],[20.518147,54.699916],[20.518115,54.699961]]}},{"type":"Feature","properties":{"kind":"road","name":"","osm":"way/1012626241","highway":"footway","access":"","foot":""},"geometry":{"type":"LineString","coordinates":[[20.518427,54.699824],[20.518352,54.699766],[20.518286,54.699694]]}},{"type":"Feature","properties":{"kind":"road","name":"","osm":"way/1024953084","highway":"footway","access":"","foot":""},"geometry":{"type":"LineString","coordinates":[[20.513617,54.699673],[20.513619,54.699647],[20.513621,54.699601],[20.513619,54.699557]]}},{"type":"Feature","properties":{"kind":"road","name":"Малая Песочная улица","osm":"way/1026591381","highway":"residential","access":"","foot":""},"geometry":{"type":"LineString","coordinates":[[20.515177,54.697265],[20.515174,54.697295],[20.515169,54.69735],[20.515169,54.697509],[20.515181,54.697748]]}},{"type":"Feature","properties":{"kind":"road","name":"Малая Песочная улица","osm":"way/1026591382","highway":"footway","access":"","foot":""},"geometry":{"type":"LineString","coordinates":[[20.515181,54.697748],[20.515187,54.697873]]}},{"type":"Feature","properties":{"kind":"road","name":"","osm":"way/1026593787","highway":"service","access":"","foot":""},"geometry":{"type":"LineString","coordinates":[[20.511966,54.699543],[20.511979,54.699504],[20.512124,54.699042]]}},{"type":"Feature","properties":{"kind":"road","name":"","osm":"way/1037488478","highway":"service","access":"","foot":""},"geometry":{"type":"LineString","coordinates":[[20.526712,54.699653],[20.527246,54.700281],[20.527712,54.700828],[20.527736,54.700887],[20.527724,54.700936],[20.527663,54.700997],[20.527496,54.701051],[20.527207,54.701137],[20.526657,54.701296],[20.526039,54.701476],[20.525575,54.701611],[20.525492,54.701629],[20.525418,54.701623],[20.525328,54.701582],[20.525251,54.701509],[20.524321,54.700409]]}},{"type":"Feature","properties":{"kind":"road","name":"","osm":"way/1083211650","highway":"service","access":"no","foot":""},"geometry":{"type":"LineString","coordinates":[[20.525531,54.699993],[20.524937,54.700168],[20.524272,54.700353],[20.524321,54.700409]]}},{"type":"Feature","properties":{"kind":"road","name":"","osm":"way/1087109739","highway":"footway","access":"","foot":""},"geometry":{"type":"LineString","coordinates":[[20.516525,54.701433],[20.516499,54.701448],[20.516477,54.701455],[20.51645,54.701458],[20.51641,54.701455],[20.516034,54.701375],[20.515993,54.701366],[20.515951,54.701359],[20.515908,54.701354],[20.515859,54.70135],[20.515802,54.701349],[20.515553,54.701348],[20.515441,54.701343],[20.51537,54.701336],[20.515283,54.701324],[20.515219,54.701313],[20.515056,54.701278],[20.515015,54.701261],[20.514983,54.701244],[20.514956,54.701225],[20.514849,54.701151],[20.514771,54.7011]]}},{"type":"Feature","properties":{"kind":"building","name":"Филиал Третьяковской Галереи","osm":"way/1087915021"},"geometry":{"type":"Polygon","coordinates":[[[20.523145,54.700439],[20.524263,54.700123],[20.523377,54.699074],[20.522258,54.69939],[20.523145,54.700439]]]}},{"type":"Feature","properties":{"kind":"road","name":"","osm":"way/1088943356","highway":"footway","access":"","foot":""},"geometry":{"type":"LineString","coordinates":[[20.502502,54.6971],[20.502518,54.69688],[20.502533,54.696682]]}},{"type":"Feature","properties":{"kind":"rail","name":"","osm":"way/1121189579"},"geometry":{"type":"LineString","coordinates":[[20.502971,54.698617],[20.502993,54.698567],[20.503021,54.698479],[20.503024,54.698398],[20.502999,54.698244],[20.502777,54.697228],[20.50278,54.697156],[20.502808,54.697101],[20.502867,54.697028],[20.502923,54.696963],[20.502979,54.696896],[20.503023,54.69683],[20.503054,54.696762],[20.50307,54.696678],[20.503128,54.696271],[20.503149,54.696105],[20.503142,54.695964],[20.503125,54.69583]]}},{"type":"Feature","properties":{"kind":"rail","name":"","osm":"way/1135117760"},"geometry":{"type":"LineString","coordinates":[[20.516863,54.698233],[20.51688,54.698231],[20.516894,54.69823],[20.516915,54.69823],[20.516946,54.698232],[20.516978,54.698235],[20.516992,54.698238],[20.517016,54.698246],[20.517038,54.698257],[20.517061,54.69827],[20.517086,54.698287],[20.5171,54.6983],[20.517111,54.698313],[20.51716,54.698381],[20.517184,54.698424]]}},{"type":"Feature","properties":{"kind":"rail","name":"","osm":"way/1135117761"},"geometry":{"type":"LineString","coordinates":[[20.517163,54.698444],[20.517083,54.698328],[20.517067,54.698306],[20.517043,54.698285],[20.517036,54.698279],[20.517023,54.698271],[20.516995,54.698259],[20.516975,54.698254],[20.516957,54.698252],[20.516937,54.698252],[20.516918,54.698252],[20.516898,54.698252],[20.516879,54.698253],[20.516871,54.698254],[20.516861,54.698254]]}},{"type":"Feature","properties":{"kind":"rail","name":"","osm":"way/1135117763"},"geometry":{"type":"LineString","coordinates":[[20.502992,54.695074],[20.503043,54.695163],[20.503066,54.695223],[20.50308,54.695282],[20.503089,54.695334],[20.503158,54.695763],[20.503167,54.69583],[20.503184,54.695963],[20.503191,54.696106],[20.503169,54.696272],[20.503112,54.69668],[20.503095,54.696766],[20.503063,54.696837],[20.503018,54.696905],[20.502961,54.696973],[20.502905,54.697038],[20.502847,54.697109],[20.502822,54.697159],[20.502819,54.697228],[20.503042,54.698242],[20.503072,54.698396],[20.503074,54.698481],[20.503041,54.698574],[20.503016,54.698626]]}},{"type":"Feature","properties":{"kind":"rail","name":"","osm":"way/1135117764"},"geometry":{"type":"LineString","coordinates":[[20.503015,54.699146],[20.503001,54.699109],[20.502967,54.699019],[20.502948,54.698963],[20.502941,54.698923],[20.502934,54.69888],[20.502928,54.69885],[20.502924,54.698833],[20.502924,54.698828],[20.502923,54.698784],[20.502928,54.698744],[20.502948,54.698684],[20.502971,54.698617]]}},{"type":"Feature","properties":{"kind":"road","name":"","osm":"way/1191687896","highway":"footway","access":"","foot":"yes"},"geometry":{"type":"LineString","coordinates":[[20.522808,54.703587],[20.52285,54.703632]]}},{"type":"Feature","properties":{"kind":"road","name":"","osm":"way/1191688798","highway":"cycleway","access":"","foot":"no"},"geometry":{"type":"LineString","coordinates":[[20.546886,54.694865],[20.547201,54.695092],[20.547141,54.695178],[20.547001,54.695293],[20.546869,54.695326],[20.546734,54.695325],[20.546629,54.695319],[20.546534,54.695331],[20.54635,54.695407],[20.546077,54.695518],[20.545935,54.69559],[20.545888,54.695654],[20.545884,54.695713],[20.545929,54.695757],[20.546412,54.696109],[20.546412,54.69614],[20.546373,54.696165],[20.546254,54.696211],[20.546184,54.696241],[20.54355,54.697345],[20.543076,54.697532],[20.543005,54.697559],[20.54282,54.697627],[20.541082,54.698172],[20.540607,54.698324],[20.539431,54.6987],[20.537968,54.699156],[20.536772,54.699528],[20.535528,54.699937],[20.535351,54.699995],[20.532988,54.700748],[20.53143,54.701235],[20.530667,54.701476],[20.52893,54.702037],[20.528896,54.702047],[20.527156,54.702605],[20.524992,54.703238],[20.524905,54.703258],[20.523941,54.703478],[20.523715,54.703522],[20.523627,54.703523]]}},{"type":"Feature","properties":{"kind":"road","name":"набережная Ветеранов","osm":"way/1210349534","highway":"secondary","access":"","foot":""},"geometry":{"type":"LineString","coordinates":[[20.518194,54.699833],[20.518352,54.699766],[20.518443,54.699724],[20.518572,54.699675],[20.519082,54.699521]]}},{"type":"Feature","properties":{"kind":"road","name":"","osm":"way/1210349535","highway":"tertiary","access":"","foot":""},"geometry":{"type":"LineString","coordinates":[[20.517544,54.700635],[20.517667,54.700671],[20.518045,54.700779]]}},{"type":"Feature","properties":{"kind":"road","name":"","osm":"way/1212394854","highway":"service","access":"","foot":""},"geometry":{"type":"LineString","coordinates":[[20.5031,54.700759],[20.502737,54.70008],[20.502455,54.699554]]}},{"type":"Feature","properties":{"kind":"road","name":"","osm":"way/1252989733","highway":"footway","access":"","foot":""},"geometry":{"type":"LineString","coordinates":[[20.503456,54.69917],[20.503485,54.699189]]}},{"type":"Feature","properties":{"kind":"road","name":"","osm":"way/1252989734","highway":"footway","access":"","foot":""},"geometry":{"type":"LineString","coordinates":[[20.503413,54.699137],[20.503432,54.699152],[20.503456,54.69917]]}},{"type":"Feature","properties":{"kind":"road","name":"","osm":"way/1252989735","highway":"footway","access":"","foot":""},"geometry":{"type":"LineString","coordinates":[[20.503124,54.6991],[20.503201,54.699095],[20.503311,54.699089]]}},{"type":"Feature","properties":{"kind":"road","name":"","osm":"way/1252989736","highway":"footway","access":"","foot":""},"geometry":{"type":"LineString","coordinates":[[20.503072,54.699104],[20.503124,54.6991]]}},{"type":"Feature","properties":{"kind":"road","name":"","osm":"way/1252989737","highway":"footway","access":"","foot":""},"geometry":{"type":"LineString","coordinates":[[20.502749,54.699125],[20.502891,54.699117],[20.502994,54.69911],[20.503001,54.699109],[20.503037,54.699106],[20.503048,54.699106],[20.503072,54.699104]]}},{"type":"Feature","properties":{"kind":"road","name":"","osm":"way/1252989738","highway":"footway","access":"","foot":""},"geometry":{"type":"LineString","coordinates":[[20.502722,54.699126],[20.502749,54.699125]]}},{"type":"Feature","properties":{"kind":"road","name":"","osm":"way/1252989739","highway":"footway","access":"","foot":""},"geometry":{"type":"LineString","coordinates":[[20.503357,54.699086],[20.503357,54.699061]]}},{"type":"Feature","properties":{"kind":"road","name":"","osm":"way/1252989740","highway":"footway","access":"","foot":""},"geometry":{"type":"LineString","coordinates":[[20.504642,54.69902],[20.504619,54.699108],[20.5046,54.699184],[20.504589,54.699225]]}},{"type":"Feature","properties":{"kind":"road","name":"","osm":"way/1252989741","highway":"footway","access":"","foot":""},"geometry":{"type":"LineString","coordinates":[[20.502834,54.698183],[20.502873,54.698181],[20.503058,54.698172],[20.503133,54.698167]]}},{"type":"Feature","properties":{"kind":"road","name":"","osm":"way/1252989742","highway":"footway","access":"","foot":""},"geometry":{"type":"LineString","coordinates":[[20.502698,54.698268],[20.502604,54.69835]]}},{"type":"Feature","properties":{"kind":"road","name":"","osm":"way/1252989743","highway":"footway","access":"","foot":""},"geometry":{"type":"LineString","coordinates":[[20.502604,54.69835],[20.502563,54.698377],[20.50252,54.698404]]}},{"type":"Feature","properties":{"kind":"road","name":"","osm":"way/1252989744","highway":"footway","access":"","foot":""},"geometry":{"type":"LineString","coordinates":[[20.502791,54.69819],[20.502757,54.698197]]}},{"type":"Feature","properties":{"kind":"road","name":"","osm":"way/1252989746","highway":"footway","access":"","foot":""},"geometry":{"type":"LineString","coordinates":[[20.502757,54.698197],[20.502728,54.698231],[20.502698,54.698268]]}},{"type":"Feature","properties":{"kind":"road","name":"","osm":"way/1252989747","highway":"footway","access":"","foot":""},"geometry":{"type":"LineString","coordinates":[[20.50456,54.697111],[20.504568,54.697059],[20.504577,54.697005]]}},{"type":"Feature","properties":{"kind":"road","name":"Железнодорожная улица","osm":"way/1264379966","highway":"primary","access":"","foot":""},"geometry":{"type":"LineString","coordinates":[[20.491566,54.701211],[20.491576,54.700983],[20.491672,54.700779],[20.49173,54.700463],[20.491759,54.700166],[20.491786,54.699636]]}},{"type":"Feature","properties":{"kind":"road","name":"Железнодорожная улица","osm":"way/1264403764","highway":"primary","access":"","foot":""},"geometry":{"type":"LineString","coordinates":[[20.493668,54.697188],[20.493739,54.697075]]}},{"type":"Feature","properties":{"kind":"road","name":"Железнодорожная улица","osm":"way/1264403765","highway":"primary","access":"","foot":""},"geometry":{"type":"LineString","coordinates":[[20.493985,54.696992],[20.493838,54.697117],[20.493758,54.697156],[20.493668,54.697188]]}},{"type":"Feature","properties":{"kind":"road","name":"Мореходный переулок","osm":"way/1265045872","highway":"service","access":"","foot":""},"geometry":{"type":"LineString","coordinates":[[20.506095,54.701648],[20.506712,54.701526]]}},{"type":"Feature","properties":{"kind":"building","name":"","osm":"way/1271669348"},"geometry":{"type":"Polygon","coordinates":[[[20.524725,54.698203],[20.524616,54.698233],[20.524725,54.69824],[20.524725,54.698203]]]}},{"type":"Feature","properties":{"kind":"road","name":"","osm":"way/1274017454","highway":"cycleway","access":"","foot":""},"geometry":{"type":"LineString","coordinates":[[20.514827,54.701506],[20.51484,54.701481],[20.514851,54.701453],[20.514857,54.701429],[20.514861,54.701393],[20.514849,54.701235],[20.514847,54.701193],[20.514849,54.701151],[20.514858,54.701105],[20.514874,54.701055],[20.514902,54.700996],[20.514953,54.700912],[20.515031,54.700825],[20.515118,54.700755],[20.515253,54.700676],[20.5155,54.700554],[20.515888,54.700367],[20.515953,54.700338],[20.516019,54.700313],[20.51609,54.700294],[20.516147,54.700285],[20.516287,54.700282],[20.516353,54.700275],[20.516407,54.700264],[20.516452,54.700248],[20.516501,54.700223],[20.516593,54.700135],[20.516624,54.700099],[20.51664,54.700086],[20.516655,54.700078],[20.51668,54.70007],[20.516711,54.700065],[20.51676,54.700063],[20.516815,54.700058],[20.516867,54.700052],[20.516952,54.700037],[20.517047,54.700013],[20.517133,54.699983],[20.517259,54.699923],[20.517496,54.699841],[20.517573,54.699822],[20.517833,54.699751],[20.518321,54.699626],[20.518733,54.699515],[20.51907,54.699429],[20.520031,54.699147],[20.520607,54.698989],[20.521393,54.698801],[20.522508,54.698565],[20.524888,54.697803],[20.524972,54.697777],[20.525361,54.697607],[20.525834,54.697481],[20.526116,54.697418],[20.526363,54.697354],[20.52725,54.697092],[20.528013,54.696883],[20.52845,54.696784],[20.529247,54.696666],[20.529463,54.696634],[20.529896,54.696591],[20.531133,54.696432],[20.532175,54.696321],[20.533568,54.69621],[20.534206,54.696158],[20.536257,54.695996],[20.537243,54.695917],[20.538766,54.695735],[20.538926,54.695709],[20.538985,54.695699],[20.53966,54.695587],[20.540152,54.695511],[20.540776,54.695383],[20.541434,54.695255],[20.541664,54.695214],[20.54187,54.695151],[20.542134,54.695085],[20.542381,54.695008],[20.542584,54.694939],[20.542719,54.694887],[20.54281,54.694845],[20.542954,54.694782],[20.543357,54.6946],[20.543644,54.694458],[20.54382,54.694348],[20.544025,54.694206],[20.544145,54.694102],[20.544182,54.694045],[20.54422,54.69398],[20.544337,54.693873],[20.544468,54.693761],[20.544579,54.693688],[20.544687,54.693637],[20.544862,54.693589],[20.545035,54.693596],[20.545105,54.693606],[20.545154,54.693621],[20.545257,54.693667],[20.545393,54.693717]]}},{"type":"Feature","properties":{"kind":"road","name":"","osm":"way/1275336298","highway":"service","access":"","foot":""},"geometry":{"type":"LineString","coordinates":[[20.518393,54.697738],[20.518428,54.697782],[20.518462,54.697825],[20.518868,54.698276],[20.519088,54.698545]]}},{"type":"Feature","properties":{"kind":"building","name":"","osm":"way/1275336299"},"geometry":{"type":"Polygon","coordinates":[[[20.519171,54.698535],[20.519091,54.698413],[20.519213,54.698385],[20.519287,54.698504],[20.519171,54.698535]]]}},{"type":"Feature","properties":{"kind":"green","name":"","osm":"way/1275336300"},"geometry":{"type":"Polygon","coordinates":[[[20.517964,54.698194],[20.518106,54.698261],[20.518253,54.698398],[20.518431,54.698639],[20.518372,54.698784],[20.517976,54.698855],[20.517786,54.698521],[20.517877,54.698364],[20.517911,54.698285],[20.517964,54.698194]]]}},{"type":"Feature","properties":{"kind":"green","name":"","osm":"way/1276083871"},"geometry":{"type":"Polygon","coordinates":[[[20.520315,54.700419],[20.520568,54.700597],[20.520813,54.700925],[20.521036,54.701091],[20.521126,54.701316],[20.520556,54.701363],[20.520324,54.701416],[20.520242,54.7015],[20.519886,54.701403],[20.51986,54.701269],[20.520156,54.701173],[20.52029,54.701207],[20.520538,54.701155],[20.520461,54.700838],[20.520315,54.700582],[20.520315,54.700419]]]}},{"type":"Feature","properties":{"kind":"green","name":"","osm":"way/1276083872"},"geometry":{"type":"Polygon","coordinates":[[[20.522586,54.704223],[20.522083,54.704322],[20.521817,54.704448],[20.52198,54.704649],[20.522225,54.704691],[20.522401,54.704639],[20.522616,54.704543],[20.522663,54.704458],[20.522586,54.704223]]]}},{"type":"Feature","properties":{"kind":"green","name":"","osm":"way/1276083873"},"geometry":{"type":"Polygon","coordinates":[[[20.519998,54.705348],[20.519693,54.704877],[20.519504,54.70486],[20.519204,54.704929],[20.51935,54.705071],[20.519573,54.705378],[20.519998,54.705348]]]}},{"type":"Feature","properties":{"kind":"green","name":"","osm":"way/1276083874"},"geometry":{"type":"Polygon","coordinates":[[[20.521384,54.704619],[20.521072,54.704718],[20.521049,54.704842],[20.521274,54.704882],[20.521563,54.70491],[20.521384,54.704619]]]}},{"type":"Feature","properties":{"kind":"building","name":"","osm":"way/1276104530"},"geometry":{"type":"Polygon","coordinates":[[[20.52263,54.699578],[20.522502,54.699416],[20.522686,54.699367],[20.522815,54.699529],[20.52263,54.699578]]]}},{"type":"Feature","properties":{"kind":"building","name":"","osm":"way/1277798720"},"geometry":{"type":"Polygon","coordinates":[[[20.515219,54.701865],[20.51525,54.701699],[20.515203,54.701697],[20.515236,54.701522],[20.51514,54.701516],[20.515162,54.701399],[20.515464,54.701418],[20.515458,54.701445],[20.516153,54.701489],[20.516073,54.701919],[20.515219,54.701865]]]}},{"type":"Feature","properties":{"kind":"road","name":"","osm":"way/1277798721","highway":"footway","access":"","foot":""},"geometry":{"type":"LineString","coordinates":[[20.515865,54.70032],[20.515888,54.700367],[20.51593,54.700456],[20.515951,54.700488],[20.515973,54.70052],[20.516,54.700554],[20.516049,54.70061],[20.51608,54.700628],[20.516111,54.700638],[20.516154,54.700644],[20.516321,54.700643]]}},{"type":"Feature","properties":{"kind":"road","name":"","osm":"way/1277798722","highway":"service","access":"","foot":""},"geometry":{"type":"LineString","coordinates":[[20.517407,54.700073],[20.517547,54.700012],[20.517598,54.700005],[20.517643,54.700006],[20.517688,54.70001],[20.517764,54.70003],[20.517799,54.700038],[20.517919,54.700073]]}},{"type":"Feature","properties":{"kind":"road","name":"","osm":"way/1277798723","highway":"footway","access":"","foot":""},"geometry":{"type":"LineString","coordinates":[[20.517277,54.700382],[20.517477,54.700186],[20.517567,54.700079],[20.517598,54.700005],[20.51759,54.699893],[20.517573,54.699822],[20.517542,54.699775]]}},{"type":"Feature","properties":{"kind":"green","name":"","osm":"way/1277798724"},"geometry":{"type":"Polygon","coordinates":[[[20.517597,54.699837],[20.517846,54.699778],[20.517856,54.699811],[20.517857,54.699838],[20.517854,54.699855],[20.517847,54.699879],[20.517794,54.699963],[20.517685,54.699972],[20.517621,54.699935],[20.517597,54.699837]]]}},{"type":"Feature","properties":{"kind":"road","name":"","osm":"way/1277800424","highway":"service","access":"","foot":""},"geometry":{"type":"LineString","coordinates":[[20.516803,54.701411],[20.516739,54.701398],[20.516629,54.701374],[20.51657,54.701362],[20.516511,54.701347]]}},{"type":"Feature","properties":{"kind":"road","name":"","osm":"way/1277800425","highway":"service","access":"","foot":""},"geometry":{"type":"LineString","coordinates":[[20.516886,54.701283],[20.516835,54.701261],[20.516697,54.701202],[20.516679,54.701188],[20.51667,54.701177],[20.516664,54.701166],[20.516662,54.70115],[20.516668,54.701129],[20.516796,54.70092],[20.516812,54.700895],[20.516823,54.70088],[20.516838,54.70086],[20.517065,54.700577],[20.517151,54.700594],[20.517207,54.700603],[20.517281,54.700612]]}},{"type":"Feature","properties":{"kind":"green","name":"","osm":"way/1277807867"},"geometry":{"type":"Polygon","coordinates":[[[20.517538,54.699853],[20.517563,54.699931],[20.517455,54.699945],[20.517357,54.699968],[20.517321,54.699925],[20.51745,54.699878],[20.517538,54.699853]]]}},{"type":"Feature","properties":{"kind":"green","name":"","osm":"way/1277807870"},"geometry":{"type":"Polygon","coordinates":[[[20.518379,54.699891],[20.518461,54.699835],[20.519489,54.699496],[20.519762,54.699421],[20.519866,54.699412],[20.51994,54.699433],[20.519988,54.699471],[20.519787,54.699504],[20.518528,54.69986],[20.518401,54.699905],[20.518379,54.699891]]]}},{"type":"Feature","properties":{"kind":"road","name":"","osm":"way/1277807871","highway":"footway","access":"","foot":""},"geometry":{"type":"LineString","coordinates":[[20.521131,54.699183],[20.521106,54.699136],[20.521112,54.699095],[20.521157,54.699046],[20.521302,54.698999],[20.522715,54.69867]]}},{"type":"Feature","properties":{"kind":"road","name":"","osm":"way/1277836079","highway":"footway","access":"","foot":""},"geometry":{"type":"LineString","coordinates":[[20.525043,54.703507],[20.524745,54.703598],[20.524062,54.703755],[20.523697,54.703865],[20.523463,54.703989],[20.523443,54.704098],[20.52349,54.704548],[20.523485,54.704776],[20.523484,54.7048],[20.523483,54.704884],[20.52348,54.704923],[20.523479,54.704953],[20.523461,54.705397],[20.523409,54.705773],[20.523345,54.706069],[20.523266,54.706367],[20.523191,54.706769]]}},{"type":"Feature","properties":{"kind":"road","name":"","osm":"way/1277836081","highway":"footway","access":"","foot":""},"geometry":{"type":"LineString","coordinates":[[20.523484,54.7048],[20.525004,54.704811],[20.525271,54.704808]]}},{"type":"Feature","properties":{"kind":"road","name":"","osm":"way/1277836082","highway":"footway","access":"","foot":""},"geometry":{"type":"LineString","coordinates":[[20.52348,54.704923],[20.524755,54.704933],[20.525273,54.704939]]}},{"type":"Feature","properties":{"kind":"road","name":"","osm":"way/1310483522","highway":"service","access":"private","foot":""},"geometry":{"type":"LineString","coordinates":[[20.516359,54.701161],[20.516502,54.701192]]}},{"type":"Feature","properties":{"kind":"road","name":"","osm":"way/1310483527","highway":"footway","access":"","foot":""},"geometry":{"type":"LineString","coordinates":[[20.516551,54.70075],[20.516589,54.700776],[20.516796,54.70092]]}},{"type":"Feature","properties":{"kind":"road","name":"","osm":"way/1310483528","highway":"service","access":"","foot":""},"geometry":{"type":"LineString","coordinates":[[20.517036,54.700562],[20.517065,54.700577]]}},{"type":"Feature","properties":{"kind":"road","name":"","osm":"way/1310483529","highway":"steps","access":"","foot":""},"geometry":{"type":"LineString","coordinates":[[20.516542,54.701406],[20.516525,54.701433]]}},{"type":"Feature","properties":{"kind":"road","name":"","osm":"way/1310483530","highway":"footway","access":"","foot":""},"geometry":{"type":"LineString","coordinates":[[20.51657,54.701362],[20.516542,54.701406]]}},{"type":"Feature","properties":{"kind":"road","name":"","osm":"way/1310483531","highway":"service","access":"","foot":""},"geometry":{"type":"LineString","coordinates":[[20.516502,54.701192],[20.516636,54.701199],[20.516679,54.701188]]}},{"type":"Feature","properties":{"kind":"road","name":"","osm":"way/1310483536","highway":"footway","access":"","foot":""},"geometry":{"type":"LineString","coordinates":[[20.516551,54.70075],[20.516497,54.700713],[20.516426,54.70067],[20.516399,54.700656],[20.516371,54.700648],[20.51635,54.700644],[20.516321,54.700643]]}},{"type":"Feature","properties":{"kind":"road","name":"","osm":"way/1310489283","highway":"footway","access":"","foot":""},"geometry":{"type":"LineString","coordinates":[[20.516655,54.700078],[20.516622,54.700041]]}},{"type":"Feature","properties":{"kind":"road","name":"","osm":"way/1311761374","highway":"footway","access":"","foot":""},"geometry":{"type":"LineString","coordinates":[[20.512459,54.697214],[20.51246,54.697174],[20.512494,54.696428],[20.512119,54.696423],[20.512111,54.696602],[20.512061,54.696602]]}},{"type":"Feature","properties":{"kind":"road","name":"","osm":"way/1311761375","highway":"service","access":"","foot":""},"geometry":{"type":"LineString","coordinates":[[20.511539,54.697196],[20.511541,54.697159],[20.511552,54.696921],[20.511606,54.69686],[20.512049,54.696866],[20.512061,54.696602]]}},{"type":"Feature","properties":{"kind":"building","name":"","osm":"way/1322313195"},"geometry":{"type":"Polygon","coordinates":[[[20.510896,54.697261],[20.51097,54.697262],[20.51097,54.697235],[20.510897,54.697234],[20.510896,54.697261]]]}},{"type":"Feature","properties":{"kind":"road","name":"Солнечный бульвар","osm":"way/1366051282","highway":"residential","access":"","foot":""},"geometry":{"type":"LineString","coordinates":[[20.525147,54.703432],[20.525015,54.703474],[20.524742,54.70356],[20.524034,54.703719]]}},{"type":"Feature","properties":{"kind":"road","name":"","osm":"way/1368750755","highway":"service","access":"","foot":""},"geometry":{"type":"LineString","coordinates":[[20.497397,54.699456],[20.497276,54.699672]]}},{"type":"Feature","properties":{"kind":"road","name":"Эльблонгская улица","osm":"way/1368750756","highway":"residential","access":"","foot":""},"geometry":{"type":"LineString","coordinates":[[20.497742,54.700538],[20.49777,54.700339],[20.497601,54.700318],[20.497276,54.699672],[20.496473,54.69948],[20.496147,54.699424],[20.495641,54.699623]]}},{"type":"Feature","properties":{"kind":"road","name":"улица Генерала Павлова","osm":"way/1370089148","highway":"tertiary","access":"","foot":""},"geometry":{"type":"LineString","coordinates":[[20.522048,54.701741],[20.522418,54.702209]]}},{"type":"Feature","properties":{"kind":"road","name":"Второй эстакадный мост","osm":"way/1370089160","highway":"secondary","access":"","foot":"no"},"geometry":{"type":"LineString","coordinates":[[20.517563,54.697188],[20.517367,54.697218],[20.517215,54.697261],[20.517095,54.697298],[20.516935,54.697396],[20.516857,54.697473]]}},{"type":"Feature","properties":{"kind":"road","name":"улица Генерала Павлова","osm":"way/1370089163","highway":"residential","access":"","foot":""},"geometry":{"type":"LineString","coordinates":[[20.5234,54.704883],[20.52338,54.705245]]}},{"type":"Feature","properties":{"kind":"road","name":"улица Генерала Павлова","osm":"way/1370089164","highway":"residential","access":"","foot":""},"geometry":{"type":"LineString","coordinates":[[20.5234,54.704883],[20.523406,54.704771]]}},{"type":"Feature","properties":{"kind":"road","name":"","osm":"way/1370382518","highway":"tertiary","access":"","foot":""},"geometry":{"type":"LineString","coordinates":[[20.517494,54.70062],[20.517544,54.700635]]}},{"type":"Feature","properties":{"kind":"road","name":"","osm":"way/1370382519","highway":"service","access":"","foot":""},"geometry":{"type":"LineString","coordinates":[[20.517281,54.700612],[20.517347,54.700617]]}},{"type":"Feature","properties":{"kind":"road","name":"","osm":"way/1370382520","highway":"cycleway","access":"","foot":""},"geometry":{"type":"LineString","coordinates":[[20.517281,54.700612],[20.517302,54.700588],[20.517324,54.700564],[20.51735,54.700538],[20.517382,54.700507],[20.517636,54.700243],[20.517656,54.700154]]}},{"type":"Feature","properties":{"kind":"road","name":"","osm":"way/1370382569","highway":"footway","access":"","foot":"designated"},"geometry":{"type":"LineString","coordinates":[[20.517799,54.700038],[20.517714,54.70012],[20.517656,54.700154]]}},{"type":"Feature","properties":{"kind":"road","name":"","osm":"way/1370382570","highway":"footway","access":"","foot":""},"geometry":{"type":"LineString","coordinates":[[20.517656,54.700154],[20.517557,54.70021],[20.51739,54.700366],[20.517277,54.700382],[20.517208,54.700446],[20.517065,54.700577]]}},{"type":"Feature","properties":{"kind":"road","name":"Ленинский проспект","osm":"way/1372496923","highway":"primary","access":"","foot":""},"geometry":{"type":"LineString","coordinates":[[20.504316,54.701693],[20.503857,54.700899]]}},{"type":"Feature","properties":{"kind":"road","name":"","osm":"way/1372496924","highway":"footway","access":"","foot":""},"geometry":{"type":"LineString","coordinates":[[20.504167,54.701801],[20.504159,54.701722],[20.504038,54.701511]]}},{"type":"Feature","properties":{"kind":"road","name":"","osm":"way/1372496926","highway":"path","access":"","foot":"designated"},"geometry":{"type":"LineString","coordinates":[[20.504038,54.701511],[20.503707,54.700933]]}},{"type":"Feature","properties":{"kind":"road","name":"","osm":"way/1372496927","highway":"cycleway","access":"","foot":""},"geometry":{"type":"LineString","coordinates":[[20.503707,54.700933],[20.503738,54.700881],[20.503654,54.700738],[20.503563,54.700681]]}},{"type":"Feature","properties":{"kind":"road","name":"Эльблонгская улица","osm":"way/1372496929","highway":"residential","access":"","foot":""},"geometry":{"type":"LineString","coordinates":[[20.50067,54.700862],[20.499744,54.700758]]}},{"type":"Feature","properties":{"kind":"road","name":"Эльблонгская улица","osm":"way/1372496930","highway":"residential","access":"","foot":""},"geometry":{"type":"LineString","coordinates":[[20.499744,54.700758],[20.499166,54.700693],[20.498682,54.700622],[20.497742,54.700538],[20.497289,54.700499]]}},{"type":"Feature","properties":{"kind":"road","name":"Эльблонгская улица","osm":"way/1372496931","highway":"residential","access":"","foot":""},"geometry":{"type":"LineString","coordinates":[[20.493799,54.69869],[20.49346,54.698494]]}},{"type":"Feature","properties":{"kind":"road","name":"Эльблонгская улица","osm":"way/1372496932","highway":"residential","access":"","foot":""},"geometry":{"type":"LineString","coordinates":[[20.49429,54.698973],[20.494024,54.698817],[20.493799,54.69869]]}},{"type":"Feature","properties":{"kind":"road","name":"Эльблонгская улица","osm":"way/1372496933","highway":"residential","access":"","foot":""},"geometry":{"type":"LineString","coordinates":[[20.49487,54.699307],[20.49429,54.698973]]}},{"type":"Feature","properties":{"kind":"road","name":"Эльблонгская улица","osm":"way/1372496934","highway":"residential","access":"","foot":""},"geometry":{"type":"LineString","coordinates":[[20.495612,54.699726],[20.495252,54.699528]]}},{"type":"Feature","properties":{"kind":"road","name":"улица Багратиона","osm":"way/1372496935","highway":"secondary","access":"","foot":""},"geometry":{"type":"LineString","coordinates":[[20.500811,54.698517],[20.500678,54.698507]]}},{"type":"Feature","properties":{"kind":"road","name":"улица Багратиона","osm":"way/1372496936","highway":"secondary","access":"","foot":""},"geometry":{"type":"LineString","coordinates":[[20.501783,54.69868],[20.501053,54.698546],[20.500811,54.698517]]}},{"type":"Feature","properties":{"kind":"road","name":"","osm":"way/1372496937","highway":"footway","access":"","foot":""},"geometry":{"type":"LineString","coordinates":[[20.494811,54.697558],[20.494944,54.697519],[20.495054,54.697524],[20.49608,54.697739]]}},{"type":"Feature","properties":{"kind":"road","name":"Ленинский проспект","osm":"way/1372496938","highway":"primary","access":"","foot":"no"},"geometry":{"type":"LineString","coordinates":[[20.503058,54.698172],[20.50308,54.698285],[20.503102,54.698502]]}},{"type":"Feature","properties":{"kind":"road","name":"","osm":"way/1372496939","highway":"footway","access":"","foot":""},"geometry":{"type":"LineString","coordinates":[[20.502932,54.696304],[20.502867,54.696649],[20.502836,54.696722],[20.502801,54.696765],[20.502661,54.696914],[20.502624,54.696973],[20.502567,54.697103],[20.502563,54.697236],[20.502601,54.697331],[20.502665,54.697594],[20.502678,54.697754],[20.502781,54.698087],[20.502834,54.698183]]}},{"type":"Feature","properties":{"kind":"road","name":"","osm":"way/1372496944","highway":"cycleway","access":"","foot":""},"geometry":{"type":"LineString","coordinates":[[20.502226,54.698101],[20.500857,54.696811],[20.500459,54.696424],[20.50003,54.696007],[20.499988,54.696004]]}},{"type":"Feature","properties":{"kind":"road","name":"Ореховая улица","osm":"way/1372496946","highway":"residential","access":"","foot":""},"geometry":{"type":"LineString","coordinates":[[20.503854,54.697852],[20.503687,54.698867]]}},{"type":"Feature","properties":{"kind":"road","name":"Ленинский проспект","osm":"way/1372496947","highway":"primary","access":"","foot":"no"},"geometry":{"type":"LineString","coordinates":[[20.503172,54.698974],[20.503201,54.699095],[20.503273,54.699325]]}},{"type":"Feature","properties":{"kind":"road","name":"улица Багратиона","osm":"way/1372496950","highway":"secondary","access":"","foot":""},"geometry":{"type":"LineString","coordinates":[[20.510587,54.699444],[20.511236,54.69949]]}},{"type":"Feature","properties":{"kind":"road","name":"улица Профессора Морозова","osm":"way/1372756629","highway":"residential","access":"","foot":""},"geometry":{"type":"LineString","coordinates":[[20.509533,54.700224],[20.510014,54.700231]]}},{"type":"Feature","properties":{"kind":"road","name":"улица Профессора Морозова","osm":"way/1372756630","highway":"residential","access":"","foot":""},"geometry":{"type":"LineString","coordinates":[[20.509421,54.700224],[20.509452,54.700223],[20.509533,54.700224]]}},{"type":"Feature","properties":{"kind":"road","name":"Малый переулок","osm":"way/1372756631","highway":"residential","access":"","foot":""},"geometry":{"type":"LineString","coordinates":[[20.511529,54.700359],[20.511533,54.70058]]}},{"type":"Feature","properties":{"kind":"road","name":"Малый переулок","osm":"way/1372756632","highway":"residential","access":"","foot":""},"geometry":{"type":"LineString","coordinates":[[20.511528,54.700266],[20.511528,54.700294],[20.511529,54.700359]]}},{"type":"Feature","properties":{"kind":"road","name":"Октябрьская улица","osm":"way/1374295010","highway":"secondary","access":"","foot":""},"geometry":{"type":"LineString","coordinates":[[20.517829,54.700155],[20.517919,54.700073]]}},{"type":"Feature","properties":{"kind":"rail","name":"","osm":"way/1387487829"},"geometry":{"type":"LineString","coordinates":[[20.503016,54.698626],[20.503009,54.698684],[20.503016,54.698718],[20.503033,54.698749],[20.503051,54.69877],[20.503073,54.698799],[20.50311,54.698832],[20.503143,54.698856],[20.503179,54.698881],[20.503217,54.698902],[20.503261,54.698917],[20.503306,54.698928]]}},{"type":"Feature","properties":{"kind":"rail","name":"","osm":"way/1387487830"},"geometry":{"type":"LineString","coordinates":[[20.503302,54.698954],[20.503217,54.698935],[20.503164,54.698916],[20.50312,54.69889],[20.503094,54.698868],[20.503061,54.698844],[20.503027,54.698813],[20.502995,54.698783],[20.502973,54.698749],[20.502961,54.698723],[20.50296,54.698684],[20.502971,54.698617]]}},{"type":"Feature","properties":{"kind":"road","name":"","osm":"way/1391529695","highway":"service","access":"","foot":""},"geometry":{"type":"LineString","coordinates":[[20.503923,54.697245],[20.503547,54.697234],[20.503452,54.697263],[20.50342,54.697426],[20.503411,54.697552],[20.503402,54.697675],[20.503402,54.697848],[20.503429,54.698116],[20.503425,54.698318]]}},{"type":"Feature","properties":{"kind":"road","name":"","osm":"way/1391529696","highway":"service","access":"","foot":""},"geometry":{"type":"LineString","coordinates":[[20.503411,54.697552],[20.503894,54.697472]]}},{"type":"Feature","properties":{"kind":"road","name":"","osm":"way/1411981167","highway":"service","access":"","foot":""},"geometry":{"type":"LineString","coordinates":[[20.522861,54.698546],[20.523084,54.69882],[20.523134,54.698855],[20.523213,54.698872],[20.52331,54.698867],[20.523388,54.6989],[20.523445,54.698942],[20.524404,54.700105]]}},{"type":"Feature","properties":{"kind":"green","name":"","osm":"way/1411981171"},"geometry":{"type":"Polygon","coordinates":[[[20.522239,54.699864],[20.522364,54.699829],[20.522291,54.699743],[20.522239,54.699753],[20.522239,54.699864]]]}},{"type":"Feature","properties":{"kind":"green","name":"","osm":"way/1411981172"},"geometry":{"type":"Polygon","coordinates":[[[20.522351,54.699864],[20.522389,54.699852],[20.522908,54.700454],[20.522861,54.700467],[20.522351,54.699864]]]}},{"type":"Feature","properties":{"kind":"road","name":"","osm":"way/1418641615","highway":"cycleway","access":"","foot":""},"geometry":{"type":"LineString","coordinates":[[20.502873,54.698181],[20.50282,54.698087],[20.502743,54.697666],[20.50265,54.697295],[20.502629,54.697162],[20.502642,54.697095],[20.502687,54.697015],[20.502732,54.696949],[20.502835,54.696837],[20.502874,54.696786],[20.502898,54.696745],[20.502916,54.696696],[20.502929,54.69661],[20.502983,54.696273]]}},{"type":"Feature","properties":{"kind":"green","name":"Площадь перед Домом искусств","osm":"way/1418641616"},"geometry":{"type":"Polygon","coordinates":[[[20.50273,54.697072],[20.502695,54.697193],[20.502901,54.698141],[20.502691,54.698146],[20.501597,54.697072],[20.50273,54.697072]]]}},{"type":"Feature","properties":{"kind":"green","name":"","osm":"way/1418641617"},"geometry":{"type":"Polygon","coordinates":[[[20.502661,54.69779],[20.502515,54.697841],[20.502718,54.698075],[20.502661,54.69779]]]}},{"type":"Feature","properties":{"kind":"green","name":"","osm":"way/1418641618"},"geometry":{"type":"Polygon","coordinates":[[[20.502351,54.697265],[20.502392,54.697302],[20.502248,54.697353],[20.502351,54.697265]]]}},{"type":"Feature","properties":{"kind":"green","name":"","osm":"way/1418641619"},"geometry":{"type":"Polygon","coordinates":[[[20.502475,54.697274],[20.502499,54.697297],[20.502435,54.697322],[20.502475,54.697274]]]}},{"type":"Feature","properties":{"kind":"green","name":"","osm":"way/1418641620"},"geometry":{"type":"Polygon","coordinates":[[[20.502391,54.6974],[20.502365,54.697376],[20.502434,54.697356],[20.502391,54.6974]]]}},{"type":"Feature","properties":{"kind":"green","name":"","osm":"way/1418641621"},"geometry":{"type":"Polygon","coordinates":[[[20.502401,54.697427],[20.502339,54.697452],[20.50236,54.697474],[20.502401,54.697427]]]}},{"type":"Feature","properties":{"kind":"green","name":"","osm":"way/1418641622"},"geometry":{"type":"Polygon","coordinates":[[[20.502277,54.69751],[20.502298,54.697528],[20.502242,54.697578],[20.502192,54.69753],[20.502277,54.69751]]]}},{"type":"Feature","properties":{"kind":"green","name":"","osm":"way/1418641623"},"geometry":{"type":"Polygon","coordinates":[[[20.502273,54.697601],[20.502337,54.697585],[20.50236,54.697607],[20.502323,54.697646],[20.502273,54.697601]]]}},{"type":"Feature","properties":{"kind":"green","name":"","osm":"way/1418641624"},"geometry":{"type":"Polygon","coordinates":[[[20.502463,54.697475],[20.502435,54.697452],[20.502388,54.697495],[20.502463,54.697475]]]}},{"type":"Feature","properties":{"kind":"green","name":"","osm":"way/1418641625"},"geometry":{"type":"Polygon","coordinates":[[[20.502499,54.697393],[20.502538,54.69735],[20.502565,54.697371],[20.502499,54.697393]]]}},{"type":"Feature","properties":{"kind":"green","name":"","osm":"way/1418641626"},"geometry":{"type":"Polygon","coordinates":[[[20.502524,54.69742],[20.502545,54.697442],[20.502597,54.697397],[20.502524,54.69742]]]}},{"type":"Feature","properties":{"kind":"green","name":"","osm":"way/1418641627"},"geometry":{"type":"Polygon","coordinates":[[[20.502407,54.697072],[20.502388,54.697089],[20.502374,54.697072],[20.502407,54.697072]]]}},{"type":"Feature","properties":{"kind":"green","name":"","osm":"way/1418641628"},"geometry":{"type":"Polygon","coordinates":[[[20.501877,54.697072],[20.501831,54.697072],[20.501756,54.697097],[20.501805,54.697141],[20.501877,54.697072]]]}},{"type":"Feature","properties":{"kind":"green","name":"","osm":"way/1418641629"},"geometry":{"type":"Polygon","coordinates":[[[20.502221,54.697317],[20.502162,54.697243],[20.502311,54.697204],[20.502221,54.697317]]]}},{"type":"Feature","properties":{"kind":"building","name":"","osm":"way/1422735483"},"geometry":{"type":"Polygon","coordinates":[[[20.498578,54.700949],[20.498584,54.700933],[20.498657,54.700917],[20.498734,54.701038],[20.49866,54.701053],[20.498637,54.701043],[20.498621,54.701018],[20.498627,54.701002],[20.498618,54.700984],[20.498593,54.700975],[20.498578,54.700949]]]}},{"type":"Feature","properties":{"kind":"building","name":"","osm":"way/1422735484"},"geometry":{"type":"Polygon","coordinates":[[[20.498526,54.70112],[20.498653,54.701058],[20.498786,54.701144],[20.498812,54.701201],[20.498847,54.701224],[20.498852,54.701249],[20.498798,54.701276],[20.498756,54.701249],[20.498738,54.701257],[20.498526,54.70112]]]}},{"type":"Feature","properties":{"kind":"building","name":"","osm":"way/1422735485"},"geometry":{"type":"Polygon","coordinates":[[[20.499699,54.701406],[20.499787,54.701391],[20.499816,54.701451],[20.499728,54.701465],[20.499699,54.701406]]]}},{"type":"Feature","properties":{"kind":"rail","name":"","osm":"way/1455336710"},"geometry":{"type":"LineString","coordinates":[[20.49193,54.69839],[20.491456,54.697889],[20.491231,54.697656],[20.491125,54.697537],[20.491002,54.697386],[20.490863,54.697181],[20.490785,54.69702],[20.490726,54.696853],[20.490688,54.696738],[20.490637,54.696573]]}},{"type":"Feature","properties":{"kind":"road","name":"","osm":"way/1455336711","highway":"footway","access":"","foot":""},"geometry":{"type":"LineString","coordinates":[[20.491812,54.699263],[20.492287,54.698572],[20.49241,54.698385]]}},{"type":"Feature","properties":{"kind":"road","name":"","osm":"way/1455336712","highway":"footway","access":"","foot":""},"geometry":{"type":"LineString","coordinates":[[20.49241,54.698385],[20.492805,54.697778],[20.493648,54.697047]]}},{"type":"Feature","properties":{"kind":"rail","name":"","osm":"way/1456101275"},"geometry":{"type":"LineString","coordinates":[[20.517178,54.698465],[20.517163,54.698444]]}},{"type":"Feature","properties":{"kind":"rail","name":"","osm":"way/1456101276"},"geometry":{"type":"LineString","coordinates":[[20.517184,54.698424],[20.5172,54.698446]]}},{"type":"Feature","properties":{"kind":"building","name":"","osm":"way/1469020391"},"geometry":{"type":"Polygon","coordinates":[[[20.519216,54.704331],[20.519143,54.704203],[20.519032,54.704224],[20.519009,54.704238],[20.519018,54.704255],[20.519054,54.704263],[20.519105,54.704352],[20.519216,54.704331]]]}},{"type":"Feature","properties":{"kind":"building","name":"","osm":"way/1469020392"},"geometry":{"type":"Polygon","coordinates":[[[20.518511,54.704631],[20.518482,54.704585],[20.518535,54.704574],[20.518475,54.704481],[20.518728,54.704427],[20.518817,54.704565],[20.518697,54.704591],[20.518644,54.704602],[20.518511,54.704631]]]}},{"type":"Feature","properties":{"kind":"building","name":"","osm":"way/1469020393"},"geometry":{"type":"Polygon","coordinates":[[[20.518117,54.702177],[20.518264,54.702146],[20.5183,54.702203],[20.518154,54.702234],[20.518117,54.702177]]]}},{"type":"Feature","properties":{"kind":"green","name":"","osm":"way/1558940165"},"geometry":{"type":"Polygon","coordinates":[[[20.523836,54.703355],[20.524454,54.703241],[20.524725,54.703167],[20.524725,54.701087],[20.524319,54.7006],[20.522677,54.700989],[20.522863,54.701372],[20.523052,54.701827],[20.523337,54.702259],[20.523639,54.702776],[20.523836,54.703355]]]}},{"type":"Feature","properties":{"kind":"green","name":"","osm":"way/1560143374"},"geometry":{"type":"Polygon","coordinates":[[[20.492007,54.698347],[20.492328,54.698405],[20.492452,54.698238],[20.492822,54.697728],[20.492239,54.697473],[20.492061,54.697395],[20.491904,54.697781],[20.49195,54.697912],[20.491782,54.69812],[20.492007,54.698347]]]}},{"type":"Feature","properties":{"kind":"green","name":"","osm":"way/1562190276"},"geometry":{"type":"Polygon","coordinates":[[[20.496933,54.700799],[20.497825,54.700596],[20.497075,54.700538],[20.496933,54.700799]]]}}],"bbox":[20.491535040191295,54.69707183295005,20.524724559808707,54.71316046704995],"route":"ostrov-kanta-naberezhnye","source":"OpenStreetMap","checked_at":"2026-10-01","license":"ODbL-1.0","license_url":"https://opendatacommons.org/licenses/odbl/1-0/"}
