{"type":"FeatureCollection","features":[{"type":"Feature","properties":{"kind":"sand","name":"","osm":"relation/1949491"},"geometry":{"type":"Polygon","coordinates":[[[20.145233,54.945778],[20.145058,54.945761],[20.144292,54.945683],[20.143467,54.945613],[20.142196,54.945555],[20.141041,54.945427],[20.139491,54.945205],[20.138336,54.945073],[20.137708,54.945058],[20.137708,54.944829],[20.137894,54.944875],[20.138723,54.944916],[20.139284,54.944985],[20.139546,54.945007],[20.139606,54.94501],[20.139911,54.945022],[20.140413,54.945082],[20.141116,54.945217],[20.14134,54.945245],[20.141416,54.945301],[20.142256,54.945376],[20.142316,54.945383],[20.142545,54.945373],[20.14261,54.945364],[20.142828,54.945351],[20.143706,54.945398],[20.143908,54.945442],[20.144197,54.945431],[20.144231,54.945444],[20.144274,54.945451],[20.144513,54.945466],[20.14474,54.945479],[20.144783,54.945488],[20.144894,54.945533],[20.14491,54.945555],[20.14501,54.945572],[20.145087,54.945608],[20.14518,54.945705],[20.145177,54.945742],[20.145229,54.945775],[20.145233,54.945778]]]}},{"type":"Feature","properties":{"kind":"green","name":"","osm":"relation/19870879"},"geometry":{"type":"Polygon","coordinates":[[[20.15851,54.94672],[20.158516,54.946275],[20.158517,54.946272],[20.160043,54.946507],[20.160959,54.946624],[20.160825,54.944901],[20.161548,54.944876],[20.161547,54.945056],[20.161458,54.945057],[20.161462,54.945121],[20.161466,54.945182],[20.161721,54.945185],[20.161942,54.945186],[20.16197,54.944714],[20.16237,54.944711],[20.162366,54.944561],[20.162349,54.944072],[20.162691,54.944046],[20.162685,54.94376],[20.162684,54.943691],[20.162683,54.943666],[20.163495,54.943479],[20.163708,54.943437],[20.163714,54.943986],[20.163721,54.94406],[20.163724,54.944101],[20.163742,54.944367],[20.163745,54.944413],[20.163713,54.944675],[20.164198,54.944663],[20.164239,54.945405],[20.164244,54.945495],[20.164847,54.945498],[20.164875,54.945954],[20.164901,54.946306],[20.165056,54.947027],[20.164969,54.947108],[20.164958,54.94755],[20.164385,54.947719],[20.163789,54.947527],[20.162918,54.947366],[20.162554,54.947315],[20.16199,54.947268],[20.161115,54.947015],[20.1598,54.946793],[20.159765,54.946787],[20.159654,54.946801],[20.159576,54.946803],[20.158901,54.946816],[20.158745,54.946717],[20.15851,54.94672]],[[20.162807,54.946035],[20.162994,54.946036],[20.162995,54.946022],[20.162995,54.945928],[20.162808,54.945927],[20.162807,54.946022],[20.162807,54.946035]]]}},{"type":"Feature","properties":{"kind":"building","name":"","osm":"relation/19870885"},"geometry":{"type":"Polygon","coordinates":[[[20.158124,54.946992],[20.15872,54.94707],[20.158726,54.947055],[20.158772,54.947061],[20.158788,54.94702],[20.158814,54.946955],[20.158195,54.946872],[20.157914,54.946786],[20.157858,54.946847],[20.157811,54.946898],[20.157854,54.94691],[20.158124,54.946992]]]}},{"type":"Feature","properties":{"kind":"building","name":"","osm":"relation/19870885"},"geometry":{"type":"Polygon","coordinates":[[[20.157595,54.946854],[20.157622,54.946798],[20.157656,54.946729],[20.156854,54.946599],[20.156821,54.946669],[20.156866,54.946676],[20.156839,54.946731],[20.15755,54.946846],[20.157595,54.946854]]]}},{"type":"Feature","properties":{"kind":"building","name":"","osm":"relation/19870885"},"geometry":{"type":"Polygon","coordinates":[[[20.156516,54.946692],[20.156562,54.946697],[20.156581,54.946641],[20.156604,54.946571],[20.15565,54.946463],[20.155625,54.946534],[20.155673,54.946539],[20.155659,54.94658],[20.155654,54.946595],[20.156516,54.946692]]]}},{"type":"Feature","properties":{"kind":"road","name":"улица Карла Маркса","osm":"way/39196199","highway":"residential","access":"","foot":""},"geometry":{"type":"LineString","coordinates":[[20.149272,54.940268],[20.149244,54.939822],[20.149278,54.939606]]}},{"type":"Feature","properties":{"kind":"road","name":"улица Ленина","osm":"way/39196200","highway":"residential","access":"","foot":""},"geometry":{"type":"LineString","coordinates":[[20.151467,54.944138],[20.150886,54.944158]]}},{"type":"Feature","properties":{"kind":"road","name":"","osm":"way/39383445","highway":"footway","access":"","foot":""},"geometry":{"type":"LineString","coordinates":[[20.150747,54.945906],[20.150764,54.945841],[20.150791,54.945843],[20.151092,54.945871],[20.151075,54.945934]]}},{"type":"Feature","properties":{"kind":"road","name":"","osm":"way/60974065","highway":"footway","access":"","foot":""},"geometry":{"type":"LineString","coordinates":[[20.143362,54.944124],[20.143357,54.944357],[20.142881,54.944606],[20.143181,54.944972]]}},{"type":"Feature","properties":{"kind":"road","name":"Олимпийский бульвар","osm":"way/60974067","highway":"residential","access":"","foot":""},"geometry":{"type":"LineString","coordinates":[[20.141113,54.940745],[20.141089,54.940688],[20.140932,54.940303],[20.140715,54.939683],[20.140673,54.93956],[20.140322,54.938814],[20.14021,54.938556],[20.140029,54.938093],[20.139889,54.937713]]}},{"type":"Feature","properties":{"kind":"road","name":"Октябрьская улица","osm":"way/60974070","highway":"residential","access":"","foot":""},"geometry":{"type":"LineString","coordinates":[[20.153145,54.944062],[20.153738,54.943605],[20.154402,54.943097],[20.154605,54.942939],[20.155237,54.942405],[20.155609,54.942115],[20.155912,54.941879]]}},{"type":"Feature","properties":{"kind":"road","name":"","osm":"way/60974071","highway":"steps","access":"","foot":""},"geometry":{"type":"LineString","coordinates":[[20.143429,54.945451],[20.143462,54.945169],[20.143181,54.944972]]}},{"type":"Feature","properties":{"kind":"road","name":"","osm":"way/60974072","highway":"service","access":"","foot":""},"geometry":{"type":"LineString","coordinates":[[20.141256,54.94309],[20.14126,54.943071],[20.141265,54.943052],[20.141476,54.94225],[20.141526,54.942086]]}},{"type":"Feature","properties":{"kind":"road","name":"улица Некрасова","osm":"way/60974075","highway":"residential","access":"","foot":""},"geometry":{"type":"LineString","coordinates":[[20.147449,54.943968],[20.147486,54.943904],[20.147547,54.943799],[20.147861,54.943301],[20.147922,54.943156],[20.147933,54.943118],[20.147909,54.943102],[20.147879,54.943079],[20.147562,54.94286],[20.147514,54.942839],[20.147434,54.942821],[20.14738,54.942806],[20.147369,54.942791],[20.14752,54.942546],[20.147553,54.942494],[20.147545,54.942483],[20.147517,54.942474],[20.147096,54.942401]]}},{"type":"Feature","properties":{"kind":"road","name":"Октябрьская улица","osm":"way/60974078","highway":"footway","access":"","foot":""},"geometry":{"type":"LineString","coordinates":[[20.151685,54.9454],[20.151698,54.945378],[20.151768,54.945277],[20.151856,54.945188],[20.151953,54.945083],[20.152044,54.945003]]}},{"type":"Feature","properties":{"kind":"road","name":"","osm":"way/60974079","highway":"footway","access":"","foot":""},"geometry":{"type":"LineString","coordinates":[[20.140932,54.940303],[20.141376,54.939991]]}},{"type":"Feature","properties":{"kind":"road","name":"Олимпийский бульвар","osm":"way/62127689","highway":"service","access":"","foot":""},"geometry":{"type":"LineString","coordinates":[[20.138767,54.938891],[20.138233,54.938988],[20.138127,54.938958],[20.138118,54.938867],[20.138351,54.937725],[20.138582,54.937615],[20.138677,54.937568],[20.138797,54.937647],[20.139055,54.937868],[20.138767,54.938891]]}},{"type":"Feature","properties":{"kind":"road","name":"","osm":"way/62127690","highway":"service","access":"","foot":""},"geometry":{"type":"LineString","coordinates":[[20.139098,54.940027],[20.139373,54.939979],[20.140715,54.939683]]}},{"type":"Feature","properties":{"kind":"road","name":"Коммунальная улица","osm":"way/69269437","highway":"residential","access":"","foot":""},"geometry":{"type":"LineString","coordinates":[[20.132847,54.938687],[20.133319,54.938656],[20.133528,54.938581],[20.136067,54.937476],[20.13718,54.936995],[20.138236,54.936265],[20.138435,54.936134],[20.138481,54.936112]]}},{"type":"Feature","properties":{"kind":"road","name":"Променад","osm":"way/69269473","highway":"pedestrian","access":"","foot":""},"geometry":{"type":"LineString","coordinates":[[20.154569,54.946525],[20.154552,54.946532],[20.154532,54.946537],[20.154511,54.946539],[20.15449,54.946539],[20.154469,54.946537],[20.15445,54.946531],[20.154433,54.946524],[20.154419,54.946515],[20.154408,54.946504],[20.154402,54.946493],[20.1544,54.94648],[20.154402,54.946468],[20.154409,54.946457],[20.15442,54.946446],[20.154435,54.946437],[20.154453,54.94643],[20.154472,54.946425],[20.154493,54.946423],[20.154515,54.946423],[20.154536,54.946426],[20.154555,54.946431],[20.154572,54.946438],[20.154586,54.946448],[20.154596,54.946458],[20.154602,54.94647],[20.154604,54.946482],[20.154601,54.946494],[20.154594,54.946506],[20.154583,54.946516],[20.154569,54.946525]]}},{"type":"Feature","properties":{"kind":"road","name":"улица Горького","osm":"way/69269479","highway":"residential","access":"","foot":""},"geometry":{"type":"LineString","coordinates":[[20.146017,54.94149],[20.146259,54.941796],[20.146752,54.942054],[20.146922,54.942074],[20.147848,54.942166],[20.148321,54.942281],[20.148752,54.9424]]}},{"type":"Feature","properties":{"kind":"road","name":"Аптечная улица","osm":"way/69269511","highway":"residential","access":"","foot":""},"geometry":{"type":"LineString","coordinates":[[20.149272,54.940268],[20.14988,54.940342],[20.150559,54.940407],[20.151296,54.940449]]}},{"type":"Feature","properties":{"kind":"road","name":"улица Гагарина","osm":"way/69269514","highway":"tertiary","access":"","foot":""},"geometry":{"type":"LineString","coordinates":[[20.15898,54.938324],[20.158976,54.938423],[20.158935,54.938466],[20.158887,54.938502],[20.158493,54.938607],[20.158358,54.938643]]}},{"type":"Feature","properties":{"kind":"road","name":"Садовая улица","osm":"way/69269515","highway":"residential","access":"","foot":""},"geometry":{"type":"LineString","coordinates":[[20.155956,54.944703],[20.155568,54.945097],[20.155541,54.945125],[20.155477,54.945189]]}},{"type":"Feature","properties":{"kind":"road","name":"переулок Сказочника Гофмана","osm":"way/69269521","highway":"residential","access":"","foot":""},"geometry":{"type":"LineString","coordinates":[[20.147088,54.941075],[20.146894,54.940723],[20.146295,54.940261],[20.145002,54.940888]]}},{"type":"Feature","properties":{"kind":"road","name":"улица 8-го Марта","osm":"way/69269542","highway":"residential","access":"","foot":""},"geometry":{"type":"LineString","coordinates":[[20.160191,54.941812],[20.159546,54.94105],[20.158896,54.94079]]}},{"type":"Feature","properties":{"kind":"road","name":"улица Гагарина","osm":"way/69269557","highway":"residential","access":"","foot":""},"geometry":{"type":"LineString","coordinates":[[20.159818,54.944012],[20.159331,54.943363],[20.158665,54.942244]]}},{"type":"Feature","properties":{"kind":"road","name":"улица Верещагина","osm":"way/69269563","highway":"residential","access":"","foot":""},"geometry":{"type":"LineString","coordinates":[[20.165006,54.94608],[20.164987,54.945751],[20.164949,54.945385],[20.164945,54.945287]]}},{"type":"Feature","properties":{"kind":"road","name":"улица Штрауса","osm":"way/69269564","highway":"residential","access":"","foot":""},"geometry":{"type":"LineString","coordinates":[[20.161034,54.939351],[20.161277,54.939649],[20.161749,54.94023],[20.161776,54.940408],[20.161745,54.940603]]}},{"type":"Feature","properties":{"kind":"road","name":"улица Маяковского","osm":"way/69269572","highway":"residential","access":"","foot":""},"geometry":{"type":"LineString","coordinates":[[20.157827,54.941165],[20.158896,54.94079],[20.159474,54.940728],[20.15994,54.940756],[20.160625,54.940784],[20.16144,54.940653],[20.161745,54.940603]]}},{"type":"Feature","properties":{"kind":"road","name":"Курортная улица","osm":"way/69269578","highway":"living_street","access":"","foot":""},"geometry":{"type":"LineString","coordinates":[[20.157612,54.943242],[20.156451,54.943161]]}},{"type":"Feature","properties":{"kind":"road","name":"Курортная улица","osm":"way/69269590","highway":"residential","access":"","foot":""},"geometry":{"type":"LineString","coordinates":[[20.155751,54.943116],[20.154402,54.943097]]}},{"type":"Feature","properties":{"kind":"road","name":"улица Баха","osm":"way/69269592","highway":"residential","access":"","foot":""},"geometry":{"type":"LineString","coordinates":[[20.163766,54.941473],[20.163021,54.941423],[20.162641,54.941238]]}},{"type":"Feature","properties":{"kind":"road","name":"Садовая улица","osm":"way/69269598","highway":"residential","access":"","foot":""},"geometry":{"type":"LineString","coordinates":[[20.158665,54.942244],[20.157165,54.942542],[20.156939,54.942696]]}},{"type":"Feature","properties":{"kind":"road","name":"","osm":"way/69269607","highway":"residential","access":"","foot":""},"geometry":{"type":"LineString","coordinates":[[20.161034,54.939351],[20.159879,54.939138],[20.158889,54.938891]]}},{"type":"Feature","properties":{"kind":"road","name":"улица Сказочника Гофмана","osm":"way/69269612","highway":"residential","access":"","foot":""},"geometry":{"type":"LineString","coordinates":[[20.149325,54.940588],[20.149285,54.940614],[20.148717,54.940982],[20.148419,54.94102],[20.147703,54.941102],[20.147088,54.941075],[20.146017,54.94149],[20.145002,54.940888],[20.144496,54.940542],[20.144165,54.940331],[20.144139,54.940305],[20.144133,54.940289]]}},{"type":"Feature","properties":{"kind":"road","name":"","osm":"way/69269620","highway":"residential","access":"","foot":""},"geometry":{"type":"LineString","coordinates":[[20.156447,54.939942],[20.156372,54.939922],[20.156291,54.939913],[20.156202,54.939926],[20.156141,54.939947],[20.155991,54.940049],[20.155887,54.940118]]}},{"type":"Feature","properties":{"kind":"road","name":"Заречный проезд","osm":"way/69269623","highway":"residential","access":"","foot":""},"geometry":{"type":"LineString","coordinates":[[20.16726,54.939467],[20.167082,54.939393],[20.166826,54.939352],[20.166713,54.939254],[20.166507,54.939184],[20.165864,54.938973],[20.16458,54.938695],[20.1643,54.938632],[20.164002,54.938599],[20.163576,54.938615],[20.163012,54.938578],[20.162633,54.938473],[20.162224,54.938273],[20.161682,54.938033]]}},{"type":"Feature","properties":{"kind":"road","name":"","osm":"way/71504860","highway":"footway","access":"","foot":"yes"},"geometry":{"type":"LineString","coordinates":[[20.157612,54.943242],[20.157659,54.943245],[20.158011,54.94327],[20.158312,54.943278],[20.158533,54.943279]]}},{"type":"Feature","properties":{"kind":"road","name":"","osm":"way/71505082","highway":"steps","access":"","foot":""},"geometry":{"type":"LineString","coordinates":[[20.155196,54.945342],[20.155236,54.945279]]}},{"type":"Feature","properties":{"kind":"road","name":"","osm":"way/71505086","highway":"steps","access":"","foot":""},"geometry":{"type":"LineString","coordinates":[[20.154536,54.946426],[20.154546,54.946406],[20.154805,54.945872]]}},{"type":"Feature","properties":{"kind":"road","name":"Морской бульвар","osm":"way/71505087","highway":"pedestrian","access":"","foot":""},"geometry":{"type":"LineString","coordinates":[[20.154594,54.946506],[20.154626,54.94651],[20.154809,54.946537],[20.154955,54.946558],[20.155082,54.946635],[20.155698,54.946726],[20.157349,54.946985]]}},{"type":"Feature","properties":{"kind":"road","name":"","osm":"way/71505089","highway":"steps","access":"","foot":""},"geometry":{"type":"LineString","coordinates":[[20.15512,54.945853],[20.155371,54.945379]]}},{"type":"Feature","properties":{"kind":"road","name":"","osm":"way/71505090","highway":"steps","access":"","foot":""},"geometry":{"type":"LineString","coordinates":[[20.155244,54.945352],[20.155196,54.945342]]}},{"type":"Feature","properties":{"kind":"road","name":"","osm":"way/71505091","highway":"steps","access":"","foot":""},"geometry":{"type":"LineString","coordinates":[[20.154698,54.945856],[20.154589,54.94584]]}},{"type":"Feature","properties":{"kind":"road","name":"","osm":"way/71505093","highway":"steps","access":"","foot":""},"geometry":{"type":"LineString","coordinates":[[20.154903,54.945886],[20.155089,54.945915]]}},{"type":"Feature","properties":{"kind":"road","name":"","osm":"way/71505094","highway":"footway","access":"","foot":""},"geometry":{"type":"LineString","coordinates":[[20.154698,54.945856],[20.154805,54.945872],[20.154903,54.945886]]}},{"type":"Feature","properties":{"kind":"road","name":"","osm":"way/71505097","highway":"footway","access":"","foot":""},"geometry":{"type":"LineString","coordinates":[[20.155089,54.945915],[20.15512,54.945853],[20.154621,54.945776],[20.154589,54.94584]]}},{"type":"Feature","properties":{"kind":"rail","name":"","osm":"way/71506178"},"geometry":{"type":"LineString","coordinates":[[20.148937,54.933647],[20.143372,54.935315],[20.140758,54.936151],[20.139572,54.93658],[20.136272,54.938014]]}},{"type":"Feature","properties":{"kind":"rail","name":"","osm":"way/71506179"},"geometry":{"type":"LineString","coordinates":[[20.136272,54.938014],[20.135751,54.938267],[20.13529,54.938497],[20.134692,54.938919],[20.134241,54.939421],[20.134049,54.939978],[20.134086,54.940527],[20.134387,54.941088],[20.134886,54.941538],[20.135322,54.941797],[20.135392,54.941828],[20.13553,54.941887],[20.135713,54.941966],[20.136484,54.942172],[20.141685,54.943258],[20.142474,54.943438],[20.143031,54.943546],[20.14353,54.943628],[20.146326,54.943997]]}},{"type":"Feature","properties":{"kind":"road","name":"","osm":"way/71506198","highway":"service","access":"","foot":""},"geometry":{"type":"LineString","coordinates":[[20.142777,54.940136],[20.142538,54.939687],[20.142296,54.93922],[20.141861,54.938379],[20.141566,54.937851],[20.141437,54.937695],[20.141155,54.937594],[20.140833,54.937624],[20.140315,54.937672],[20.139889,54.937713]]}},{"type":"Feature","properties":{"kind":"road","name":"Олимпийский бульвар","osm":"way/71506199","highway":"service","access":"","foot":""},"geometry":{"type":"LineString","coordinates":[[20.138767,54.938891],[20.14021,54.938556]]}},{"type":"Feature","properties":{"kind":"road","name":"","osm":"way/71507529","highway":"footway","access":"","foot":""},"geometry":{"type":"LineString","coordinates":[[20.155515,54.93665],[20.15555,54.936709],[20.155582,54.936853],[20.155555,54.936893],[20.15544,54.936965],[20.155196,54.937035],[20.154935,54.937048],[20.154639,54.937049],[20.154257,54.937117],[20.154038,54.937203],[20.15393,54.937255],[20.153746,54.937307],[20.153697,54.937322],[20.153624,54.937345],[20.153557,54.937356],[20.153479,54.937351],[20.15342,54.93734],[20.15332,54.937302],[20.153173,54.937272],[20.15274,54.937288],[20.152519,54.937333],[20.152398,54.937359],[20.152167,54.93739],[20.151536,54.937537],[20.151346,54.937599],[20.151214,54.937671],[20.151079,54.937774],[20.15091,54.93793],[20.150834,54.938009],[20.150767,54.938051],[20.150634,54.938092],[20.150526,54.938102],[20.150405,54.938111],[20.150299,54.938146],[20.150166,54.938235],[20.14998,54.938319],[20.149565,54.938374],[20.149421,54.938362],[20.149319,54.938334],[20.149188,54.938326],[20.148863,54.938351],[20.148567,54.93836],[20.148169,54.938327],[20.147748,54.938251],[20.147576,54.938197],[20.147419,54.93817],[20.147304,54.938197],[20.147303,54.938228],[20.147325,54.938336],[20.147428,54.938667],[20.147479,54.93883],[20.147504,54.93891]]}},{"type":"Feature","properties":{"kind":"road","name":"","osm":"way/71507530","highway":"footway","access":"","foot":""},"geometry":{"type":"LineString","coordinates":[[20.147608,54.939153],[20.147531,54.938975]]}},{"type":"Feature","properties":{"kind":"road","name":"улица Ленина","osm":"way/71507533","highway":"residential","access":"","foot":""},"geometry":{"type":"LineString","coordinates":[[20.153145,54.944062],[20.153009,54.944067],[20.152721,54.944078],[20.151467,54.944138]]}},{"type":"Feature","properties":{"kind":"road","name":"","osm":"way/71507534","highway":"footway","access":"","foot":""},"geometry":{"type":"LineString","coordinates":[[20.147504,54.93891],[20.147531,54.938975]]}},{"type":"Feature","properties":{"kind":"road","name":"","osm":"way/71507602","highway":"service","access":"","foot":""},"geometry":{"type":"LineString","coordinates":[[20.139968,54.941741],[20.140183,54.941504],[20.139889,54.940977]]}},{"type":"Feature","properties":{"kind":"road","name":"","osm":"way/71512173","highway":"footway","access":"","foot":"yes"},"geometry":{"type":"LineString","coordinates":[[20.157695,54.943529],[20.157626,54.943292],[20.157612,54.943242]]}},{"type":"Feature","properties":{"kind":"road","name":"улица Гагарина","osm":"way/71512174","highway":"pedestrian","access":"","foot":""},"geometry":{"type":"LineString","coordinates":[[20.157802,54.938705],[20.157757,54.938726],[20.157149,54.93892],[20.156514,54.939138]]}},{"type":"Feature","properties":{"kind":"rail","name":"","osm":"way/71512178"},"geometry":{"type":"LineString","coordinates":[[20.146415,54.944054],[20.14631,54.94404],[20.143512,54.943674],[20.143027,54.943593],[20.142455,54.943476],[20.141685,54.943258]]}},{"type":"Feature","properties":{"kind":"road","name":"","osm":"way/71512181","highway":"path","access":"","foot":""},"geometry":{"type":"LineString","coordinates":[[20.143176,54.940574],[20.14331,54.940583],[20.143561,54.940601],[20.143856,54.940643],[20.144087,54.940679]]}},{"type":"Feature","properties":{"kind":"road","name":"","osm":"way/71512182","highway":"service","access":"","foot":""},"geometry":{"type":"LineString","coordinates":[[20.142883,54.94066],[20.142991,54.940641],[20.143026,54.940627],[20.14304,54.940614],[20.143053,54.940603],[20.143078,54.94059],[20.143176,54.940574],[20.143172,54.940509],[20.143165,54.940496],[20.143142,54.940452]]}},{"type":"Feature","properties":{"kind":"road","name":"","osm":"way/71512183","highway":"service","access":"","foot":""},"geometry":{"type":"LineString","coordinates":[[20.141408,54.941169],[20.141199,54.940815]]}},{"type":"Feature","properties":{"kind":"road","name":"Курортная улица","osm":"way/71512192","highway":"residential","access":"","foot":"yes"},"geometry":{"type":"LineString","coordinates":[[20.156451,54.943161],[20.156069,54.943139],[20.155751,54.943116]]}},{"type":"Feature","properties":{"kind":"road","name":"","osm":"way/71512198","highway":"service","access":"","foot":""},"geometry":{"type":"LineString","coordinates":[[20.14305,54.941123],[20.143438,54.941033],[20.143508,54.940929],[20.144087,54.940679],[20.144496,54.940542]]}},{"type":"Feature","properties":{"kind":"road","name":"","osm":"way/71513247","highway":"footway","access":"","foot":""},"geometry":{"type":"LineString","coordinates":[[20.151834,54.943057],[20.152409,54.943147],[20.152556,54.943159],[20.152673,54.943129],[20.152781,54.943115],[20.152904,54.943117],[20.153003,54.94314],[20.153063,54.943191],[20.153096,54.943308],[20.153482,54.943529],[20.153641,54.943576],[20.153738,54.943605]]}},{"type":"Feature","properties":{"kind":"road","name":"","osm":"way/71513248","highway":"footway","access":"","foot":"yes"},"geometry":{"type":"LineString","coordinates":[[20.152721,54.944078],[20.152657,54.943531],[20.152574,54.943528],[20.152556,54.943159]]}},{"type":"Feature","properties":{"kind":"road","name":"","osm":"way/71513249","highway":"footway","access":"","foot":"yes"},"geometry":{"type":"LineString","coordinates":[[20.151488,54.943636],[20.151621,54.943614],[20.152029,54.943583],[20.15224,54.943576],[20.152574,54.943528]]}},{"type":"Feature","properties":{"kind":"road","name":"","osm":"way/71513536","highway":"residential","access":"","foot":""},"geometry":{"type":"LineString","coordinates":[[20.139888,54.943006],[20.139808,54.943241],[20.139725,54.943595]]}},{"type":"Feature","properties":{"kind":"road","name":"Приморская улица","osm":"way/71513537","highway":"residential","access":"","foot":""},"geometry":{"type":"LineString","coordinates":[[20.143515,54.943863],[20.143493,54.943976],[20.143362,54.944124],[20.143106,54.944225],[20.142572,54.94431],[20.142066,54.944292],[20.13967,54.944125],[20.139575,54.944072]]}},{"type":"Feature","properties":{"kind":"road","name":"","osm":"way/71513664","highway":"footway","access":"","foot":"yes"},"geometry":{"type":"LineString","coordinates":[[20.15634,54.942814],[20.155934,54.942653],[20.15555,54.942508],[20.15544,54.942467],[20.155237,54.942405]]}},{"type":"Feature","properties":{"kind":"road","name":"","osm":"way/71513665","highway":"footway","access":"","foot":"yes"},"geometry":{"type":"LineString","coordinates":[[20.15579,54.943007],[20.155709,54.942856],[20.155934,54.942653],[20.156122,54.942477],[20.156331,54.942607],[20.15638,54.942785],[20.15634,54.942814],[20.15609,54.942995],[20.15579,54.943007],[20.155751,54.943116]]}},{"type":"Feature","properties":{"kind":"road","name":"","osm":"way/71513666","highway":"footway","access":"","foot":"yes"},"geometry":{"type":"LineString","coordinates":[[20.15544,54.942467],[20.155012,54.942819],[20.15579,54.943007]]}},{"type":"Feature","properties":{"kind":"road","name":"улица Гагарина","osm":"way/71513979","highway":"residential","access":"","foot":""},"geometry":{"type":"LineString","coordinates":[[20.156447,54.939942],[20.156686,54.940169],[20.157365,54.94074]]}},{"type":"Feature","properties":{"kind":"road","name":"улица Маяковского","osm":"way/71513982","highway":"residential","access":"","foot":""},"geometry":{"type":"LineString","coordinates":[[20.161745,54.940603],[20.162121,54.940571],[20.162878,54.940493],[20.163262,54.940499],[20.163551,54.940556],[20.163863,54.94059],[20.16425,54.940627],[20.164904,54.940584],[20.165079,54.94004]]}},{"type":"Feature","properties":{"kind":"road","name":"","osm":"way/71515035","highway":"footway","access":"","foot":""},"geometry":{"type":"LineString","coordinates":[[20.155244,54.945352],[20.155371,54.945379],[20.155588,54.945415]]}},{"type":"Feature","properties":{"kind":"road","name":"","osm":"way/71515036","highway":"steps","access":"","foot":""},"geometry":{"type":"LineString","coordinates":[[20.155588,54.945415],[20.155698,54.945429]]}},{"type":"Feature","properties":{"kind":"road","name":"","osm":"way/71515037","highway":"cycleway","access":"","foot":"yes"},"geometry":{"type":"LineString","coordinates":[[20.164483,54.947114],[20.164483,54.947096],[20.164483,54.947026],[20.163498,54.946375]]}},{"type":"Feature","properties":{"kind":"road","name":"","osm":"way/71515039","highway":"steps","access":"yes","foot":""},"geometry":{"type":"LineString","coordinates":[[20.165377,54.948355],[20.165195,54.948071],[20.165177,54.947864],[20.165042,54.947815],[20.165172,54.947752],[20.164992,54.947683],[20.165267,54.947638],[20.165128,54.947538]]}},{"type":"Feature","properties":{"kind":"road","name":"","osm":"way/71515040","highway":"footway","access":"","foot":"designated"},"geometry":{"type":"LineString","coordinates":[[20.15584,54.945453],[20.155885,54.946148],[20.155886,54.946166],[20.155914,54.946165],[20.156251,54.946163],[20.156787,54.946158],[20.157328,54.946313],[20.157998,54.946284],[20.159075,54.946413],[20.159522,54.946468],[20.160298,54.946562],[20.160827,54.946626],[20.161105,54.946753],[20.16129,54.946817],[20.161491,54.9469],[20.16188,54.946978],[20.161901,54.946982],[20.162757,54.947079],[20.16331,54.947095],[20.164483,54.947114],[20.16517,54.947122]]}},{"type":"Feature","properties":{"kind":"road","name":"","osm":"way/71515862","highway":"service","access":"","foot":""},"geometry":{"type":"LineString","coordinates":[[20.149208,54.942047],[20.149673,54.942147],[20.149883,54.94206],[20.150084,54.941984],[20.150112,54.941973]]}},{"type":"Feature","properties":{"kind":"road","name":"","osm":"way/71515864","highway":"footway","access":"","foot":""},"geometry":{"type":"LineString","coordinates":[[20.148717,54.940982],[20.148899,54.94099],[20.148969,54.940993],[20.149371,54.94101],[20.149515,54.941016],[20.149589,54.941025]]}},{"type":"Feature","properties":{"kind":"road","name":"","osm":"way/71516017","highway":"steps","access":"","foot":""},"geometry":{"type":"LineString","coordinates":[[20.146434,54.942225],[20.146278,54.942451]]}},{"type":"Feature","properties":{"kind":"road","name":"","osm":"way/71516022","highway":"footway","access":"","foot":"yes"},"geometry":{"type":"LineString","coordinates":[[20.146434,54.942225],[20.146752,54.942054]]}},{"type":"Feature","properties":{"kind":"road","name":"","osm":"way/71516204","highway":"footway","access":"","foot":"yes"},"geometry":{"type":"LineString","coordinates":[[20.156122,54.942477],[20.15594,54.942487],[20.15555,54.942508]]}},{"type":"Feature","properties":{"kind":"road","name":"переулок Гагарина","osm":"way/71518642","highway":"service","access":"","foot":""},"geometry":{"type":"LineString","coordinates":[[20.157613,54.939568],[20.158028,54.939637],[20.158291,54.939811]]}},{"type":"Feature","properties":{"kind":"road","name":"переулок Баха","osm":"way/71533214","highway":"residential","access":"","foot":""},"geometry":{"type":"LineString","coordinates":[[20.165215,54.942969],[20.164856,54.942552],[20.164599,54.942276]]}},{"type":"Feature","properties":{"kind":"road","name":"переулок Баха","osm":"way/71533215","highway":"residential","access":"","foot":""},"geometry":{"type":"LineString","coordinates":[[20.164371,54.942093],[20.165078,54.942031],[20.165432,54.942003],[20.165673,54.942007],[20.165893,54.942047],[20.16608,54.942137],[20.166363,54.942261]]}},{"type":"Feature","properties":{"kind":"road","name":"","osm":"way/71550087","highway":"footway","access":"","foot":"yes"},"geometry":{"type":"LineString","coordinates":[[20.162517,54.939172],[20.162465,54.939552]]}},{"type":"Feature","properties":{"kind":"road","name":"","osm":"way/71550339","highway":"footway","access":"","foot":""},"geometry":{"type":"LineString","coordinates":[[20.158721,54.938272],[20.15865,54.938192],[20.157716,54.938127],[20.155836,54.937995],[20.155506,54.938004],[20.152961,54.938284],[20.152976,54.938383]]}},{"type":"Feature","properties":{"kind":"road","name":"","osm":"way/71550509","highway":"footway","access":"","foot":"yes"},"geometry":{"type":"LineString","coordinates":[[20.162517,54.939172],[20.162522,54.939115]]}},{"type":"Feature","properties":{"kind":"road","name":"","osm":"way/71550510","highway":"footway","access":"","foot":"yes"},"geometry":{"type":"LineString","coordinates":[[20.162522,54.939115],[20.162633,54.938473]]}},{"type":"Feature","properties":{"kind":"building","name":"","osm":"way/71550967"},"geometry":{"type":"Polygon","coordinates":[[[20.138852,54.937756],[20.138826,54.937841],[20.138862,54.937845],[20.138835,54.937935],[20.138817,54.937935],[20.138787,54.938053],[20.138815,54.938056],[20.13879,54.938156],[20.138761,54.938153],[20.138726,54.93827],[20.13876,54.938274],[20.138732,54.938369],[20.138707,54.938366],[20.138671,54.938486],[20.138706,54.93849],[20.138681,54.938574],[20.138662,54.938572],[20.138624,54.938702],[20.138658,54.938705],[20.138631,54.938798],[20.138607,54.938796],[20.138584,54.938871],[20.138224,54.938848],[20.138229,54.938825],[20.138208,54.938824],[20.138213,54.938795],[20.138198,54.938795],[20.138222,54.938692],[20.138243,54.938693],[20.138249,54.93866],[20.138277,54.938662],[20.138282,54.938636],[20.138264,54.938636],[20.138264,54.93862],[20.138277,54.93862],[20.138278,54.938596],[20.138267,54.938596],[20.138275,54.938557],[20.138263,54.938558],[20.138289,54.938461],[20.138298,54.938461],[20.138305,54.938429],[20.138315,54.938429],[20.138328,54.938364],[20.138318,54.938364],[20.138326,54.938333],[20.138318,54.938333],[20.138337,54.938234],[20.138351,54.938234],[20.138352,54.938201],[20.138376,54.938201],[20.138383,54.938161],[20.138397,54.938161],[20.138401,54.938137],[20.138371,54.938135],[20.13838,54.9381],[20.138368,54.9381],[20.138389,54.938002],[20.138405,54.938002],[20.138412,54.937971],[20.138442,54.937971],[20.138456,54.937908],[20.138429,54.937908],[20.138438,54.937873],[20.138421,54.937872],[20.138444,54.937774],[20.13846,54.937774],[20.138466,54.937745],[20.138496,54.937745],[20.138502,54.937707],[20.138567,54.937707],[20.138675,54.937713],[20.13867,54.937737],[20.138852,54.937756]]]}},{"type":"Feature","properties":{"kind":"road","name":"","osm":"way/71750252","highway":"service","access":"","foot":""},"geometry":{"type":"LineString","coordinates":[[20.138249,54.940242],[20.13802,54.940284],[20.137978,54.940443],[20.137786,54.94095]]}},{"type":"Feature","properties":{"kind":"road","name":"","osm":"way/71801145","highway":"residential","access":"","foot":""},"geometry":{"type":"LineString","coordinates":[[20.13769,54.942965],[20.13807,54.943007],[20.138693,54.943087],[20.139808,54.943241]]}},{"type":"Feature","properties":{"kind":"road","name":"","osm":"way/71801147","highway":"residential","access":"","foot":""},"geometry":{"type":"LineString","coordinates":[[20.139575,54.944072],[20.139725,54.943595]]}},{"type":"Feature","properties":{"kind":"road","name":"Московская улица","osm":"way/71801148","highway":"residential","access":"","foot":""},"geometry":{"type":"LineString","coordinates":[[20.139725,54.943595],[20.140217,54.943629],[20.142056,54.943781],[20.14337,54.943889],[20.143515,54.943863],[20.143685,54.943828],[20.146681,54.94419],[20.147307,54.944265]]}},{"type":"Feature","properties":{"kind":"road","name":"Московская улица","osm":"way/71801149","highway":"residential","access":"","foot":""},"geometry":{"type":"LineString","coordinates":[[20.139725,54.943595],[20.139178,54.943577],[20.138779,54.943595],[20.138424,54.943629],[20.137771,54.943779],[20.13731,54.943934]]}},{"type":"Feature","properties":{"kind":"waterline","name":"","osm":"way/71801159"},"geometry":{"type":"LineString","coordinates":[[20.138903,54.944113],[20.138752,54.944353],[20.138892,54.944475],[20.138892,54.944751],[20.138953,54.944877],[20.138986,54.945097],[20.138992,54.945139]]}},{"type":"Feature","properties":{"kind":"road","name":"","osm":"way/71900854","highway":"service","access":"","foot":""},"geometry":{"type":"LineString","coordinates":[[20.156683,54.941094],[20.156775,54.941128],[20.156843,54.941154]]}},{"type":"Feature","properties":{"kind":"road","name":"","osm":"way/71934268","highway":"residential","access":"","foot":"yes"},"geometry":{"type":"LineString","coordinates":[[20.155637,54.938077],[20.155654,54.938182]]}},{"type":"Feature","properties":{"kind":"road","name":"улица Ленина","osm":"way/72039715","highway":"residential","access":"","foot":""},"geometry":{"type":"LineString","coordinates":[[20.159818,54.944012],[20.15973,54.944028],[20.159441,54.944077],[20.158908,54.944139],[20.156425,54.944119]]}},{"type":"Feature","properties":{"kind":"road","name":"","osm":"way/72072063","highway":"residential","access":"","foot":""},"geometry":{"type":"LineString","coordinates":[[20.143793,54.94139],[20.143859,54.941358],[20.145002,54.940888]]}},{"type":"Feature","properties":{"kind":"road","name":"","osm":"way/72072066","highway":"service","access":"","foot":""},"geometry":{"type":"LineString","coordinates":[[20.141765,54.942114],[20.143793,54.94139]]}},{"type":"Feature","properties":{"kind":"road","name":"Лермонтовский переулок","osm":"way/72076888","highway":"residential","access":"","foot":""},"geometry":{"type":"LineString","coordinates":[[20.148401,54.944084],[20.148428,54.944027],[20.148525,54.943786],[20.148542,54.943734],[20.148639,54.943488],[20.148672,54.943402],[20.148774,54.943117]]}},{"type":"Feature","properties":{"kind":"road","name":"","osm":"way/72076890","highway":"footway","access":"","foot":"yes"},"geometry":{"type":"LineString","coordinates":[[20.148672,54.943402],[20.147861,54.943301]]}},{"type":"Feature","properties":{"kind":"road","name":"улица Пушкина","osm":"way/72076891","highway":"residential","access":"","foot":""},"geometry":{"type":"LineString","coordinates":[[20.145675,54.943446],[20.145636,54.94356],[20.145598,54.943674],[20.145591,54.943694],[20.145582,54.943721]]}},{"type":"Feature","properties":{"kind":"road","name":"","osm":"way/72076893","highway":"footway","access":"","foot":"yes"},"geometry":{"type":"LineString","coordinates":[[20.146278,54.942451],[20.145914,54.942717]]}},{"type":"Feature","properties":{"kind":"road","name":"","osm":"way/72077305","highway":"service","access":"","foot":""},"geometry":{"type":"LineString","coordinates":[[20.13887,54.940882],[20.139078,54.94085],[20.139162,54.940643],[20.139313,54.940278],[20.139373,54.939979]]}},{"type":"Feature","properties":{"kind":"road","name":"","osm":"way/72077536","highway":"footway","access":"","foot":"yes"},"geometry":{"type":"LineString","coordinates":[[20.139426,54.940285],[20.139313,54.940278],[20.138814,54.940284],[20.137978,54.940443]]}},{"type":"Feature","properties":{"kind":"building","name":"","osm":"way/72077560"},"geometry":{"type":"Polygon","coordinates":[[[20.142917,54.93947],[20.142719,54.939024],[20.142474,54.939063],[20.142701,54.939505],[20.142917,54.93947]]]}},{"type":"Feature","properties":{"kind":"waterline","name":"","osm":"way/72080099"},"geometry":{"type":"LineString","coordinates":[[20.158894,54.938548],[20.159024,54.938787],[20.15945,54.938874],[20.159838,54.938891],[20.161994,54.93898]]}},{"type":"Feature","properties":{"kind":"road","name":"","osm":"way/72081755","highway":"service","access":"","foot":""},"geometry":{"type":"LineString","coordinates":[[20.151341,54.941794],[20.151428,54.942124],[20.151097,54.942201],[20.151154,54.94232],[20.151318,54.942575],[20.150717,54.942719]]}},{"type":"Feature","properties":{"kind":"road","name":"","osm":"way/72093914","highway":"footway","access":"","foot":""},"geometry":{"type":"LineString","coordinates":[[20.152168,54.940818],[20.152526,54.940639],[20.153389,54.940277],[20.153716,54.940136]]}},{"type":"Feature","properties":{"kind":"road","name":"","osm":"way/72093945","highway":"service","access":"","foot":""},"geometry":{"type":"LineString","coordinates":[[20.149666,54.940772],[20.149465,54.940809]]}},{"type":"Feature","properties":{"kind":"road","name":"","osm":"way/72093955","highway":"footway","access":"","foot":""},"geometry":{"type":"LineString","coordinates":[[20.165344,54.948514],[20.165357,54.948491],[20.165368,54.948414],[20.165377,54.948355]]}},{"type":"Feature","properties":{"kind":"road","name":"Почтовая улица","osm":"way/72093961","highway":"residential","access":"","foot":""},"geometry":{"type":"LineString","coordinates":[[20.153219,54.941766],[20.154114,54.941378],[20.154873,54.941053],[20.155216,54.940897],[20.155753,54.940657]]}},{"type":"Feature","properties":{"kind":"road","name":"","osm":"way/72093968","highway":"service","access":"","foot":""},"geometry":{"type":"LineString","coordinates":[[20.163863,54.94059],[20.163298,54.940916]]}},{"type":"Feature","properties":{"kind":"road","name":"","osm":"way/72093976","highway":"residential","access":"","foot":""},"geometry":{"type":"LineString","coordinates":[[20.15468,54.942105],[20.154443,54.942183],[20.153918,54.942319],[20.153749,54.94259]]}},{"type":"Feature","properties":{"kind":"road","name":"улица 8-го Марта","osm":"way/72093977","highway":"living_street","access":"","foot":""},"geometry":{"type":"LineString","coordinates":[[20.161069,54.942788],[20.160583,54.942293],[20.160272,54.94191],[20.160191,54.941812]]}},{"type":"Feature","properties":{"kind":"road","name":"улица Островского","osm":"way/72093980","highway":"residential","access":"","foot":""},"geometry":{"type":"LineString","coordinates":[[20.155736,54.941763],[20.155437,54.941564],[20.155416,54.9415],[20.155607,54.94085],[20.155655,54.940787]]}},{"type":"Feature","properties":{"kind":"road","name":"Зелёная улица","osm":"way/72093986","highway":"path","access":"","foot":""},"geometry":{"type":"LineString","coordinates":[[20.15613,54.939565],[20.155579,54.939591],[20.155474,54.939589]]}},{"type":"Feature","properties":{"kind":"road","name":"","osm":"way/72099302","highway":"service","access":"","foot":""},"geometry":{"type":"LineString","coordinates":[[20.146259,54.941796],[20.146539,54.941767],[20.146708,54.941629],[20.146964,54.941572],[20.147508,54.94161],[20.147557,54.941483],[20.147703,54.941102]]}},{"type":"Feature","properties":{"kind":"road","name":"","osm":"way/72101283","highway":"service","access":"","foot":""},"geometry":{"type":"LineString","coordinates":[[20.148937,54.944618],[20.149121,54.944284],[20.149149,54.944236],[20.149179,54.944186]]}},{"type":"Feature","properties":{"kind":"road","name":"","osm":"way/72102046","highway":"path","access":"","foot":""},"geometry":{"type":"LineString","coordinates":[[20.153196,54.942561],[20.153749,54.94259]]}},{"type":"Feature","properties":{"kind":"road","name":"","osm":"way/72102237","highway":"footway","access":"","foot":""},"geometry":{"type":"LineString","coordinates":[[20.161108,54.9404],[20.161749,54.94023]]}},{"type":"Feature","properties":{"kind":"road","name":"","osm":"way/72102238","highway":"path","access":"","foot":""},"geometry":{"type":"LineString","coordinates":[[20.156459,54.938794],[20.155787,54.938749],[20.155493,54.93899],[20.155473,54.939006]]}},{"type":"Feature","properties":{"kind":"road","name":"","osm":"way/72106786","highway":"cycleway","access":"","foot":"yes"},"geometry":{"type":"LineString","coordinates":[[20.16331,54.947095],[20.163318,54.947073],[20.163411,54.946796],[20.163498,54.946375],[20.163511,54.946118],[20.16355,54.945338]]}},{"type":"Feature","properties":{"kind":"road","name":"переулок Баха","osm":"way/72111462","highway":"residential","access":"","foot":""},"geometry":{"type":"LineString","coordinates":[[20.163766,54.941473],[20.164371,54.942093]]}},{"type":"Feature","properties":{"kind":"road","name":"","osm":"way/72239728","highway":"service","access":"","foot":""},"geometry":{"type":"LineString","coordinates":[[20.166662,54.944894],[20.166943,54.944885],[20.166973,54.945095],[20.166859,54.945147],[20.165932,54.945219],[20.165351,54.94522],[20.164942,54.94522]]}},{"type":"Feature","properties":{"kind":"road","name":"","osm":"way/72239733","highway":"footway","access":"","foot":"yes"},"geometry":{"type":"LineString","coordinates":[[20.162258,54.939789],[20.161776,54.940408]]}},{"type":"Feature","properties":{"kind":"road","name":"","osm":"way/72239734","highway":"service","access":"","foot":""},"geometry":{"type":"LineString","coordinates":[[20.162465,54.939552],[20.162258,54.939789]]}},{"type":"Feature","properties":{"kind":"road","name":"","osm":"way/72239735","highway":"service","access":"","foot":""},"geometry":{"type":"LineString","coordinates":[[20.167268,54.945988],[20.166036,54.946138],[20.165558,54.946243]]}},{"type":"Feature","properties":{"kind":"road","name":"","osm":"way/72716759","highway":"path","access":"","foot":""},"geometry":{"type":"LineString","coordinates":[[20.142149,54.943433],[20.142056,54.943781]]}},{"type":"Feature","properties":{"kind":"road","name":"","osm":"way/79092902","highway":"footway","access":"","foot":""},"geometry":{"type":"LineString","coordinates":[[20.147922,54.943156],[20.148072,54.94278]]}},{"type":"Feature","properties":{"kind":"road","name":"","osm":"way/80798580","highway":"tertiary","access":"","foot":""},"geometry":{"type":"LineString","coordinates":[[20.158062,54.93858],[20.158054,54.938535],[20.158162,54.938421]]}},{"type":"Feature","properties":{"kind":"road","name":"Калининградский проспект","osm":"way/80798584","highway":"primary","access":"","foot":""},"geometry":{"type":"LineString","coordinates":[[20.160039,54.938254],[20.159403,54.93831],[20.15898,54.938324]]}},{"type":"Feature","properties":{"kind":"road","name":"Калининградский проспект","osm":"way/80798586","highway":"primary","access":"","foot":""},"geometry":{"type":"LineString","coordinates":[[20.160317,54.938215],[20.160039,54.938254]]}},{"type":"Feature","properties":{"kind":"road","name":"Летний переулок","osm":"way/80798587","highway":"unclassified","access":"","foot":""},"geometry":{"type":"LineString","coordinates":[[20.147307,54.944265],[20.147418,54.944033],[20.147449,54.943968]]}},{"type":"Feature","properties":{"kind":"road","name":"","osm":"way/81508382","highway":"steps","access":"","foot":""},"geometry":{"type":"LineString","coordinates":[[20.150791,54.945843],[20.150807,54.945779]]}},{"type":"Feature","properties":{"kind":"road","name":"","osm":"way/81508384","highway":"footway","access":"","foot":""},"geometry":{"type":"LineString","coordinates":[[20.146594,54.944714],[20.146572,54.944704],[20.146612,54.944674],[20.146551,54.94466]]}},{"type":"Feature","properties":{"kind":"road","name":"Калининградский проспект","osm":"way/95085089","highway":"primary","access":"","foot":""},"geometry":{"type":"LineString","coordinates":[[20.162835,54.937713],[20.162694,54.9378],[20.162536,54.937865],[20.162358,54.937921],[20.161682,54.938033]]}},{"type":"Feature","properties":{"kind":"road","name":"Калининградский проспект","osm":"way/95085091","highway":"primary","access":"","foot":""},"geometry":{"type":"LineString","coordinates":[[20.154355,54.938201],[20.153683,54.93828],[20.152976,54.938383],[20.15275,54.938429],[20.152532,54.93851],[20.151259,54.939237],[20.150956,54.939344],[20.150395,54.939424],[20.149289,54.93954]]}},{"type":"Feature","properties":{"kind":"road","name":"Октябрьская улица","osm":"way/95085094","highway":"residential","access":"","foot":""},"geometry":{"type":"LineString","coordinates":[[20.155912,54.941879],[20.156392,54.941501],[20.156843,54.941154],[20.157365,54.94074]]}},{"type":"Feature","properties":{"kind":"road","name":"улица Островского","osm":"way/95085099","highway":"residential","access":"","foot":""},"geometry":{"type":"LineString","coordinates":[[20.155753,54.940657],[20.155818,54.940519],[20.155887,54.940118]]}},{"type":"Feature","properties":{"kind":"building","name":"Пансионат «Лазурь»","osm":"way/110955869"},"geometry":{"type":"Polygon","coordinates":[[[20.137926,54.941069],[20.137907,54.941035],[20.137897,54.941018],[20.137877,54.940983],[20.13812,54.940374],[20.138384,54.940327],[20.138382,54.940323],[20.138427,54.940315],[20.13843,54.940319],[20.13854,54.940299],[20.138539,54.940296],[20.138579,54.940288],[20.138577,54.940283],[20.138705,54.940261],[20.138722,54.940258],[20.138729,54.940271],[20.138738,54.940288],[20.138742,54.940297],[20.138751,54.940314],[20.138762,54.940335],[20.138758,54.940336],[20.138745,54.940338],[20.138672,54.940351],[20.138716,54.940433],[20.138698,54.940436],[20.1387,54.94044],[20.13867,54.940445],[20.138641,54.94045],[20.138599,54.940457],[20.13852,54.940471],[20.138526,54.940483],[20.138419,54.940503],[20.138407,54.94048],[20.138368,54.940487],[20.138317,54.940611],[20.138337,54.940613],[20.138311,54.940677],[20.138292,54.940675],[20.138201,54.9409],[20.138201,54.9409],[20.138219,54.940902],[20.138193,54.940966],[20.138175,54.940964],[20.138175,54.940964],[20.138171,54.940973],[20.138195,54.941017],[20.138173,54.941021],[20.138143,54.941027],[20.13811,54.941034],[20.13808,54.941039],[20.138014,54.941052],[20.137984,54.941058],[20.137926,54.941069]]]}},{"type":"Feature","properties":{"kind":"building","name":"санаторий Янтарь","osm":"way/110955870"},"geometry":{"type":"Polygon","coordinates":[[[20.139521,54.942474],[20.139632,54.942316],[20.138529,54.94206],[20.138418,54.942218],[20.139521,54.942474]]]}},{"type":"Feature","properties":{"kind":"road","name":"","osm":"way/110955872","highway":"service","access":"","foot":""},"geometry":{"type":"LineString","coordinates":[[20.140029,54.938093],[20.140262,54.938052],[20.140407,54.938042],[20.140668,54.938767],[20.140555,54.938783],[20.140322,54.938814]]}},{"type":"Feature","properties":{"kind":"road","name":"","osm":"way/110955874","highway":"service","access":"","foot":""},"geometry":{"type":"LineString","coordinates":[[20.137786,54.94095],[20.137803,54.941156],[20.137834,54.941247],[20.137861,54.941344]]}},{"type":"Feature","properties":{"kind":"building","name":"Санаторий «Янтарь»","osm":"way/110955875"},"geometry":{"type":"Polygon","coordinates":[[[20.139553,54.941862],[20.139495,54.941758],[20.139396,54.941777],[20.139215,54.941456],[20.139979,54.941314],[20.139897,54.941168],[20.138897,54.941354],[20.139086,54.94169],[20.13905,54.941697],[20.139135,54.941847],[20.139191,54.941836],[20.139238,54.941921],[20.139553,54.941862]]]}},{"type":"Feature","properties":{"kind":"building","name":"","osm":"way/110955880"},"geometry":{"type":"Polygon","coordinates":[[[20.140498,54.940175],[20.140649,54.940155],[20.14073,54.940351],[20.140807,54.940357],[20.140812,54.940357],[20.140847,54.940442],[20.14084,54.940443],[20.140878,54.940538],[20.140368,54.940631],[20.140357,54.940629],[20.140347,54.940626],[20.14034,54.940621],[20.140337,54.940615],[20.140498,54.940175]]]}},{"type":"Feature","properties":{"kind":"building","name":"Санаторий «Тройка» ФСИН России","osm":"way/110955882"},"geometry":{"type":"Polygon","coordinates":[[[20.140702,54.941242],[20.140249,54.941325],[20.140181,54.941191],[20.140731,54.941094],[20.140715,54.941064],[20.140902,54.941032],[20.140948,54.941121],[20.14116,54.941081],[20.141166,54.941095],[20.141259,54.941079],[20.141321,54.941197],[20.141293,54.941201],[20.141321,54.941251],[20.141123,54.941288],[20.141118,54.941276],[20.141028,54.941291],[20.141013,54.941259],[20.140808,54.941295],[20.140861,54.941394],[20.141038,54.941362],[20.141105,54.941382],[20.141201,54.94157],[20.140376,54.941717],[20.140276,54.941523],[20.140739,54.941445],[20.14066,54.941296],[20.140725,54.941284],[20.140702,54.941242]]]}},{"type":"Feature","properties":{"kind":"building","name":"Раушен","osm":"way/110955884"},"geometry":{"type":"Polygon","coordinates":[[[20.140624,54.942421],[20.14046,54.942381],[20.140364,54.942511],[20.14117,54.942696],[20.141264,54.942568],[20.141014,54.942503],[20.141058,54.942443],[20.140877,54.942399],[20.14095,54.942301],[20.140749,54.942252],[20.140624,54.942421]]]}},{"type":"Feature","properties":{"kind":"building","name":"Олимп","osm":"way/110955887"},"geometry":{"type":"Polygon","coordinates":[[[20.140679,54.938199],[20.140632,54.938092],[20.140683,54.938081],[20.140723,54.938067],[20.140745,54.938041],[20.140746,54.938013],[20.140746,54.937992],[20.140722,54.937965],[20.140687,54.937945],[20.140633,54.937933],[20.140584,54.937932],[20.140541,54.937944],[20.14051,54.937959],[20.140491,54.937982],[20.140481,54.938001],[20.140305,54.937968],[20.140341,54.937916],[20.140377,54.93788],[20.14045,54.937842],[20.140515,54.937826],[20.140515,54.93781],[20.140532,54.937795],[20.140562,54.937788],[20.140584,54.93779],[20.140603,54.937798],[20.140614,54.937817],[20.140701,54.937825],[20.140782,54.937845],[20.140852,54.937879],[20.140903,54.937919],[20.140936,54.937965],[20.140939,54.937981],[20.140943,54.938015],[20.14096,54.938017],[20.140974,54.938024],[20.140982,54.938034],[20.140985,54.938046],[20.140981,54.938057],[20.140968,54.938066],[20.14095,54.938072],[20.14093,54.938072],[20.140903,54.938107],[20.140841,54.938154],[20.140784,54.938175],[20.140679,54.938199]]]}},{"type":"Feature","properties":{"kind":"road","name":"","osm":"way/110955888","highway":"service","access":"","foot":""},"geometry":{"type":"LineString","coordinates":[[20.139646,54.940705],[20.139162,54.940643]]}},{"type":"Feature","properties":{"kind":"building","name":"Пансионат «Лазурь»","osm":"way/110955890"},"geometry":{"type":"Polygon","coordinates":[[[20.138694,54.940802],[20.138877,54.940341],[20.139062,54.940365],[20.138878,54.940827],[20.138694,54.940802]]]}},{"type":"Feature","properties":{"kind":"building","name":"Волна","osm":"way/110955892"},"geometry":{"type":"Polygon","coordinates":[[[20.142291,54.939668],[20.142212,54.939516],[20.141505,54.939638],[20.141398,54.939432],[20.140996,54.939502],[20.141156,54.939809],[20.141522,54.939746],[20.141548,54.939796],[20.141582,54.93979],[20.141709,54.939768],[20.142291,54.939668]]]}},{"type":"Feature","properties":{"kind":"building","name":"Верхняя станция канатной дороги","osm":"way/110955894"},"geometry":{"type":"Polygon","coordinates":[[[20.146723,54.944701],[20.146689,54.944686],[20.146653,54.944668],[20.146625,54.944654],[20.146619,54.944645],[20.146613,54.944621],[20.146618,54.944602],[20.146632,54.944582],[20.146656,54.944564],[20.146684,54.94455],[20.146708,54.944542],[20.146689,54.944479],[20.146753,54.944474],[20.146756,54.944538],[20.146787,54.944541],[20.146821,54.944549],[20.146853,54.944561],[20.146875,54.944576],[20.146892,54.944599],[20.146896,54.944622],[20.146891,54.944646],[20.146874,54.944662],[20.146854,54.944676],[20.146824,54.944691],[20.146792,54.944698],[20.146757,54.944702],[20.146723,54.944701]]]}},{"type":"Feature","properties":{"kind":"building","name":"Пансионат «Лазурь»","osm":"way/110955897"},"geometry":{"type":"Polygon","coordinates":[[[20.139514,54.940649],[20.1397,54.940185],[20.139904,54.940212],[20.139716,54.940676],[20.139514,54.940649]]]}},{"type":"Feature","properties":{"kind":"building","name":"","osm":"way/110958986"},"geometry":{"type":"Polygon","coordinates":[[[20.141055,54.942044],[20.141088,54.941979],[20.141014,54.941968],[20.14104,54.941912],[20.140875,54.941886],[20.140782,54.94209],[20.140943,54.942116],[20.140985,54.942033],[20.141055,54.942044]]]}},{"type":"Feature","properties":{"kind":"building","name":"","osm":"way/110958998"},"geometry":{"type":"Polygon","coordinates":[[[20.139972,54.942486],[20.14002,54.942403],[20.139788,54.942358],[20.13974,54.942441],[20.139972,54.942486]]]}},{"type":"Feature","properties":{"kind":"road","name":"","osm":"way/119911349","highway":"footway","access":"","foot":""},"geometry":{"type":"LineString","coordinates":[[20.142777,54.940136],[20.142793,54.940309],[20.14272,54.940483]]}},{"type":"Feature","properties":{"kind":"road","name":"","osm":"way/131296323","highway":"footway","access":"","foot":""},"geometry":{"type":"LineString","coordinates":[[20.141526,54.942086],[20.141487,54.942022],[20.141328,54.941742],[20.141561,54.941465],[20.141557,54.941447],[20.141456,54.941245],[20.141408,54.941169]]}},{"type":"Feature","properties":{"kind":"building","name":"Сбербанк","osm":"way/131710671"},"geometry":{"type":"Polygon","coordinates":[[[20.141915,54.94141],[20.141858,54.941299],[20.141836,54.941303],[20.141824,54.94128],[20.141812,54.941282],[20.14181,54.941275],[20.141797,54.941253],[20.141831,54.941247],[20.141859,54.941243],[20.141859,54.941242],[20.141869,54.94124],[20.141869,54.941241],[20.141879,54.94124],[20.141878,54.941239],[20.141887,54.941237],[20.141888,54.941238],[20.141897,54.941236],[20.141897,54.941236],[20.141907,54.941234],[20.141907,54.941235],[20.142021,54.941216],[20.142065,54.9413],[20.142087,54.941297],[20.142112,54.941343],[20.14209,54.941347],[20.142106,54.941378],[20.141915,54.94141]]]}},{"type":"Feature","properties":{"kind":"water","name":"Тихое озеро","osm":"way/131710672"},"geometry":{"type":"Polygon","coordinates":[[[20.147333,54.938216],[20.147422,54.938199],[20.147547,54.938219],[20.147733,54.938279],[20.148157,54.938352],[20.148567,54.938385],[20.148862,54.938373],[20.149192,54.938349],[20.149305,54.938358],[20.149401,54.938385],[20.149555,54.938397],[20.14972,54.938379],[20.149849,54.93836],[20.14999,54.938339],[20.150112,54.938293],[20.150198,54.938251],[20.150266,54.9382],[20.150323,54.938164],[20.150414,54.938134],[20.15053,54.938122],[20.150643,54.938115],[20.150796,54.93807],[20.150873,54.938019],[20.150959,54.937941],[20.151118,54.93779],[20.151223,54.937707],[20.158697,54.937707],[20.158707,54.93771],[20.158826,54.937749],[20.158894,54.937837],[20.158966,54.938188],[20.158867,54.938182],[20.158819,54.93824],[20.158733,54.938237],[20.158681,54.938174],[20.155906,54.937987],[20.155884,54.937942],[20.155605,54.937942],[20.155573,54.93798],[20.153015,54.938255],[20.152989,54.93821],[20.152723,54.938231],[20.152732,54.938303],[20.151556,54.93891],[20.151147,54.939111],[20.150416,54.939216],[20.149742,54.939256],[20.149001,54.939295],[20.148568,54.93925],[20.148186,54.939168],[20.147999,54.939111],[20.147891,54.939068],[20.147772,54.939012],[20.147671,54.938956],[20.147575,54.938963],[20.147547,54.938906],[20.147643,54.938881],[20.1476,54.938736],[20.147596,54.938727],[20.147591,54.938715],[20.147526,54.938589],[20.147516,54.938569],[20.147333,54.938216]]]}},{"type":"Feature","properties":{"kind":"building","name":"","osm":"way/131710675"},"geometry":{"type":"Polygon","coordinates":[[[20.142625,54.940734],[20.142756,54.940988],[20.143193,54.940919],[20.143165,54.940862],[20.143173,54.940816],[20.143309,54.940792],[20.143354,54.940831],[20.143427,54.940982],[20.142623,54.94113],[20.142595,54.941079],[20.142586,54.941081],[20.142584,54.941076],[20.142592,54.941075],[20.142426,54.94077],[20.142625,54.940734]]]}},{"type":"Feature","properties":{"kind":"building","name":"Городская поликлиника","osm":"way/132062416"},"geometry":{"type":"Polygon","coordinates":[[[20.152785,54.939852],[20.153055,54.939999],[20.153151,54.93994],[20.153042,54.939881],[20.153265,54.939746],[20.153388,54.939813],[20.153484,54.939755],[20.153201,54.9396],[20.152785,54.939852]]]}},{"type":"Feature","properties":{"kind":"building","name":"","osm":"way/132062417"},"geometry":{"type":"Polygon","coordinates":[[[20.150618,54.942255],[20.150884,54.942624],[20.15117,54.942556],[20.150904,54.942187],[20.150618,54.942255]]]}},{"type":"Feature","properties":{"kind":"building","name":"Светлогорский центральный военный санаторий","osm":"way/132062418"},"geometry":{"type":"Polygon","coordinates":[[[20.15367,54.944004],[20.153932,54.943805],[20.153759,54.943733],[20.153504,54.943939],[20.15367,54.944004]]]}},{"type":"Feature","properties":{"kind":"building","name":"СЦВС","osm":"way/132062419"},"geometry":{"type":"Polygon","coordinates":[[[20.154923,54.94399],[20.154933,54.943799],[20.154245,54.943787],[20.154234,54.943978],[20.154923,54.94399]]]}},{"type":"Feature","properties":{"kind":"building","name":"Корпус № 1 СЦВС","osm":"way/132062420"},"geometry":{"type":"Polygon","coordinates":[[[20.150401,54.94337],[20.150434,54.943971],[20.150615,54.943968],[20.150613,54.943929],[20.150613,54.94392],[20.150682,54.943919],[20.150651,54.943366],[20.150401,54.94337]]]}},{"type":"Feature","properties":{"kind":"building","name":"СЦВС","osm":"way/132062421"},"geometry":{"type":"Polygon","coordinates":[[[20.151443,54.943563],[20.151433,54.943455],[20.151517,54.943452],[20.151489,54.943286],[20.1514,54.943291],[20.151381,54.94318],[20.151473,54.943175],[20.151464,54.943123],[20.15167,54.943112],[20.151677,54.94319],[20.15208,54.94317],[20.15208,54.9432],[20.152133,54.9432],[20.152131,54.943261],[20.152093,54.943262],[20.152097,54.943309],[20.152379,54.943298],[20.152406,54.943528],[20.15221,54.943536],[20.152214,54.943566],[20.152103,54.94357],[20.152099,54.943539],[20.151923,54.943545],[20.151929,54.943601],[20.151541,54.943612],[20.151532,54.94356],[20.151443,54.943563]]]}},{"type":"Feature","properties":{"kind":"building","name":"","osm":"way/132062422"},"geometry":{"type":"Polygon","coordinates":[[[20.150614,54.939898],[20.150553,54.939784],[20.150285,54.939831],[20.150345,54.939945],[20.150614,54.939898]]]}},{"type":"Feature","properties":{"kind":"building","name":"","osm":"way/132062423"},"geometry":{"type":"Polygon","coordinates":[[[20.149881,54.939946],[20.149726,54.939971],[20.149797,54.940119],[20.149953,54.940095],[20.149881,54.939946]]]}},{"type":"Feature","properties":{"kind":"building","name":"","osm":"way/132062424"},"geometry":{"type":"Polygon","coordinates":[[[20.149859,54.941892],[20.149764,54.941791],[20.149563,54.941853],[20.149658,54.941954],[20.149859,54.941892]]]}},{"type":"Feature","properties":{"kind":"building","name":"","osm":"way/132062425"},"geometry":{"type":"Polygon","coordinates":[[[20.150309,54.941516],[20.149962,54.940972],[20.149796,54.941007],[20.150144,54.941551],[20.150309,54.941516]]]}},{"type":"Feature","properties":{"kind":"building","name":"","osm":"way/132062426"},"geometry":{"type":"Polygon","coordinates":[[[20.155291,54.93976],[20.155251,54.93967],[20.154923,54.939734],[20.154966,54.939816],[20.155291,54.93976]]]}},{"type":"Feature","properties":{"kind":"building","name":"","osm":"way/132062428"},"geometry":{"type":"Polygon","coordinates":[[[20.148905,54.940442],[20.148743,54.9404],[20.148491,54.940719],[20.148653,54.940761],[20.148905,54.940442]]]}},{"type":"Feature","properties":{"kind":"building","name":"","osm":"way/132062429"},"geometry":{"type":"Polygon","coordinates":[[[20.151819,54.944365],[20.151802,54.944233],[20.151227,54.944258],[20.151245,54.94439],[20.151819,54.944365]]]}},{"type":"Feature","properties":{"kind":"building","name":"","osm":"way/132062430"},"geometry":{"type":"Polygon","coordinates":[[[20.151542,54.940089],[20.151022,54.940077],[20.151011,54.940237],[20.151532,54.940249],[20.151542,54.940089]]]}},{"type":"Feature","properties":{"kind":"building","name":"","osm":"way/132062432"},"geometry":{"type":"Polygon","coordinates":[[[20.156638,54.943968],[20.156988,54.943966],[20.156985,54.943728],[20.156854,54.943729],[20.156856,54.94385],[20.156636,54.943851],[20.156638,54.943968]]]}},{"type":"Feature","properties":{"kind":"building","name":"","osm":"way/132062433"},"geometry":{"type":"Polygon","coordinates":[[[20.151229,54.940488],[20.151122,54.940484],[20.15112,54.940504],[20.150928,54.940497],[20.150931,54.940477],[20.150836,54.940474],[20.150817,54.940647],[20.15121,54.940662],[20.151229,54.940488]]]}},{"type":"Feature","properties":{"kind":"coastline","name":"","osm":"way/143905935"},"geometry":{"type":"LineString","coordinates":[[20.183008,54.952541],[20.182287,54.952366],[20.180758,54.951939],[20.179342,54.951629],[20.17876,54.951491],[20.17821,54.951357],[20.17748,54.951227],[20.176731,54.951049],[20.175911,54.950853],[20.175051,54.950647],[20.174187,54.950441],[20.173827,54.950355],[20.173414,54.950337],[20.173287,54.950396],[20.173118,54.950367],[20.172972,54.950339],[20.172878,54.950302],[20.172846,54.9503],[20.172789,54.950285],[20.17274,54.950272],[20.172663,54.950253],[20.172556,54.950222],[20.17247,54.950192],[20.172358,54.950172],[20.172289,54.950158],[20.17221,54.950137],[20.172128,54.950128],[20.172045,54.950096],[20.171934,54.950068],[20.171779,54.950032],[20.171593,54.94998],[20.171462,54.949953],[20.171346,54.949922],[20.171109,54.949861],[20.17072,54.949753],[20.169952,54.949568],[20.169539,54.949487],[20.169026,54.949395],[20.168464,54.94921],[20.168428,54.949223],[20.168368,54.949245],[20.168364,54.949247],[20.168293,54.949261],[20.168193,54.949262],[20.168108,54.949251],[20.168043,54.94923],[20.167994,54.949203],[20.167949,54.949157],[20.167928,54.949115],[20.167671,54.949067],[20.166843,54.948909],[20.166781,54.948917],[20.165448,54.948651],[20.165356,54.948657],[20.164478,54.948475],[20.163612,54.948318],[20.162343,54.948037],[20.161648,54.947833],[20.161077,54.947699],[20.160376,54.947537],[20.159924,54.947434],[20.159746,54.94742],[20.159602,54.947415],[20.15949,54.947401],[20.159389,54.947362],[20.159254,54.947322],[20.159156,54.947309],[20.159066,54.947308],[20.158967,54.947308],[20.158893,54.947303],[20.158783,54.947285],[20.158714,54.947267],[20.158653,54.947246],[20.158539,54.94723],[20.158456,54.947229],[20.15837,54.947233],[20.158272,54.947241],[20.158183,54.947242],[20.158115,54.947238],[20.158039,54.947223],[20.157931,54.947194],[20.157825,54.947187],[20.157678,54.947203],[20.157482,54.947205],[20.157327,54.947176],[20.157202,54.947117],[20.157051,54.947055],[20.156987,54.947047],[20.156898,54.94703],[20.156767,54.947022],[20.156603,54.946991],[20.156446,54.946914],[20.156342,54.946892],[20.156254,54.946881],[20.156152,54.946882],[20.156078,54.946881],[20.155954,54.946869],[20.155865,54.946846],[20.155769,54.946813],[20.155685,54.946794],[20.155606,54.946784],[20.155499,54.946782],[20.155421,54.946789],[20.155312,54.946787],[20.155162,54.946768],[20.154989,54.946714],[20.154906,54.946692],[20.15436,54.946551],[20.153521,54.946427],[20.151704,54.94622],[20.15141,54.946228],[20.151293,54.946226],[20.151221,54.946219],[20.150973,54.946228],[20.150781,54.946188],[20.150337,54.946158],[20.14908,54.946019],[20.147406,54.945967],[20.147335,54.945967],[20.147048,54.945959],[20.146983,54.945951]]}},{"type":"Feature","properties":{"kind":"coastline","name":"","osm":"way/143914693"},"geometry":{"type":"LineString","coordinates":[[20.146983,54.945951],[20.146502,54.945909],[20.146218,54.945902],[20.146149,54.945842],[20.145491,54.945803],[20.145233,54.945778]]}},{"type":"Feature","properties":{"kind":"coastline","name":"","osm":"way/143914722"},"geometry":{"type":"LineString","coordinates":[[20.145233,54.945778],[20.145058,54.945761],[20.144292,54.945683],[20.143467,54.945613],[20.142196,54.945555],[20.141041,54.945427],[20.139491,54.945205],[20.138336,54.945073],[20.137474,54.945052],[20.136197,54.945085],[20.135795,54.945028],[20.135357,54.944916],[20.135105,54.944934],[20.133936,54.944764],[20.133283,54.944719],[20.133212,54.944713],[20.132985,54.944613],[20.132315,54.944533],[20.131891,54.944483],[20.130698,54.944327],[20.129908,54.944291],[20.128694,54.944197],[20.128242,54.94417],[20.127718,54.944186],[20.127514,54.944202],[20.127414,54.944196],[20.127372,54.944201],[20.127351,54.944205],[20.127203,54.944208],[20.127144,54.944205],[20.12707,54.94419],[20.126951,54.944173],[20.126796,54.944157],[20.126712,54.944148],[20.126452,54.94415],[20.126104,54.94415],[20.125867,54.944109],[20.12502,54.944083],[20.12443,54.944066],[20.124365,54.944074],[20.124114,54.944066],[20.123887,54.944016],[20.123789,54.943985],[20.123529,54.943981],[20.123411,54.94398],[20.122966,54.944033],[20.122901,54.944033],[20.122546,54.943995],[20.122307,54.943988],[20.121701,54.94403],[20.121597,54.944047],[20.121521,54.944116],[20.121409,54.94417],[20.12134,54.944177],[20.121177,54.944133],[20.121052,54.944136],[20.120829,54.944162],[20.120652,54.944194],[20.120366,54.94424],[20.120264,54.944256],[20.120062,54.944289],[20.119805,54.944336],[20.119515,54.944388]]}},{"type":"Feature","properties":{"kind":"building","name":"Светлогорск-2","osm":"way/154655105"},"geometry":{"type":"Polygon","coordinates":[[[20.146776,54.94416],[20.147266,54.944224],[20.147327,54.944086],[20.147092,54.944055],[20.146915,54.944032],[20.146904,54.944061],[20.146819,54.944048],[20.146798,54.944104],[20.146776,54.94416]]]}},{"type":"Feature","properties":{"kind":"road","name":"","osm":"way/164776747","highway":"service","access":"","foot":""},"geometry":{"type":"LineString","coordinates":[[20.149967,54.941669],[20.150513,54.941538],[20.150615,54.941482],[20.150678,54.941448],[20.151017,54.941389],[20.151131,54.941369]]}},{"type":"Feature","properties":{"kind":"road","name":"","osm":"way/164776748","highway":"service","access":"","foot":""},"geometry":{"type":"LineString","coordinates":[[20.143859,54.941358],[20.143848,54.941259],[20.143686,54.94121],[20.143135,54.941267],[20.14305,54.941123]]}},{"type":"Feature","properties":{"kind":"building","name":"","osm":"way/164776749"},"geometry":{"type":"Polygon","coordinates":[[[20.15126,54.941981],[20.151217,54.94191],[20.151162,54.941921],[20.151044,54.941726],[20.151126,54.941707],[20.150935,54.941426],[20.150737,54.941468],[20.150928,54.941747],[20.150871,54.941761],[20.150969,54.941923],[20.15089,54.941939],[20.150924,54.941996],[20.150979,54.941985],[20.151007,54.942031],[20.15126,54.941981]]]}},{"type":"Feature","properties":{"kind":"building","name":"","osm":"way/164776750"},"geometry":{"type":"Polygon","coordinates":[[[20.146265,54.942828],[20.146224,54.942937],[20.146137,54.942926],[20.146117,54.942979],[20.14627,54.942998],[20.146246,54.943062],[20.146085,54.943042],[20.146079,54.943057],[20.145923,54.943038],[20.14599,54.942862],[20.145905,54.942852],[20.14593,54.942786],[20.146265,54.942828]]]}},{"type":"Feature","properties":{"kind":"building","name":"","osm":"way/164776751"},"geometry":{"type":"Polygon","coordinates":[[[20.141626,54.940323],[20.141614,54.940306],[20.141609,54.940288],[20.141611,54.94027],[20.14162,54.940253],[20.141635,54.940237],[20.141656,54.940224],[20.141682,54.940213],[20.141711,54.940207],[20.141741,54.940204],[20.141776,54.9402],[20.14162,54.939885],[20.141734,54.939867],[20.141807,54.940018],[20.141819,54.940019],[20.141834,54.940022],[20.141847,54.940027],[20.141857,54.940034],[20.141864,54.940042],[20.141932,54.940186],[20.141939,54.940204],[20.141942,54.940213],[20.141939,54.940221],[20.141933,54.94023],[20.141922,54.940236],[20.141909,54.940241],[20.141925,54.940274],[20.141926,54.940292],[20.141919,54.940309],[20.141906,54.940326],[20.141871,54.940318],[20.141856,54.940336],[20.141831,54.940347],[20.141804,54.940355],[20.141774,54.94036],[20.141743,54.940362],[20.141712,54.940359],[20.141698,54.940368],[20.141685,54.940372],[20.141669,54.940374],[20.141654,54.940373],[20.141639,54.940369],[20.141627,54.940364],[20.141618,54.940356],[20.141614,54.940348],[20.141613,54.940339],[20.141617,54.94033],[20.141626,54.940323]]]}},{"type":"Feature","properties":{"kind":"building","name":"","osm":"way/164776753"},"geometry":{"type":"Polygon","coordinates":[[[20.145915,54.944842],[20.146058,54.944848],[20.146087,54.944617],[20.145944,54.944611],[20.145915,54.944842]]]}},{"type":"Feature","properties":{"kind":"building","name":"","osm":"way/164776754"},"geometry":{"type":"Polygon","coordinates":[[[20.150945,54.944046],[20.151018,54.944045],[20.151141,54.944044],[20.151276,54.944042],[20.151275,54.944001],[20.151273,54.94393],[20.150942,54.943934],[20.150945,54.944046]]]}},{"type":"Feature","properties":{"kind":"building","name":"","osm":"way/164776755"},"geometry":{"type":"Polygon","coordinates":[[[20.144536,54.943438],[20.144556,54.943373],[20.144721,54.94339],[20.144719,54.943397],[20.144756,54.943401],[20.144741,54.94345],[20.144704,54.943446],[20.144701,54.943454],[20.144536,54.943438]]]}},{"type":"Feature","properties":{"kind":"building","name":"","osm":"way/164776756"},"geometry":{"type":"Polygon","coordinates":[[[20.145559,54.944387],[20.145714,54.944405],[20.145745,54.944317],[20.14559,54.944299],[20.145559,54.944387]]]}},{"type":"Feature","properties":{"kind":"building","name":"","osm":"way/164776757"},"geometry":{"type":"Polygon","coordinates":[[[20.151125,54.942984],[20.151287,54.942945],[20.151163,54.942773],[20.151001,54.942811],[20.151125,54.942984]]]}},{"type":"Feature","properties":{"kind":"building","name":"","osm":"way/164776758"},"geometry":{"type":"Polygon","coordinates":[[[20.152458,54.94032],[20.152594,54.940387],[20.15273,54.940295],[20.152594,54.940229],[20.152458,54.94032]]]}},{"type":"Feature","properties":{"kind":"building","name":"","osm":"way/164776760"},"geometry":{"type":"Polygon","coordinates":[[[20.140178,54.939637],[20.14017,54.939584],[20.14005,54.93959],[20.140058,54.939643],[20.140178,54.939637]]]}},{"type":"Feature","properties":{"kind":"building","name":"","osm":"way/164776761"},"geometry":{"type":"Polygon","coordinates":[[[20.145334,54.942754],[20.145476,54.942422],[20.145253,54.942391],[20.145112,54.942722],[20.145334,54.942754]]]}},{"type":"Feature","properties":{"kind":"building","name":"Золотая бухта","osm":"way/164776762"},"geometry":{"type":"Polygon","coordinates":[[[20.145928,54.943339],[20.145934,54.943322],[20.145896,54.943317],[20.145915,54.943266],[20.145953,54.943271],[20.145959,54.943254],[20.146144,54.943277],[20.146113,54.943361],[20.145928,54.943339]]]}},{"type":"Feature","properties":{"kind":"building","name":"","osm":"way/164776764"},"geometry":{"type":"Polygon","coordinates":[[[20.146669,54.941553],[20.146993,54.941494],[20.146889,54.941285],[20.146549,54.941342],[20.146669,54.941553]]]}},{"type":"Feature","properties":{"kind":"building","name":"","osm":"way/164776765"},"geometry":{"type":"Polygon","coordinates":[[[20.148905,54.942062],[20.149053,54.941947],[20.148897,54.941881],[20.148749,54.941996],[20.148905,54.942062]]]}},{"type":"Feature","properties":{"kind":"building","name":"","osm":"way/164776766"},"geometry":{"type":"Polygon","coordinates":[[[20.150568,54.941871],[20.150744,54.94183],[20.150682,54.94174],[20.150505,54.941782],[20.150568,54.941871]]]}},{"type":"Feature","properties":{"kind":"building","name":"","osm":"way/164776767"},"geometry":{"type":"Polygon","coordinates":[[[20.148653,54.941449],[20.148701,54.941318],[20.148508,54.941294],[20.14846,54.941425],[20.148653,54.941449]]]}},{"type":"Feature","properties":{"kind":"building","name":"","osm":"way/164776768"},"geometry":{"type":"Polygon","coordinates":[[[20.148397,54.939808],[20.148687,54.939791],[20.148671,54.939701],[20.148381,54.939718],[20.148397,54.939808]]]}},{"type":"Feature","properties":{"kind":"building","name":"","osm":"way/164776769"},"geometry":{"type":"Polygon","coordinates":[[[20.15097,54.941339],[20.150814,54.941068],[20.150774,54.941076],[20.150608,54.940789],[20.150525,54.940804],[20.150369,54.940534],[20.150255,54.940556],[20.150189,54.940441],[20.149818,54.940529],[20.149744,54.940546],[20.149666,54.940563],[20.149732,54.940675],[20.149804,54.940659],[20.150176,54.940572],[20.150335,54.940848],[20.150396,54.940836],[20.150562,54.941122],[20.150639,54.941107],[20.150793,54.941373],[20.15097,54.941339]]]}},{"type":"Feature","properties":{"kind":"building","name":"","osm":"way/164776770"},"geometry":{"type":"Polygon","coordinates":[[[20.151593,54.944015],[20.151719,54.944015],[20.151915,54.944015],[20.151944,54.944015],[20.151944,54.943903],[20.151593,54.943903],[20.151593,54.944015]]]}},{"type":"Feature","properties":{"kind":"building","name":"Универсал","osm":"way/164776771"},"geometry":{"type":"Polygon","coordinates":[[[20.146769,54.942644],[20.146794,54.942589],[20.146874,54.9426],[20.146887,54.942569],[20.146969,54.942582],[20.14697,54.942581],[20.146965,54.94258],[20.14697,54.942568],[20.146965,54.942567],[20.146974,54.942545],[20.146989,54.942542],[20.146988,54.942516],[20.147009,54.942495],[20.147054,54.942485],[20.147095,54.942491],[20.147094,54.942493],[20.147098,54.942494],[20.147221,54.942512],[20.147223,54.942506],[20.147226,54.942507],[20.147249,54.942496],[20.14729,54.942502],[20.147301,54.942517],[20.147306,54.942518],[20.147303,54.942524],[20.147421,54.942554],[20.147426,54.942555],[20.147375,54.942619],[20.147338,54.94261],[20.147314,54.942642],[20.1473,54.942659],[20.147317,54.942679],[20.147271,54.942692],[20.147254,54.942732],[20.147272,54.942735],[20.147261,54.94276],[20.147183,54.942749],[20.147187,54.94274],[20.147126,54.942731],[20.147132,54.942718],[20.147026,54.942703],[20.147016,54.942726],[20.146927,54.942712],[20.146938,54.94269],[20.14684,54.942676],[20.146849,54.942656],[20.146769,54.942644]]]}},{"type":"Feature","properties":{"kind":"building","name":"","osm":"way/164776772"},"geometry":{"type":"Polygon","coordinates":[[[20.147364,54.94479],[20.147565,54.944789],[20.147562,54.944638],[20.147361,54.944639],[20.147364,54.94479]]]}},{"type":"Feature","properties":{"kind":"building","name":"","osm":"way/164776773"},"geometry":{"type":"Polygon","coordinates":[[[20.153686,54.941242],[20.153855,54.941181],[20.153758,54.941093],[20.15359,54.941155],[20.153686,54.941242]]]}},{"type":"Feature","properties":{"kind":"building","name":"","osm":"way/164776775"},"geometry":{"type":"Polygon","coordinates":[[[20.151822,54.93973],[20.151778,54.939582],[20.151494,54.93961],[20.151537,54.939757],[20.151822,54.93973]]]}},{"type":"Feature","properties":{"kind":"building","name":"","osm":"way/164776777"},"geometry":{"type":"Polygon","coordinates":[[[20.147329,54.940906],[20.147497,54.94088],[20.147421,54.940721],[20.147253,54.940748],[20.147329,54.940906]]]}},{"type":"Feature","properties":{"kind":"building","name":"","osm":"way/164776778"},"geometry":{"type":"Polygon","coordinates":[[[20.146026,54.942561],[20.146059,54.942441],[20.145853,54.942421],[20.145819,54.942542],[20.146026,54.942561]]]}},{"type":"Feature","properties":{"kind":"building","name":"","osm":"way/164776779"},"geometry":{"type":"Polygon","coordinates":[[[20.153286,54.940927],[20.153658,54.940856],[20.153578,54.940718],[20.153206,54.940789],[20.153286,54.940927]]]}},{"type":"Feature","properties":{"kind":"building","name":"","osm":"way/164776781"},"geometry":{"type":"Polygon","coordinates":[[[20.146823,54.944397],[20.147027,54.94442],[20.147046,54.944362],[20.146843,54.944339],[20.146823,54.944397]]]}},{"type":"Feature","properties":{"kind":"building","name":"","osm":"way/164776782"},"geometry":{"type":"Polygon","coordinates":[[[20.146713,54.940035],[20.147005,54.940063],[20.147037,54.93995],[20.146745,54.939923],[20.146713,54.940035]]]}},{"type":"Feature","properties":{"kind":"building","name":"","osm":"way/164776783"},"geometry":{"type":"Polygon","coordinates":[[[20.145468,54.941005],[20.145371,54.940934],[20.145424,54.94091],[20.145409,54.9409],[20.145456,54.940878],[20.145442,54.940868],[20.145454,54.940862],[20.14547,54.940848],[20.14549,54.940836],[20.145514,54.940828],[20.145542,54.940822],[20.145555,54.940816],[20.14557,54.940827],[20.145617,54.940806],[20.145631,54.940816],[20.145684,54.940793],[20.145781,54.940864],[20.145728,54.940888],[20.145742,54.940898],[20.145695,54.940919],[20.14571,54.94093],[20.145596,54.940981],[20.145582,54.94097],[20.145535,54.940992],[20.14552,54.940981],[20.145468,54.941005]]]}},{"type":"Feature","properties":{"kind":"building","name":"","osm":"way/164776784"},"geometry":{"type":"Polygon","coordinates":[[[20.14311,54.941139],[20.143169,54.941247],[20.143894,54.941116],[20.143835,54.941009],[20.14311,54.941139]]]}},{"type":"Feature","properties":{"kind":"building","name":"","osm":"way/164776785"},"geometry":{"type":"Polygon","coordinates":[[[20.150702,54.942199],[20.15105,54.942112],[20.150969,54.942006],[20.150621,54.942092],[20.150702,54.942199]]]}},{"type":"Feature","properties":{"kind":"building","name":"","osm":"way/164776786"},"geometry":{"type":"Polygon","coordinates":[[[20.146679,54.942868],[20.146911,54.942904],[20.146972,54.942774],[20.14674,54.942738],[20.146679,54.942868]]]}},{"type":"Feature","properties":{"kind":"building","name":"","osm":"way/164776787"},"geometry":{"type":"Polygon","coordinates":[[[20.149297,54.941405],[20.148968,54.941557],[20.149136,54.941677],[20.149276,54.941613],[20.149432,54.941724],[20.149621,54.941637],[20.149297,54.941405]]]}},{"type":"Feature","properties":{"kind":"building","name":"","osm":"way/164776788"},"geometry":{"type":"Polygon","coordinates":[[[20.149946,54.939642],[20.149908,54.939568],[20.149767,54.939592],[20.149763,54.939585],[20.149558,54.939619],[20.149534,54.939626],[20.149495,54.939641],[20.149471,54.939653],[20.149442,54.939673],[20.149382,54.939746],[20.14944,54.93976],[20.149428,54.939776],[20.149474,54.939788],[20.149486,54.939773],[20.149542,54.939787],[20.149586,54.939731],[20.149617,54.939739],[20.149662,54.939731],[20.149656,54.939719],[20.14973,54.939706],[20.149721,54.93969],[20.149808,54.939675],[20.149804,54.939667],[20.149946,54.939642]]]}},{"type":"Feature","properties":{"kind":"building","name":"","osm":"way/164776789"},"geometry":{"type":"Polygon","coordinates":[[[20.146184,54.941492],[20.146246,54.941602],[20.146192,54.941612],[20.146227,54.941671],[20.146537,54.94161],[20.146503,54.941553],[20.146444,54.941563],[20.14638,54.941455],[20.146184,54.941492]]]}},{"type":"Feature","properties":{"kind":"road","name":"улица Карла Маркса","osm":"way/167451069","highway":"residential","access":"","foot":""},"geometry":{"type":"LineString","coordinates":[[20.151467,54.944138],[20.151449,54.943986],[20.151411,54.943793],[20.151341,54.943659],[20.150983,54.943104],[20.150717,54.942719],[20.150292,54.942155],[20.150145,54.941961],[20.149967,54.941669],[20.149704,54.941226],[20.149589,54.941025],[20.149563,54.940981],[20.149465,54.940809],[20.149325,54.940588]]}},{"type":"Feature","properties":{"kind":"building","name":"","osm":"way/172886422"},"geometry":{"type":"Polygon","coordinates":[[[20.157927,54.938728],[20.157894,54.938929],[20.15803,54.938936],[20.158053,54.938788],[20.15823,54.938794],[20.158221,54.938868],[20.158309,54.938871],[20.158327,54.938746],[20.157927,54.938728]]]}},{"type":"Feature","properties":{"kind":"building","name":"","osm":"way/172886426"},"geometry":{"type":"Polygon","coordinates":[[[20.14907,54.939819],[20.149022,54.939661],[20.148785,54.939684],[20.148809,54.939764],[20.148883,54.939756],[20.148907,54.939835],[20.14907,54.939819]]]}},{"type":"Feature","properties":{"kind":"building","name":"","osm":"way/177617791"},"geometry":{"type":"Polygon","coordinates":[[[20.137708,54.938074],[20.137743,54.938061],[20.137708,54.938027],[20.137708,54.938074]]]}},{"type":"Feature","properties":{"kind":"building","name":"","osm":"way/177617803"},"geometry":{"type":"Polygon","coordinates":[[[20.137953,54.938324],[20.137878,54.938252],[20.137774,54.938288],[20.137849,54.93836],[20.137953,54.938324]]]}},{"type":"Feature","properties":{"kind":"building","name":"","osm":"way/177617835"},"geometry":{"type":"Polygon","coordinates":[[[20.137708,54.938794],[20.137724,54.938791],[20.137737,54.938798],[20.137778,54.938791],[20.137888,54.938983],[20.137846,54.938991],[20.137846,54.939002],[20.137819,54.939008],[20.137798,54.939],[20.137721,54.939015],[20.13771,54.938997],[20.137708,54.938997],[20.137708,54.938794]]]}},{"type":"Feature","properties":{"kind":"building","name":"ДК СЦВС","osm":"way/185249635"},"geometry":{"type":"Polygon","coordinates":[[[20.153002,54.943858],[20.152982,54.943871],[20.152956,54.94387],[20.152892,54.943837],[20.15283,54.943803],[20.152831,54.943788],[20.152845,54.94378],[20.152805,54.943757],[20.152799,54.943677],[20.152828,54.943677],[20.152822,54.943619],[20.152845,54.943619],[20.152838,54.943525],[20.152777,54.943524],[20.152767,54.943412],[20.152673,54.943415],[20.152663,54.943298],[20.152756,54.943295],[20.152752,54.943251],[20.152737,54.943251],[20.152727,54.943161],[20.152854,54.943158],[20.152853,54.943171],[20.152937,54.943172],[20.152976,54.943196],[20.153068,54.943243],[20.153021,54.943273],[20.15302,54.943278],[20.152937,54.943331],[20.153164,54.943448],[20.153266,54.943445],[20.153271,54.943498],[20.153365,54.943495],[20.153372,54.943559],[20.153363,54.943559],[20.153362,54.943592],[20.153409,54.943616],[20.153419,54.943609],[20.1535,54.94365],[20.153438,54.943691],[20.153469,54.943706],[20.153397,54.943754],[20.153364,54.943737],[20.153244,54.943815],[20.153248,54.943857],[20.153011,54.943864],[20.153002,54.943858]]]}},{"type":"Feature","properties":{"kind":"building","name":"Круассан","osm":"way/185249637"},"geometry":{"type":"Polygon","coordinates":[[[20.147398,54.944285],[20.147674,54.944322],[20.147741,54.944167],[20.14746,54.944129],[20.147398,54.944285]]]}},{"type":"Feature","properties":{"kind":"road","name":"Подгорная улица","osm":"way/185249638","highway":"residential","access":"","foot":""},"geometry":{"type":"LineString","coordinates":[[20.155473,54.939006],[20.155021,54.938785],[20.154973,54.938698]]}},{"type":"Feature","properties":{"kind":"road","name":"Подгорная улица","osm":"way/185249640","highway":"residential","access":"","foot":""},"geometry":{"type":"LineString","coordinates":[[20.155887,54.940118],[20.155776,54.940065],[20.155681,54.940004],[20.155474,54.939589]]}},{"type":"Feature","properties":{"kind":"building","name":"","osm":"way/185249641"},"geometry":{"type":"Polygon","coordinates":[[[20.165493,54.9469],[20.165506,54.9469],[20.165522,54.946899],[20.165539,54.946896],[20.165564,54.946889],[20.165578,54.946883],[20.165597,54.946872],[20.165607,54.946862],[20.165614,54.946854],[20.165618,54.946847],[20.16562,54.946841],[20.165638,54.946842],[20.165638,54.946827],[20.165625,54.946826],[20.165638,54.946768],[20.165638,54.946686],[20.165631,54.946685],[20.165638,54.946657],[20.165638,54.946385],[20.165558,54.946379],[20.165559,54.946373],[20.165278,54.946353],[20.165305,54.946565],[20.165387,54.946572],[20.165342,54.946773],[20.165359,54.946774],[20.165345,54.94684],[20.165349,54.94684],[20.165347,54.946846],[20.165375,54.946848],[20.16538,54.946855],[20.165391,54.946867],[20.165406,54.946877],[20.165425,54.946887],[20.165443,54.946893],[20.165456,54.946896],[20.16547,54.946898],[20.165493,54.9469]]]}},{"type":"Feature","properties":{"kind":"building","name":"Церковь Серафима Саровского","osm":"way/185249643"},"geometry":{"type":"Polygon","coordinates":[[[20.162463,54.940796],[20.162541,54.940818],[20.162553,54.940803],[20.162811,54.940874],[20.162898,54.940771],[20.16262,54.940694],[20.162588,54.940732],[20.162562,54.940763],[20.162504,54.940747],[20.162463,54.940796]]]}},{"type":"Feature","properties":{"kind":"road","name":"","osm":"way/185249645","highway":"footway","access":"","foot":""},"geometry":{"type":"LineString","coordinates":[[20.156392,54.941501],[20.156414,54.94152],[20.15687,54.941916],[20.157066,54.941919],[20.157644,54.941716],[20.158092,54.941563],[20.158153,54.941542]]}},{"type":"Feature","properties":{"kind":"building","name":"Здание водогрязелечебницы с водонапорной башней","osm":"way/185249646"},"geometry":{"type":"Polygon","coordinates":[[[20.154342,54.943576],[20.154488,54.943456],[20.154477,54.943452],[20.154592,54.943364],[20.154609,54.943363],[20.154642,54.943402],[20.154602,54.943401],[20.154599,54.943488],[20.154632,54.943488],[20.154629,54.943529],[20.155041,54.943535],[20.155041,54.943529],[20.155141,54.943531],[20.155146,54.94349],[20.15517,54.94349],[20.155175,54.943435],[20.155039,54.943431],[20.155043,54.943398],[20.154746,54.943394],[20.154699,54.94333],[20.154718,54.943323],[20.155119,54.943332],[20.155117,54.943356],[20.155659,54.94336],[20.155664,54.943216],[20.155198,54.94321],[20.155199,54.9432],[20.155133,54.943199],[20.155131,54.943232],[20.154678,54.943217],[20.154643,54.943196],[20.154585,54.943188],[20.154546,54.943194],[20.154509,54.943214],[20.154495,54.943242],[20.154497,54.943256],[20.154471,54.943247],[20.154443,54.943247],[20.154418,54.943255],[20.154404,54.943269],[20.154404,54.943285],[20.154419,54.9433],[20.154438,54.943334],[20.154346,54.943403],[20.154334,54.943398],[20.154188,54.943516],[20.154342,54.943576]]]}},{"type":"Feature","properties":{"kind":"building","name":"","osm":"way/185249649"},"geometry":{"type":"Polygon","coordinates":[[[20.155391,54.941936],[20.15551,54.941986],[20.155664,54.941864],[20.155545,54.941814],[20.155391,54.941936]]]}},{"type":"Feature","properties":{"kind":"building","name":"","osm":"way/185249651"},"geometry":{"type":"Polygon","coordinates":[[[20.165171,54.944989],[20.165349,54.944984],[20.165333,54.944804],[20.165155,54.944809],[20.165171,54.944989]]]}},{"type":"Feature","properties":{"kind":"building","name":"","osm":"way/185249652"},"geometry":{"type":"Polygon","coordinates":[[[20.158613,54.941769],[20.158788,54.941723],[20.158635,54.941533],[20.158461,54.94158],[20.158501,54.941629],[20.158476,54.941636],[20.158559,54.941739],[20.158583,54.941732],[20.158613,54.941769]]]}},{"type":"Feature","properties":{"kind":"building","name":"","osm":"way/185249654"},"geometry":{"type":"Polygon","coordinates":[[[20.160848,54.943641],[20.161055,54.943613],[20.16099,54.943456],[20.160783,54.943484],[20.160848,54.943641]]]}},{"type":"Feature","properties":{"kind":"building","name":"Курзал курорта Раушен","osm":"way/185249658"},"geometry":{"type":"Polygon","coordinates":[[[20.150896,54.944946],[20.150799,54.944906],[20.150489,54.945154],[20.150689,54.945236],[20.150917,54.945053],[20.151167,54.945157],[20.151249,54.945091],[20.151423,54.944952],[20.151526,54.944869],[20.151173,54.944724],[20.15107,54.944806],[20.150896,54.944946]]]}},{"type":"Feature","properties":{"kind":"building","name":"","osm":"way/185249661"},"geometry":{"type":"Polygon","coordinates":[[[20.152968,54.941583],[20.153043,54.941652],[20.15321,54.941594],[20.153132,54.941522],[20.152968,54.941583]]]}},{"type":"Feature","properties":{"kind":"building","name":"","osm":"way/185249664"},"geometry":{"type":"Polygon","coordinates":[[[20.159052,54.943555],[20.15922,54.943553],[20.159215,54.943418],[20.159047,54.94342],[20.159052,54.943555]]]}},{"type":"Feature","properties":{"kind":"building","name":"","osm":"way/185249666"},"geometry":{"type":"Polygon","coordinates":[[[20.16376,54.942947],[20.16392,54.94313],[20.163718,54.943189],[20.163708,54.943207],[20.163642,54.943195],[20.163653,54.943176],[20.163611,54.943129],[20.163579,54.943138],[20.163542,54.943096],[20.163552,54.943093],[20.163494,54.943025],[20.16376,54.942947]]]}},{"type":"Feature","properties":{"kind":"building","name":"","osm":"way/185249668"},"geometry":{"type":"Polygon","coordinates":[[[20.163239,54.941283],[20.163248,54.941342],[20.163282,54.941339],[20.163295,54.9414],[20.16369,54.941379],[20.163673,54.941261],[20.163239,54.941283]]]}},{"type":"Feature","properties":{"kind":"building","name":"","osm":"way/185249670"},"geometry":{"type":"Polygon","coordinates":[[[20.16116,54.941364],[20.161275,54.941479],[20.161576,54.941381],[20.161461,54.941265],[20.16116,54.941364]]]}},{"type":"Feature","properties":{"kind":"building","name":"","osm":"way/185249674"},"geometry":{"type":"Polygon","coordinates":[[[20.155014,54.938174],[20.155013,54.938252],[20.155373,54.938254],[20.155374,54.938176],[20.155014,54.938174]]]}},{"type":"Feature","properties":{"kind":"building","name":"","osm":"way/185249681"},"geometry":{"type":"Polygon","coordinates":[[[20.155055,54.94117],[20.155147,54.94126],[20.155356,54.94119],[20.155263,54.941099],[20.155055,54.94117]]]}},{"type":"Feature","properties":{"kind":"building","name":"","osm":"way/185249682"},"geometry":{"type":"Polygon","coordinates":[[[20.162693,54.941554],[20.162536,54.941419],[20.162365,54.941485],[20.162522,54.94162],[20.162693,54.941554]]]}},{"type":"Feature","properties":{"kind":"building","name":"","osm":"way/185249684"},"geometry":{"type":"Polygon","coordinates":[[[20.16298,54.941289],[20.163185,54.94127],[20.163158,54.941171],[20.162953,54.941187],[20.16298,54.941289]]]}},{"type":"Feature","properties":{"kind":"building","name":"","osm":"way/185249686"},"geometry":{"type":"Polygon","coordinates":[[[20.164162,54.942166],[20.164035,54.94219],[20.164092,54.942279],[20.164215,54.942258],[20.164162,54.942166]]]}},{"type":"Feature","properties":{"kind":"building","name":"","osm":"way/185249687"},"geometry":{"type":"Polygon","coordinates":[[[20.153956,54.941614],[20.153941,54.941722],[20.154127,54.94173],[20.154141,54.941623],[20.153956,54.941614]]]}},{"type":"Feature","properties":{"kind":"building","name":"","osm":"way/185249690"},"geometry":{"type":"Polygon","coordinates":[[[20.162477,54.940003],[20.162709,54.94003],[20.162738,54.939935],[20.162506,54.939908],[20.162477,54.940003]]]}},{"type":"Feature","properties":{"kind":"building","name":"","osm":"way/185249692"},"geometry":{"type":"Polygon","coordinates":[[[20.165521,54.944401],[20.165638,54.944399],[20.165638,54.94427],[20.165516,54.944271],[20.165521,54.944401]]]}},{"type":"Feature","properties":{"kind":"building","name":"","osm":"way/185249693"},"geometry":{"type":"Polygon","coordinates":[[[20.155157,54.94222],[20.155343,54.942071],[20.15525,54.942029],[20.155065,54.942182],[20.155157,54.94222]]]}},{"type":"Feature","properties":{"kind":"building","name":"","osm":"way/185249696"},"geometry":{"type":"Polygon","coordinates":[[[20.154417,54.938527],[20.154726,54.938515],[20.154712,54.938384],[20.154403,54.938396],[20.154417,54.938527]]]}},{"type":"Feature","properties":{"kind":"building","name":"","osm":"way/185249700"},"geometry":{"type":"Polygon","coordinates":[[[20.154167,54.945209],[20.154172,54.945198],[20.154172,54.945197],[20.15417,54.945193],[20.154171,54.94519],[20.154178,54.945178],[20.154162,54.945175],[20.154169,54.945162],[20.154186,54.945165],[20.154194,54.94515],[20.154171,54.945145],[20.15418,54.945129],[20.154173,54.945122],[20.154179,54.945111],[20.154192,54.945107],[20.154195,54.945101],[20.154188,54.945094],[20.154195,54.945082],[20.154207,54.945079],[20.154216,54.945062],[20.15437,54.945091],[20.154419,54.945099],[20.154425,54.945105],[20.154402,54.945148],[20.154392,54.945152],[20.154368,54.945147],[20.154351,54.945178],[20.154338,54.945176],[20.154326,54.945179],[20.154307,54.945175],[20.154301,54.945169],[20.154296,54.945168],[20.154272,54.945209],[20.15427,54.945211],[20.15427,54.945212],[20.154273,54.945212],[20.154272,54.945218],[20.154266,54.945226],[20.154258,54.945232],[20.154246,54.945237],[20.154234,54.945239],[20.15422,54.94524],[20.154206,54.945239],[20.154193,54.945236],[20.154182,54.945231],[20.154174,54.945225],[20.154169,54.945217],[20.154167,54.945209]]]}},{"type":"Feature","properties":{"kind":"building","name":"","osm":"way/185249702"},"geometry":{"type":"Polygon","coordinates":[[[20.153242,54.94412],[20.153243,54.944173],[20.153203,54.944174],[20.153048,54.944305],[20.153148,54.944345],[20.153177,54.944322],[20.153271,54.944251],[20.153351,54.944233],[20.15348,54.944237],[20.153479,54.944119],[20.153242,54.94412]]]}},{"type":"Feature","properties":{"kind":"building","name":"","osm":"way/185249703"},"geometry":{"type":"Polygon","coordinates":[[[20.159494,54.940973],[20.15955,54.940977],[20.159546,54.940997],[20.159662,54.941005],[20.159666,54.940986],[20.159723,54.94099],[20.159744,54.940866],[20.159515,54.940852],[20.159494,54.940973]]]}},{"type":"Feature","properties":{"kind":"building","name":"","osm":"way/185249705"},"geometry":{"type":"Polygon","coordinates":[[[20.157981,54.943464],[20.15815,54.943459],[20.15814,54.943345],[20.157971,54.94335],[20.157981,54.943464]]]}},{"type":"Feature","properties":{"kind":"building","name":"","osm":"way/185249706"},"geometry":{"type":"Polygon","coordinates":[[[20.165638,54.942633],[20.165609,54.942627],[20.165597,54.942624],[20.16558,54.942619],[20.165564,54.942612],[20.165602,54.942603],[20.165593,54.942591],[20.16557,54.942597],[20.165546,54.942565],[20.165537,54.942568],[20.165529,54.942567],[20.165519,54.942565],[20.165511,54.94256],[20.165504,54.942556],[20.165501,54.94255],[20.165501,54.942543],[20.165503,54.942538],[20.165506,54.942532],[20.165488,54.942508],[20.165501,54.942505],[20.165477,54.942474],[20.165541,54.942458],[20.165537,54.942453],[20.165586,54.942441],[20.165563,54.942409],[20.1656,54.9424],[20.165619,54.942394],[20.165638,54.942398],[20.165638,54.942633]]]}},{"type":"Feature","properties":{"kind":"building","name":"","osm":"way/185249711"},"geometry":{"type":"Polygon","coordinates":[[[20.149648,54.945799],[20.149624,54.94589],[20.149996,54.945921],[20.150019,54.945831],[20.149648,54.945799]]]}},{"type":"Feature","properties":{"kind":"building","name":"","osm":"way/185249717"},"geometry":{"type":"Polygon","coordinates":[[[20.154076,54.94313],[20.154306,54.942959],[20.154146,54.942888],[20.153917,54.943059],[20.154076,54.94313]]]}},{"type":"Feature","properties":{"kind":"building","name":"","osm":"way/185249718"},"geometry":{"type":"Polygon","coordinates":[[[20.154199,54.944508],[20.154373,54.944535],[20.154391,54.944496],[20.15448,54.944508],[20.154507,54.944454],[20.154405,54.94444],[20.154427,54.94439],[20.154306,54.944371],[20.154274,54.944435],[20.154238,54.944431],[20.154199,54.944508]]]}},{"type":"Feature","properties":{"kind":"building","name":"","osm":"way/185249719"},"geometry":{"type":"Polygon","coordinates":[[[20.163801,54.941374],[20.164011,54.941369],[20.164011,54.941353],[20.164089,54.94135],[20.16408,54.941257],[20.163905,54.94126],[20.163905,54.941272],[20.163792,54.941275],[20.163801,54.941374]]]}},{"type":"Feature","properties":{"kind":"building","name":"дом начала ХХ века","osm":"way/185249720"},"geometry":{"type":"Polygon","coordinates":[[[20.154277,54.941968],[20.154467,54.942045],[20.154575,54.941956],[20.154384,54.94188],[20.154277,54.941968]]]}},{"type":"Feature","properties":{"kind":"building","name":"","osm":"way/185249721"},"geometry":{"type":"Polygon","coordinates":[[[20.159888,54.940978],[20.16016,54.940992],[20.160185,54.940872],[20.159913,54.940859],[20.159888,54.940978]]]}},{"type":"Feature","properties":{"kind":"building","name":"","osm":"way/185249722"},"geometry":{"type":"Polygon","coordinates":[[[20.15448,54.940455],[20.154524,54.940553],[20.154705,54.940527],[20.154661,54.940428],[20.15448,54.940455]]]}},{"type":"Feature","properties":{"kind":"building","name":"Старый Доктор","osm":"way/185249724"},"geometry":{"type":"Polygon","coordinates":[[[20.157335,54.94139],[20.157471,54.94134],[20.157521,54.941382],[20.157556,54.941369],[20.157559,54.941372],[20.157568,54.941368],[20.157591,54.941386],[20.15761,54.941405],[20.157601,54.941408],[20.157604,54.941411],[20.157569,54.941424],[20.15769,54.941532],[20.157627,54.941556],[20.15763,54.941559],[20.157602,54.941569],[20.157591,54.941559],[20.157549,54.941575],[20.157484,54.941519],[20.157482,54.941519],[20.157423,54.941467],[20.157421,54.941468],[20.157415,54.941462],[20.157416,54.941462],[20.1574,54.941447],[20.157398,54.941448],[20.157392,54.941442],[20.157394,54.941442],[20.157335,54.94139]]]}},{"type":"Feature","properties":{"kind":"building","name":"Вилла бургомистра Раушена","osm":"way/185249728"},"geometry":{"type":"Polygon","coordinates":[[[20.149593,54.944499],[20.149769,54.9446],[20.149915,54.944516],[20.15002,54.944455],[20.149844,54.944354],[20.149735,54.944417],[20.149593,54.944499]]]}},{"type":"Feature","properties":{"kind":"building","name":"","osm":"way/185249730"},"geometry":{"type":"Polygon","coordinates":[[[20.154451,54.945201],[20.154602,54.945236],[20.154657,54.945157],[20.154507,54.945122],[20.154451,54.945201]]]}},{"type":"Feature","properties":{"kind":"building","name":"","osm":"way/185249731"},"geometry":{"type":"Polygon","coordinates":[[[20.157598,54.939859],[20.157884,54.939888],[20.157929,54.939757],[20.157718,54.939735],[20.157699,54.93979],[20.15762,54.939782],[20.157598,54.939859]]]}},{"type":"Feature","properties":{"kind":"building","name":"","osm":"way/185249733"},"geometry":{"type":"Polygon","coordinates":[[[20.160769,54.941032],[20.160772,54.940959],[20.160655,54.940958],[20.160652,54.941031],[20.160769,54.941032]]]}},{"type":"Feature","properties":{"kind":"building","name":"","osm":"way/185249734"},"geometry":{"type":"Polygon","coordinates":[[[20.156695,54.939138],[20.156689,54.939309],[20.157004,54.939321],[20.157013,54.939147],[20.156695,54.939138]]]}},{"type":"Feature","properties":{"kind":"building","name":"","osm":"way/185249737"},"geometry":{"type":"Polygon","coordinates":[[[20.161286,54.940001],[20.161115,54.940046],[20.161236,54.940189],[20.161087,54.940229],[20.161166,54.940321],[20.161475,54.94024],[20.161286,54.940001]]]}},{"type":"Feature","properties":{"kind":"building","name":"Karmann’s","osm":"way/185249739"},"geometry":{"type":"Polygon","coordinates":[[[20.160347,54.943842],[20.160215,54.943868],[20.160202,54.943845],[20.159966,54.943893],[20.159949,54.943864],[20.1599,54.943873],[20.159818,54.943738],[20.159834,54.943735],[20.15982,54.943712],[20.159924,54.943691],[20.159912,54.943672],[20.160249,54.943604],[20.160277,54.94365],[20.160229,54.94366],[20.160251,54.943697],[20.160198,54.943707],[20.160211,54.943728],[20.160229,54.943725],[20.160242,54.943747],[20.160284,54.943739],[20.160347,54.943842]]]}},{"type":"Feature","properties":{"kind":"building","name":"","osm":"way/185249743"},"geometry":{"type":"Polygon","coordinates":[[[20.154614,54.944171],[20.154599,54.944279],[20.154792,54.944288],[20.154807,54.94418],[20.154614,54.944171]]]}},{"type":"Feature","properties":{"kind":"building","name":"","osm":"way/185249748"},"geometry":{"type":"Polygon","coordinates":[[[20.158766,54.940948],[20.158731,54.94103],[20.15898,54.941081],[20.159018,54.941],[20.158766,54.940948]]]}},{"type":"Feature","properties":{"kind":"building","name":"","osm":"way/185249749"},"geometry":{"type":"Polygon","coordinates":[[[20.156615,54.938394],[20.156774,54.938437],[20.156888,54.938295],[20.156726,54.938253],[20.156615,54.938394]]]}},{"type":"Feature","properties":{"kind":"building","name":"","osm":"way/185249750"},"geometry":{"type":"Polygon","coordinates":[[[20.152562,54.939182],[20.152771,54.939186],[20.152776,54.939095],[20.152567,54.939091],[20.152562,54.939182]]]}},{"type":"Feature","properties":{"kind":"building","name":"","osm":"way/185249751"},"geometry":{"type":"Polygon","coordinates":[[[20.165134,54.944557],[20.165295,54.944559],[20.1653,54.944451],[20.16514,54.944449],[20.165134,54.944557]]]}},{"type":"Feature","properties":{"kind":"building","name":"","osm":"way/185249754"},"geometry":{"type":"Polygon","coordinates":[[[20.161396,54.943405],[20.161638,54.943327],[20.161516,54.943203],[20.161274,54.943282],[20.161396,54.943405]]]}},{"type":"Feature","properties":{"kind":"building","name":"","osm":"way/185249757"},"geometry":{"type":"Polygon","coordinates":[[[20.148442,54.945815],[20.148449,54.945824],[20.148488,54.945834],[20.148529,54.94583],[20.148549,54.945818],[20.148903,54.945842],[20.148922,54.945858],[20.148956,54.945867],[20.148992,54.945864],[20.149015,54.945853],[20.149067,54.945856],[20.149064,54.945871],[20.149066,54.945879],[20.149074,54.945884],[20.149087,54.945889],[20.149168,54.945897],[20.149196,54.945787],[20.1493,54.945794],[20.149287,54.945845],[20.149625,54.945875],[20.149653,54.945767],[20.149587,54.945761],[20.149582,54.945776],[20.149397,54.945757],[20.149387,54.945738],[20.149358,54.945727],[20.149318,54.945732],[20.149306,54.945745],[20.149233,54.945741],[20.149256,54.945653],[20.149231,54.94565],[20.149244,54.945613],[20.149124,54.945602],[20.149117,54.945632],[20.149099,54.945631],[20.149084,54.945707],[20.148468,54.945663],[20.148438,54.945781],[20.148351,54.945774],[20.148363,54.945728],[20.148085,54.945705],[20.148053,54.945828],[20.148331,54.945851],[20.148344,54.945807],[20.148442,54.945815]]]}},{"type":"Feature","properties":{"kind":"building","name":"","osm":"way/185249759"},"geometry":{"type":"Polygon","coordinates":[[[20.164762,54.941772],[20.164977,54.941714],[20.164886,54.941616],[20.164717,54.94167],[20.164728,54.941681],[20.164712,54.941702],[20.164741,54.941731],[20.164734,54.941741],[20.164762,54.941772]]]}},{"type":"Feature","properties":{"kind":"building","name":"","osm":"way/185249760"},"geometry":{"type":"Polygon","coordinates":[[[20.156159,54.940144],[20.156322,54.940303],[20.156554,54.940229],[20.156398,54.940066],[20.156159,54.940144]]]}},{"type":"Feature","properties":{"kind":"building","name":"","osm":"way/185249761"},"geometry":{"type":"Polygon","coordinates":[[[20.158026,54.941226],[20.158115,54.94131],[20.158136,54.941303],[20.158192,54.941355],[20.158235,54.94134],[20.158289,54.941391],[20.158327,54.941378],[20.15838,54.941428],[20.158415,54.941415],[20.158444,54.941443],[20.15851,54.94142],[20.158563,54.941464],[20.158604,54.941451],[20.158611,54.941417],[20.158565,54.941416],[20.158555,54.941405],[20.158633,54.941377],[20.158551,54.941299],[20.158512,54.941313],[20.158458,54.941262],[20.158414,54.941278],[20.158358,54.941225],[20.15834,54.941231],[20.158251,54.941148],[20.158026,54.941226]]]}},{"type":"Feature","properties":{"kind":"building","name":"","osm":"way/185249762"},"geometry":{"type":"Polygon","coordinates":[[[20.16244,54.941765],[20.162528,54.941873],[20.162736,54.941817],[20.162649,54.941709],[20.16244,54.941765]]]}},{"type":"Feature","properties":{"kind":"building","name":"","osm":"way/185249763"},"geometry":{"type":"Polygon","coordinates":[[[20.156587,54.942038],[20.156612,54.942022],[20.156567,54.941999],[20.156616,54.941967],[20.156606,54.941963],[20.156663,54.941927],[20.156673,54.941932],[20.156727,54.941898],[20.156772,54.941921],[20.156789,54.94191],[20.156875,54.941955],[20.156831,54.941983],[20.156884,54.942011],[20.156762,54.942088],[20.156702,54.942057],[20.156666,54.942079],[20.156587,54.942038]]]}},{"type":"Feature","properties":{"kind":"building","name":"","osm":"way/185249769"},"geometry":{"type":"Polygon","coordinates":[[[20.153765,54.944494],[20.153823,54.944381],[20.15397,54.944406],[20.153977,54.944392],[20.154048,54.944404],[20.153982,54.944534],[20.153977,54.944542],[20.153972,54.944549],[20.153966,54.944555],[20.153961,54.94456],[20.153951,54.944565],[20.153935,54.944568],[20.15392,54.944569],[20.153906,54.944567],[20.153893,54.944565],[20.153882,54.944559],[20.153875,54.944553],[20.153869,54.944546],[20.153867,54.944539],[20.153869,54.944532],[20.153872,54.944524],[20.153875,54.944518],[20.153878,54.944513],[20.153765,54.944494]]]}},{"type":"Feature","properties":{"kind":"building","name":"Спутник","osm":"way/185249771"},"geometry":{"type":"Polygon","coordinates":[[[20.156969,54.940327],[20.157183,54.940529],[20.157208,54.94052],[20.15722,54.940532],[20.157241,54.94054],[20.157261,54.940541],[20.15728,54.940539],[20.1573,54.940531],[20.157311,54.940522],[20.157314,54.940512],[20.157476,54.940457],[20.157243,54.94023],[20.15724,54.940231],[20.157061,54.940295],[20.156969,54.940327]]]}},{"type":"Feature","properties":{"kind":"building","name":"","osm":"way/185249774"},"geometry":{"type":"Polygon","coordinates":[[[20.156754,54.939618],[20.156872,54.939645],[20.15695,54.939531],[20.156833,54.939504],[20.156754,54.939618]]]}},{"type":"Feature","properties":{"kind":"building","name":"","osm":"way/185249778"},"geometry":{"type":"Polygon","coordinates":[[[20.155137,54.944959],[20.155135,54.944927],[20.155123,54.944927],[20.155112,54.944915],[20.155106,54.944904],[20.15511,54.944889],[20.155121,54.944875],[20.155136,54.944875],[20.155136,54.944843],[20.155311,54.944842],[20.155311,54.944884],[20.155328,54.944884],[20.15534,54.944888],[20.155348,54.944896],[20.155349,54.944905],[20.155341,54.944912],[20.155328,54.944917],[20.155312,54.944917],[20.155312,54.944959],[20.155137,54.944959]]]}},{"type":"Feature","properties":{"kind":"building","name":"","osm":"way/185249779"},"geometry":{"type":"Polygon","coordinates":[[[20.154899,54.94092],[20.155122,54.940849],[20.155001,54.940723],[20.154778,54.940794],[20.154899,54.94092]]]}},{"type":"Feature","properties":{"kind":"building","name":"","osm":"way/185249780"},"geometry":{"type":"Polygon","coordinates":[[[20.157548,54.943716],[20.157598,54.943716],[20.157598,54.943707],[20.157615,54.943701],[20.157643,54.943702],[20.157658,54.943708],[20.157658,54.943717],[20.157724,54.943718],[20.157721,54.943748],[20.157732,54.943749],[20.15775,54.943756],[20.15775,54.943771],[20.157729,54.943779],[20.157737,54.943788],[20.157735,54.943827],[20.157715,54.943826],[20.157715,54.94383],[20.157649,54.943829],[20.157649,54.943833],[20.157634,54.943844],[20.157608,54.943843],[20.157595,54.943832],[20.157595,54.943827],[20.157543,54.943827],[20.157544,54.943794],[20.15753,54.943794],[20.15752,54.943787],[20.15752,54.943774],[20.157531,54.943769],[20.157546,54.943769],[20.157548,54.943716]]]}},{"type":"Feature","properties":{"kind":"building","name":"","osm":"way/185249782"},"geometry":{"type":"Polygon","coordinates":[[[20.15857,54.943496],[20.158753,54.943494],[20.158748,54.943354],[20.158565,54.943356],[20.15857,54.943496]]]}},{"type":"Feature","properties":{"kind":"building","name":"","osm":"way/185249783"},"geometry":{"type":"Polygon","coordinates":[[[20.154444,54.939203],[20.154432,54.939242],[20.154379,54.939238],[20.154344,54.939254],[20.154325,54.939232],[20.154273,54.939228],[20.154295,54.939135],[20.154284,54.939126],[20.154421,54.939093],[20.154433,54.939102],[20.15459,54.939116],[20.154582,54.939146],[20.154599,54.939161],[20.154573,54.939171],[20.154565,54.939201],[20.154462,54.939193],[20.154444,54.939203]]]}},{"type":"Feature","properties":{"kind":"building","name":"","osm":"way/185249784"},"geometry":{"type":"Polygon","coordinates":[[[20.155022,54.945218],[20.154874,54.945185],[20.154812,54.945276],[20.154959,54.945309],[20.155022,54.945218]]]}},{"type":"Feature","properties":{"kind":"building","name":"","osm":"way/185249785"},"geometry":{"type":"Polygon","coordinates":[[[20.164416,54.944695],[20.164529,54.944693],[20.164528,54.944675],[20.164615,54.944673],[20.164602,54.944415],[20.164407,54.944418],[20.164413,54.944544],[20.164299,54.944546],[20.164302,54.944608],[20.16434,54.944607],[20.164343,54.944654],[20.164414,54.944653],[20.164416,54.944695]]]}},{"type":"Feature","properties":{"kind":"building","name":"","osm":"way/185249787"},"geometry":{"type":"Polygon","coordinates":[[[20.155445,54.938841],[20.155487,54.938765],[20.155442,54.938757],[20.155469,54.938709],[20.155552,54.938725],[20.155539,54.938749],[20.155664,54.938771],[20.155651,54.938795],[20.155694,54.938803],[20.155653,54.938879],[20.155646,54.93889],[20.155514,54.938867],[20.155508,54.938878],[20.155432,54.938864],[20.155445,54.938841]]]}},{"type":"Feature","properties":{"kind":"building","name":"","osm":"way/185249789"},"geometry":{"type":"Polygon","coordinates":[[[20.15208,54.945933],[20.152384,54.945966],[20.152407,54.945892],[20.152102,54.94586],[20.15208,54.945933]]]}},{"type":"Feature","properties":{"kind":"building","name":"","osm":"way/185249790"},"geometry":{"type":"Polygon","coordinates":[[[20.164472,54.942631],[20.164561,54.942742],[20.164749,54.942693],[20.16466,54.942581],[20.164472,54.942631]]]}},{"type":"Feature","properties":{"kind":"building","name":"","osm":"way/185249791"},"geometry":{"type":"Polygon","coordinates":[[[20.156751,54.941009],[20.156669,54.941079],[20.156544,54.941032],[20.156356,54.94096],[20.156357,54.94096],[20.156352,54.940958],[20.156335,54.940911],[20.156495,54.940775],[20.15656,54.9408],[20.156569,54.940792],[20.156576,54.940795],[20.156576,54.940796],[20.156616,54.940812],[20.156617,54.940811],[20.156706,54.940846],[20.156706,54.940846],[20.156789,54.940878],[20.156789,54.940878],[20.156858,54.940905],[20.156843,54.940917],[20.156854,54.940921],[20.156813,54.940956],[20.156751,54.941009]]]}},{"type":"Feature","properties":{"kind":"building","name":"","osm":"way/185249792"},"geometry":{"type":"Polygon","coordinates":[[[20.15731,54.943059],[20.157146,54.942978],[20.157198,54.942943],[20.157176,54.942932],[20.157232,54.942895],[20.157278,54.942917],[20.157282,54.942915],[20.157323,54.942935],[20.157318,54.942938],[20.157357,54.942958],[20.157325,54.94298],[20.157383,54.943009],[20.15731,54.943059]]]}},{"type":"Feature","properties":{"kind":"building","name":"","osm":"way/185249793"},"geometry":{"type":"Polygon","coordinates":[[[20.164464,54.944229],[20.164456,54.944147],[20.164612,54.944142],[20.16462,54.944224],[20.164464,54.944229]]]}},{"type":"Feature","properties":{"kind":"building","name":"","osm":"way/185249794"},"geometry":{"type":"Polygon","coordinates":[[[20.155452,54.940438],[20.155686,54.940449],[20.155691,54.940419],[20.155738,54.940421],[20.155757,54.940279],[20.155708,54.940278],[20.155719,54.940205],[20.155493,54.940197],[20.155452,54.940438]]]}},{"type":"Feature","properties":{"kind":"building","name":"","osm":"way/185249795"},"geometry":{"type":"Polygon","coordinates":[[[20.160594,54.941479],[20.160688,54.941597],[20.160958,54.941529],[20.160865,54.941405],[20.160594,54.941479]]]}},{"type":"Feature","properties":{"kind":"building","name":"","osm":"way/185249796"},"geometry":{"type":"Polygon","coordinates":[[[20.155724,54.93828],[20.155681,54.938358],[20.1559,54.938401],[20.155951,54.938328],[20.155724,54.93828]]]}},{"type":"Feature","properties":{"kind":"building","name":"","osm":"way/185249797"},"geometry":{"type":"Polygon","coordinates":[[[20.156609,54.942385],[20.15689,54.942293],[20.156918,54.942323],[20.157458,54.942141],[20.157345,54.942024],[20.156505,54.942289],[20.156609,54.942385]]]}},{"type":"Feature","properties":{"kind":"building","name":"","osm":"way/185249798"},"geometry":{"type":"Polygon","coordinates":[[[20.160057,54.941508],[20.16008,54.941502],[20.160097,54.941524],[20.160166,54.941509],[20.160153,54.941494],[20.160183,54.941488],[20.160193,54.941495],[20.160229,54.9415],[20.160259,54.941492],[20.160274,54.941473],[20.16027,54.941453],[20.160267,54.941449],[20.160291,54.941443],[20.160312,54.941469],[20.160373,54.941452],[20.160346,54.94142],[20.160371,54.941412],[20.16033,54.94137],[20.160339,54.941351],[20.160302,54.94134],[20.160286,54.94132],[20.160304,54.941316],[20.160277,54.941283],[20.160237,54.941294],[20.160226,54.941282],[20.160143,54.941304],[20.160112,54.941302],[20.160058,54.941316],[20.160051,54.941328],[20.159959,54.941352],[20.159971,54.941366],[20.159926,54.941378],[20.159954,54.941414],[20.159981,54.941408],[20.159993,54.941422],[20.15998,54.94145],[20.160017,54.941456],[20.160057,54.941508]]]}},{"type":"Feature","properties":{"kind":"building","name":"","osm":"way/185249799"},"geometry":{"type":"Polygon","coordinates":[[[20.157871,54.942478],[20.157924,54.942593],[20.158188,54.942552],[20.158135,54.942437],[20.157871,54.942478]]]}},{"type":"Feature","properties":{"kind":"building","name":"","osm":"way/185249800"},"geometry":{"type":"Polygon","coordinates":[[[20.160673,54.941864],[20.160774,54.94199],[20.161028,54.941923],[20.160927,54.941797],[20.160673,54.941864]]]}},{"type":"Feature","properties":{"kind":"building","name":"","osm":"way/185249801"},"geometry":{"type":"Polygon","coordinates":[[[20.157397,54.938575],[20.157691,54.938613],[20.157828,54.938504],[20.157615,54.93841],[20.157397,54.938575]]]}},{"type":"Feature","properties":{"kind":"building","name":"","osm":"way/185249802"},"geometry":{"type":"Polygon","coordinates":[[[20.152353,54.939332],[20.152594,54.939339],[20.152603,54.939243],[20.152362,54.939235],[20.152353,54.939332]]]}},{"type":"Feature","properties":{"kind":"building","name":"","osm":"way/185249803"},"geometry":{"type":"Polygon","coordinates":[[[20.156445,54.940537],[20.156538,54.940598],[20.156763,54.940484],[20.156671,54.940423],[20.156445,54.940537]]]}},{"type":"Feature","properties":{"kind":"building","name":"Санаторий-профилакторий «Энергетик»","osm":"way/185249804"},"geometry":{"type":"Polygon","coordinates":[[[20.158731,54.939216],[20.158831,54.939234],[20.158825,54.939241],[20.158921,54.939256],[20.158914,54.939264],[20.15901,54.939282],[20.159005,54.939286],[20.159207,54.939324],[20.159222,54.939303],[20.159463,54.939337],[20.159425,54.939406],[20.159299,54.939387],[20.15919,54.939594],[20.159283,54.939609],[20.159313,54.939553],[20.159358,54.93956],[20.159368,54.939543],[20.159427,54.939553],[20.159438,54.939534],[20.159528,54.939549],[20.159602,54.939411],[20.159506,54.939395],[20.159538,54.939334],[20.159573,54.93934],[20.159662,54.939191],[20.15946,54.939153],[20.159418,54.939231],[20.158844,54.939136],[20.158883,54.939089],[20.158812,54.939077],[20.158731,54.939216]]]}},{"type":"Feature","properties":{"kind":"building","name":"","osm":"way/185249805"},"geometry":{"type":"Polygon","coordinates":[[[20.153019,54.938456],[20.153043,54.938532],[20.153318,54.938502],[20.153293,54.938426],[20.153019,54.938456]]]}},{"type":"Feature","properties":{"kind":"building","name":"","osm":"way/185249807"},"geometry":{"type":"Polygon","coordinates":[[[20.165082,54.943628],[20.165081,54.943565],[20.165057,54.943565],[20.165057,54.943526],[20.165156,54.943525],[20.165159,54.943522],[20.165173,54.943517],[20.165182,54.943516],[20.165192,54.943516],[20.165205,54.943519],[20.165213,54.943523],[20.165217,54.943528],[20.165219,54.943533],[20.165218,54.943546],[20.16522,54.943611],[20.165234,54.943627],[20.165188,54.943628],[20.165174,54.943633],[20.165157,54.943635],[20.16514,54.943633],[20.165126,54.943628],[20.165082,54.943628]]]}},{"type":"Feature","properties":{"kind":"building","name":"","osm":"way/185249809"},"geometry":{"type":"Polygon","coordinates":[[[20.159033,54.943865],[20.159096,54.943992],[20.159326,54.94395],[20.159267,54.943827],[20.159033,54.943865]]]}},{"type":"Feature","properties":{"kind":"building","name":"","osm":"way/185249810"},"geometry":{"type":"Polygon","coordinates":[[[20.153462,54.943435],[20.15356,54.943473],[20.153662,54.943512],[20.153932,54.94328],[20.153731,54.943203],[20.153675,54.943252],[20.153721,54.943269],[20.153576,54.943394],[20.153531,54.943376],[20.153462,54.943435]]]}},{"type":"Feature","properties":{"kind":"building","name":"","osm":"way/185249812"},"geometry":{"type":"Polygon","coordinates":[[[20.153549,54.945213],[20.153611,54.945098],[20.153623,54.9451],[20.15364,54.945068],[20.153632,54.945067],[20.153694,54.944951],[20.153837,54.944977],[20.153831,54.944987],[20.153866,54.944993],[20.153872,54.944983],[20.154025,54.94501],[20.153989,54.945077],[20.153977,54.945075],[20.153908,54.945204],[20.15392,54.945206],[20.153884,54.945273],[20.153731,54.945246],[20.153737,54.945235],[20.153701,54.945229],[20.153696,54.945239],[20.153549,54.945213]]]}},{"type":"Feature","properties":{"kind":"building","name":"","osm":"way/185249813"},"geometry":{"type":"Polygon","coordinates":[[[20.164967,54.943716],[20.164956,54.943826],[20.165134,54.943832],[20.165145,54.943722],[20.164967,54.943716]]]}},{"type":"Feature","properties":{"kind":"building","name":"","osm":"way/185249815"},"geometry":{"type":"Polygon","coordinates":[[[20.154294,54.942762],[20.154498,54.942848],[20.154665,54.942717],[20.154462,54.942631],[20.154294,54.942762]]]}},{"type":"Feature","properties":{"kind":"building","name":"","osm":"way/185249816"},"geometry":{"type":"Polygon","coordinates":[[[20.161522,54.943892],[20.161538,54.943936],[20.16151,54.943941],[20.161522,54.943969],[20.161547,54.943965],[20.161559,54.943998],[20.161774,54.943973],[20.161763,54.943941],[20.161833,54.943931],[20.161816,54.943886],[20.161745,54.943896],[20.161731,54.943864],[20.161522,54.943892]]]}},{"type":"Feature","properties":{"kind":"building","name":"Телеграф","osm":"way/185249817"},"geometry":{"type":"Polygon","coordinates":[[[20.156224,54.940635],[20.15623,54.940615],[20.156237,54.940595],[20.156206,54.940592],[20.156274,54.940371],[20.156014,54.940344],[20.155966,54.940511],[20.156021,54.940518],[20.155996,54.940604],[20.155957,54.940602],[20.155929,54.940691],[20.155925,54.940706],[20.155851,54.940788],[20.155984,54.940835],[20.156077,54.94074],[20.156079,54.940734],[20.156111,54.940624],[20.156224,54.940635]]]}},{"type":"Feature","properties":{"kind":"building","name":"","osm":"way/185249819"},"geometry":{"type":"Polygon","coordinates":[[[20.153496,54.938403],[20.153534,54.93849],[20.153769,54.938448],[20.153731,54.93836],[20.153653,54.938375],[20.153642,54.938354],[20.153563,54.938369],[20.153575,54.938389],[20.153496,54.938403]]]}},{"type":"Feature","properties":{"kind":"building","name":"","osm":"way/185249821"},"geometry":{"type":"Polygon","coordinates":[[[20.152268,54.944438],[20.152401,54.944494],[20.152584,54.944352],[20.15245,54.944295],[20.152268,54.944438]]]}},{"type":"Feature","properties":{"kind":"building","name":"","osm":"way/185249822"},"geometry":{"type":"Polygon","coordinates":[[[20.164888,54.942278],[20.164986,54.942376],[20.165149,54.94232],[20.165056,54.942222],[20.164888,54.942278]]]}},{"type":"Feature","properties":{"kind":"building","name":"","osm":"way/185249823"},"geometry":{"type":"Polygon","coordinates":[[[20.154206,54.942163],[20.154116,54.942043],[20.153877,54.942103],[20.153967,54.942222],[20.154206,54.942163]]]}},{"type":"Feature","properties":{"kind":"building","name":"","osm":"way/185249824"},"geometry":{"type":"Polygon","coordinates":[[[20.164483,54.945009],[20.164652,54.945004],[20.164644,54.944903],[20.164471,54.944907],[20.164483,54.945009]]]}},{"type":"Feature","properties":{"kind":"building","name":"","osm":"way/185249825"},"geometry":{"type":"Polygon","coordinates":[[[20.152742,54.944543],[20.152938,54.944624],[20.153021,54.944562],[20.153078,54.944587],[20.153241,54.944467],[20.15316,54.944437],[20.153107,54.944483],[20.153041,54.944455],[20.152994,54.944492],[20.152869,54.944439],[20.152742,54.944543]]]}},{"type":"Feature","properties":{"kind":"building","name":"ОАО Молоко","osm":"way/185249826"},"geometry":{"type":"Polygon","coordinates":[[[20.156668,54.941422],[20.156771,54.941464],[20.156874,54.94138],[20.156923,54.9414],[20.157028,54.941315],[20.156877,54.941253],[20.156668,54.941422]]]}},{"type":"Feature","properties":{"kind":"building","name":"","osm":"way/185249827"},"geometry":{"type":"Polygon","coordinates":[[[20.159723,54.941079],[20.159832,54.941196],[20.159961,54.941157],[20.159853,54.941039],[20.159723,54.941079]]]}},{"type":"Feature","properties":{"kind":"building","name":"","osm":"way/185249828"},"geometry":{"type":"Polygon","coordinates":[[[20.155424,54.93865],[20.155482,54.938467],[20.15567,54.938487],[20.155611,54.938669],[20.155424,54.93865]]]}},{"type":"Feature","properties":{"kind":"building","name":"","osm":"way/185249830"},"geometry":{"type":"Polygon","coordinates":[[[20.157594,54.940902],[20.157723,54.941021],[20.157901,54.940956],[20.157771,54.940838],[20.157594,54.940902]]]}},{"type":"Feature","properties":{"kind":"building","name":"Хартман","osm":"way/185249831"},"geometry":{"type":"Polygon","coordinates":[[[20.157501,54.941144],[20.157334,54.94121],[20.157335,54.941211],[20.157294,54.941227],[20.157293,54.941226],[20.157197,54.941264],[20.157085,54.941167],[20.157153,54.941139],[20.15717,54.941153],[20.157264,54.941116],[20.157248,54.941102],[20.157386,54.941047],[20.157501,54.941144]]]}},{"type":"Feature","properties":{"kind":"building","name":"","osm":"way/185249834"},"geometry":{"type":"Polygon","coordinates":[[[20.154626,54.942033],[20.154791,54.942],[20.154736,54.941908],[20.15457,54.941941],[20.154626,54.942033]]]}},{"type":"Feature","properties":{"kind":"building","name":"","osm":"way/185249835"},"geometry":{"type":"Polygon","coordinates":[[[20.165638,54.944079],[20.165638,54.943994],[20.165537,54.943996],[20.165542,54.944081],[20.165638,54.944079]]]}},{"type":"Feature","properties":{"kind":"building","name":"","osm":"way/185249836"},"geometry":{"type":"Polygon","coordinates":[[[20.157846,54.94057],[20.157931,54.940643],[20.158126,54.94057],[20.158071,54.94052],[20.158025,54.940537],[20.157995,54.940512],[20.157846,54.94057]]]}},{"type":"Feature","properties":{"kind":"building","name":"","osm":"way/185249837"},"geometry":{"type":"Polygon","coordinates":[[[20.156253,54.939663],[20.156444,54.939704],[20.156667,54.939346],[20.156466,54.939302],[20.156253,54.939663]]]}},{"type":"Feature","properties":{"kind":"building","name":"","osm":"way/185249839"},"geometry":{"type":"Polygon","coordinates":[[[20.157141,54.941892],[20.157018,54.941779],[20.157089,54.941754],[20.157103,54.941767],[20.157231,54.941721],[20.157217,54.941708],[20.157289,54.941682],[20.157411,54.941794],[20.157141,54.941892]]]}},{"type":"Feature","properties":{"kind":"building","name":"","osm":"way/185249840"},"geometry":{"type":"Polygon","coordinates":[[[20.157119,54.938507],[20.15719,54.938527],[20.157177,54.938544],[20.157228,54.938557],[20.157242,54.938541],[20.157333,54.938568],[20.157413,54.938479],[20.157193,54.938416],[20.157119,54.938507]]]}},{"type":"Feature","properties":{"kind":"building","name":"","osm":"way/185249841"},"geometry":{"type":"Polygon","coordinates":[[[20.154759,54.939217],[20.154789,54.939133],[20.154841,54.939139],[20.154861,54.939083],[20.155008,54.939101],[20.154988,54.939157],[20.155039,54.939163],[20.155029,54.939192],[20.155037,54.939201],[20.155034,54.939211],[20.15502,54.939217],[20.15501,54.939246],[20.154759,54.939217]]]}},{"type":"Feature","properties":{"kind":"building","name":"","osm":"way/185249843"},"geometry":{"type":"Polygon","coordinates":[[[20.157074,54.939768],[20.157391,54.939829],[20.157511,54.939645],[20.157197,54.93958],[20.157074,54.939768]]]}},{"type":"Feature","properties":{"kind":"building","name":"","osm":"way/185249844"},"geometry":{"type":"Polygon","coordinates":[[[20.16438,54.942468],[20.164521,54.942426],[20.164445,54.942341],[20.164304,54.942383],[20.16438,54.942468]]]}},{"type":"Feature","properties":{"kind":"building","name":"","osm":"way/185249845"},"geometry":{"type":"Polygon","coordinates":[[[20.156102,54.943947],[20.156124,54.943945],[20.156308,54.943946],[20.156307,54.943608],[20.15637,54.943608],[20.156372,54.943514],[20.156329,54.943514],[20.156334,54.943245],[20.156126,54.943243],[20.156065,54.943243],[20.155921,54.943242],[20.155922,54.943169],[20.155763,54.943168],[20.155758,54.943408],[20.155917,54.943409],[20.155919,54.94334],[20.156061,54.94334],[20.156124,54.943341],[20.156121,54.943512],[20.156065,54.943512],[20.156064,54.943606],[20.156114,54.943607],[20.156101,54.943853],[20.156098,54.943924],[20.156088,54.943936],[20.156102,54.943947]]]}},{"type":"Feature","properties":{"kind":"building","name":"","osm":"way/185249846"},"geometry":{"type":"Polygon","coordinates":[[[20.165314,54.945775],[20.16559,54.945769],[20.165578,54.945585],[20.165455,54.945588],[20.165441,54.945368],[20.165145,54.945375],[20.165156,54.945549],[20.165299,54.945546],[20.165314,54.945775]]]}},{"type":"Feature","properties":{"kind":"building","name":"","osm":"way/185249847"},"geometry":{"type":"Polygon","coordinates":[[[20.163833,54.94387],[20.163822,54.943679],[20.164034,54.943675],[20.164099,54.943674],[20.164186,54.943672],[20.164199,54.943863],[20.163833,54.94387]]]}},{"type":"Feature","properties":{"kind":"building","name":"","osm":"way/185249849"},"geometry":{"type":"Polygon","coordinates":[[[20.15521,54.939517],[20.155121,54.93947],[20.155,54.939483],[20.154968,54.939389],[20.15509,54.939375],[20.155139,54.939298],[20.155305,54.93934],[20.155256,54.939412],[20.15533,54.939459],[20.155284,54.93948],[20.155284,54.939492],[20.155268,54.939498],[20.155247,54.939498],[20.15521,54.939517]]]}},{"type":"Feature","properties":{"kind":"building","name":"","osm":"way/185249850"},"geometry":{"type":"Polygon","coordinates":[[[20.154151,54.939565],[20.154099,54.939496],[20.154039,54.939492],[20.154052,54.939406],[20.15412,54.939407],[20.154197,54.939339],[20.154322,54.939386],[20.154258,54.939443],[20.154257,54.939465],[20.154307,54.939526],[20.154151,54.939565]]]}},{"type":"Feature","properties":{"kind":"building","name":"пансионат Балтика","osm":"way/185249851"},"geometry":{"type":"Polygon","coordinates":[[[20.165422,54.946106],[20.165638,54.946106],[20.165638,54.945842],[20.165422,54.945842],[20.165422,54.946106]]]}},{"type":"Feature","properties":{"kind":"road","name":"","osm":"way/185406132","highway":"service","access":"","foot":""},"geometry":{"type":"LineString","coordinates":[[20.149234,54.94313],[20.149223,54.943572],[20.149145,54.943573],[20.148639,54.943488]]}},{"type":"Feature","properties":{"kind":"building","name":"","osm":"way/185406133"},"geometry":{"type":"Polygon","coordinates":[[[20.144631,54.942799],[20.144519,54.942797],[20.144514,54.942897],[20.144626,54.942899],[20.144631,54.942799]]]}},{"type":"Feature","properties":{"kind":"building","name":"","osm":"way/185406134"},"geometry":{"type":"Polygon","coordinates":[[[20.142465,54.943112],[20.142359,54.943091],[20.142303,54.943186],[20.142408,54.943207],[20.142465,54.943112]]]}},{"type":"Feature","properties":{"kind":"building","name":"","osm":"way/185406135"},"geometry":{"type":"Polygon","coordinates":[[[20.144633,54.941767],[20.144543,54.941805],[20.144691,54.941922],[20.144781,54.941884],[20.144633,54.941767]]]}},{"type":"Feature","properties":{"kind":"building","name":"","osm":"way/185406136"},"geometry":{"type":"Polygon","coordinates":[[[20.147128,54.940555],[20.146996,54.940586],[20.14706,54.940677],[20.147192,54.940646],[20.147128,54.940555]]]}},{"type":"Feature","properties":{"kind":"building","name":"","osm":"way/185406137"},"geometry":{"type":"Polygon","coordinates":[[[20.142864,54.943176],[20.142842,54.943239],[20.143012,54.943259],[20.143034,54.943196],[20.142864,54.943176]]]}},{"type":"Feature","properties":{"kind":"building","name":"","osm":"way/185406138"},"geometry":{"type":"Polygon","coordinates":[[[20.145542,54.942192],[20.145452,54.94224],[20.145334,54.942167],[20.145424,54.942119],[20.145542,54.942192]]]}},{"type":"Feature","properties":{"kind":"building","name":"","osm":"way/185406139"},"geometry":{"type":"Polygon","coordinates":[[[20.14438,54.941352],[20.1441,54.941482],[20.144197,54.941551],[20.144477,54.941421],[20.14438,54.941352]]]}},{"type":"Feature","properties":{"kind":"building","name":"","osm":"way/185406140"},"geometry":{"type":"Polygon","coordinates":[[[20.145362,54.941521],[20.145208,54.94159],[20.145331,54.94168],[20.145485,54.94161],[20.145424,54.941565],[20.145362,54.941521]]]}},{"type":"Feature","properties":{"kind":"building","name":"","osm":"way/185406142"},"geometry":{"type":"Polygon","coordinates":[[[20.144367,54.941852],[20.144276,54.941889],[20.144376,54.94197],[20.144467,54.941933],[20.144367,54.941852]]]}},{"type":"Feature","properties":{"kind":"building","name":"","osm":"way/185406143"},"geometry":{"type":"Polygon","coordinates":[[[20.147549,54.940073],[20.147425,54.940113],[20.147509,54.940199],[20.147633,54.940158],[20.147549,54.940073]]]}},{"type":"Feature","properties":{"kind":"building","name":"","osm":"way/185406144"},"geometry":{"type":"Polygon","coordinates":[[[20.146145,54.941972],[20.146016,54.9419],[20.145908,54.941955],[20.146032,54.942028],[20.146145,54.941972]]]}},{"type":"Feature","properties":{"kind":"building","name":"","osm":"way/185406145"},"geometry":{"type":"Polygon","coordinates":[[[20.145596,54.941317],[20.14552,54.941349],[20.145615,54.941424],[20.145692,54.941391],[20.145596,54.941317]]]}},{"type":"Feature","properties":{"kind":"building","name":"","osm":"way/185406147"},"geometry":{"type":"Polygon","coordinates":[[[20.14502,54.94114],[20.144952,54.941083],[20.145063,54.941038],[20.145132,54.941095],[20.14502,54.94114]]]}},{"type":"Feature","properties":{"kind":"building","name":"","osm":"way/185406148"},"geometry":{"type":"Polygon","coordinates":[[[20.143398,54.94263],[20.143307,54.942667],[20.143408,54.942749],[20.143499,54.942711],[20.143398,54.94263]]]}},{"type":"Feature","properties":{"kind":"building","name":"","osm":"way/185406149"},"geometry":{"type":"Polygon","coordinates":[[[20.143415,54.943218],[20.143305,54.943209],[20.143279,54.943307],[20.14339,54.943317],[20.143415,54.943218]]]}},{"type":"Feature","properties":{"kind":"building","name":"Лечебно-диагностический корпус 2","osm":"way/185406150"},"geometry":{"type":"Polygon","coordinates":[[[20.150402,54.944372],[20.150373,54.94431],[20.150206,54.944336],[20.150235,54.944398],[20.150402,54.944372]]]}},{"type":"Feature","properties":{"kind":"building","name":"","osm":"way/185406151"},"geometry":{"type":"Polygon","coordinates":[[[20.148628,54.943851],[20.148607,54.943914],[20.148777,54.943932],[20.148798,54.943869],[20.148628,54.943851]]]}},{"type":"Feature","properties":{"kind":"building","name":"","osm":"way/185406152"},"geometry":{"type":"Polygon","coordinates":[[[20.143293,54.942511],[20.143205,54.94253],[20.143138,54.942426],[20.143226,54.942408],[20.143293,54.942511]]]}},{"type":"Feature","properties":{"kind":"building","name":"","osm":"way/185406153"},"geometry":{"type":"Polygon","coordinates":[[[20.146526,54.943486],[20.146536,54.943451],[20.146546,54.943452],[20.146572,54.943367],[20.146819,54.943392],[20.146777,54.943537],[20.146621,54.943521],[20.146628,54.943496],[20.146526,54.943486]]]}},{"type":"Feature","properties":{"kind":"building","name":"","osm":"way/185406154"},"geometry":{"type":"Polygon","coordinates":[[[20.144598,54.942466],[20.144528,54.942479],[20.144572,54.942554],[20.144641,54.94254],[20.144598,54.942466]]]}},{"type":"Feature","properties":{"kind":"building","name":"","osm":"way/185406155"},"geometry":{"type":"Polygon","coordinates":[[[20.145243,54.942954],[20.145131,54.942947],[20.145113,54.943046],[20.145225,54.943053],[20.145243,54.942954]]]}},{"type":"Feature","properties":{"kind":"building","name":"","osm":"way/185406157"},"geometry":{"type":"Polygon","coordinates":[[[20.149789,54.943904],[20.149677,54.943905],[20.149679,54.944005],[20.149791,54.944004],[20.149789,54.943904]]]}},{"type":"Feature","properties":{"kind":"building","name":"","osm":"way/185406158"},"geometry":{"type":"Polygon","coordinates":[[[20.148248,54.943415],[20.148207,54.943478],[20.14846,54.943531],[20.1485,54.943468],[20.148248,54.943415]]]}},{"type":"Feature","properties":{"kind":"building","name":"","osm":"way/185406159"},"geometry":{"type":"Polygon","coordinates":[[[20.146744,54.942996],[20.146714,54.943041],[20.146809,54.943062],[20.146839,54.943016],[20.146744,54.942996]]]}},{"type":"Feature","properties":{"kind":"building","name":"","osm":"way/185406161"},"geometry":{"type":"Polygon","coordinates":[[[20.14514,54.942301],[20.144876,54.942077],[20.144588,54.942188],[20.144746,54.942322],[20.144809,54.942298],[20.144867,54.942347],[20.14481,54.942369],[20.144858,54.942411],[20.14514,54.942301]]]}},{"type":"Feature","properties":{"kind":"building","name":"корпус № 2 СЦВС","osm":"way/185406162"},"geometry":{"type":"Polygon","coordinates":[[[20.150089,54.943368],[20.150005,54.943368],[20.150005,54.943392],[20.149796,54.943393],[20.149798,54.943509],[20.149479,54.94351],[20.149473,54.943066],[20.14953,54.943065],[20.149529,54.942992],[20.149746,54.942991],[20.14975,54.943296],[20.149982,54.943295],[20.149982,54.943313],[20.150021,54.943313],[20.150021,54.943284],[20.150088,54.943284],[20.150089,54.943368]]]}},{"type":"Feature","properties":{"kind":"building","name":"корпус № 2 СЦВС","osm":"way/185406163"},"geometry":{"type":"Polygon","coordinates":[[[20.149069,54.943062],[20.149205,54.942951],[20.149384,54.943024],[20.14933,54.943068],[20.149303,54.943058],[20.149259,54.943093],[20.149223,54.943078],[20.149185,54.943109],[20.149069,54.943062]]]}},{"type":"Feature","properties":{"kind":"road","name":"","osm":"way/185406372","highway":"service","access":"","foot":""},"geometry":{"type":"LineString","coordinates":[[20.147221,54.944738],[20.147299,54.944305],[20.147307,54.944265]]}},{"type":"Feature","properties":{"kind":"building","name":"","osm":"way/185406374"},"geometry":{"type":"Polygon","coordinates":[[[20.14479,54.944481],[20.144593,54.944482],[20.144595,54.944569],[20.144792,54.944568],[20.14479,54.944481]]]}},{"type":"Feature","properties":{"kind":"building","name":"","osm":"way/185406375"},"geometry":{"type":"Polygon","coordinates":[[[20.142384,54.943986],[20.142115,54.94397],[20.142089,54.944141],[20.142353,54.944156],[20.142384,54.943986]]]}},{"type":"Feature","properties":{"kind":"building","name":"","osm":"way/185406377"},"geometry":{"type":"Polygon","coordinates":[[[20.143838,54.944628],[20.143594,54.944604],[20.14357,54.94468],[20.143813,54.944703],[20.143838,54.944628]]]}},{"type":"Feature","properties":{"kind":"building","name":"Вика","osm":"way/185424562"},"geometry":{"type":"Polygon","coordinates":[[[20.155694,54.943821],[20.155911,54.943824],[20.155927,54.943607],[20.155708,54.943606],[20.155694,54.943821]]]}},{"type":"Feature","properties":{"kind":"road","name":"Садовая улица","osm":"way/185945738","highway":"residential","access":"","foot":""},"geometry":{"type":"LineString","coordinates":[[20.156451,54.943161],[20.156423,54.944047],[20.156425,54.944119]]}},{"type":"Feature","properties":{"kind":"building","name":"","osm":"way/186283428"},"geometry":{"type":"Polygon","coordinates":[[[20.154413,54.939957],[20.154369,54.93987],[20.154383,54.939868],[20.15436,54.93982],[20.15448,54.939795],[20.154476,54.939787],[20.15454,54.939777],[20.154554,54.939815],[20.154659,54.939798],[20.154657,54.939793],[20.154825,54.939769],[20.154828,54.939783],[20.154809,54.939786],[20.154808,54.93982],[20.154846,54.939848],[20.154777,54.939861],[20.154793,54.939905],[20.15477,54.939909],[20.154792,54.939943],[20.154784,54.939945],[20.154792,54.93996],[20.154809,54.939994],[20.154781,54.939998],[20.154765,54.939963],[20.154588,54.939991],[20.154579,54.939973],[20.15453,54.939983],[20.154537,54.939995],[20.154489,54.940005],[20.154494,54.940016],[20.154467,54.940022],[20.154427,54.939954],[20.154413,54.939957]]]}},{"type":"Feature","properties":{"kind":"building","name":"","osm":"way/186283439"},"geometry":{"type":"Polygon","coordinates":[[[20.152919,54.939247],[20.153153,54.939252],[20.153166,54.939056],[20.152932,54.939051],[20.152919,54.939247]]]}},{"type":"Feature","properties":{"kind":"road","name":"улица Гагарина","osm":"way/186623665","highway":"residential","access":"","foot":""},"geometry":{"type":"LineString","coordinates":[[20.157365,54.94074],[20.157827,54.941165]]}},{"type":"Feature","properties":{"kind":"building","name":"","osm":"way/186623910"},"geometry":{"type":"Polygon","coordinates":[[[20.165638,54.939072],[20.165638,54.938979],[20.165233,54.938881],[20.165178,54.938958],[20.165638,54.939072]]]}},{"type":"Feature","properties":{"kind":"road","name":"улица Штрауса","osm":"way/186623911","highway":"residential","access":"","foot":""},"geometry":{"type":"LineString","coordinates":[[20.161745,54.940603],[20.161769,54.941195],[20.161782,54.941402],[20.16185,54.941527],[20.162984,54.942738],[20.163201,54.943],[20.163481,54.94334],[20.163518,54.943385]]}},{"type":"Feature","properties":{"kind":"road","name":"Балтийская улица","osm":"way/186623947","highway":"residential","access":"","foot":""},"geometry":{"type":"LineString","coordinates":[[20.163689,54.939738],[20.164786,54.939905],[20.165079,54.94004],[20.165828,54.940453]]}},{"type":"Feature","properties":{"kind":"building","name":"","osm":"way/186623948"},"geometry":{"type":"Polygon","coordinates":[[[20.164176,54.939687],[20.164213,54.939594],[20.164258,54.939599],[20.164263,54.939586],[20.164335,54.939595],[20.16433,54.939609],[20.164344,54.939611],[20.164352,54.939591],[20.164378,54.939595],[20.164378,54.939599],[20.16438,54.9396],[20.164384,54.939602],[20.164387,54.939604],[20.164389,54.939607],[20.16439,54.93961],[20.164389,54.939613],[20.164387,54.939616],[20.164386,54.939617],[20.164444,54.939624],[20.164407,54.939717],[20.164176,54.939687]]]}},{"type":"Feature","properties":{"kind":"building","name":"","osm":"way/186623949"},"geometry":{"type":"Polygon","coordinates":[[[20.164634,54.940521],[20.164302,54.940565],[20.164255,54.940453],[20.164587,54.940403],[20.164634,54.940521]]]}},{"type":"Feature","properties":{"kind":"building","name":"","osm":"way/186623950"},"geometry":{"type":"Polygon","coordinates":[[[20.164763,54.939755],[20.164799,54.939669],[20.16464,54.939647],[20.164604,54.939734],[20.164763,54.939755]]]}},{"type":"Feature","properties":{"kind":"building","name":"","osm":"way/192890433"},"geometry":{"type":"Polygon","coordinates":[[[20.152337,54.944564],[20.152183,54.944686],[20.152011,54.944614],[20.152062,54.944573],[20.152088,54.944584],[20.152143,54.944541],[20.152116,54.94453],[20.152164,54.944492],[20.152337,54.944564]]]}},{"type":"Feature","properties":{"kind":"building","name":"","osm":"way/192890434"},"geometry":{"type":"Polygon","coordinates":[[[20.151681,54.94463],[20.151534,54.944758],[20.151899,54.944907],[20.151952,54.944867],[20.152055,54.944791],[20.151681,54.94463]]]}},{"type":"Feature","properties":{"kind":"building","name":"Органный зал","osm":"way/200392457"},"geometry":{"type":"Polygon","coordinates":[[[20.158204,54.943063],[20.158204,54.943046],[20.158203,54.942946],[20.158025,54.942946],[20.158024,54.94288],[20.158202,54.942879],[20.158385,54.942879],[20.158387,54.943045],[20.158387,54.943063],[20.158303,54.943063],[20.158204,54.943063]]]}},{"type":"Feature","properties":{"kind":"road","name":"Калининградский проспект","osm":"way/210676611","highway":"primary","access":"","foot":""},"geometry":{"type":"LineString","coordinates":[[20.149289,54.93954],[20.149137,54.939535],[20.148146,54.939508],[20.147969,54.9395],[20.147541,54.939519]]}},{"type":"Feature","properties":{"kind":"building","name":"","osm":"way/212271046"},"geometry":{"type":"Polygon","coordinates":[[[20.14539,54.939509],[20.145303,54.939468],[20.145387,54.93941],[20.145473,54.939452],[20.145451,54.939467],[20.145475,54.939479],[20.145438,54.939504],[20.145414,54.939493],[20.14539,54.939509]]]}},{"type":"Feature","properties":{"kind":"building","name":"","osm":"way/212271052"},"geometry":{"type":"Polygon","coordinates":[[[20.144987,54.939686],[20.144965,54.939654],[20.144942,54.939659],[20.144919,54.939627],[20.144942,54.939622],[20.144919,54.939588],[20.145079,54.939551],[20.145148,54.939649],[20.144987,54.939686]]]}},{"type":"Feature","properties":{"kind":"building","name":"","osm":"way/212271058"},"geometry":{"type":"Polygon","coordinates":[[[20.143725,54.940128],[20.143685,54.940079],[20.143663,54.940085],[20.143651,54.940071],[20.143673,54.940065],[20.143625,54.940005],[20.143611,54.939989],[20.143633,54.939983],[20.143619,54.939966],[20.143687,54.939945],[20.143717,54.939981],[20.143743,54.939974],[20.143785,54.940026],[20.143799,54.940022],[20.143826,54.940056],[20.143812,54.940059],[20.143842,54.940097],[20.143725,54.940128]]]}},{"type":"Feature","properties":{"kind":"building","name":"","osm":"way/212271073"},"geometry":{"type":"Polygon","coordinates":[[[20.144703,54.940046],[20.144707,54.940054],[20.144496,54.940087],[20.144511,54.940117],[20.144378,54.940139],[20.144363,54.94011],[20.144326,54.94004],[20.144458,54.940017],[20.144461,54.940023],[20.144673,54.939987],[20.144703,54.940046]]]}},{"type":"Feature","properties":{"kind":"building","name":"","osm":"way/216368623"},"geometry":{"type":"Polygon","coordinates":[[[20.155162,54.943737],[20.155348,54.943739],[20.155351,54.943646],[20.155165,54.943644],[20.155162,54.943737]]]}},{"type":"Feature","properties":{"kind":"building","name":"","osm":"way/216368625"},"geometry":{"type":"Polygon","coordinates":[[[20.148339,54.944277],[20.148626,54.944316],[20.148651,54.944253],[20.14836,54.944215],[20.148339,54.944277]]]}},{"type":"Feature","properties":{"kind":"building","name":"","osm":"way/216368626"},"geometry":{"type":"Polygon","coordinates":[[[20.157473,54.942294],[20.157555,54.942264],[20.157544,54.942254],[20.157562,54.942248],[20.157574,54.942257],[20.157615,54.942242],[20.157604,54.942231],[20.157666,54.942209],[20.157677,54.942219],[20.157671,54.942222],[20.157783,54.942323],[20.157727,54.942343],[20.157584,54.942395],[20.157473,54.942294]]]}},{"type":"Feature","properties":{"kind":"building","name":"","osm":"way/216368628"},"geometry":{"type":"Polygon","coordinates":[[[20.158682,54.941919],[20.158701,54.941946],[20.158666,54.941954],[20.158709,54.942019],[20.158745,54.942011],[20.158792,54.942081],[20.158886,54.942061],[20.158856,54.942017],[20.158889,54.942009],[20.158912,54.942044],[20.158953,54.942035],[20.15893,54.942],[20.158955,54.941995],[20.158875,54.941876],[20.158682,54.941919]]]}},{"type":"Feature","properties":{"kind":"building","name":"Апарт-отель","osm":"way/220328232"},"geometry":{"type":"Polygon","coordinates":[[[20.165315,54.940647],[20.165493,54.940767],[20.165638,54.940695],[20.165638,54.940653],[20.165496,54.940558],[20.165315,54.940647]]]}},{"type":"Feature","properties":{"kind":"building","name":"","osm":"way/220328237"},"geometry":{"type":"Polygon","coordinates":[[[20.160989,54.940461],[20.161067,54.940566],[20.161302,54.940508],[20.161224,54.940403],[20.160989,54.940461]]]}},{"type":"Feature","properties":{"kind":"building","name":"","osm":"way/220328238"},"geometry":{"type":"Polygon","coordinates":[[[20.164204,54.940686],[20.164236,54.94083],[20.164441,54.940818],[20.164414,54.940672],[20.164204,54.940686]]]}},{"type":"Feature","properties":{"kind":"building","name":"","osm":"way/220328242"},"geometry":{"type":"Polygon","coordinates":[[[20.162671,54.940265],[20.162633,54.940321],[20.162606,54.940315],[20.162552,54.940391],[20.162583,54.940398],[20.162563,54.940426],[20.162673,54.940449],[20.162692,54.940425],[20.162834,54.940457],[20.162927,54.940332],[20.162671,54.940265]]]}},{"type":"Feature","properties":{"kind":"building","name":"","osm":"way/220328247"},"geometry":{"type":"Polygon","coordinates":[[[20.164615,54.940692],[20.164639,54.940805],[20.164898,54.940783],[20.164872,54.94067],[20.164615,54.940692]]]}},{"type":"Feature","properties":{"kind":"building","name":"","osm":"way/220328252"},"geometry":{"type":"Polygon","coordinates":[[[20.163424,54.94026],[20.163401,54.94037],[20.163556,54.94038],[20.163579,54.94027],[20.163424,54.94026]]]}},{"type":"Feature","properties":{"kind":"building","name":"","osm":"way/220328253"},"geometry":{"type":"Polygon","coordinates":[[[20.163798,54.940434],[20.1638,54.940427],[20.163815,54.940377],[20.163795,54.940375],[20.163809,54.940326],[20.16383,54.940328],[20.163835,54.940329],[20.163841,54.94031],[20.163859,54.940312],[20.163853,54.940331],[20.163883,54.940334],[20.163888,54.940329],[20.163893,54.940326],[20.163901,54.940322],[20.16391,54.94032],[20.163919,54.94032],[20.163929,54.94032],[20.163938,54.940323],[20.163946,54.940326],[20.163951,54.940329],[20.163953,54.940332],[20.163955,54.940336],[20.163955,54.94034],[20.163957,54.940341],[20.163952,54.940358],[20.16402,54.940364],[20.16399,54.940464],[20.163923,54.940457],[20.16391,54.940494],[20.16387,54.94049],[20.163876,54.940468],[20.163844,54.940465],[20.163851,54.940439],[20.163798,54.940434]]]}},{"type":"Feature","properties":{"kind":"building","name":"","osm":"way/220328254"},"geometry":{"type":"Polygon","coordinates":[[[20.165638,54.943147],[20.165638,54.943045],[20.165548,54.943056],[20.165576,54.943153],[20.165638,54.943147]]]}},{"type":"Feature","properties":{"kind":"building","name":"","osm":"way/220328255"},"geometry":{"type":"Polygon","coordinates":[[[20.164727,54.942899],[20.164804,54.942999],[20.164985,54.942953],[20.164914,54.942855],[20.164727,54.942899]]]}},{"type":"Feature","properties":{"kind":"building","name":"","osm":"way/220328257"},"geometry":{"type":"Polygon","coordinates":[[[20.165245,54.939941],[20.165365,54.939872],[20.165414,54.939901],[20.165384,54.939919],[20.165439,54.939951],[20.165373,54.939986],[20.16535,54.939971],[20.165323,54.939987],[20.165245,54.939941]]]}},{"type":"Feature","properties":{"kind":"building","name":"","osm":"way/220328258"},"geometry":{"type":"Polygon","coordinates":[[[20.165504,54.94012],[20.165602,54.940179],[20.165638,54.940159],[20.165638,54.940096],[20.165595,54.94007],[20.165504,54.94012]]]}},{"type":"Feature","properties":{"kind":"building","name":"","osm":"way/220328260"},"geometry":{"type":"Polygon","coordinates":[[[20.158645,54.940545],[20.158693,54.940641],[20.158899,54.940607],[20.158845,54.940507],[20.158645,54.940545]]]}},{"type":"Feature","properties":{"kind":"building","name":"","osm":"way/220328262"},"geometry":{"type":"Polygon","coordinates":[[[20.164992,54.939813],[20.165081,54.939849],[20.165145,54.939797],[20.165056,54.939761],[20.164992,54.939813]]]}},{"type":"Feature","properties":{"kind":"building","name":"","osm":"way/220328264"},"geometry":{"type":"Polygon","coordinates":[[[20.164738,54.940314],[20.164746,54.940278],[20.164752,54.940251],[20.16482,54.940255],[20.164836,54.94018],[20.164857,54.940167],[20.164935,54.940171],[20.164945,54.940187],[20.164941,54.940204],[20.164957,54.940205],[20.164949,54.940236],[20.164933,54.940235],[20.164921,54.940288],[20.16485,54.940284],[20.164842,54.94032],[20.164738,54.940314]]]}},{"type":"Feature","properties":{"kind":"building","name":"","osm":"way/220328265"},"geometry":{"type":"Polygon","coordinates":[[[20.164979,54.943228],[20.165125,54.943225],[20.165126,54.943262],[20.165161,54.943261],[20.165162,54.943286],[20.165168,54.943286],[20.165172,54.943287],[20.165175,54.94329],[20.165175,54.943291],[20.165175,54.943292],[20.165173,54.943295],[20.165179,54.943298],[20.165167,54.943306],[20.165157,54.943312],[20.165142,54.943319],[20.16514,54.943318],[20.165138,54.943318],[20.165135,54.943319],[20.165131,54.943318],[20.165128,54.943316],[20.165128,54.943312],[20.165027,54.943313],[20.165026,54.943289],[20.165016,54.943289],[20.16498,54.943265],[20.164979,54.943228]]]}},{"type":"Feature","properties":{"kind":"building","name":"","osm":"way/220328269"},"geometry":{"type":"Polygon","coordinates":[[[20.165542,54.943318],[20.165564,54.943381],[20.165601,54.943389],[20.165638,54.943385],[20.165638,54.943268],[20.165572,54.943277],[20.165588,54.943311],[20.165542,54.943318]]]}},{"type":"Feature","properties":{"kind":"building","name":"","osm":"way/233706523"},"geometry":{"type":"Polygon","coordinates":[[[20.163273,54.938416],[20.163282,54.938387],[20.16326,54.938385],[20.163276,54.938331],[20.163291,54.938333],[20.163294,54.938322],[20.163346,54.938327],[20.16335,54.938315],[20.163452,54.938325],[20.163419,54.938431],[20.163273,54.938416]]]}},{"type":"Feature","properties":{"kind":"building","name":"","osm":"way/233706531"},"geometry":{"type":"Polygon","coordinates":[[[20.162624,54.937931],[20.162511,54.938049],[20.162661,54.938098],[20.162772,54.937984],[20.162624,54.937931]]]}},{"type":"Feature","properties":{"kind":"building","name":"","osm":"way/239031351"},"geometry":{"type":"Polygon","coordinates":[[[20.155533,54.940013],[20.155468,54.939882],[20.155318,54.939909],[20.155383,54.940035],[20.155533,54.940013]]]}},{"type":"Feature","properties":{"kind":"building","name":"Светлогорский отдел Управления Росреестра по Калининградской области","osm":"way/239031352"},"geometry":{"type":"Polygon","coordinates":[[[20.156074,54.938528],[20.156174,54.9384],[20.156345,54.938445],[20.156357,54.93843],[20.156537,54.938478],[20.156443,54.938596],[20.156272,54.938551],[20.156252,54.938575],[20.156074,54.938528]]]}},{"type":"Feature","properties":{"kind":"road","name":"","osm":"way/239031353","highway":"residential","access":"","foot":"yes"},"geometry":{"type":"LineString","coordinates":[[20.157153,54.938583],[20.157833,54.938691]]}},{"type":"Feature","properties":{"kind":"road","name":"","osm":"way/239031354","highway":"path","access":"","foot":""},"geometry":{"type":"LineString","coordinates":[[20.156459,54.939073],[20.156514,54.939138]]}},{"type":"Feature","properties":{"kind":"road","name":"","osm":"way/239031356","highway":"residential","access":"destination","foot":"yes"},"geometry":{"type":"LineString","coordinates":[[20.155654,54.938182],[20.155699,54.938193],[20.156073,54.938287],[20.156753,54.938485],[20.157153,54.938583]]}},{"type":"Feature","properties":{"kind":"road","name":"","osm":"way/239031357","highway":"path","access":"","foot":""},"geometry":{"type":"LineString","coordinates":[[20.156753,54.938485],[20.156588,54.93865],[20.156459,54.938794],[20.156415,54.938939],[20.156459,54.939073]]}},{"type":"Feature","properties":{"kind":"building","name":"","osm":"way/239031358"},"geometry":{"type":"Polygon","coordinates":[[[20.156539,54.93897],[20.156665,54.93897],[20.156665,54.938943],[20.156869,54.938942],[20.156868,54.938839],[20.156797,54.938839],[20.156796,54.938799],[20.156538,54.9388],[20.156539,54.93897]]]}},{"type":"Feature","properties":{"kind":"building","name":"","osm":"way/239031359"},"geometry":{"type":"Polygon","coordinates":[[[20.156754,54.938755],[20.156989,54.938769],[20.15701,54.938673],[20.156768,54.938659],[20.156754,54.938755]]]}},{"type":"Feature","properties":{"kind":"road","name":"Калининградский проспект","osm":"way/239981923","highway":"primary","access":"","foot":""},"geometry":{"type":"LineString","coordinates":[[20.158296,54.938289],[20.157686,54.938227]]}},{"type":"Feature","properties":{"kind":"road","name":"","osm":"way/241072622","highway":"footway","access":"","foot":""},"geometry":{"type":"LineString","coordinates":[[20.162315,54.943834],[20.162286,54.943633]]}},{"type":"Feature","properties":{"kind":"road","name":"","osm":"way/241072624","highway":"footway","access":"","foot":""},"geometry":{"type":"LineString","coordinates":[[20.161862,54.943675],[20.162093,54.943787],[20.16212,54.94387],[20.162266,54.943859],[20.162266,54.943838],[20.162315,54.943834],[20.162423,54.943819],[20.162498,54.943761],[20.162507,54.943603]]}},{"type":"Feature","properties":{"kind":"road","name":"","osm":"way/241072626","highway":"footway","access":"","foot":""},"geometry":{"type":"LineString","coordinates":[[20.150236,54.94536],[20.150269,54.94524]]}},{"type":"Feature","properties":{"kind":"road","name":"","osm":"way/241072628","highway":"footway","access":"","foot":""},"geometry":{"type":"LineString","coordinates":[[20.150269,54.94524],[20.150537,54.945278],[20.150972,54.945234],[20.151257,54.945253],[20.151525,54.945347]]}},{"type":"Feature","properties":{"kind":"building","name":"Церковь иконы Божией Матери «Всех скорбящих Радость»","osm":"way/241072629"},"geometry":{"type":"Polygon","coordinates":[[[20.162386,54.943868],[20.162385,54.943874],[20.162381,54.943897],[20.162352,54.943906],[20.162345,54.943919],[20.162345,54.943935],[20.162358,54.943948],[20.162386,54.94396],[20.162429,54.943962],[20.162468,54.943956],[20.162487,54.943949],[20.162504,54.943939],[20.16251,54.943928],[20.162506,54.943903],[20.162522,54.943891],[20.162543,54.943885],[20.162548,54.943874],[20.16255,54.943862],[20.16254,54.94385],[20.162511,54.943838],[20.162424,54.943837],[20.162391,54.943838],[20.162377,54.943848],[20.162377,54.943859],[20.162386,54.943868]]]}},{"type":"Feature","properties":{"kind":"building","name":"","osm":"way/241072630"},"geometry":{"type":"Polygon","coordinates":[[[20.138002,54.94357],[20.138202,54.9436],[20.138272,54.943446],[20.138072,54.943416],[20.138002,54.94357]]]}},{"type":"Feature","properties":{"kind":"building","name":"","osm":"way/241072632"},"geometry":{"type":"Polygon","coordinates":[[[20.139086,54.94325],[20.13905,54.94333],[20.139173,54.943349],[20.13921,54.943268],[20.139086,54.94325]]]}},{"type":"Feature","properties":{"kind":"building","name":"","osm":"way/241072633"},"geometry":{"type":"Polygon","coordinates":[[[20.138389,54.943463],[20.138504,54.943475],[20.138525,54.94341],[20.13841,54.943398],[20.138389,54.943463]]]}},{"type":"Feature","properties":{"kind":"building","name":"","osm":"way/241072635"},"geometry":{"type":"Polygon","coordinates":[[[20.137708,54.944084],[20.137708,54.943952],[20.137748,54.943952],[20.137749,54.943938],[20.137755,54.943927],[20.137775,54.943914],[20.137803,54.943908],[20.137812,54.943908],[20.138091,54.943909],[20.138089,54.943953],[20.138123,54.943954],[20.138139,54.943958],[20.138147,54.943966],[20.138147,54.943976],[20.13814,54.943984],[20.138124,54.943989],[20.138088,54.943989],[20.138086,54.944136],[20.138077,54.944154],[20.138062,54.94416],[20.138042,54.944162],[20.138022,54.944158],[20.138008,54.944149],[20.138002,54.94414],[20.137946,54.944141],[20.137947,54.944032],[20.137754,54.944031],[20.137753,54.944084],[20.137708,54.944084]]]}},{"type":"Feature","properties":{"kind":"building","name":"","osm":"way/241072636"},"geometry":{"type":"Polygon","coordinates":[[[20.137823,54.942767],[20.137835,54.942736],[20.137826,54.942734],[20.137858,54.942655],[20.137995,54.942672],[20.137963,54.942751],[20.137952,54.94275],[20.13794,54.942781],[20.137823,54.942767]]]}},{"type":"Feature","properties":{"kind":"building","name":"","osm":"way/241072637"},"geometry":{"type":"Polygon","coordinates":[[[20.138694,54.94337],[20.138818,54.943384],[20.138855,54.943273],[20.138732,54.943259],[20.138694,54.94337]]]}},{"type":"Feature","properties":{"kind":"building","name":"","osm":"way/241072638"},"geometry":{"type":"Polygon","coordinates":[[[20.156005,54.941309],[20.156107,54.941349],[20.156163,54.941371],[20.156275,54.941275],[20.156118,54.941214],[20.156005,54.941309]]]}},{"type":"Feature","properties":{"kind":"building","name":"Навигатор","osm":"way/241072640"},"geometry":{"type":"Polygon","coordinates":[[[20.140077,54.943449],[20.140077,54.943521],[20.140169,54.943521],[20.14019,54.943521],[20.14019,54.943449],[20.140077,54.943449]]]}},{"type":"Feature","properties":{"kind":"building","name":"","osm":"way/241072641"},"geometry":{"type":"Polygon","coordinates":[[[20.138475,54.9438],[20.138453,54.943898],[20.138628,54.943911],[20.13865,54.943813],[20.138475,54.9438]]]}},{"type":"Feature","properties":{"kind":"building","name":"","osm":"way/241072644"},"geometry":{"type":"Polygon","coordinates":[[[20.140532,54.943844],[20.140527,54.943942],[20.140668,54.943944],[20.140672,54.943846],[20.140532,54.943844]]]}},{"type":"Feature","properties":{"kind":"building","name":"","osm":"way/241072645"},"geometry":{"type":"Polygon","coordinates":[[[20.155556,54.941447],[20.155686,54.941471],[20.155742,54.941374],[20.155612,54.941347],[20.155556,54.941447]]]}},{"type":"Feature","properties":{"kind":"building","name":"","osm":"way/241072646"},"geometry":{"type":"Polygon","coordinates":[[[20.140889,54.943419],[20.140889,54.943499],[20.140991,54.943499],[20.140991,54.943419],[20.140889,54.943419]]]}},{"type":"Feature","properties":{"kind":"building","name":"","osm":"way/241072647"},"geometry":{"type":"Polygon","coordinates":[[[20.139868,54.9438],[20.140027,54.943792],[20.140015,54.943716],[20.139857,54.943724],[20.139868,54.9438]]]}},{"type":"Feature","properties":{"kind":"building","name":"Вилла Готланд","osm":"way/241072649"},"geometry":{"type":"Polygon","coordinates":[[[20.139472,54.943134],[20.139372,54.943119],[20.139416,54.943016],[20.139445,54.94302],[20.139472,54.942957],[20.139619,54.942978],[20.139585,54.943058],[20.139622,54.943063],[20.139629,54.943048],[20.139681,54.943055],[20.139688,54.943038],[20.139813,54.943056],[20.13978,54.943135],[20.139698,54.943123],[20.139677,54.94313],[20.139485,54.943103],[20.139472,54.943134]]]}},{"type":"Feature","properties":{"kind":"building","name":"","osm":"way/241072650"},"geometry":{"type":"Polygon","coordinates":[[[20.141306,54.943632],[20.141411,54.943639],[20.14143,54.943543],[20.141325,54.943536],[20.141306,54.943632]]]}},{"type":"Feature","properties":{"kind":"building","name":"","osm":"way/241072656"},"geometry":{"type":"Polygon","coordinates":[[[20.139056,54.943863],[20.139079,54.94365],[20.13898,54.943646],[20.138958,54.94386],[20.139056,54.943863]]]}},{"type":"Feature","properties":{"kind":"building","name":"","osm":"way/241072657"},"geometry":{"type":"Polygon","coordinates":[[[20.155656,54.941648],[20.155873,54.941734],[20.156069,54.941576],[20.155894,54.941502],[20.155837,54.941544],[20.155752,54.941506],[20.155614,54.941601],[20.15568,54.941628],[20.155656,54.941648]]]}},{"type":"Feature","properties":{"kind":"building","name":"","osm":"way/241072658"},"geometry":{"type":"Polygon","coordinates":[[[20.137718,54.943632],[20.13786,54.943649],[20.137903,54.943532],[20.137761,54.943515],[20.137718,54.943632]]]}},{"type":"Feature","properties":{"kind":"building","name":"","osm":"way/241072663"},"geometry":{"type":"Polygon","coordinates":[[[20.140862,54.944558],[20.140983,54.94458],[20.141055,54.94445],[20.140934,54.944428],[20.140862,54.944558]]]}},{"type":"Feature","properties":{"kind":"building","name":"","osm":"way/241072664"},"geometry":{"type":"Polygon","coordinates":[[[20.139279,54.943497],[20.139444,54.943507],[20.139466,54.943396],[20.139301,54.943385],[20.139279,54.943497]]]}},{"type":"Feature","properties":{"kind":"building","name":"","osm":"way/241072666"},"geometry":{"type":"Polygon","coordinates":[[[20.138426,54.942942],[20.138538,54.942961],[20.138597,54.942847],[20.138485,54.942828],[20.138426,54.942942]]]}},{"type":"Feature","properties":{"kind":"building","name":"","osm":"way/241072667"},"geometry":{"type":"Polygon","coordinates":[[[20.141276,54.944598],[20.141472,54.944622],[20.141525,54.944483],[20.141329,54.944458],[20.141276,54.944598]]]}},{"type":"Feature","properties":{"kind":"building","name":"","osm":"way/241072670"},"geometry":{"type":"Polygon","coordinates":[[[20.138743,54.943031],[20.138892,54.943057],[20.138929,54.942986],[20.13878,54.94296],[20.138743,54.943031]]]}},{"type":"Feature","properties":{"kind":"building","name":"","osm":"way/241072671"},"geometry":{"type":"Polygon","coordinates":[[[20.137857,54.943235],[20.138046,54.943253],[20.138084,54.943127],[20.137895,54.943108],[20.137857,54.943235]]]}},{"type":"Feature","properties":{"kind":"building","name":"","osm":"way/241072672"},"geometry":{"type":"Polygon","coordinates":[[[20.139269,54.943833],[20.139245,54.943952],[20.13945,54.943965],[20.139473,54.943846],[20.139269,54.943833]]]}},{"type":"Feature","properties":{"kind":"building","name":"","osm":"way/241072673"},"geometry":{"type":"Polygon","coordinates":[[[20.141325,54.944042],[20.14146,54.94405],[20.141479,54.943941],[20.141344,54.943933],[20.141325,54.944042]]]}},{"type":"Feature","properties":{"kind":"building","name":"","osm":"way/241072674"},"geometry":{"type":"Polygon","coordinates":[[[20.139113,54.942997],[20.139095,54.943044],[20.139213,54.943059],[20.139231,54.943013],[20.139113,54.942997]]]}},{"type":"Feature","properties":{"kind":"building","name":"","osm":"way/241076210"},"geometry":{"type":"Polygon","coordinates":[[[20.137981,54.938582],[20.138008,54.938431],[20.137848,54.938421],[20.137821,54.938572],[20.137981,54.938582]]]}},{"type":"Feature","properties":{"kind":"road","name":"","osm":"way/246977863","highway":"footway","access":"","foot":""},"geometry":{"type":"LineString","coordinates":[[20.158721,54.938272],[20.158989,54.938288],[20.159018,54.938188],[20.15899,54.938097],[20.158943,54.937836],[20.158912,54.937786]]}},{"type":"Feature","properties":{"kind":"road","name":"","osm":"way/246977864","highway":"footway","access":"","foot":""},"geometry":{"type":"LineString","coordinates":[[20.152961,54.938284],[20.152756,54.938308],[20.151192,54.939162],[20.150426,54.939275],[20.149838,54.939331],[20.149304,54.939348],[20.149128,54.939416],[20.148738,54.939431],[20.147582,54.939417],[20.147519,54.939442],[20.147335,54.939511]]}},{"type":"Feature","properties":{"kind":"building","name":"","osm":"way/276202364"},"geometry":{"type":"Polygon","coordinates":[[[20.160751,54.938236],[20.160752,54.938268],[20.160786,54.938268],[20.160786,54.938298],[20.161013,54.938297],[20.161013,54.938234],[20.161068,54.938234],[20.161067,54.938189],[20.161016,54.938189],[20.161016,54.938172],[20.160867,54.938173],[20.160867,54.938188],[20.160784,54.938188],[20.160785,54.938235],[20.160751,54.938236]]]}},{"type":"Feature","properties":{"kind":"road","name":"","osm":"way/276202365","highway":"cycleway","access":"","foot":"yes"},"geometry":{"type":"LineString","coordinates":[[20.16355,54.945338],[20.163598,54.944313],[20.16354,54.943504],[20.163518,54.943385]]}},{"type":"Feature","properties":{"kind":"building","name":"","osm":"way/276202390"},"geometry":{"type":"Polygon","coordinates":[[[20.161577,54.938313],[20.161722,54.938373],[20.161883,54.938245],[20.161785,54.938204],[20.161688,54.938281],[20.161641,54.938262],[20.161577,54.938313]]]}},{"type":"Feature","properties":{"kind":"road","name":"","osm":"way/288704019","highway":"service","access":"","foot":""},"geometry":{"type":"LineString","coordinates":[[20.145471,54.94173],[20.146017,54.94149]]}},{"type":"Feature","properties":{"kind":"road","name":"","osm":"way/288704025","highway":"path","access":"","foot":""},"geometry":{"type":"LineString","coordinates":[[20.148321,54.942281],[20.14856,54.941933]]}},{"type":"Feature","properties":{"kind":"road","name":"","osm":"way/288704026","highway":"footway","access":"","foot":""},"geometry":{"type":"LineString","coordinates":[[20.155912,54.941879],[20.155936,54.941896],[20.155958,54.941912],[20.156441,54.942257]]}},{"type":"Feature","properties":{"kind":"road","name":"","osm":"way/288704029","highway":"steps","access":"","foot":""},"geometry":{"type":"LineString","coordinates":[[20.148072,54.94278],[20.148321,54.942281]]}},{"type":"Feature","properties":{"kind":"road","name":"Кривые зеркала","osm":"way/288704049","highway":"footway","access":"","foot":""},"geometry":{"type":"LineString","coordinates":[[20.149179,54.944186],[20.14917,54.94414],[20.149106,54.943795],[20.14899,54.943783]]}},{"type":"Feature","properties":{"kind":"road","name":"Майский проезд","osm":"way/290793665","highway":"tertiary","access":"","foot":""},"geometry":{"type":"LineString","coordinates":[[20.142145,54.936042],[20.142166,54.936065],[20.142252,54.936158],[20.142438,54.936331],[20.142716,54.936647],[20.143032,54.936929],[20.143202,54.937106],[20.143325,54.937248],[20.143517,54.937506],[20.143749,54.937829],[20.143815,54.937927],[20.14397,54.93806],[20.144157,54.938178],[20.144372,54.938289],[20.144627,54.938386],[20.145034,54.938531],[20.14549,54.938775],[20.145848,54.938984],[20.14602,54.939079],[20.146322,54.939171],[20.146708,54.939217],[20.14683,54.939227],[20.147097,54.939247],[20.147255,54.939288],[20.147355,54.939331],[20.14747,54.93939],[20.147514,54.939428],[20.147519,54.939442],[20.147527,54.939468],[20.147541,54.939519]]}},{"type":"Feature","properties":{"kind":"road","name":"","osm":"way/290793670","highway":"service","access":"","foot":""},"geometry":{"type":"LineString","coordinates":[[20.14751,54.939313],[20.14755,54.939314],[20.148047,54.939319]]}},{"type":"Feature","properties":{"kind":"road","name":"","osm":"way/290793671","highway":"service","access":"","foot":""},"geometry":{"type":"LineString","coordinates":[[20.147514,54.939428],[20.14751,54.939313],[20.147608,54.939153]]}},{"type":"Feature","properties":{"kind":"road","name":"","osm":"way/290960147","highway":"footway","access":"","foot":""},"geometry":{"type":"LineString","coordinates":[[20.141089,54.940688],[20.137834,54.941247]]}},{"type":"Feature","properties":{"kind":"road","name":"","osm":"way/290960148","highway":"footway","access":"","foot":""},"geometry":{"type":"LineString","coordinates":[[20.141113,54.940745],[20.142635,54.940497],[20.14272,54.940483],[20.144122,54.940255],[20.144459,54.940193],[20.144771,54.940114],[20.145881,54.939738],[20.146156,54.939674],[20.146382,54.939622],[20.147335,54.939511]]}},{"type":"Feature","properties":{"kind":"road","name":"","osm":"way/290963602","highway":"footway","access":"","foot":""},"geometry":{"type":"LineString","coordinates":[[20.141199,54.940815],[20.142204,54.94065],[20.142668,54.940578],[20.143165,54.940496],[20.144165,54.940331],[20.144505,54.940266],[20.144835,54.940186],[20.145933,54.939814],[20.146427,54.939697],[20.146972,54.939631],[20.147547,54.939563],[20.147969,54.939546],[20.148143,54.939552],[20.149033,54.939582],[20.149143,54.9396],[20.149278,54.939606]]}},{"type":"Feature","properties":{"kind":"road","name":"","osm":"way/290963603","highway":"footway","access":"","foot":""},"geometry":{"type":"LineString","coordinates":[[20.149278,54.939606],[20.149464,54.939602],[20.149539,54.939581],[20.150405,54.939476],[20.150995,54.939392],[20.151107,54.939355],[20.151301,54.939285],[20.151323,54.939277],[20.152596,54.938544],[20.152784,54.93847],[20.152989,54.938427],[20.153693,54.938325],[20.154869,54.938184],[20.154933,54.938176],[20.155223,54.938143],[20.155697,54.938215],[20.155699,54.938193],[20.155681,54.938124],[20.155759,54.938124],[20.157116,54.938237],[20.157227,54.938278],[20.157558,54.938296],[20.157674,54.938266],[20.158173,54.938317],[20.158259,54.938323],[20.158735,54.938338]]}},{"type":"Feature","properties":{"kind":"road","name":"","osm":"way/290963604","highway":"steps","access":"","foot":""},"geometry":{"type":"LineString","coordinates":[[20.142204,54.94065],[20.142262,54.940755]]}},{"type":"Feature","properties":{"kind":"road","name":"","osm":"way/290963605","highway":"footway","access":"","foot":""},"geometry":{"type":"LineString","coordinates":[[20.142262,54.940755],[20.142404,54.941029],[20.141661,54.941154],[20.141716,54.941267],[20.141557,54.941447]]}},{"type":"Feature","properties":{"kind":"building","name":"","osm":"way/291968556"},"geometry":{"type":"Polygon","coordinates":[[[20.15683,54.940752],[20.156966,54.940826],[20.157089,54.940753],[20.156903,54.94064],[20.15682,54.940681],[20.156884,54.94072],[20.15683,54.940752]]]}},{"type":"Feature","properties":{"kind":"building","name":"","osm":"way/291968557"},"geometry":{"type":"Polygon","coordinates":[[[20.156005,54.941309],[20.155922,54.94138],[20.156024,54.941419],[20.156107,54.941349],[20.156005,54.941309]]]}},{"type":"Feature","properties":{"kind":"road","name":"","osm":"way/291968558","highway":"footway","access":"","foot":""},"geometry":{"type":"LineString","coordinates":[[20.156065,54.943243],[20.156069,54.943139]]}},{"type":"Feature","properties":{"kind":"road","name":"","osm":"way/291968559","highway":"footway","access":"","foot":""},"geometry":{"type":"LineString","coordinates":[[20.156061,54.94334],[20.156065,54.943243]]}},{"type":"Feature","properties":{"kind":"road","name":"","osm":"way/291968560","highway":"footway","access":"","foot":""},"geometry":{"type":"LineString","coordinates":[[20.156003,54.944092],[20.156061,54.94334]]}},{"type":"Feature","properties":{"kind":"road","name":"Калининградский проспект","osm":"way/292423246","highway":"primary","access":"","foot":""},"geometry":{"type":"LineString","coordinates":[[20.157686,54.938227],[20.155763,54.938081],[20.155637,54.938077]]}},{"type":"Feature","properties":{"kind":"road","name":"","osm":"way/292423249","highway":"footway","access":"","foot":""},"geometry":{"type":"LineString","coordinates":[[20.149143,54.9396],[20.149137,54.939535],[20.149128,54.939416]]}},{"type":"Feature","properties":{"kind":"road","name":"","osm":"way/292423250","highway":"footway","access":"","foot":""},"geometry":{"type":"LineString","coordinates":[[20.157674,54.938266],[20.157686,54.938227],[20.157699,54.938188]]}},{"type":"Feature","properties":{"kind":"road","name":"Аптечная улица","osm":"way/297368193","highway":"path","access":"","foot":""},"geometry":{"type":"LineString","coordinates":[[20.151296,54.940449],[20.151477,54.940616],[20.152168,54.940818]]}},{"type":"Feature","properties":{"kind":"road","name":"Аптечная улица","osm":"way/297368194","highway":"residential","access":"","foot":""},"geometry":{"type":"LineString","coordinates":[[20.154605,54.942939],[20.154538,54.942914],[20.153776,54.942623],[20.153749,54.94259],[20.153219,54.941766]]}},{"type":"Feature","properties":{"kind":"building","name":"Вика","osm":"way/297368195"},"geometry":{"type":"Polygon","coordinates":[[[20.154866,54.942994],[20.1549,54.943023],[20.154941,54.942992],[20.154974,54.943005],[20.155027,54.94295],[20.155044,54.942956],[20.15512,54.942888],[20.155075,54.942844],[20.154978,54.942811],[20.15495,54.94285],[20.154948,54.942874],[20.154885,54.942894],[20.15485,54.942931],[20.154843,54.942966],[20.154866,54.942994]]]}},{"type":"Feature","properties":{"kind":"road","name":"","osm":"way/297368196","highway":"path","access":"","foot":""},"geometry":{"type":"LineString","coordinates":[[20.152723,54.941441],[20.152283,54.941356],[20.151849,54.941361],[20.151131,54.941369]]}},{"type":"Feature","properties":{"kind":"building","name":"","osm":"way/297368536"},"geometry":{"type":"Polygon","coordinates":[[[20.149666,54.940563],[20.149744,54.940546],[20.149818,54.940529],[20.149759,54.940431],[20.149507,54.940479],[20.149536,54.940529],[20.149496,54.940537],[20.14953,54.940597],[20.149506,54.940601],[20.149539,54.940658],[20.149516,54.940663],[20.14954,54.940705],[20.149554,54.940703],[20.149598,54.940774],[20.149715,54.94075],[20.149708,54.940736],[20.149836,54.940709],[20.149804,54.940659],[20.149732,54.940675],[20.149666,54.940563]]]}},{"type":"Feature","properties":{"kind":"road","name":"","osm":"way/297368537","highway":"service","access":"","foot":""},"geometry":{"type":"LineString","coordinates":[[20.150651,54.941372],[20.150185,54.940841],[20.149987,54.940886],[20.149563,54.940981]]}},{"type":"Feature","properties":{"kind":"road","name":"Калининградский проспект","osm":"way/298627637","highway":"primary","access":"","foot":""},"geometry":{"type":"LineString","coordinates":[[20.147541,54.939519],[20.146934,54.939596],[20.146396,54.939662],[20.14619,54.939708],[20.145927,54.939767],[20.144808,54.940151],[20.144479,54.940227],[20.144133,54.940289]]}},{"type":"Feature","properties":{"kind":"road","name":"Калининградский проспект","osm":"way/298627639","highway":"primary","access":"","foot":""},"geometry":{"type":"LineString","coordinates":[[20.15898,54.938324],[20.158741,54.938309],[20.158628,54.938305]]}},{"type":"Feature","properties":{"kind":"road","name":"Калининградский проспект","osm":"way/298627641","highway":"primary","access":"","foot":""},"geometry":{"type":"LineString","coordinates":[[20.161682,54.938033],[20.161557,54.93805],[20.160317,54.938215]]}},{"type":"Feature","properties":{"kind":"road","name":"","osm":"way/298627642","highway":"footway","access":"","foot":""},"geometry":{"type":"LineString","coordinates":[[20.155236,54.945279],[20.155477,54.945189]]}},{"type":"Feature","properties":{"kind":"road","name":"","osm":"way/298627643","highway":"steps","access":"","foot":""},"geometry":{"type":"LineString","coordinates":[[20.145397,54.945668],[20.145372,54.945648],[20.145369,54.945631],[20.145376,54.945613],[20.145418,54.945578]]}},{"type":"Feature","properties":{"kind":"road","name":"","osm":"way/298627644","highway":"footway","access":"","foot":""},"geometry":{"type":"LineString","coordinates":[[20.155541,54.945125],[20.155772,54.945224],[20.155698,54.945429]]}},{"type":"Feature","properties":{"kind":"road","name":"","osm":"way/298627645","highway":"footway","access":"","foot":""},"geometry":{"type":"LineString","coordinates":[[20.142635,54.940497],[20.14265,54.940533],[20.142668,54.940578]]}},{"type":"Feature","properties":{"kind":"road","name":"улица Динамо","osm":"way/298627646","highway":"residential","access":"","foot":""},"geometry":{"type":"LineString","coordinates":[[20.155477,54.945189],[20.155307,54.945158],[20.152578,54.944648],[20.152486,54.944632]]}},{"type":"Feature","properties":{"kind":"road","name":"улица Ленина","osm":"way/298627647","highway":"residential","access":"","foot":""},"geometry":{"type":"LineString","coordinates":[[20.141256,54.94309],[20.137636,54.942293],[20.136922,54.942135],[20.13638,54.941992],[20.136059,54.941906],[20.135664,54.94178],[20.135589,54.941756]]}},{"type":"Feature","properties":{"kind":"road","name":"улица Ленина","osm":"way/298627648","highway":"residential","access":"","foot":""},"geometry":{"type":"LineString","coordinates":[[20.156425,54.944119],[20.156003,54.944092],[20.155826,54.944088],[20.154574,54.944065],[20.153278,54.944062],[20.153145,54.944062]]}},{"type":"Feature","properties":{"kind":"road","name":"Калининградский проспект","osm":"way/298663801","highway":"primary","access":"","foot":""},"geometry":{"type":"LineString","coordinates":[[20.155637,54.938077],[20.155453,54.938078],[20.154868,54.938144]]}},{"type":"Feature","properties":{"kind":"building","name":"","osm":"way/307459552"},"geometry":{"type":"Polygon","coordinates":[[[20.14805,54.942517],[20.148126,54.942396],[20.147785,54.942316],[20.147696,54.942442],[20.14805,54.942517]]]}},{"type":"Feature","properties":{"kind":"building","name":"","osm":"way/307459553"},"geometry":{"type":"Polygon","coordinates":[[[20.14829,54.942539],[20.148373,54.942441],[20.148829,54.942568],[20.148746,54.942667],[20.14829,54.942539]]]}},{"type":"Feature","properties":{"kind":"road","name":"улица Пушкина","osm":"way/307459554","highway":"residential","access":"","foot":"yes"},"geometry":{"type":"LineString","coordinates":[[20.145914,54.942717],[20.145675,54.943446]]}},{"type":"Feature","properties":{"kind":"building","name":"","osm":"way/309952748"},"geometry":{"type":"Polygon","coordinates":[[[20.157751,54.941959],[20.158217,54.941847],[20.158131,54.941729],[20.157665,54.941841],[20.157751,54.941959]]]}},{"type":"Feature","properties":{"kind":"road","name":"улица Гагарина","osm":"way/309952761","highway":"tertiary","access":"","foot":""},"geometry":{"type":"LineString","coordinates":[[20.158358,54.938643],[20.158286,54.938644],[20.158234,54.938643],[20.158186,54.938636],[20.158138,54.938625],[20.158091,54.938605],[20.158062,54.93858]]}},{"type":"Feature","properties":{"kind":"road","name":"улица Ленина","osm":"way/309952762","highway":"residential","access":"","foot":""},"geometry":{"type":"LineString","coordinates":[[20.166392,54.942681],[20.165215,54.942969],[20.164733,54.9431]]}},{"type":"Feature","properties":{"kind":"building","name":"","osm":"way/313028042"},"geometry":{"type":"Polygon","coordinates":[[[20.154841,54.942278],[20.155014,54.942343],[20.154963,54.942388],[20.154789,54.942324],[20.154841,54.942278]]]}},{"type":"Feature","properties":{"kind":"building","name":"","osm":"way/313501138"},"geometry":{"type":"Polygon","coordinates":[[[20.158526,54.940406],[20.158673,54.940262],[20.15864,54.940251],[20.158667,54.940226],[20.158482,54.940162],[20.158455,54.940188],[20.158422,54.940177],[20.158275,54.940322],[20.158308,54.940333],[20.158282,54.940356],[20.158468,54.94042],[20.158494,54.940396],[20.158526,54.940406]]]}},{"type":"Feature","properties":{"kind":"building","name":"","osm":"way/313501139"},"geometry":{"type":"Polygon","coordinates":[[[20.160493,54.937955],[20.160266,54.938024],[20.160284,54.93804],[20.160258,54.938053],[20.160268,54.938061],[20.160364,54.938064],[20.16042,54.938057],[20.160426,54.938066],[20.160465,54.938054],[20.160459,54.938046],[20.160497,54.938025],[20.16054,54.937976],[20.160538,54.937968],[20.160506,54.937971],[20.160493,54.937955]]]}},{"type":"Feature","properties":{"kind":"building","name":"","osm":"way/313501152"},"geometry":{"type":"Polygon","coordinates":[[[20.156197,54.940797],[20.156276,54.940824],[20.156399,54.940703],[20.156321,54.940677],[20.156197,54.940797]]]}},{"type":"Feature","properties":{"kind":"building","name":"","osm":"way/313501153"},"geometry":{"type":"Polygon","coordinates":[[[20.159883,54.938808],[20.159894,54.938694],[20.159368,54.938677],[20.159357,54.938792],[20.159883,54.938808]]]}},{"type":"Feature","properties":{"kind":"building","name":"","osm":"way/313501162"},"geometry":{"type":"Polygon","coordinates":[[[20.15892,54.941234],[20.15917,54.941569],[20.159484,54.941491],[20.159425,54.941412],[20.159349,54.941431],[20.15922,54.941259],[20.159308,54.941237],[20.159246,54.941153],[20.15892,54.941234]]]}},{"type":"Feature","properties":{"kind":"building","name":"","osm":"way/313501164"},"geometry":{"type":"Polygon","coordinates":[[[20.158288,54.939471],[20.158121,54.939639],[20.158279,54.93969],[20.15835,54.939611],[20.158612,54.939696],[20.158539,54.939775],[20.158698,54.939828],[20.158865,54.939659],[20.158288,54.939471]]]}},{"type":"Feature","properties":{"kind":"building","name":"","osm":"way/313501476"},"geometry":{"type":"Polygon","coordinates":[[[20.163433,54.941117],[20.163635,54.941109],[20.163633,54.941083],[20.163738,54.941079],[20.163739,54.941096],[20.163846,54.941091],[20.16385,54.941138],[20.164067,54.941132],[20.164056,54.941011],[20.163917,54.941018],[20.163915,54.941001],[20.163803,54.941004],[20.163799,54.94098],[20.163683,54.940984],[20.16368,54.940965],[20.163566,54.940967],[20.163568,54.940988],[20.163417,54.940993],[20.163433,54.941117]]]}},{"type":"Feature","properties":{"kind":"building","name":"","osm":"way/313503647"},"geometry":{"type":"Polygon","coordinates":[[[20.153486,54.944236],[20.15364,54.944237],[20.153644,54.94412],[20.153488,54.944119],[20.153486,54.944236]]]}},{"type":"Feature","properties":{"kind":"building","name":"","osm":"way/313504451"},"geometry":{"type":"Polygon","coordinates":[[[20.154831,54.942204],[20.154944,54.942249],[20.15504,54.942169],[20.154927,54.942124],[20.154831,54.942204]]]}},{"type":"Feature","properties":{"kind":"building","name":"","osm":"way/313504453"},"geometry":{"type":"Polygon","coordinates":[[[20.156834,54.940609],[20.156903,54.94058],[20.156841,54.940531],[20.156772,54.940561],[20.156834,54.940609]]]}},{"type":"Feature","properties":{"kind":"building","name":"","osm":"way/313504454"},"geometry":{"type":"Polygon","coordinates":[[[20.156867,54.940168],[20.156952,54.940248],[20.156997,54.940233],[20.157177,54.94017],[20.157094,54.940091],[20.156867,54.940168]]]}},{"type":"Feature","properties":{"kind":"building","name":"","osm":"way/313504456"},"geometry":{"type":"Polygon","coordinates":[[[20.154498,54.942383],[20.15462,54.942428],[20.154492,54.942544],[20.154706,54.942622],[20.154834,54.942506],[20.154755,54.942477],[20.154806,54.942431],[20.154872,54.942371],[20.154615,54.942277],[20.154498,54.942383]]]}},{"type":"Feature","properties":{"kind":"building","name":"","osm":"way/313506532"},"geometry":{"type":"Polygon","coordinates":[[[20.155619,54.939252],[20.155905,54.939289],[20.155954,54.93916],[20.155668,54.939124],[20.155619,54.939252]]]}},{"type":"Feature","properties":{"kind":"building","name":"","osm":"way/313506533"},"geometry":{"type":"Polygon","coordinates":[[[20.155732,54.939068],[20.155744,54.939032],[20.155724,54.939027],[20.155712,54.939017],[20.155712,54.939004],[20.155723,54.938994],[20.155742,54.938988],[20.15576,54.938989],[20.155773,54.938953],[20.155838,54.938961],[20.15584,54.938957],[20.155855,54.938947],[20.155876,54.938945],[20.155896,54.938949],[20.155909,54.938959],[20.155911,54.938965],[20.15591,54.93897],[20.155975,54.938977],[20.155964,54.939003],[20.155972,54.939004],[20.155993,54.939014],[20.156005,54.939028],[20.156005,54.939043],[20.155993,54.939057],[20.155971,54.939066],[20.155952,54.939069],[20.155943,54.939068],[20.155934,54.939092],[20.155869,54.939084],[20.155864,54.939096],[20.155849,54.939105],[20.155828,54.939108],[20.155808,54.939103],[20.155795,54.939093],[20.155793,54.939081],[20.155797,54.939076],[20.155732,54.939068]]]}},{"type":"Feature","properties":{"kind":"road","name":"переулок Верещагина","osm":"way/313509775","highway":"residential","access":"","foot":""},"geometry":{"type":"LineString","coordinates":[[20.164822,54.943934],[20.165691,54.94383],[20.165838,54.943829],[20.165888,54.944585]]}},{"type":"Feature","properties":{"kind":"building","name":"","osm":"way/313509777"},"geometry":{"type":"Polygon","coordinates":[[[20.165033,54.943948],[20.16505,54.944125],[20.165252,54.944118],[20.165234,54.943942],[20.165033,54.943948]]]}},{"type":"Feature","properties":{"kind":"building","name":"","osm":"way/313509779"},"geometry":{"type":"Polygon","coordinates":[[[20.164424,54.944093],[20.16441,54.94396],[20.164231,54.943966],[20.164245,54.944099],[20.164424,54.944093]]]}},{"type":"Feature","properties":{"kind":"building","name":"","osm":"way/313509780"},"geometry":{"type":"Polygon","coordinates":[[[20.165293,54.944188],[20.165033,54.944197],[20.165044,54.944307],[20.165304,54.944298],[20.165293,54.944188]]]}},{"type":"Feature","properties":{"kind":"building","name":"","osm":"way/313509782"},"geometry":{"type":"Polygon","coordinates":[[[20.165595,54.944653],[20.165638,54.944652],[20.165638,54.944582],[20.165589,54.944584],[20.165595,54.944653]]]}},{"type":"Feature","properties":{"kind":"building","name":"","osm":"way/313509806"},"geometry":{"type":"Polygon","coordinates":[[[20.157568,54.939304],[20.157534,54.939408],[20.157697,54.939423],[20.157664,54.939529],[20.157826,54.939547],[20.157894,54.93934],[20.157568,54.939304]]]}},{"type":"Feature","properties":{"kind":"road","name":"переулок Гагарина","osm":"way/313509858","highway":"service","access":"","foot":""},"geometry":{"type":"LineString","coordinates":[[20.156686,54.940169],[20.156843,54.939945],[20.157077,54.939531],[20.157219,54.939425],[20.15725,54.939374],[20.157237,54.939337],[20.157099,54.939297]]}},{"type":"Feature","properties":{"kind":"building","name":"","osm":"way/313509896"},"geometry":{"type":"Polygon","coordinates":[[[20.15523,54.940014],[20.155113,54.940037],[20.155206,54.940198],[20.155323,54.940175],[20.15523,54.940014]]]}},{"type":"Feature","properties":{"kind":"building","name":"","osm":"way/313509897"},"geometry":{"type":"Polygon","coordinates":[[[20.155481,54.939718],[20.155419,54.939613],[20.155333,54.93963],[20.155395,54.939735],[20.155481,54.939718]]]}},{"type":"Feature","properties":{"kind":"building","name":"","osm":"way/313509898"},"geometry":{"type":"Polygon","coordinates":[[[20.154201,54.940957],[20.154086,54.940999],[20.154152,54.941058],[20.154266,54.941016],[20.154201,54.940957]]]}},{"type":"Feature","properties":{"kind":"building","name":"","osm":"way/313509899"},"geometry":{"type":"Polygon","coordinates":[[[20.153224,54.941362],[20.153438,54.941536],[20.153627,54.941459],[20.153413,54.941285],[20.153224,54.941362]]]}},{"type":"Feature","properties":{"kind":"building","name":"","osm":"way/313509900"},"geometry":{"type":"Polygon","coordinates":[[[20.156024,54.939873],[20.155775,54.93994],[20.155823,54.939999],[20.156072,54.939933],[20.156024,54.939873]]]}},{"type":"Feature","properties":{"kind":"building","name":"","osm":"way/313509901"},"geometry":{"type":"Polygon","coordinates":[[[20.155411,54.93982],[20.155533,54.939795],[20.155497,54.939737],[20.155376,54.939762],[20.155411,54.93982]]]}},{"type":"Feature","properties":{"kind":"building","name":"","osm":"way/313509902"},"geometry":{"type":"Polygon","coordinates":[[[20.154471,54.940924],[20.154304,54.94099],[20.154421,54.941087],[20.154588,54.941021],[20.154471,54.940924]]]}},{"type":"Feature","properties":{"kind":"building","name":"","osm":"way/313509923"},"geometry":{"type":"Polygon","coordinates":[[[20.165636,54.942261],[20.16557,54.942105],[20.165384,54.94213],[20.165449,54.942287],[20.165636,54.942261]]]}},{"type":"Feature","properties":{"kind":"building","name":"","osm":"way/313509926"},"geometry":{"type":"Polygon","coordinates":[[[20.165134,54.941772],[20.164942,54.941818],[20.165057,54.941976],[20.16525,54.94193],[20.165134,54.941772]]]}},{"type":"Feature","properties":{"kind":"building","name":"","osm":"way/313509928"},"geometry":{"type":"Polygon","coordinates":[[[20.163794,54.942796],[20.163743,54.942737],[20.163613,54.942775],[20.163664,54.942833],[20.163794,54.942796]]]}},{"type":"Feature","properties":{"kind":"building","name":"","osm":"way/313509929"},"geometry":{"type":"Polygon","coordinates":[[[20.164341,54.941963],[20.164418,54.942068],[20.164575,54.942031],[20.164499,54.941925],[20.164341,54.941963]]]}},{"type":"Feature","properties":{"kind":"building","name":"","osm":"way/313509930"},"geometry":{"type":"Polygon","coordinates":[[[20.16353,54.941649],[20.163361,54.941696],[20.163464,54.941817],[20.163633,54.941769],[20.16353,54.941649]]]}},{"type":"Feature","properties":{"kind":"building","name":"","osm":"way/313509931"},"geometry":{"type":"Polygon","coordinates":[[[20.161528,54.942521],[20.161598,54.942591],[20.161842,54.942516],[20.161772,54.942446],[20.161528,54.942521]]]}},{"type":"Feature","properties":{"kind":"building","name":"","osm":"way/313509934"},"geometry":{"type":"Polygon","coordinates":[[[20.16539,54.941886],[20.165602,54.941844],[20.16553,54.941724],[20.165318,54.941766],[20.16539,54.941886]]]}},{"type":"Feature","properties":{"kind":"building","name":"","osm":"way/313509935"},"geometry":{"type":"Polygon","coordinates":[[[20.164249,54.941577],[20.164154,54.941578],[20.16416,54.941738],[20.164255,54.941736],[20.164249,54.941577]]]}},{"type":"Feature","properties":{"kind":"building","name":"","osm":"way/313509936"},"geometry":{"type":"Polygon","coordinates":[[[20.164398,54.942824],[20.164313,54.942708],[20.164043,54.942774],[20.164129,54.942889],[20.164398,54.942824]]]}},{"type":"Feature","properties":{"kind":"building","name":"","osm":"way/313509937"},"geometry":{"type":"Polygon","coordinates":[[[20.161131,54.94209],[20.160664,54.942202],[20.160786,54.942369],[20.161253,54.942257],[20.161131,54.94209]]]}},{"type":"Feature","properties":{"kind":"building","name":"","osm":"way/313509938"},"geometry":{"type":"Polygon","coordinates":[[[20.160445,54.942853],[20.160669,54.942874],[20.160718,54.942702],[20.160629,54.942694],[20.160554,54.942687],[20.160494,54.942681],[20.160445,54.942853]]]}},{"type":"Feature","properties":{"kind":"building","name":"","osm":"way/313509939"},"geometry":{"type":"Polygon","coordinates":[[[20.161712,54.94191],[20.161927,54.941844],[20.161835,54.941745],[20.16162,54.941811],[20.161712,54.94191]]]}},{"type":"Feature","properties":{"kind":"building","name":"","osm":"way/313509940"},"geometry":{"type":"Polygon","coordinates":[[[20.16413,54.942084],[20.164088,54.941956],[20.163917,54.941974],[20.163958,54.942102],[20.16413,54.942084]]]}},{"type":"Feature","properties":{"kind":"building","name":"","osm":"way/313509941"},"geometry":{"type":"Polygon","coordinates":[[[20.165638,54.94142],[20.165638,54.941282],[20.165594,54.941286],[20.165634,54.941421],[20.165638,54.94142]]]}},{"type":"Feature","properties":{"kind":"road","name":"","osm":"way/313510011","highway":"service","access":"","foot":""},"geometry":{"type":"LineString","coordinates":[[20.162984,54.942738],[20.161983,54.942783],[20.16181,54.94285]]}},{"type":"Feature","properties":{"kind":"building","name":"","osm":"way/313510012"},"geometry":{"type":"Polygon","coordinates":[[[20.161369,54.942855],[20.161441,54.942948],[20.161524,54.942928],[20.161558,54.942966],[20.161638,54.942948],[20.161675,54.942988],[20.161756,54.942968],[20.161817,54.943036],[20.161899,54.943015],[20.161933,54.943058],[20.162012,54.943038],[20.162043,54.943078],[20.162129,54.943058],[20.16216,54.943102],[20.16233,54.943063],[20.16226,54.94298],[20.162177,54.943003],[20.162142,54.94296],[20.162066,54.942981],[20.162029,54.942938],[20.161951,54.94296],[20.161914,54.942916],[20.161809,54.942944],[20.161738,54.942869],[20.161662,54.942887],[20.161627,54.942849],[20.161546,54.942869],[20.161507,54.94282],[20.161369,54.942855]]]}},{"type":"Feature","properties":{"kind":"building","name":"","osm":"way/313510013"},"geometry":{"type":"Polygon","coordinates":[[[20.162232,54.943276],[20.161973,54.943308],[20.162034,54.943468],[20.162293,54.943435],[20.162232,54.943276]]]}},{"type":"Feature","properties":{"kind":"building","name":"","osm":"way/313510014"},"geometry":{"type":"Polygon","coordinates":[[[20.159771,54.943204],[20.159617,54.943232],[20.159668,54.943324],[20.159823,54.943296],[20.159771,54.943204]]]}},{"type":"Feature","properties":{"kind":"building","name":"","osm":"way/313510015"},"geometry":{"type":"Polygon","coordinates":[[[20.162951,54.942937],[20.162765,54.94299],[20.162838,54.943075],[20.163025,54.943021],[20.162951,54.942937]]]}},{"type":"Feature","properties":{"kind":"building","name":"","osm":"way/313510017"},"geometry":{"type":"Polygon","coordinates":[[[20.162528,54.943322],[20.162413,54.943333],[20.162428,54.943385],[20.162544,54.943374],[20.162528,54.943322]]]}},{"type":"Feature","properties":{"kind":"building","name":"","osm":"way/313510018"},"geometry":{"type":"Polygon","coordinates":[[[20.160001,54.942445],[20.160015,54.94246],[20.159943,54.942481],[20.159978,54.942519],[20.159921,54.942536],[20.159981,54.942602],[20.160041,54.942584],[20.160064,54.942611],[20.160134,54.94259],[20.160111,54.942564],[20.160139,54.942555],[20.160161,54.942579],[20.160251,54.942552],[20.160238,54.942538],[20.160318,54.942515],[20.16022,54.942405],[20.160142,54.942428],[20.160124,54.942408],[20.160001,54.942445]]]}},{"type":"Feature","properties":{"kind":"building","name":"","osm":"way/313510019"},"geometry":{"type":"Polygon","coordinates":[[[20.159621,54.942969],[20.15957,54.942884],[20.159403,54.942918],[20.159454,54.943003],[20.159621,54.942969]]]}},{"type":"Feature","properties":{"kind":"building","name":"","osm":"way/313510020"},"geometry":{"type":"Polygon","coordinates":[[[20.160445,54.943523],[20.160276,54.94355],[20.160327,54.943657],[20.160497,54.94363],[20.160445,54.943523]]]}},{"type":"Feature","properties":{"kind":"building","name":"","osm":"way/313510021"},"geometry":{"type":"Polygon","coordinates":[[[20.162765,54.94299],[20.162951,54.942937],[20.16284,54.942813],[20.162652,54.942867],[20.162765,54.94299]]]}},{"type":"Feature","properties":{"kind":"building","name":"","osm":"way/313510022"},"geometry":{"type":"Polygon","coordinates":[[[20.162855,54.943326],[20.162722,54.943351],[20.162776,54.943443],[20.162908,54.943418],[20.162855,54.943326]]]}},{"type":"Feature","properties":{"kind":"building","name":"Прокуратура","osm":"way/313510071"},"geometry":{"type":"Polygon","coordinates":[[[20.162063,54.939665],[20.162273,54.939706],[20.162312,54.93964],[20.162255,54.939629],[20.162278,54.93959],[20.16221,54.939576],[20.162187,54.939616],[20.162102,54.939599],[20.162063,54.939665]]]}},{"type":"Feature","properties":{"kind":"building","name":"","osm":"way/313510072"},"geometry":{"type":"Polygon","coordinates":[[[20.161009,54.941295],[20.16116,54.941253],[20.161104,54.941187],[20.160953,54.941229],[20.161009,54.941295]]]}},{"type":"Feature","properties":{"kind":"building","name":"","osm":"way/313510073"},"geometry":{"type":"Polygon","coordinates":[[[20.157598,54.942682],[20.157531,54.942564],[20.157342,54.942599],[20.157409,54.942718],[20.157598,54.942682]]]}},{"type":"Feature","properties":{"kind":"building","name":"","osm":"way/313510074"},"geometry":{"type":"Polygon","coordinates":[[[20.162442,54.940149],[20.162477,54.940052],[20.16239,54.940041],[20.162355,54.940139],[20.162442,54.940149]]]}},{"type":"Feature","properties":{"kind":"building","name":"","osm":"way/313510075"},"geometry":{"type":"Polygon","coordinates":[[[20.15788,54.942647],[20.157777,54.942667],[20.157849,54.942794],[20.157953,54.942774],[20.15788,54.942647]]]}},{"type":"Feature","properties":{"kind":"building","name":"","osm":"way/313510076"},"geometry":{"type":"Polygon","coordinates":[[[20.16216,54.94016],[20.162088,54.94026],[20.162306,54.940312],[20.162378,54.940212],[20.16216,54.94016]]]}},{"type":"Feature","properties":{"kind":"building","name":"","osm":"way/313510077"},"geometry":{"type":"Polygon","coordinates":[[[20.16154,54.939639],[20.161807,54.93969],[20.161853,54.939611],[20.161585,54.93956],[20.16154,54.939639]]]}},{"type":"Feature","properties":{"kind":"building","name":"","osm":"way/313510078"},"geometry":{"type":"Polygon","coordinates":[[[20.157946,54.942152],[20.158,54.942249],[20.15821,54.942213],[20.158199,54.942195],[20.158297,54.942178],[20.158226,54.942065],[20.15807,54.942098],[20.158088,54.942125],[20.157946,54.942152]]]}},{"type":"Feature","properties":{"kind":"building","name":"","osm":"way/313510122"},"geometry":{"type":"Polygon","coordinates":[[[20.163201,54.940198],[20.163059,54.940199],[20.163061,54.940285],[20.163203,54.940284],[20.163201,54.940198]]]}},{"type":"Feature","properties":{"kind":"building","name":"","osm":"way/313510123"},"geometry":{"type":"Polygon","coordinates":[[[20.164226,54.939974],[20.164059,54.939968],[20.16405,54.94005],[20.164217,54.940057],[20.164226,54.939974]]]}},{"type":"Feature","properties":{"kind":"building","name":"","osm":"way/313510124"},"geometry":{"type":"Polygon","coordinates":[[[20.163448,54.940062],[20.163448,54.93998],[20.163524,54.93998],[20.163524,54.939973],[20.163712,54.939973],[20.163712,54.94007],[20.163524,54.94007],[20.163524,54.940062],[20.163448,54.940062]]]}},{"type":"Feature","properties":{"kind":"green","name":"","osm":"way/313510586"},"geometry":{"type":"Polygon","coordinates":[[[20.165638,54.948242],[20.165557,54.948233],[20.165307,54.948243],[20.16488,54.948158],[20.164515,54.948057],[20.163516,54.947809],[20.163074,54.947698],[20.162098,54.947483],[20.161987,54.947471],[20.161761,54.947432],[20.161593,54.94741],[20.161207,54.947319],[20.160971,54.947173],[20.16081,54.947128],[20.160582,54.947101],[20.160233,54.94708],[20.159912,54.94704],[20.159474,54.94699],[20.159069,54.946961],[20.158683,54.946898],[20.158287,54.946838],[20.158,54.946821],[20.157839,54.9468],[20.157787,54.946801],[20.157712,54.946791],[20.157597,54.946768],[20.157517,54.946759],[20.157401,54.946729],[20.157226,54.946706],[20.156997,54.946653],[20.156727,54.94659],[20.15645,54.946559],[20.156193,54.946545],[20.156003,54.946539],[20.155882,54.946512],[20.155771,54.94649],[20.155636,54.946473],[20.155264,54.946444],[20.154813,54.946446],[20.154856,54.946282],[20.154961,54.946074],[20.155144,54.945946],[20.155353,54.945709],[20.155489,54.945471],[20.155564,54.945448],[20.155694,54.945459],[20.155811,54.94552],[20.15586,54.945574],[20.155846,54.945761],[20.155888,54.945849],[20.15601,54.945923],[20.156119,54.945983],[20.156172,54.946084],[20.156167,54.946162],[20.1563,54.946159],[20.156435,54.946016],[20.156547,54.945967],[20.15665,54.945982],[20.156768,54.946036],[20.156861,54.946113],[20.157087,54.946015],[20.157267,54.945998],[20.157455,54.945708],[20.157579,54.945594],[20.157611,54.945545],[20.157586,54.945448],[20.157532,54.945389],[20.157521,54.945312],[20.157547,54.945267],[20.157471,54.945254],[20.157409,54.945209],[20.157297,54.945155],[20.157029,54.945037],[20.156918,54.944987],[20.156989,54.944852],[20.157038,54.94479],[20.156841,54.944737],[20.156667,54.944724],[20.1565,54.944774],[20.15629,54.944767],[20.1562,54.944694],[20.156237,54.944572],[20.156463,54.944479],[20.156609,54.944445],[20.156683,54.944362],[20.156683,54.944248],[20.156692,54.9442],[20.156822,54.944145],[20.156927,54.944168],[20.156946,54.944317],[20.156906,54.94455],[20.156924,54.944637],[20.157045,54.944666],[20.157221,54.944614],[20.157416,54.944634],[20.157691,54.944629],[20.157861,54.944635],[20.157945,54.944722],[20.158093,54.944742],[20.158264,54.944742],[20.158406,54.944717],[20.158431,54.944614],[20.158681,54.944598],[20.158972,54.944605],[20.159099,54.944683],[20.159078,54.944809],[20.158182,54.944868],[20.157832,54.944963],[20.157743,54.945085],[20.157708,54.945134],[20.157706,54.94521],[20.157734,54.945274],[20.157745,54.94539],[20.157951,54.945467],[20.158209,54.94551],[20.158456,54.945715],[20.158564,54.945961],[20.158553,54.946092],[20.158482,54.946243],[20.15853,54.946298],[20.158609,54.946336],[20.158769,54.946369],[20.159075,54.946413],[20.15914,54.946422],[20.159283,54.946508],[20.159522,54.946534],[20.159695,54.946419],[20.159859,54.946356],[20.160021,54.946339],[20.160169,54.94639],[20.160276,54.946445],[20.16039,54.946486],[20.160634,54.946497],[20.160782,54.946444],[20.160732,54.946329],[20.160916,54.945948],[20.160975,54.945099],[20.161071,54.94502],[20.161294,54.945081],[20.161422,54.945172],[20.161684,54.945168],[20.161757,54.945153],[20.162022,54.945016],[20.162173,54.944895],[20.162279,54.944792],[20.162267,54.944273],[20.161769,54.944278],[20.161775,54.944803],[20.161594,54.944841],[20.161352,54.944807],[20.161339,54.944653],[20.161358,54.944548],[20.161389,54.944494],[20.161387,54.944243],[20.161309,54.944179],[20.161057,54.944173],[20.160719,54.944232],[20.160728,54.944451],[20.16065,54.944496],[20.160545,54.944494],[20.160516,54.944448],[20.160572,54.944328],[20.160542,54.944159],[20.16033,54.944135],[20.160078,54.944179],[20.159993,54.944094],[20.159994,54.944009],[20.161378,54.943774],[20.161434,54.943942],[20.161451,54.944025],[20.1616,54.944013],[20.161776,54.944007],[20.161971,54.943939],[20.162157,54.943931],[20.162275,54.943932],[20.162326,54.943971],[20.162416,54.94399],[20.162519,54.943965],[20.162596,54.943945],[20.16263,54.943882],[20.16261,54.943783],[20.16264,54.943721],[20.162712,54.943668],[20.162803,54.943643],[20.163108,54.943556],[20.163296,54.943479],[20.163512,54.943442],[20.163616,54.94346],[20.163689,54.943502],[20.163703,54.94355],[20.163698,54.94359],[20.163644,54.943645],[20.163568,54.943688],[20.163546,54.94373],[20.163606,54.94378],[20.163671,54.943857],[20.163673,54.94394],[20.163643,54.944008],[20.16363,54.944052],[20.16366,54.944102],[20.163697,54.944214],[20.163838,54.94426],[20.163979,54.94425],[20.164084,54.944197],[20.16423,54.944187],[20.164257,54.944245],[20.164272,54.944289],[20.164355,54.944342],[20.164358,54.944463],[20.164312,54.944516],[20.164185,54.944539],[20.164159,54.944598],[20.164178,54.944659],[20.164204,54.944715],[20.164188,54.944754],[20.164136,54.94492],[20.164156,54.945013],[20.164171,54.945099],[20.164168,54.945259],[20.16419,54.945377],[20.164639,54.945402],[20.164874,54.945593],[20.164822,54.945834],[20.164507,54.945897],[20.164332,54.945832],[20.164258,54.945621],[20.164196,54.945415],[20.163995,54.945359],[20.163728,54.94543],[20.163698,54.94552],[20.163321,54.945555],[20.163313,54.945746],[20.163229,54.945875],[20.163072,54.945955],[20.162936,54.94598],[20.162753,54.945947],[20.162534,54.945885],[20.162416,54.945774],[20.162267,54.945716],[20.162066,54.945731],[20.162061,54.945621],[20.162175,54.945525],[20.162206,54.945427],[20.162166,54.945374],[20.161948,54.94538],[20.161895,54.945334],[20.161869,54.945239],[20.161838,54.945211],[20.161738,54.945214],[20.161764,54.945377],[20.1619,54.945467],[20.161987,54.945515],[20.161983,54.945641],[20.161943,54.945724],[20.1619,54.945839],[20.161939,54.94594],[20.162193,54.945963],[20.162359,54.945915],[20.162551,54.945993],[20.162678,54.946081],[20.16284,54.946143],[20.163024,54.946261],[20.163216,54.946347],[20.163321,54.94644],[20.163545,54.946626],[20.163728,54.946658],[20.16396,54.946548],[20.163925,54.94644],[20.163649,54.946362],[20.163562,54.946272],[20.163601,54.946131],[20.163925,54.946075],[20.164411,54.946091],[20.164721,54.946093],[20.164866,54.946123],[20.165181,54.94637],[20.165268,54.946408],[20.165308,54.946858],[20.165631,54.946917],[20.165638,54.946922],[20.165638,54.948242]]]}},{"type":"Feature","properties":{"kind":"building","name":"","osm":"way/313512157"},"geometry":{"type":"Polygon","coordinates":[[[20.153669,54.943135],[20.153808,54.943191],[20.153911,54.943106],[20.153771,54.94305],[20.153669,54.943135]]]}},{"type":"Feature","properties":{"kind":"building","name":"","osm":"way/313512158"},"geometry":{"type":"Polygon","coordinates":[[[20.154704,54.938728],[20.15473,54.938661],[20.154439,54.938623],[20.154413,54.93869],[20.154704,54.938728]]]}},{"type":"Feature","properties":{"kind":"building","name":"","osm":"way/313512280"},"geometry":{"type":"Polygon","coordinates":[[[20.159497,54.940022],[20.15958,54.940125],[20.159786,54.94007],[20.159703,54.939967],[20.159497,54.940022]]]}},{"type":"Feature","properties":{"kind":"building","name":"","osm":"way/313512281"},"geometry":{"type":"Polygon","coordinates":[[[20.16062,54.940354],[20.160452,54.94034],[20.160425,54.940454],[20.160593,54.940467],[20.16062,54.940354]]]}},{"type":"Feature","properties":{"kind":"building","name":"","osm":"way/313512282"},"geometry":{"type":"Polygon","coordinates":[[[20.160035,54.940527],[20.159963,54.940625],[20.160115,54.940662],[20.160187,54.940564],[20.160035,54.940527]]]}},{"type":"Feature","properties":{"kind":"building","name":"","osm":"way/313512283"},"geometry":{"type":"Polygon","coordinates":[[[20.158158,54.940888],[20.158329,54.940824],[20.158217,54.940725],[20.158045,54.94079],[20.158158,54.940888]]]}},{"type":"Feature","properties":{"kind":"building","name":"","osm":"way/313512284"},"geometry":{"type":"Polygon","coordinates":[[[20.160046,54.93992],[20.160257,54.939904],[20.160234,54.939804],[20.160023,54.93982],[20.160046,54.93992]]]}},{"type":"Feature","properties":{"kind":"building","name":"","osm":"way/313512285"},"geometry":{"type":"Polygon","coordinates":[[[20.159717,54.940597],[20.159777,54.940519],[20.159656,54.940488],[20.159596,54.940567],[20.159717,54.940597]]]}},{"type":"Feature","properties":{"kind":"building","name":"","osm":"way/313512363"},"geometry":{"type":"Polygon","coordinates":[[[20.15622,54.941177],[20.156241,54.941159],[20.156149,54.941124],[20.156295,54.940997],[20.156504,54.941076],[20.156396,54.94117],[20.156389,54.941167],[20.156329,54.941219],[20.15622,54.941177]]]}},{"type":"Feature","properties":{"kind":"building","name":"","osm":"way/313512441"},"geometry":{"type":"Polygon","coordinates":[[[20.153528,54.940459],[20.153721,54.94049],[20.153763,54.940403],[20.15357,54.940373],[20.153528,54.940459]]]}},{"type":"Feature","properties":{"kind":"building","name":"","osm":"way/313512442"},"geometry":{"type":"Polygon","coordinates":[[[20.153152,54.940726],[20.153264,54.9407],[20.153201,54.940611],[20.153089,54.940637],[20.153152,54.940726]]]}},{"type":"Feature","properties":{"kind":"building","name":"","osm":"way/313512443"},"geometry":{"type":"Polygon","coordinates":[[[20.155685,54.941248],[20.155776,54.941173],[20.155851,54.941203],[20.155836,54.941215],[20.155903,54.941242],[20.155828,54.941305],[20.155685,54.941248]]]}},{"type":"Feature","properties":{"kind":"building","name":"","osm":"way/313512444"},"geometry":{"type":"Polygon","coordinates":[[[20.153665,54.941947],[20.153727,54.942044],[20.153875,54.942013],[20.153812,54.941916],[20.153665,54.941947]]]}},{"type":"Feature","properties":{"kind":"building","name":"","osm":"way/313512445"},"geometry":{"type":"Polygon","coordinates":[[[20.153158,54.941975],[20.15307,54.941854],[20.152736,54.941941],[20.152822,54.942068],[20.153158,54.941975]]]}},{"type":"Feature","properties":{"kind":"building","name":"","osm":"way/313512446"},"geometry":{"type":"Polygon","coordinates":[[[20.155308,54.941358],[20.155167,54.941337],[20.155111,54.941463],[20.155252,54.941484],[20.155308,54.941358]]]}},{"type":"Feature","properties":{"kind":"green","name":"","osm":"way/313513051"},"geometry":{"type":"Polygon","coordinates":[[[20.165638,54.939642],[20.16553,54.939642],[20.165392,54.939607],[20.165282,54.939539],[20.165212,54.939471],[20.165182,54.939428],[20.165315,54.939393],[20.165381,54.93936],[20.165147,54.939319],[20.165046,54.939328],[20.164865,54.939368],[20.164604,54.939368],[20.163491,54.939536],[20.163123,54.939604],[20.16273,54.93955],[20.162226,54.939481],[20.161394,54.939365],[20.161484,54.939318],[20.162099,54.939257],[20.162127,54.939197],[20.16188,54.939115],[20.161066,54.939056],[20.160818,54.93903],[20.15989,54.93893],[20.159739,54.938937],[20.159498,54.938989],[20.158907,54.938824],[20.158882,54.938727],[20.158894,54.938621],[20.158829,54.93858],[20.158978,54.938525],[20.159043,54.938585],[20.159182,54.938642],[20.159278,54.938742],[20.159327,54.938815],[20.159918,54.938838],[20.159931,54.938779],[20.160317,54.93877],[20.16046,54.938752],[20.160475,54.938711],[20.160398,54.938571],[20.160243,54.938299],[20.160562,54.938264],[20.160619,54.938364],[20.160682,54.938386],[20.161001,54.938384],[20.161139,54.938383],[20.161247,54.938413],[20.161338,54.938425],[20.161425,54.938437],[20.161559,54.938463],[20.161703,54.938479],[20.161863,54.938484],[20.161979,54.938462],[20.162077,54.938484],[20.162186,54.938495],[20.162256,54.938423],[20.162324,54.938423],[20.162418,54.938475],[20.162512,54.938514],[20.162568,54.938654],[20.162626,54.938846],[20.162582,54.938885],[20.162577,54.938937],[20.162673,54.939008],[20.162849,54.939014],[20.162965,54.939048],[20.162964,54.939187],[20.163035,54.939279],[20.163221,54.939312],[20.16348,54.939282],[20.163821,54.939255],[20.164469,54.939227],[20.164352,54.939054],[20.164375,54.938861],[20.164525,54.938823],[20.164587,54.938922],[20.164644,54.939043],[20.1647,54.939177],[20.164743,54.939219],[20.16481,54.939219],[20.164899,54.939288],[20.164988,54.939308],[20.165128,54.939269],[20.165367,54.939304],[20.165564,54.939324],[20.165638,54.939327],[20.165638,54.939315],[20.165513,54.939265],[20.165404,54.939172],[20.165308,54.939116],[20.165347,54.939085],[20.165496,54.939088],[20.165638,54.939122],[20.165638,54.938749],[20.165459,54.938725],[20.165301,54.938719],[20.16522,54.938654],[20.164916,54.938587],[20.164643,54.938592],[20.164485,54.938618],[20.164271,54.9385],[20.164142,54.938309],[20.163936,54.938193],[20.163833,54.938133],[20.163663,54.938107],[20.16358,54.938225],[20.163459,54.938272],[20.163372,54.938221],[20.163273,54.938148],[20.1633,54.938021],[20.163365,54.937951],[20.163291,54.937816],[20.163313,54.937711],[20.163325,54.937707],[20.164471,54.937707],[20.164432,54.937878],[20.164692,54.937985],[20.165211,54.938028],[20.165401,54.938133],[20.165638,54.938186],[20.165638,54.939642]]]}},{"type":"Feature","properties":{"kind":"building","name":"","osm":"way/313513199"},"geometry":{"type":"Polygon","coordinates":[[[20.163195,54.93793],[20.163216,54.938],[20.163312,54.937991],[20.163291,54.93792],[20.163195,54.93793]]]}},{"type":"Feature","properties":{"kind":"building","name":"","osm":"way/313513202"},"geometry":{"type":"Polygon","coordinates":[[[20.159112,54.938589],[20.159205,54.938569],[20.15917,54.938516],[20.159077,54.938536],[20.159112,54.938589]]]}},{"type":"Feature","properties":{"kind":"building","name":"","osm":"way/313513204"},"geometry":{"type":"Polygon","coordinates":[[[20.162015,54.938416],[20.162144,54.938467],[20.162224,54.938401],[20.162095,54.93835],[20.162015,54.938416]]]}},{"type":"Feature","properties":{"kind":"building","name":"","osm":"way/313513205"},"geometry":{"type":"Polygon","coordinates":[[[20.159483,54.938555],[20.159425,54.938462],[20.159207,54.938507],[20.159285,54.938634],[20.159323,54.938626],[20.159284,54.938558],[20.159326,54.938549],[20.159347,54.938584],[20.159483,54.938555]]]}},{"type":"Feature","properties":{"kind":"building","name":"","osm":"way/313515266"},"geometry":{"type":"Polygon","coordinates":[[[20.165112,54.942405],[20.164994,54.942439],[20.165067,54.942523],[20.165185,54.94249],[20.165112,54.942405]]]}},{"type":"Feature","properties":{"kind":"building","name":"","osm":"way/313515474"},"geometry":{"type":"Polygon","coordinates":[[[20.160255,54.93931],[20.160088,54.939289],[20.16006,54.93936],[20.160227,54.939382],[20.160255,54.93931]]]}},{"type":"Feature","properties":{"kind":"building","name":"","osm":"way/313515475"},"geometry":{"type":"Polygon","coordinates":[[[20.161437,54.939606],[20.161379,54.939532],[20.161314,54.939549],[20.161372,54.939623],[20.161437,54.939606]]]}},{"type":"Feature","properties":{"kind":"building","name":"","osm":"way/313515476"},"geometry":{"type":"Polygon","coordinates":[[[20.160771,54.939681],[20.160649,54.9395],[20.160665,54.939496],[20.160654,54.939481],[20.160668,54.939453],[20.160643,54.939449],[20.160648,54.939438],[20.16062,54.939433],[20.160636,54.939399],[20.16076,54.939416],[20.160761,54.939414],[20.160767,54.939414],[20.160766,54.939417],[20.160846,54.939428],[20.160847,54.939425],[20.160852,54.939426],[20.160851,54.939429],[20.160924,54.939439],[20.161051,54.939633],[20.160952,54.939655],[20.160944,54.939642],[20.160771,54.939681]]]}},{"type":"Feature","properties":{"kind":"building","name":"","osm":"way/313516101"},"geometry":{"type":"Polygon","coordinates":[[[20.154155,54.944702],[20.154041,54.944685],[20.154044,54.94468],[20.153971,54.944666],[20.153926,54.944767],[20.153953,54.944771],[20.153947,54.944784],[20.154037,54.944799],[20.154045,54.944783],[20.154116,54.944794],[20.154155,54.944702]]]}},{"type":"Feature","properties":{"kind":"building","name":"","osm":"way/313516103"},"geometry":{"type":"Polygon","coordinates":[[[20.153727,54.939364],[20.153755,54.939263],[20.153576,54.939247],[20.153548,54.939348],[20.153727,54.939364]]]}},{"type":"Feature","properties":{"kind":"building","name":"","osm":"way/313516105"},"geometry":{"type":"Polygon","coordinates":[[[20.156022,54.938899],[20.155933,54.938887],[20.155927,54.938899],[20.15588,54.938892],[20.155874,54.938904],[20.15579,54.938891],[20.155804,54.938862],[20.155842,54.938779],[20.15596,54.938797],[20.155968,54.938781],[20.156068,54.938796],[20.156022,54.938899]]]}},{"type":"Feature","properties":{"kind":"building","name":"","osm":"way/313516107"},"geometry":{"type":"Polygon","coordinates":[[[20.153282,54.943068],[20.15339,54.942999],[20.153308,54.942962],[20.1532,54.943031],[20.153282,54.943068]]]}},{"type":"Feature","properties":{"kind":"building","name":"","osm":"way/313516109"},"geometry":{"type":"Polygon","coordinates":[[[20.153854,54.944697],[20.153823,54.944756],[20.153672,54.94473],[20.153704,54.944672],[20.153854,54.944697]]]}},{"type":"Feature","properties":{"kind":"building","name":"","osm":"way/313516110"},"geometry":{"type":"Polygon","coordinates":[[[20.153315,54.944432],[20.153492,54.944459],[20.153571,54.944284],[20.153434,54.944264],[20.153401,54.944345],[20.153352,54.944339],[20.153315,54.944432]]]}},{"type":"Feature","properties":{"kind":"building","name":"","osm":"way/313516113"},"geometry":{"type":"Polygon","coordinates":[[[20.154238,54.944795],[20.154317,54.944807],[20.154355,54.944729],[20.154326,54.944725],[20.154331,54.944714],[20.154266,54.944703],[20.154251,54.944741],[20.154263,54.944743],[20.154238,54.944795]]]}},{"type":"Feature","properties":{"kind":"building","name":"","osm":"way/313516529"},"geometry":{"type":"Polygon","coordinates":[[[20.161366,54.93836],[20.16142,54.938367],[20.161439,54.938318],[20.161385,54.938311],[20.161366,54.93836]]]}},{"type":"Feature","properties":{"kind":"building","name":"","osm":"way/313516530"},"geometry":{"type":"Polygon","coordinates":[[[20.161254,54.938261],[20.161214,54.938362],[20.161267,54.93837],[20.161257,54.938401],[20.161374,54.938415],[20.161388,54.938384],[20.161347,54.938379],[20.161388,54.93828],[20.161254,54.938261]]]}},{"type":"Feature","properties":{"kind":"building","name":"","osm":"way/313516573"},"geometry":{"type":"Polygon","coordinates":[[[20.160057,54.938307],[20.160135,54.938445],[20.160167,54.93844],[20.160331,54.938741],[20.160407,54.938728],[20.160238,54.938432],[20.160226,54.938434],[20.160149,54.938292],[20.160057,54.938307]]]}},{"type":"Feature","properties":{"kind":"building","name":"","osm":"way/313737836"},"geometry":{"type":"Polygon","coordinates":[[[20.140891,54.938623],[20.140932,54.938605],[20.140904,54.938588],[20.140892,54.938594],[20.140881,54.938586],[20.140872,54.938578],[20.140866,54.93857],[20.14086,54.938562],[20.140856,54.938553],[20.140854,54.938544],[20.140853,54.938535],[20.140854,54.938526],[20.140857,54.938518],[20.140861,54.938509],[20.140866,54.9385],[20.140873,54.938492],[20.140882,54.938485],[20.140891,54.938478],[20.140902,54.938471],[20.140914,54.938466],[20.140927,54.938461],[20.140941,54.938457],[20.140955,54.938453],[20.14097,54.938451],[20.140986,54.938449],[20.141001,54.938448],[20.141017,54.938448],[20.141032,54.93845],[20.141047,54.938452],[20.141062,54.938454],[20.141076,54.938458],[20.14109,54.938463],[20.141102,54.938468],[20.141114,54.938474],[20.141213,54.938422],[20.141267,54.938415],[20.141261,54.938401],[20.141354,54.93839],[20.141358,54.938403],[20.141397,54.938398],[20.141392,54.938386],[20.141512,54.938372],[20.141528,54.938417],[20.141413,54.938431],[20.141409,54.93842],[20.141369,54.938425],[20.141374,54.938438],[20.141284,54.938449],[20.14128,54.938439],[20.141234,54.938445],[20.141195,54.938466],[20.141209,54.938474],[20.141217,54.938481],[20.141225,54.938488],[20.141233,54.938496],[20.14124,54.938504],[20.141246,54.938512],[20.141251,54.938521],[20.141256,54.938529],[20.141259,54.938538],[20.141262,54.938547],[20.141264,54.938556],[20.141264,54.938565],[20.141264,54.938574],[20.141263,54.938583],[20.141261,54.938592],[20.141258,54.9386],[20.141255,54.938609],[20.14113,54.938592],[20.141124,54.938602],[20.141117,54.93861],[20.141109,54.938617],[20.141098,54.938624],[20.141087,54.938631],[20.141075,54.938636],[20.141062,54.938641],[20.141048,54.938645],[20.141033,54.938647],[20.141018,54.938649],[20.141002,54.93865],[20.140987,54.93865],[20.140971,54.938649],[20.140956,54.938647],[20.140941,54.938644],[20.140927,54.93864],[20.140914,54.938635],[20.140902,54.93863],[20.140891,54.938623]]]}},{"type":"Feature","properties":{"kind":"road","name":"Калининградский проспект","osm":"way/313740174","highway":"primary","access":"","foot":""},"geometry":{"type":"LineString","coordinates":[[20.158628,54.938305],[20.158296,54.938289]]}},{"type":"Feature","properties":{"kind":"building","name":"","osm":"way/313742341"},"geometry":{"type":"Polygon","coordinates":[[[20.141748,54.938497],[20.141705,54.938388],[20.141624,54.938399],[20.141667,54.938508],[20.141748,54.938497]]]}},{"type":"Feature","properties":{"kind":"building","name":"","osm":"way/313743372"},"geometry":{"type":"Polygon","coordinates":[[[20.159086,54.938034],[20.159082,54.937981],[20.159158,54.937979],[20.159161,54.938032],[20.159148,54.938032],[20.159149,54.938041],[20.159126,54.938042],[20.159125,54.938033],[20.159086,54.938034]]]}},{"type":"Feature","properties":{"kind":"building","name":"Пенсионный фонд","osm":"way/313753184"},"geometry":{"type":"Polygon","coordinates":[[[20.142928,54.94],[20.143014,54.939987],[20.142999,54.939954],[20.14304,54.939948],[20.143055,54.939981],[20.143104,54.939974],[20.143119,54.940007],[20.14314,54.940003],[20.143145,54.940013],[20.143202,54.940005],[20.143214,54.940032],[20.143241,54.94004],[20.143226,54.940051],[20.143251,54.940106],[20.143085,54.940132],[20.143058,54.940073],[20.142967,54.940087],[20.142928,54.94]]]}},{"type":"Feature","properties":{"kind":"road","name":"","osm":"way/313754538","highway":"service","access":"","foot":""},"geometry":{"type":"LineString","coordinates":[[20.143508,54.940929],[20.143409,54.940769],[20.143305,54.940741],[20.14319,54.940762],[20.143099,54.940781],[20.14308,54.94085]]}},{"type":"Feature","properties":{"kind":"road","name":"","osm":"way/313755223","highway":"steps","access":"","foot":""},"geometry":{"type":"LineString","coordinates":[[20.142684,54.940601],[20.14277,54.94077]]}},{"type":"Feature","properties":{"kind":"building","name":"","osm":"way/313760030"},"geometry":{"type":"Polygon","coordinates":[[[20.14171,54.941912],[20.141617,54.941859],[20.141619,54.941744],[20.141619,54.941662],[20.141866,54.941612],[20.141861,54.941605],[20.141889,54.941599],[20.141895,54.941606],[20.142095,54.941564],[20.14209,54.941556],[20.142128,54.941548],[20.142135,54.941556],[20.142146,54.941554],[20.142138,54.94154],[20.142181,54.941531],[20.14219,54.941545],[20.142504,54.941478],[20.142498,54.941469],[20.142514,54.941465],[20.14252,54.941475],[20.142606,54.941457],[20.142601,54.941449],[20.142617,54.941446],[20.142623,54.941454],[20.142817,54.941413],[20.142915,54.94151],[20.142887,54.941519],[20.142906,54.941518],[20.142925,54.941518],[20.14294,54.94152],[20.142956,54.941523],[20.142974,54.941528],[20.142991,54.941535],[20.143002,54.941542],[20.143008,54.941548],[20.143037,54.941577],[20.143064,54.941604],[20.143061,54.941605],[20.143005,54.941549],[20.142999,54.941544],[20.142989,54.941537],[20.142972,54.94153],[20.142955,54.941525],[20.142939,54.941522],[20.142925,54.941521],[20.142906,54.94152],[20.142878,54.941522],[20.14286,54.941528],[20.142903,54.94157],[20.142909,54.941568],[20.142918,54.941568],[20.14293,54.941568],[20.142945,54.941571],[20.142954,54.941574],[20.14296,54.941577],[20.142968,54.941584],[20.143007,54.941623],[20.143003,54.941624],[20.142965,54.941585],[20.142957,54.941579],[20.142951,54.941576],[20.142943,54.941573],[20.142929,54.94157],[20.142918,54.94157],[20.142911,54.94157],[20.142905,54.941572],[20.142955,54.941622],[20.14224,54.941859],[20.142254,54.941872],[20.142119,54.941917],[20.141985,54.941961],[20.141982,54.941959],[20.141963,54.941965],[20.141926,54.941928],[20.141945,54.941922],[20.141937,54.941914],[20.141925,54.941914],[20.141858,54.941913],[20.1418,54.941913],[20.141727,54.941913],[20.14171,54.941912]]]}},{"type":"Feature","properties":{"kind":"road","name":"","osm":"way/313760623","highway":"residential","access":"","foot":""},"geometry":{"type":"LineString","coordinates":[[20.141113,54.940745],[20.141149,54.940774],[20.141199,54.940815]]}},{"type":"Feature","properties":{"kind":"road","name":"","osm":"way/313763600","highway":"footway","access":"","foot":""},"geometry":{"type":"LineString","coordinates":[[20.146579,54.944449],[20.146764,54.944468]]}},{"type":"Feature","properties":{"kind":"building","name":"","osm":"way/313763709"},"geometry":{"type":"Polygon","coordinates":[[[20.145593,54.944543],[20.145544,54.944646],[20.145736,54.944676],[20.145785,54.944573],[20.145593,54.944543]]]}},{"type":"Feature","properties":{"kind":"building","name":"","osm":"way/313763911"},"geometry":{"type":"Polygon","coordinates":[[[20.147539,54.943166],[20.147404,54.943178],[20.14742,54.943237],[20.147388,54.943247],[20.147364,54.94326],[20.147343,54.943279],[20.147333,54.943301],[20.147238,54.943307],[20.147256,54.943383],[20.147523,54.943362],[20.147565,54.943347],[20.147571,54.943326],[20.147539,54.943166]]]}},{"type":"Feature","properties":{"kind":"building","name":"","osm":"way/313763912"},"geometry":{"type":"Polygon","coordinates":[[[20.146865,54.9435],[20.147079,54.943512],[20.147088,54.943452],[20.14708,54.943427],[20.147066,54.943411],[20.147029,54.943395],[20.14697,54.943391],[20.146884,54.943388],[20.146865,54.9435]]]}},{"type":"Feature","properties":{"kind":"building","name":"Ветерок","osm":"way/313764353"},"geometry":{"type":"Polygon","coordinates":[[[20.149638,54.945062],[20.149704,54.945104],[20.149918,54.944999],[20.149851,54.944954],[20.149638,54.945062]]]}},{"type":"Feature","properties":{"kind":"road","name":"","osm":"way/313766247","highway":"footway","access":"","foot":""},"geometry":{"type":"LineString","coordinates":[[20.150913,54.945939],[20.150936,54.945935],[20.15095,54.945924]]}},{"type":"Feature","properties":{"kind":"road","name":"","osm":"way/313766248","highway":"steps","access":"","foot":""},"geometry":{"type":"LineString","coordinates":[[20.15095,54.945924],[20.151075,54.945934]]}},{"type":"Feature","properties":{"kind":"road","name":"","osm":"way/313766249","highway":"steps","access":"","foot":""},"geometry":{"type":"LineString","coordinates":[[20.150881,54.945918],[20.150747,54.945906]]}},{"type":"Feature","properties":{"kind":"road","name":"","osm":"way/313766250","highway":"footway","access":"","foot":""},"geometry":{"type":"LineString","coordinates":[[20.150881,54.945918],[20.15089,54.945931],[20.150913,54.945939]]}},{"type":"Feature","properties":{"kind":"building","name":"","osm":"way/313767660"},"geometry":{"type":"Polygon","coordinates":[[[20.142733,54.944111],[20.142908,54.944125],[20.142923,54.944061],[20.142858,54.944014],[20.142959,54.943969],[20.143027,54.944018],[20.143148,54.944025],[20.143177,54.943922],[20.142788,54.94389],[20.142733,54.944111]]]}},{"type":"Feature","properties":{"kind":"building","name":"","osm":"way/313767909"},"geometry":{"type":"Polygon","coordinates":[[[20.146746,54.940783],[20.146532,54.940822],[20.146619,54.940973],[20.146617,54.940992],[20.146555,54.941015],[20.14657,54.941033],[20.146563,54.94106],[20.14651,54.94108],[20.146585,54.941151],[20.14691,54.941039],[20.146746,54.940783]]]}},{"type":"Feature","properties":{"kind":"building","name":"","osm":"way/313767910"},"geometry":{"type":"Polygon","coordinates":[[[20.146064,54.940562],[20.146202,54.940668],[20.146497,54.940542],[20.146359,54.940436],[20.146064,54.940562]]]}},{"type":"Feature","properties":{"kind":"building","name":"","osm":"way/313767911"},"geometry":{"type":"Polygon","coordinates":[[[20.144862,54.940522],[20.145012,54.940482],[20.144938,54.94039],[20.144788,54.94043],[20.144862,54.940522]]]}},{"type":"Feature","properties":{"kind":"building","name":"","osm":"way/313767912"},"geometry":{"type":"Polygon","coordinates":[[[20.145271,54.940556],[20.145482,54.940593],[20.145802,54.940469],[20.145592,54.940431],[20.145271,54.940556]]]}},{"type":"Feature","properties":{"kind":"road","name":"","osm":"way/313768322","highway":"service","access":"","foot":""},"geometry":{"type":"LineString","coordinates":[[20.148419,54.94102],[20.148312,54.941402],[20.148229,54.941594]]}},{"type":"Feature","properties":{"kind":"road","name":"","osm":"way/313768323","highway":"service","access":"","foot":""},"geometry":{"type":"LineString","coordinates":[[20.149166,54.941748],[20.149472,54.94177],[20.149757,54.941713],[20.149845,54.941695]]}},{"type":"Feature","properties":{"kind":"building","name":"","osm":"way/313768324"},"geometry":{"type":"Polygon","coordinates":[[[20.147246,54.941659],[20.14679,54.941633],[20.146783,54.941671],[20.146662,54.941742],[20.146824,54.941829],[20.146901,54.941784],[20.147086,54.941797],[20.147145,54.941848],[20.147331,54.94178],[20.147237,54.941694],[20.147246,54.941659]]]}},{"type":"Feature","properties":{"kind":"building","name":"","osm":"way/313768325"},"geometry":{"type":"Polygon","coordinates":[[[20.147412,54.941271],[20.14722,54.941281],[20.147244,54.941429],[20.147437,54.941419],[20.147412,54.941271]]]}},{"type":"Feature","properties":{"kind":"building","name":"","osm":"way/313768326"},"geometry":{"type":"Polygon","coordinates":[[[20.145965,54.941801],[20.145838,54.941715],[20.145672,54.941796],[20.145799,54.941882],[20.145965,54.941801]]]}},{"type":"Feature","properties":{"kind":"building","name":"","osm":"way/313768327"},"geometry":{"type":"Polygon","coordinates":[[[20.148132,54.9412],[20.147893,54.941178],[20.147802,54.941518],[20.148041,54.941539],[20.148132,54.9412]]]}},{"type":"Feature","properties":{"kind":"building","name":"","osm":"way/313768328"},"geometry":{"type":"Polygon","coordinates":[[[20.137803,54.940372],[20.137797,54.940408],[20.137768,54.940406],[20.137762,54.940446],[20.137708,54.940443],[20.137708,54.940311],[20.137737,54.940311],[20.13776,54.940325],[20.137757,54.940343],[20.137777,54.940344],[20.137773,54.94037],[20.137803,54.940372]]]}},{"type":"Feature","properties":{"kind":"road","name":"","osm":"way/313768531","highway":"service","access":"","foot":""},"geometry":{"type":"LineString","coordinates":[[20.150983,54.943104],[20.151834,54.943057]]}},{"type":"Feature","properties":{"kind":"building","name":"","osm":"way/313768563"},"geometry":{"type":"Polygon","coordinates":[[[20.151523,54.942627],[20.151561,54.942681],[20.151826,54.942619],[20.151788,54.942565],[20.151523,54.942627]]]}},{"type":"Feature","properties":{"kind":"building","name":"","osm":"way/313768564"},"geometry":{"type":"Polygon","coordinates":[[[20.152707,54.942546],[20.152595,54.942389],[20.151935,54.942541],[20.152005,54.942644],[20.151565,54.942748],[20.151603,54.942805],[20.152707,54.942546]]]}},{"type":"Feature","properties":{"kind":"building","name":"","osm":"way/313768759"},"geometry":{"type":"Polygon","coordinates":[[[20.144192,54.942912],[20.143994,54.942894],[20.143962,54.943011],[20.144161,54.943028],[20.144192,54.942912]]]}},{"type":"Feature","properties":{"kind":"building","name":"","osm":"way/313768848"},"geometry":{"type":"Polygon","coordinates":[[[20.146372,54.942202],[20.146494,54.942113],[20.146302,54.942026],[20.14618,54.942115],[20.146372,54.942202]]]}},{"type":"Feature","properties":{"kind":"building","name":"","osm":"way/313768877"},"geometry":{"type":"Polygon","coordinates":[[[20.146119,54.94268],[20.146081,54.942781],[20.146545,54.942838],[20.146583,54.942736],[20.146119,54.94268]]]}},{"type":"Feature","properties":{"kind":"building","name":"","osm":"way/313768964"},"geometry":{"type":"Polygon","coordinates":[[[20.149205,54.942374],[20.14938,54.94238],[20.149381,54.942364],[20.14951,54.942368],[20.149505,54.942418],[20.149681,54.942424],[20.149691,54.942324],[20.14939,54.942312],[20.149396,54.942279],[20.149218,54.942271],[20.149205,54.942374]]]}},{"type":"Feature","properties":{"kind":"building","name":"","osm":"way/313768965"},"geometry":{"type":"Polygon","coordinates":[[[20.149317,54.942491],[20.149415,54.942496],[20.149423,54.942443],[20.149326,54.942438],[20.149317,54.942491]]]}},{"type":"Feature","properties":{"kind":"building","name":"","osm":"way/313768966"},"geometry":{"type":"Polygon","coordinates":[[[20.148165,54.942179],[20.148375,54.942153],[20.148329,54.942032],[20.148119,54.942059],[20.148165,54.942179]]]}},{"type":"Feature","properties":{"kind":"building","name":"","osm":"way/313768967"},"geometry":{"type":"Polygon","coordinates":[[[20.148523,54.942291],[20.14874,54.942337],[20.148813,54.94222],[20.148597,54.942175],[20.148523,54.942291]]]}},{"type":"Feature","properties":{"kind":"building","name":"","osm":"way/313768968"},"geometry":{"type":"Polygon","coordinates":[[[20.148229,54.94177],[20.148255,54.941671],[20.148047,54.941653],[20.148021,54.941752],[20.148229,54.94177]]]}},{"type":"Feature","properties":{"kind":"building","name":"","osm":"way/313768969"},"geometry":{"type":"Polygon","coordinates":[[[20.148352,54.941758],[20.148331,54.941839],[20.148503,54.941854],[20.148524,54.941772],[20.148352,54.941758]]]}},{"type":"Feature","properties":{"kind":"building","name":"","osm":"way/313768980"},"geometry":{"type":"Polygon","coordinates":[[[20.149029,54.94031],[20.149028,54.940218],[20.148875,54.940219],[20.148876,54.94031],[20.149029,54.94031]]]}},{"type":"Feature","properties":{"kind":"building","name":"","osm":"way/313768986"},"geometry":{"type":"Polygon","coordinates":[[[20.150241,54.940275],[20.15045,54.940288],[20.15046,54.940226],[20.150506,54.940201],[20.150532,54.94017],[20.150639,54.940145],[20.150557,54.940033],[20.150456,54.940058],[20.15044,54.940053],[20.150383,54.940044],[20.150324,54.940046],[20.15027,54.940059],[20.150223,54.940083],[20.150194,54.940112],[20.150189,54.940148],[20.150201,54.94018],[20.150232,54.940207],[20.150252,54.940218],[20.150241,54.940275]]]}},{"type":"Feature","properties":{"kind":"road","name":"","osm":"way/313769579","highway":"footway","access":"","foot":""},"geometry":{"type":"LineString","coordinates":[[20.150807,54.945779],[20.150818,54.945754],[20.150834,54.945728],[20.150848,54.945672],[20.150857,54.945641],[20.150894,54.945602],[20.150982,54.945561],[20.151029,54.945537],[20.151005,54.945519],[20.150955,54.945522],[20.150868,54.945544],[20.150761,54.945574],[20.150673,54.945608],[20.150616,54.945623],[20.150598,54.945611],[20.150598,54.945588],[20.150616,54.94557],[20.150637,54.945559],[20.150785,54.945482],[20.150844,54.945453],[20.150974,54.945397],[20.151069,54.945381],[20.151123,54.945397],[20.1512,54.94543],[20.151262,54.945463],[20.151358,54.945511],[20.151443,54.945543],[20.151522,54.945556],[20.1516,54.945557],[20.151637,54.945527],[20.151654,54.945482],[20.151685,54.9454]]}},{"type":"Feature","properties":{"kind":"building","name":"Смак","osm":"way/313771671"},"geometry":{"type":"Polygon","coordinates":[[[20.152624,54.944268],[20.152666,54.944248],[20.152604,54.944168],[20.152566,54.944177],[20.152554,54.944171],[20.152536,54.944171],[20.15252,54.944177],[20.152512,54.944185],[20.152493,54.944191],[20.152471,54.944207],[20.152624,54.944268]]]}},{"type":"Feature","properties":{"kind":"building","name":"Гном","osm":"way/313771923"},"geometry":{"type":"Polygon","coordinates":[[[20.150868,54.944288],[20.150796,54.944287],[20.15079,54.944404],[20.150862,54.944405],[20.150868,54.944288]]]}},{"type":"Feature","properties":{"kind":"building","name":"","osm":"way/313771924"},"geometry":{"type":"Polygon","coordinates":[[[20.150902,54.944312],[20.150907,54.944351],[20.151109,54.944343],[20.151104,54.944303],[20.150902,54.944312]]]}},{"type":"Feature","properties":{"kind":"building","name":"","osm":"way/313773158"},"geometry":{"type":"Polygon","coordinates":[[[20.145188,54.943559],[20.145198,54.94356],[20.145202,54.943547],[20.145343,54.943563],[20.145339,54.943575],[20.14535,54.943577],[20.145347,54.943584],[20.145542,54.943606],[20.145653,54.943276],[20.145514,54.94326],[20.145516,54.943254],[20.145455,54.943247],[20.145453,54.943254],[20.145105,54.943215],[20.145035,54.943423],[20.14501,54.94342],[20.144998,54.943455],[20.145023,54.943458],[20.144993,54.943544],[20.145186,54.943566],[20.145188,54.943559]]]}},{"type":"Feature","properties":{"kind":"building","name":"","osm":"way/313773167"},"geometry":{"type":"Polygon","coordinates":[[[20.145453,54.942974],[20.145701,54.943002],[20.145753,54.942847],[20.145504,54.94282],[20.145453,54.942974]]]}},{"type":"Feature","properties":{"kind":"building","name":"","osm":"way/313773254"},"geometry":{"type":"Polygon","coordinates":[[[20.146589,54.944261],[20.146245,54.944218],[20.146169,54.944418],[20.146514,54.944461],[20.146589,54.944261]]]}},{"type":"Feature","properties":{"kind":"building","name":"","osm":"way/313773255"},"geometry":{"type":"Polygon","coordinates":[[[20.145525,54.942667],[20.145658,54.942683],[20.145691,54.942588],[20.145559,54.942573],[20.145525,54.942667]]]}},{"type":"Feature","properties":{"kind":"building","name":"","osm":"way/313773475"},"geometry":{"type":"Polygon","coordinates":[[[20.152855,54.940915],[20.152532,54.940989],[20.152639,54.941143],[20.152961,54.941069],[20.152855,54.940915]]]}},{"type":"Feature","properties":{"kind":"road","name":"","osm":"way/313777209","highway":"service","access":"","foot":""},"geometry":{"type":"LineString","coordinates":[[20.147313,54.945669],[20.147336,54.945689],[20.147367,54.945705],[20.147414,54.945709],[20.14753,54.945696]]}},{"type":"Feature","properties":{"kind":"road","name":"","osm":"way/313777508","highway":"service","access":"private","foot":""},"geometry":{"type":"LineString","coordinates":[[20.14753,54.945696],[20.14774,54.945671],[20.14802,54.945668],[20.148319,54.945658],[20.148603,54.945633],[20.148909,54.945653]]}},{"type":"Feature","properties":{"kind":"building","name":"Дом Рыбака","osm":"way/313899336"},"geometry":{"type":"Polygon","coordinates":[[[20.146329,54.945642],[20.146324,54.94574],[20.14641,54.945743],[20.146409,54.94575],[20.146546,54.945754],[20.146544,54.945786],[20.146834,54.945794],[20.14686,54.945779],[20.146866,54.94568],[20.146807,54.94568],[20.14681,54.94563],[20.146615,54.945625],[20.146613,54.945648],[20.146329,54.945642]]]}},{"type":"Feature","properties":{"kind":"road","name":"","osm":"way/313900033","highway":"footway","access":"","foot":""},"geometry":{"type":"LineString","coordinates":[[20.145682,54.945683],[20.145678,54.945724]]}},{"type":"Feature","properties":{"kind":"road","name":"","osm":"way/313900034","highway":"steps","access":"","foot":""},"geometry":{"type":"LineString","coordinates":[[20.145599,54.945619],[20.1457,54.945638]]}},{"type":"Feature","properties":{"kind":"road","name":"","osm":"way/313900035","highway":"footway","access":"","foot":""},"geometry":{"type":"LineString","coordinates":[[20.145525,54.945595],[20.145537,54.945601],[20.145599,54.945619]]}},{"type":"Feature","properties":{"kind":"road","name":"","osm":"way/313900986","highway":"footway","access":"","foot":""},"geometry":{"type":"LineString","coordinates":[[20.145418,54.945578],[20.14545,54.94559],[20.145471,54.945574],[20.145483,54.945577]]}},{"type":"Feature","properties":{"kind":"building","name":"","osm":"way/313901395"},"geometry":{"type":"Polygon","coordinates":[[[20.145356,54.945631],[20.145363,54.945611],[20.145325,54.945606],[20.145318,54.945627],[20.145356,54.945631]]]}},{"type":"Feature","properties":{"kind":"building","name":"","osm":"way/313901396"},"geometry":{"type":"Polygon","coordinates":[[[20.145448,54.94558],[20.14547,54.945562],[20.145432,54.945547],[20.145411,54.945565],[20.145448,54.94558]]]}},{"type":"Feature","properties":{"kind":"road","name":"","osm":"way/313911095","highway":"footway","access":"","foot":""},"geometry":{"type":"LineString","coordinates":[[20.146764,54.944468],[20.146766,54.944528],[20.146816,54.944536],[20.146855,54.944548],[20.146885,54.944561],[20.146904,54.944581],[20.146914,54.944601],[20.146919,54.944628],[20.146912,54.944651],[20.146892,54.944674],[20.14687,54.944687],[20.146844,54.944699],[20.146808,54.94471],[20.146767,54.944715],[20.146722,54.944713],[20.146694,54.944702],[20.146649,54.944735],[20.146634,54.944729]]}},{"type":"Feature","properties":{"kind":"road","name":"","osm":"way/313911096","highway":"footway","access":"","foot":""},"geometry":{"type":"LineString","coordinates":[[20.146551,54.94466],[20.146512,54.944651],[20.146579,54.944449],[20.146681,54.94419]]}},{"type":"Feature","properties":{"kind":"road","name":"Береговой переулок","osm":"way/314412158","highway":"service","access":"","foot":""},"geometry":{"type":"LineString","coordinates":[[20.147232,54.945763],[20.147234,54.9457],[20.147313,54.945669],[20.147406,54.945629],[20.14826,54.94552],[20.148402,54.945491],[20.148591,54.945437],[20.148769,54.945375],[20.149017,54.945273],[20.149853,54.944888],[20.149917,54.944854],[20.150355,54.944562],[20.150816,54.944211],[20.150886,54.944158]]}},{"type":"Feature","properties":{"kind":"road","name":"Променад","osm":"way/314412159","highway":"pedestrian","access":"","foot":""},"geometry":{"type":"LineString","coordinates":[[20.145345,54.945715],[20.145392,54.945717],[20.145678,54.945724],[20.146232,54.945746],[20.146505,54.945816],[20.146854,54.945827],[20.147042,54.945793],[20.147199,54.945763],[20.147232,54.945763],[20.147298,54.945765],[20.147355,54.94579],[20.14754,54.945825],[20.149424,54.945965],[20.1499,54.945998],[20.150887,54.94607],[20.153688,54.946362],[20.154402,54.946468]]}},{"type":"Feature","properties":{"kind":"road","name":"","osm":"way/314412160","highway":"steps","access":"","foot":""},"geometry":{"type":"LineString","coordinates":[[20.149418,54.945992],[20.149614,54.946007]]}},{"type":"Feature","properties":{"kind":"road","name":"","osm":"way/314412161","highway":"footway","access":"","foot":""},"geometry":{"type":"LineString","coordinates":[[20.149424,54.945965],[20.149418,54.945992]]}},{"type":"Feature","properties":{"kind":"road","name":"","osm":"way/314412162","highway":"steps","access":"","foot":""},"geometry":{"type":"LineString","coordinates":[[20.149893,54.946027],[20.149688,54.946012]]}},{"type":"Feature","properties":{"kind":"road","name":"","osm":"way/314412163","highway":"footway","access":"","foot":""},"geometry":{"type":"LineString","coordinates":[[20.14754,54.945825],[20.147535,54.945853]]}},{"type":"Feature","properties":{"kind":"road","name":"","osm":"way/314412164","highway":"footway","access":"","foot":""},"geometry":{"type":"LineString","coordinates":[[20.150913,54.945939],[20.150901,54.945997],[20.15089,54.946054],[20.150887,54.94607]]}},{"type":"Feature","properties":{"kind":"road","name":"","osm":"way/314412165","highway":"footway","access":"","foot":""},"geometry":{"type":"LineString","coordinates":[[20.145392,54.945717],[20.145397,54.945668]]}},{"type":"Feature","properties":{"kind":"road","name":"","osm":"way/314412166","highway":"footway","access":"","foot":""},"geometry":{"type":"LineString","coordinates":[[20.1499,54.945998],[20.149893,54.946027]]}},{"type":"Feature","properties":{"kind":"road","name":"","osm":"way/314412167","highway":"path","access":"","foot":""},"geometry":{"type":"LineString","coordinates":[[20.150901,54.945997],[20.151256,54.946025],[20.153699,54.946193],[20.15426,54.946231]]}},{"type":"Feature","properties":{"kind":"road","name":"","osm":"way/314412168","highway":"steps","access":"","foot":""},"geometry":{"type":"LineString","coordinates":[[20.147535,54.945853],[20.147412,54.945847],[20.147402,54.945902]]}},{"type":"Feature","properties":{"kind":"green","name":"","osm":"way/314420958"},"geometry":{"type":"Polygon","coordinates":[[[20.155114,54.945378],[20.154724,54.94564],[20.154503,54.945801],[20.154424,54.945946],[20.154314,54.946077],[20.154235,54.946134],[20.154052,54.946179],[20.15379,54.946167],[20.153699,54.946193],[20.15374,54.946241],[20.154235,54.946281],[20.154334,54.946318],[20.154337,54.946361],[20.154299,54.946374],[20.153509,54.946294],[20.154102,54.945392],[20.153132,54.94521],[20.152558,54.946197],[20.151405,54.94608],[20.151425,54.945988],[20.151268,54.94596],[20.151196,54.945931],[20.151181,54.945863],[20.150962,54.945801],[20.150747,54.945803],[20.150634,54.945885],[20.15052,54.94584],[20.150399,54.945781],[20.150141,54.945742],[20.149958,54.945687],[20.14976,54.945622],[20.149556,54.945542],[20.14944,54.945453],[20.149411,54.945358],[20.14944,54.945246],[20.149348,54.945195],[20.149146,54.945131],[20.149065,54.944996],[20.149074,54.944849],[20.149132,54.944729],[20.149077,54.944659],[20.148754,54.944637],[20.148521,54.944667],[20.148358,54.944685],[20.148221,54.944667],[20.147953,54.944663],[20.147732,54.944643],[20.147531,54.944605],[20.147409,54.944555],[20.147368,54.944476],[20.147388,54.944429],[20.147452,54.944389],[20.147627,54.944361],[20.14772,54.944346],[20.147781,54.944281],[20.147819,54.944269],[20.147901,54.944276],[20.148032,54.944276],[20.148148,54.944257],[20.14823,54.944254],[20.148285,54.944274],[20.148364,54.944306],[20.14848,54.944322],[20.148579,54.944336],[20.148643,54.944331],[20.148684,54.944307],[20.148707,54.94423],[20.148747,54.944217],[20.149224,54.944263],[20.149271,54.94431],[20.149346,54.944337],[20.14953,54.94434],[20.149835,54.944305],[20.150511,54.944268],[20.152169,54.944178],[20.15231,54.944221],[20.152374,54.944286],[20.152248,54.944385],[20.15211,54.944508],[20.151987,54.944527],[20.151909,54.944479],[20.151884,54.944389],[20.151859,54.944221],[20.151207,54.944247],[20.151094,54.944283],[20.15093,54.94429],[20.150828,54.944275],[20.150768,54.944283],[20.150755,54.944375],[20.150622,54.944495],[20.150607,54.944552],[20.150666,54.944578],[20.150767,54.944572],[20.151495,54.94453],[20.151594,54.944573],[20.151599,54.94465],[20.151476,54.944722],[20.151232,54.944723],[20.15109,54.944689],[20.150886,54.944741],[20.150706,54.944744],[20.15047,54.944734],[20.15031,54.944965],[20.150211,54.94514],[20.150202,54.945219],[20.150292,54.945273],[20.15045,54.945276],[20.151151,54.945202],[20.151306,54.945256],[20.1513,54.945353],[20.151339,54.945371],[20.151384,54.945383],[20.15146,54.945388],[20.151719,54.945145],[20.151899,54.94502],[20.152385,54.945032],[20.152995,54.9448],[20.153219,54.944819],[20.153554,54.944873],[20.153624,54.944894],[20.153496,54.945051],[20.153436,54.945215],[20.153606,54.945292],[20.153875,54.945331],[20.154199,54.944982],[20.155282,54.945183],[20.155104,54.945318],[20.155114,54.945378]]]}},{"type":"Feature","properties":{"kind":"green","name":"","osm":"way/314420963"},"geometry":{"type":"Polygon","coordinates":[[[20.145619,54.945423],[20.145523,54.945461],[20.145424,54.945485],[20.145282,54.945524],[20.14516,54.945529],[20.144914,54.945434],[20.144523,54.945425],[20.144272,54.945365],[20.143947,54.945294],[20.143584,54.945321],[20.143333,54.945349],[20.143169,54.945316],[20.142843,54.945214],[20.142456,54.945124],[20.142024,54.945096],[20.14153,54.945004],[20.141036,54.944942],[20.140574,54.944954],[20.139907,54.944961],[20.139496,54.944935],[20.139162,54.944897],[20.138643,54.944843],[20.13852,54.944784],[20.138314,54.944732],[20.138075,54.944724],[20.137828,54.944673],[20.137708,54.944635],[20.137708,54.944306],[20.137915,54.944248],[20.138011,54.944256],[20.138089,54.944314],[20.138238,54.944368],[20.138424,54.944318],[20.138608,54.944251],[20.138791,54.944141],[20.138913,54.94407],[20.139039,54.944072],[20.13919,54.944116],[20.139306,54.944234],[20.139501,54.944273],[20.13972,54.944285],[20.13983,54.944422],[20.140463,54.944653],[20.141031,54.944758],[20.141674,54.944767],[20.141955,54.944674],[20.141975,54.944336],[20.142394,54.944351],[20.142582,54.944354],[20.143134,54.944274],[20.143483,54.944299],[20.14344,54.944632],[20.143585,54.944761],[20.144391,54.944813],[20.145142,54.944836],[20.145573,54.944862],[20.145872,54.944953],[20.146056,54.944964],[20.146139,54.944997],[20.145619,54.945423]]]}},{"type":"Feature","properties":{"kind":"green","name":"","osm":"way/314420974"},"geometry":{"type":"Polygon","coordinates":[[[20.149041,54.945233],[20.148732,54.945352],[20.148543,54.945417],[20.148376,54.945459],[20.14824,54.945491],[20.147379,54.945594],[20.147143,54.945623],[20.146949,54.94562],[20.146782,54.945588],[20.14664,54.945571],[20.146494,54.945568],[20.146348,54.945592],[20.146272,54.945621],[20.146169,54.945649],[20.146058,54.945653],[20.145948,54.945634],[20.145876,54.945604],[20.145815,54.945557],[20.145788,54.9455],[20.1458,54.945459],[20.145848,54.94542],[20.145942,54.945389],[20.146062,54.945355],[20.146107,54.945319],[20.146138,54.945276],[20.14614,54.945234],[20.146154,54.945196],[20.146239,54.945138],[20.146342,54.94509],[20.14643,54.945027],[20.146435,54.945021],[20.146492,54.944944],[20.146587,54.944848],[20.146646,54.944785],[20.146688,54.944761],[20.146749,54.944748],[20.146791,54.944747],[20.146846,54.944753],[20.146887,54.944767],[20.14692,54.944797],[20.146922,54.944837],[20.146906,54.944876],[20.14691,54.944903],[20.146941,54.944932],[20.14699,54.944948],[20.147087,54.94495],[20.147173,54.944934],[20.147266,54.944896],[20.147406,54.944883],[20.147589,54.944864],[20.147713,54.944836],[20.147801,54.944811],[20.147876,54.944806],[20.147978,54.944812],[20.148028,54.944827],[20.148075,54.944856],[20.148104,54.944898],[20.148106,54.944941],[20.148073,54.944994],[20.14802,54.945058],[20.147974,54.945147],[20.147989,54.945214],[20.148042,54.94526],[20.148215,54.945355],[20.148398,54.945368],[20.148536,54.945367],[20.148734,54.945315],[20.148823,54.945277],[20.148878,54.94524],[20.148899,54.945208],[20.148925,54.945189],[20.148981,54.945168],[20.149041,54.945161],[20.149086,54.945163],[20.149098,54.945179],[20.149109,54.945193],[20.1491,54.945212],[20.149041,54.945233]]]}},{"type":"Feature","properties":{"kind":"building","name":"","osm":"way/314421159"},"geometry":{"type":"Polygon","coordinates":[[[20.14054,54.94357],[20.140676,54.943582],[20.14071,54.943456],[20.140574,54.943444],[20.14054,54.94357]]]}},{"type":"Feature","properties":{"kind":"building","name":"","osm":"way/314421160"},"geometry":{"type":"Polygon","coordinates":[[[20.140777,54.944362],[20.140982,54.944381],[20.141016,54.944262],[20.140811,54.944243],[20.140777,54.944362]]]}},{"type":"Feature","properties":{"kind":"building","name":"","osm":"way/314421161"},"geometry":{"type":"Polygon","coordinates":[[[20.140294,54.944336],[20.140262,54.944429],[20.140542,54.944461],[20.140574,54.944368],[20.140294,54.944336]]]}},{"type":"Feature","properties":{"kind":"building","name":"","osm":"way/314421162"},"geometry":{"type":"Polygon","coordinates":[[[20.141484,54.944167],[20.141608,54.944176],[20.141623,54.944101],[20.141499,54.944093],[20.141484,54.944167]]]}},{"type":"Feature","properties":{"kind":"road","name":"Зелёная улица","osm":"way/314850416","highway":"residential","access":"","foot":""},"geometry":{"type":"LineString","coordinates":[[20.155474,54.939589],[20.155335,54.939576],[20.155124,54.939568],[20.154857,54.93958],[20.15477,54.939584],[20.153817,54.939618]]}},{"type":"Feature","properties":{"kind":"road","name":"","osm":"way/314851259","highway":"service","access":"","foot":""},"geometry":{"type":"LineString","coordinates":[[20.154857,54.93958],[20.154908,54.939366]]}},{"type":"Feature","properties":{"kind":"road","name":"","osm":"way/314851260","highway":"service","access":"","foot":""},"geometry":{"type":"LineString","coordinates":[[20.154828,54.93969],[20.154181,54.939799]]}},{"type":"Feature","properties":{"kind":"road","name":"","osm":"way/314851261","highway":"service","access":"","foot":""},"geometry":{"type":"LineString","coordinates":[[20.15477,54.939584],[20.154828,54.93969],[20.154919,54.939858]]}},{"type":"Feature","properties":{"kind":"road","name":"","osm":"way/314852114","highway":"service","access":"","foot":""},"geometry":{"type":"LineString","coordinates":[[20.154498,54.940706],[20.1547,54.940678],[20.154851,54.940677],[20.154963,54.940691],[20.155059,54.940717],[20.155135,54.940753],[20.155183,54.940804],[20.155208,54.940855],[20.155216,54.940897]]}},{"type":"Feature","properties":{"kind":"building","name":"","osm":"way/314852116"},"geometry":{"type":"Polygon","coordinates":[[[20.155021,54.940464],[20.155046,54.940612],[20.155268,54.9406],[20.155243,54.940452],[20.155021,54.940464]]]}},{"type":"Feature","properties":{"kind":"building","name":"","osm":"way/314852137"},"geometry":{"type":"Polygon","coordinates":[[[20.15208,54.940612],[20.151898,54.940531],[20.151765,54.940629],[20.151947,54.94071],[20.15208,54.940612]]]}},{"type":"Feature","properties":{"kind":"green","name":"Лиственничный парк","osm":"way/317425900"},"geometry":{"type":"Polygon","coordinates":[[[20.155229,54.942922],[20.15514,54.942886],[20.155001,54.942826],[20.154942,54.942798],[20.155979,54.941969],[20.156045,54.942032],[20.156858,54.942764],[20.156412,54.943096],[20.15592,54.943071],[20.155873,54.943069],[20.155474,54.943051],[20.155386,54.943049],[20.155103,54.943044],[20.155229,54.942922]]]}},{"type":"Feature","properties":{"kind":"road","name":"","osm":"way/335073808","highway":"service","access":"","foot":""},"geometry":{"type":"LineString","coordinates":[[20.148146,54.939508],[20.148143,54.939552],[20.148142,54.939563],[20.148131,54.939693]]}},{"type":"Feature","properties":{"kind":"building","name":"","osm":"way/335073809"},"geometry":{"type":"Polygon","coordinates":[[[20.146864,54.939734],[20.147347,54.93967],[20.148045,54.939675],[20.148035,54.939802],[20.147372,54.93979],[20.147025,54.939835],[20.14691,54.939852],[20.146864,54.939734]]]}},{"type":"Feature","properties":{"kind":"road","name":"Октябрьская улица","osm":"way/337056168","highway":"residential","access":"","foot":""},"geometry":{"type":"LineString","coordinates":[[20.152044,54.945003],[20.152118,54.944934],[20.152486,54.944632]]}},{"type":"Feature","properties":{"kind":"road","name":"","osm":"way/337056169","highway":"footway","access":"","foot":""},"geometry":{"type":"LineString","coordinates":[[20.147208,54.943733],[20.147222,54.943736],[20.147233,54.943743],[20.147239,54.943751],[20.147239,54.94376],[20.147233,54.943768],[20.147221,54.943774],[20.147207,54.943778],[20.147191,54.943778],[20.147177,54.943774],[20.147166,54.943768],[20.14716,54.943759],[20.147161,54.94375],[20.147167,54.943742],[20.147178,54.943736],[20.147192,54.943733],[20.147208,54.943733]]}},{"type":"Feature","properties":{"kind":"road","name":"","osm":"way/337056170","highway":"footway","access":"","foot":""},"geometry":{"type":"LineString","coordinates":[[20.145923,54.943572],[20.145937,54.943576],[20.145948,54.943582],[20.145954,54.94359],[20.145954,54.943599],[20.145947,54.943607],[20.145936,54.943614],[20.145922,54.943617],[20.145906,54.943617],[20.145892,54.943613],[20.145881,54.943607],[20.145875,54.943599],[20.145875,54.94359],[20.145882,54.943582],[20.145893,54.943575],[20.145907,54.943572],[20.145923,54.943572]]}},{"type":"Feature","properties":{"kind":"road","name":"","osm":"way/337056171","highway":"footway","access":"","foot":""},"geometry":{"type":"LineString","coordinates":[[20.14632,54.943621],[20.146334,54.943625],[20.146345,54.943631],[20.146351,54.943639],[20.146351,54.943648],[20.146345,54.943657],[20.146334,54.943663],[20.146319,54.943666],[20.146303,54.943666],[20.146289,54.943662],[20.146278,54.943656],[20.146272,54.943648],[20.146273,54.943639],[20.146279,54.943631],[20.14629,54.943624],[20.146304,54.943621],[20.14632,54.943621]]}},{"type":"Feature","properties":{"kind":"road","name":"","osm":"way/337056172","highway":"footway","access":"","foot":""},"geometry":{"type":"LineString","coordinates":[[20.146763,54.943677],[20.146777,54.94368],[20.146788,54.943687],[20.146794,54.943695],[20.146794,54.943704],[20.146787,54.943712],[20.146776,54.943719],[20.146762,54.943722],[20.146746,54.943722],[20.146732,54.943718],[20.146721,54.943712],[20.146715,54.943703],[20.146715,54.943694],[20.146722,54.943686],[20.146733,54.94368],[20.146747,54.943677],[20.146763,54.943677]]}},{"type":"Feature","properties":{"kind":"road","name":"","osm":"way/337056173","highway":"footway","access":"","foot":""},"geometry":{"type":"LineString","coordinates":[[20.145923,54.943572],[20.146008,54.943351]]}},{"type":"Feature","properties":{"kind":"road","name":"","osm":"way/337056174","highway":"footway","access":"","foot":""},"geometry":{"type":"LineString","coordinates":[[20.145636,54.94356],[20.145875,54.94359]]}},{"type":"Feature","properties":{"kind":"road","name":"","osm":"way/337056175","highway":"footway","access":"","foot":""},"geometry":{"type":"LineString","coordinates":[[20.146746,54.943722],[20.146713,54.943805],[20.146688,54.943867]]}},{"type":"Feature","properties":{"kind":"road","name":"","osm":"way/337056176","highway":"footway","access":"","foot":""},"geometry":{"type":"LineString","coordinates":[[20.147239,54.94376],[20.147547,54.943799]]}},{"type":"Feature","properties":{"kind":"road","name":"","osm":"way/337056177","highway":"footway","access":"","foot":""},"geometry":{"type":"LineString","coordinates":[[20.146303,54.943666],[20.146269,54.943752],[20.146247,54.943808]]}},{"type":"Feature","properties":{"kind":"road","name":"","osm":"way/337056178","highway":"footway","access":"","foot":""},"geometry":{"type":"LineString","coordinates":[[20.152378,54.944611],[20.152486,54.944632]]}},{"type":"Feature","properties":{"kind":"road","name":"","osm":"way/337056179","highway":"steps","access":"","foot":""},"geometry":{"type":"LineString","coordinates":[[20.151525,54.945347],[20.151685,54.9454]]}},{"type":"Feature","properties":{"kind":"road","name":"","osm":"way/337056181","highway":"footway","access":"","foot":""},"geometry":{"type":"LineString","coordinates":[[20.151257,54.945253],[20.151589,54.944967]]}},{"type":"Feature","properties":{"kind":"road","name":"","osm":"way/337056182","highway":"footway","access":"","foot":""},"geometry":{"type":"LineString","coordinates":[[20.146794,54.943704],[20.147161,54.94375]]}},{"type":"Feature","properties":{"kind":"road","name":"","osm":"way/337056183","highway":"footway","access":"","foot":""},"geometry":{"type":"LineString","coordinates":[[20.146351,54.943648],[20.146715,54.943694]]}},{"type":"Feature","properties":{"kind":"road","name":"","osm":"way/337056184","highway":"footway","access":"","foot":""},"geometry":{"type":"LineString","coordinates":[[20.145906,54.943617],[20.145872,54.943706],[20.145852,54.943756]]}},{"type":"Feature","properties":{"kind":"road","name":"","osm":"way/337056185","highway":"footway","access":"","foot":""},"geometry":{"type":"LineString","coordinates":[[20.152578,54.944648],[20.153278,54.944062]]}},{"type":"Feature","properties":{"kind":"road","name":"","osm":"way/337056186","highway":"footway","access":"","foot":""},"geometry":{"type":"LineString","coordinates":[[20.151589,54.944967],[20.151855,54.944937]]}},{"type":"Feature","properties":{"kind":"road","name":"","osm":"way/337056187","highway":"footway","access":"","foot":""},"geometry":{"type":"LineString","coordinates":[[20.145954,54.943599],[20.146273,54.943639]]}},{"type":"Feature","properties":{"kind":"road","name":"","osm":"way/337056188","highway":"footway","access":"","foot":""},"geometry":{"type":"LineString","coordinates":[[20.150049,54.945082],[20.150037,54.945007],[20.149853,54.944888]]}},{"type":"Feature","properties":{"kind":"road","name":"","osm":"way/337056189","highway":"footway","access":"","foot":""},"geometry":{"type":"LineString","coordinates":[[20.151855,54.944937],[20.151959,54.944973],[20.152044,54.945003]]}},{"type":"Feature","properties":{"kind":"road","name":"","osm":"way/337056190","highway":"steps","access":"","foot":""},"geometry":{"type":"LineString","coordinates":[[20.150269,54.94524],[20.150105,54.945192],[20.150074,54.945148],[20.150049,54.945082]]}},{"type":"Feature","properties":{"kind":"road","name":"","osm":"way/337056191","highway":"footway","access":"","foot":""},"geometry":{"type":"LineString","coordinates":[[20.151525,54.945347],[20.151959,54.944973],[20.151984,54.944951],[20.152378,54.944611],[20.152932,54.944134],[20.153009,54.944067]]}},{"type":"Feature","properties":{"kind":"road","name":"","osm":"way/337056192","highway":"service","access":"","foot":""},"geometry":{"type":"LineString","coordinates":[[20.151512,54.944801],[20.151693,54.944876],[20.151855,54.944937],[20.151908,54.944943],[20.151984,54.944951],[20.152118,54.944934]]}},{"type":"Feature","properties":{"kind":"green","name":"","osm":"way/345700616"},"geometry":{"type":"Polygon","coordinates":[[[20.164985,54.945164],[20.165638,54.945147],[20.165638,54.946157],[20.165051,54.946214],[20.164985,54.945164]]]}},{"type":"Feature","properties":{"kind":"building","name":"\"Янтарь - холл\"","osm":"way/350404478"},"geometry":{"type":"Polygon","coordinates":[[[20.159267,54.946181],[20.158973,54.946019],[20.158952,54.946029],[20.158949,54.94603],[20.158926,54.946004],[20.158912,54.945989],[20.158891,54.945966],[20.158911,54.945944],[20.158904,54.945938],[20.158895,54.945931],[20.158884,54.945921],[20.158875,54.94591],[20.15885,54.945876],[20.158846,54.945868],[20.158843,54.945861],[20.15884,54.945848],[20.158838,54.94584],[20.158838,54.945838],[20.158837,54.945828],[20.158837,54.945807],[20.158852,54.945761],[20.158863,54.945727],[20.158885,54.945651],[20.158681,54.94565],[20.158681,54.945644],[20.158681,54.945639],[20.158681,54.945633],[20.15868,54.945626],[20.158679,54.94562],[20.158676,54.945614],[20.158672,54.945607],[20.158668,54.945602],[20.15866,54.945594],[20.158649,54.945586],[20.158638,54.945579],[20.158625,54.945573],[20.158609,54.945567],[20.158599,54.945564],[20.158589,54.945561],[20.158567,54.945556],[20.158544,54.945552],[20.158534,54.945551],[20.158521,54.94555],[20.158506,54.945547],[20.158492,54.945543],[20.158479,54.94554],[20.158458,54.945533],[20.158445,54.945528],[20.158432,54.945523],[20.158419,54.945516],[20.158406,54.945509],[20.158409,54.945507],[20.158452,54.945477],[20.158457,54.945474],[20.158476,54.945482],[20.158505,54.945493],[20.158545,54.945506],[20.158577,54.945514],[20.158592,54.945517],[20.158598,54.945503],[20.158578,54.9455],[20.158607,54.945437],[20.158646,54.945376],[20.158682,54.945332],[20.158676,54.94533],[20.158667,54.945326],[20.158659,54.945321],[20.158655,54.945317],[20.15865,54.945312],[20.158643,54.9453],[20.158633,54.94528],[20.158625,54.945261],[20.158622,54.945251],[20.158619,54.945239],[20.158616,54.945219],[20.158615,54.945207],[20.158616,54.945199],[20.158617,54.945191],[20.158618,54.945179],[20.15862,54.94517],[20.158623,54.945159],[20.158631,54.94514],[20.158635,54.945133],[20.158639,54.945125],[20.158645,54.945116],[20.158652,54.945106],[20.158659,54.945097],[20.15867,54.945085],[20.158684,54.94507],[20.158693,54.945063],[20.158704,54.945053],[20.158713,54.945046],[20.158726,54.945037],[20.158753,54.945021],[20.158779,54.945007],[20.15879,54.945002],[20.158806,54.944995],[20.158819,54.94499],[20.158835,54.944983],[20.158849,54.944979],[20.158865,54.944974],[20.158883,54.944969],[20.158898,54.944965],[20.158915,54.944961],[20.158931,54.944958],[20.158964,54.944952],[20.158976,54.94495],[20.158994,54.944948],[20.159013,54.944947],[20.159029,54.944945],[20.159044,54.944944],[20.159064,54.944944],[20.159075,54.944944],[20.159047,54.944941],[20.159033,54.944941],[20.158998,54.94494],[20.158963,54.944942],[20.158939,54.944944],[20.158918,54.944946],[20.158895,54.94495],[20.15888,54.944953],[20.158862,54.944957],[20.15883,54.944965],[20.158805,54.944973],[20.158794,54.944978],[20.158776,54.944985],[20.158759,54.944992],[20.158745,54.944999],[20.158723,54.945011],[20.158699,54.945026],[20.158688,54.945033],[20.158677,54.945042],[20.158663,54.945052],[20.158654,54.945061],[20.158644,54.945071],[20.158637,54.945078],[20.158625,54.945092],[20.158615,54.945105],[20.158609,54.945115],[20.158603,54.945124],[20.158602,54.945126],[20.158579,54.945122],[20.158571,54.94512],[20.158576,54.945111],[20.158582,54.945101],[20.158594,54.945086],[20.158602,54.945076],[20.158612,54.945065],[20.15863,54.945047],[20.158644,54.945035],[20.158652,54.945029],[20.158673,54.945014],[20.158697,54.944999],[20.158718,54.944987],[20.158734,54.944979],[20.15875,54.944972],[20.158778,54.94496],[20.158804,54.944951],[20.158824,54.944945],[20.158845,54.94494],[20.158868,54.944934],[20.15889,54.94493],[20.158907,54.944928],[20.158925,54.944925],[20.158941,54.944924],[20.15896,54.944923],[20.158982,54.944922],[20.159,54.944921],[20.159026,54.944921],[20.159049,54.944922],[20.159063,54.944923],[20.159084,54.944925],[20.159096,54.944926],[20.15911,54.944928],[20.159121,54.94493],[20.159138,54.944933],[20.159154,54.944937],[20.159207,54.94495],[20.159249,54.944961],[20.15925,54.944957],[20.159251,54.944943],[20.159253,54.944934],[20.159254,54.94493],[20.159256,54.944923],[20.15926,54.944916],[20.159264,54.944909],[20.159286,54.94487],[20.159303,54.944842],[20.159319,54.944815],[20.159328,54.944798],[20.159338,54.944777],[20.159348,54.944759],[20.159356,54.944742],[20.159363,54.944723],[20.159371,54.944702],[20.159377,54.944684],[20.159382,54.944669],[20.159389,54.944643],[20.159396,54.944616],[20.159401,54.944589],[20.159411,54.944589],[20.159409,54.944599],[20.159507,54.944611],[20.159516,54.944612],[20.159547,54.944617],[20.159556,54.944619],[20.159557,54.944617],[20.159646,54.94463],[20.159644,54.944634],[20.159648,54.944634],[20.159693,54.94464],[20.159704,54.944641],[20.159699,54.944652],[20.159693,54.944665],[20.159687,54.944677],[20.159683,54.944685],[20.15968,54.944693],[20.159674,54.944709],[20.159667,54.944725],[20.159662,54.944739],[20.159658,54.94475],[20.159653,54.944764],[20.159649,54.944779],[20.159645,54.944792],[20.159641,54.944806],[20.159638,54.944818],[20.159636,54.944828],[20.159633,54.944842],[20.159632,54.944848],[20.159629,54.944861],[20.159627,54.944871],[20.159625,54.944884],[20.159623,54.944899],[20.159622,54.944905],[20.15969,54.944907],[20.159736,54.944909],[20.159784,54.944914],[20.15982,54.944921],[20.159855,54.944929],[20.159876,54.944935],[20.159907,54.944945],[20.159936,54.944957],[20.159964,54.944969],[20.159997,54.944986],[20.160045,54.94502],[20.160069,54.945039],[20.160187,54.945051],[20.1602,54.945054],[20.160197,54.945061],[20.160208,54.945063],[20.16024,54.945071],[20.160271,54.945081],[20.1603,54.945092],[20.160328,54.945104],[20.160353,54.945118],[20.160376,54.945133],[20.160395,54.945149],[20.160413,54.945167],[20.160428,54.945184],[20.160435,54.945193],[20.160443,54.945206],[20.160452,54.945224],[20.160458,54.945244],[20.160461,54.945259],[20.16046,54.945286],[20.160457,54.945307],[20.160442,54.945363],[20.160433,54.945392],[20.160424,54.945422],[20.16042,54.945437],[20.160417,54.945449],[20.160415,54.94546],[20.160415,54.945469],[20.160416,54.945479],[20.160418,54.945489],[20.16042,54.945499],[20.160421,54.945507],[20.160424,54.945514],[20.160435,54.945545],[20.160443,54.945568],[20.160446,54.94558],[20.16045,54.945598],[20.160453,54.945613],[20.160457,54.945645],[20.160459,54.94567],[20.160461,54.945692],[20.160464,54.945712],[20.160467,54.945736],[20.160469,54.945765],[20.16047,54.945781],[20.160469,54.945797],[20.160468,54.945813],[20.160467,54.945825],[20.160463,54.945842],[20.160457,54.945862],[20.160454,54.94587],[20.160449,54.945881],[20.160438,54.9459],[20.160432,54.945909],[20.160418,54.945928],[20.160409,54.945939],[20.160392,54.945956],[20.160384,54.945964],[20.160373,54.945973],[20.160352,54.945989],[20.160341,54.945997],[20.160325,54.946007],[20.160304,54.946019],[20.160291,54.946024],[20.160278,54.94603],[20.160263,54.946038],[20.160244,54.946045],[20.160219,54.946056],[20.160192,54.946064],[20.16016,54.946073],[20.160128,54.946081],[20.160098,54.946086],[20.16006,54.946092],[20.160044,54.946094],[20.160026,54.946095],[20.15999,54.946098],[20.159956,54.946098],[20.15992,54.946098],[20.159886,54.946096],[20.159851,54.946093],[20.159817,54.946088],[20.159801,54.946086],[20.159783,54.946082],[20.159757,54.946077],[20.159734,54.946072],[20.159718,54.94607],[20.1597,54.946068],[20.159668,54.946066],[20.159619,54.946066],[20.159585,54.946067],[20.159548,54.946067],[20.159523,54.946068],[20.159493,54.946071],[20.159465,54.946073],[20.159437,54.946075],[20.159427,54.946078],[20.159417,54.946082],[20.159408,54.946086],[20.159391,54.946096],[20.15938,54.946103],[20.159371,54.946111],[20.159365,54.946117],[20.159358,54.946124],[20.159353,54.946131],[20.159349,54.946137],[20.159344,54.946148],[20.159342,54.946153],[20.15934,54.946157],[20.15934,54.946162],[20.15934,54.946173],[20.159344,54.946193],[20.15935,54.946206],[20.159353,54.946213],[20.159361,54.946225],[20.159372,54.946239],[20.159382,54.946249],[20.159388,54.946255],[20.159404,54.946267],[20.159411,54.946272],[20.159427,54.946282],[20.159438,54.946287],[20.15945,54.946294],[20.159466,54.9463],[20.159476,54.946304],[20.159496,54.94631],[20.159528,54.946319],[20.159526,54.946323],[20.159505,54.946355],[20.159502,54.946359],[20.159486,54.946355],[20.15947,54.94635],[20.159448,54.946343],[20.159434,54.946338],[20.159419,54.946332],[20.159406,54.946326],[20.159392,54.946319],[20.159365,54.946305],[20.159349,54.946295],[20.159337,54.946286],[20.159328,54.946278],[20.159316,54.946267],[20.159306,54.946255],[20.159295,54.94624],[20.15929,54.946234],[20.159286,54.946228],[20.159282,54.946222],[20.159278,54.946215],[20.159275,54.946208],[20.159273,54.946199],[20.159269,54.946188],[20.159267,54.946181]]]}},{"type":"Feature","properties":{"kind":"building","name":"","osm":"way/352654081"},"geometry":{"type":"Polygon","coordinates":[[[20.156217,54.945495],[20.156259,54.945427],[20.156187,54.945412],[20.156239,54.945323],[20.156255,54.945326],[20.156272,54.945298],[20.15626,54.945294],[20.156249,54.945292],[20.156246,54.945282],[20.156246,54.945258],[20.156255,54.945229],[20.156273,54.945205],[20.156297,54.945185],[20.156333,54.945169],[20.15637,54.945158],[20.156413,54.94515],[20.156459,54.94515],[20.156496,54.945152],[20.156539,54.945159],[20.156584,54.945175],[20.15662,54.945197],[20.15664,54.945216],[20.156659,54.945238],[20.156706,54.945248],[20.156592,54.94547],[20.156567,54.945515],[20.156446,54.945492],[20.156419,54.945535],[20.156217,54.945495]]]}},{"type":"Feature","properties":{"kind":"building","name":"","osm":"way/352654082"},"geometry":{"type":"Polygon","coordinates":[[[20.156068,54.945723],[20.156146,54.945573],[20.15644,54.945623],[20.156411,54.94568],[20.156386,54.945676],[20.156367,54.945712],[20.156392,54.945716],[20.156363,54.945773],[20.156068,54.945723]]]}},{"type":"Feature","properties":{"kind":"building","name":"","osm":"way/352656037"},"geometry":{"type":"Polygon","coordinates":[[[20.157696,54.945862],[20.157946,54.945893],[20.158,54.945749],[20.157751,54.945717],[20.157696,54.945862]]]}},{"type":"Feature","properties":{"kind":"building","name":"","osm":"way/352671287"},"geometry":{"type":"Polygon","coordinates":[[[20.155685,54.944751],[20.155596,54.944724],[20.155576,54.944747],[20.155428,54.944702],[20.155426,54.944705],[20.155326,54.944675],[20.155328,54.944673],[20.155298,54.944664],[20.155317,54.944642],[20.155286,54.944633],[20.155328,54.944586],[20.155356,54.944594],[20.155553,54.944377],[20.155583,54.944386],[20.155601,54.944366],[20.155579,54.94436],[20.155613,54.944324],[20.155604,54.944321],[20.155662,54.944255],[20.155742,54.944279],[20.155735,54.944286],[20.155793,54.944304],[20.155907,54.944338],[20.155864,54.944385],[20.155975,54.944418],[20.155961,54.944433],[20.155972,54.944436],[20.155685,54.944751]]]}},{"type":"Feature","properties":{"kind":"building","name":"","osm":"way/352671829"},"geometry":{"type":"Polygon","coordinates":[[[20.158126,54.944006],[20.158125,54.94398],[20.158119,54.94398],[20.158108,54.943961],[20.158106,54.943953],[20.158106,54.943949],[20.158106,54.943945],[20.158108,54.943934],[20.158113,54.943924],[20.158116,54.943919],[20.158123,54.943918],[20.158123,54.943892],[20.158317,54.94389],[20.158317,54.943881],[20.158316,54.943881],[20.158315,54.943876],[20.158427,54.943875],[20.158425,54.943786],[20.158614,54.943785],[20.158617,54.943879],[20.158659,54.943879],[20.15866,54.943902],[20.15867,54.943901],[20.158681,54.943901],[20.158692,54.943902],[20.158708,54.943905],[20.158719,54.943904],[20.15872,54.943913],[20.158721,54.943913],[20.158721,54.943919],[20.15872,54.943919],[20.15872,54.943933],[20.158718,54.94394],[20.158716,54.943942],[20.158718,54.943942],[20.158708,54.943955],[20.158707,54.943954],[20.158699,54.943962],[20.158688,54.943973],[20.158676,54.943984],[20.158664,54.943992],[20.158665,54.943993],[20.158654,54.943999],[20.158653,54.943999],[20.158635,54.944008],[20.158613,54.944017],[20.158594,54.944023],[20.158594,54.944024],[20.15858,54.944027],[20.15858,54.944026],[20.158576,54.944027],[20.158544,54.944033],[20.158508,54.944036],[20.158508,54.944037],[20.158484,54.944038],[20.158484,54.944037],[20.158441,54.944038],[20.158441,54.944038],[20.158425,54.944038],[20.158424,54.944014],[20.158324,54.944015],[20.158324,54.944022],[20.158307,54.944032],[20.158282,54.944032],[20.158266,54.944023],[20.158265,54.944005],[20.158126,54.944006]]]}},{"type":"Feature","properties":{"kind":"building","name":"","osm":"way/352672186"},"geometry":{"type":"Polygon","coordinates":[[[20.164643,54.945318],[20.164645,54.945275],[20.164661,54.945276],[20.164664,54.945263],[20.164677,54.945264],[20.164682,54.94524],[20.164703,54.945242],[20.164709,54.945217],[20.16478,54.945219],[20.164782,54.945149],[20.164676,54.945148],[20.164672,54.945171],[20.1644,54.94515],[20.164393,54.945178],[20.164384,54.945178],[20.164382,54.945188],[20.164391,54.945189],[20.164385,54.945217],[20.1645,54.945226],[20.164499,54.945245],[20.164483,54.945245],[20.164483,54.94525],[20.164496,54.94525],[20.164479,54.945316],[20.164388,54.945315],[20.164386,54.945365],[20.164386,54.945374],[20.164565,54.945377],[20.164566,54.945367],[20.164602,54.945368],[20.164602,54.945377],[20.16474,54.945379],[20.164742,54.945319],[20.164703,54.945319],[20.164643,54.945318]]]}},{"type":"Feature","properties":{"kind":"building","name":"","osm":"way/352672188"},"geometry":{"type":"Polygon","coordinates":[[[20.163801,54.944246],[20.163797,54.944166],[20.163814,54.944166],[20.163813,54.944149],[20.163808,54.944149],[20.163807,54.944145],[20.163827,54.944145],[20.163825,54.94409],[20.163789,54.944091],[20.163789,54.944087],[20.164067,54.944082],[20.164067,54.944085],[20.16405,54.944085],[20.164052,54.944126],[20.164067,54.944126],[20.16407,54.944171],[20.164054,54.944172],[20.164056,54.944213],[20.164073,54.944212],[20.164074,54.944215],[20.163889,54.944218],[20.16389,54.94424],[20.163895,54.94424],[20.163895,54.944244],[20.163801,54.944246]]]}},{"type":"Feature","properties":{"kind":"building","name":"","osm":"way/357020361"},"geometry":{"type":"Polygon","coordinates":[[[20.146974,54.938808],[20.146954,54.938761],[20.146963,54.93876],[20.146951,54.938734],[20.146931,54.938737],[20.146911,54.938688],[20.146932,54.938685],[20.14692,54.938657],[20.146894,54.93866],[20.14685,54.938558],[20.146876,54.938555],[20.146866,54.93853],[20.146844,54.938533],[20.146823,54.938485],[20.146833,54.938483],[20.146799,54.938403],[20.146789,54.938404],[20.146768,54.938356],[20.146789,54.938353],[20.146779,54.938328],[20.146753,54.938333],[20.146708,54.93823],[20.146734,54.938227],[20.146721,54.938198],[20.146701,54.938201],[20.146681,54.938153],[20.146702,54.93815],[20.146689,54.938118],[20.146677,54.938119],[20.146653,54.938062],[20.146774,54.938045],[20.146783,54.938064],[20.146854,54.938054],[20.146866,54.938083],[20.146876,54.938082],[20.147163,54.938747],[20.14713,54.938752],[20.147144,54.938784],[20.146974,54.938808]]]}},{"type":"Feature","properties":{"kind":"building","name":"","osm":"way/357020362"},"geometry":{"type":"Polygon","coordinates":[[[20.146189,54.938127],[20.146008,54.937707],[20.14623,54.937707],[20.146236,54.937719],[20.146218,54.937722],[20.146268,54.937839],[20.146286,54.937836],[20.146303,54.937874],[20.146285,54.937877],[20.146334,54.93799],[20.146352,54.937987],[20.146369,54.938026],[20.14635,54.938029],[20.146381,54.9381],[20.146189,54.938127]]]}},{"type":"Feature","properties":{"kind":"building","name":"","osm":"way/357021208"},"geometry":{"type":"Polygon","coordinates":[[[20.145944,54.939417],[20.146066,54.939332],[20.146128,54.939362],[20.146004,54.939447],[20.145944,54.939417]]]}},{"type":"Feature","properties":{"kind":"building","name":"","osm":"way/357021209"},"geometry":{"type":"Polygon","coordinates":[[[20.143972,54.938718],[20.144068,54.938673],[20.144101,54.938696],[20.144113,54.93869],[20.144146,54.938713],[20.144164,54.938705],[20.144235,54.938755],[20.144217,54.938763],[20.144251,54.938786],[20.14421,54.938806],[20.144237,54.938825],[20.144277,54.938805],[20.14431,54.938828],[20.144328,54.93882],[20.144465,54.938915],[20.144447,54.938924],[20.14448,54.938947],[20.144439,54.938966],[20.144466,54.938985],[20.144506,54.938965],[20.144541,54.938989],[20.144558,54.938981],[20.144628,54.93903],[20.14461,54.939038],[20.144644,54.939062],[20.144632,54.939067],[20.144677,54.939098],[20.144592,54.939139],[20.144604,54.939147],[20.144529,54.939183],[20.143919,54.938756],[20.143982,54.938726],[20.143972,54.938718]]]}},{"type":"Feature","properties":{"kind":"building","name":"","osm":"way/357271613"},"geometry":{"type":"Polygon","coordinates":[[[20.150664,54.943128],[20.150577,54.943002],[20.150423,54.943037],[20.150509,54.943163],[20.150664,54.943128]]]}},{"type":"Feature","properties":{"kind":"road","name":"","osm":"way/358979677","highway":"service","access":"","foot":""},"geometry":{"type":"LineString","coordinates":[[20.150651,54.941372],[20.150615,54.941482]]}},{"type":"Feature","properties":{"kind":"road","name":"","osm":"way/358979678","highway":"service","access":"","foot":""},"geometry":{"type":"LineString","coordinates":[[20.149987,54.940886],[20.150378,54.941501]]}},{"type":"Feature","properties":{"kind":"road","name":"","osm":"way/358979679","highway":"service","access":"","foot":""},"geometry":{"type":"LineString","coordinates":[[20.150185,54.940841],[20.15007,54.940659],[20.149963,54.940688],[20.14986,54.940718]]}},{"type":"Feature","properties":{"kind":"road","name":"","osm":"way/358979680","highway":"service","access":"","foot":""},"geometry":{"type":"LineString","coordinates":[[20.151341,54.941794],[20.151017,54.941389]]}},{"type":"Feature","properties":{"kind":"road","name":"","osm":"way/361189372","highway":"service","access":"","foot":""},"geometry":{"type":"LineString","coordinates":[[20.161775,54.943686],[20.161915,54.944021],[20.161929,54.944303],[20.161931,54.944338]]}},{"type":"Feature","properties":{"kind":"road","name":"","osm":"way/361189376","highway":"service","access":"","foot":""},"geometry":{"type":"LineString","coordinates":[[20.161931,54.944338],[20.161937,54.944689],[20.16216,54.944688],[20.162166,54.944337],[20.161931,54.944338]]}},{"type":"Feature","properties":{"kind":"building","name":"","osm":"way/361642176"},"geometry":{"type":"Polygon","coordinates":[[[20.146969,54.939495],[20.147121,54.939477],[20.147072,54.939354],[20.146918,54.939372],[20.146969,54.939495]]]}},{"type":"Feature","properties":{"kind":"building","name":"","osm":"way/361642177"},"geometry":{"type":"Polygon","coordinates":[[[20.146624,54.939512],[20.146802,54.939497],[20.146772,54.939378],[20.146593,54.939391],[20.146624,54.939512]]]}},{"type":"Feature","properties":{"kind":"road","name":"","osm":"way/361642303","highway":"service","access":"","foot":""},"geometry":{"type":"LineString","coordinates":[[20.14619,54.939708],[20.146156,54.939674],[20.14596,54.93948],[20.145568,54.939317],[20.145366,54.93926]]}},{"type":"Feature","properties":{"kind":"road","name":"","osm":"way/361642304","highway":"service","access":"","foot":""},"geometry":{"type":"LineString","coordinates":[[20.145848,54.938984],[20.145584,54.939043],[20.145342,54.939099],[20.144756,54.939243],[20.144764,54.939093],[20.144175,54.938655]]}},{"type":"Feature","properties":{"kind":"road","name":"улица Ленина","osm":"way/361642569","highway":"residential","access":"","foot":""},"geometry":{"type":"LineString","coordinates":[[20.163518,54.943385],[20.163377,54.943416],[20.162967,54.943516],[20.162507,54.943603],[20.162286,54.943633],[20.161862,54.943675],[20.161836,54.943677],[20.161775,54.943686],[20.160823,54.943826],[20.159818,54.944012]]}},{"type":"Feature","properties":{"kind":"road","name":"","osm":"way/361796802","highway":"service","access":"","foot":""},"geometry":{"type":"LineString","coordinates":[[20.137598,54.941392],[20.137595,54.94133],[20.137546,54.94126],[20.137345,54.941187],[20.137173,54.941125],[20.137139,54.941035],[20.137204,54.940966],[20.137262,54.94093],[20.137311,54.9409],[20.137398,54.940877],[20.137681,54.940923],[20.137786,54.94095]]}},{"type":"Feature","properties":{"kind":"road","name":"","osm":"way/362140770","highway":"tertiary","access":"","foot":""},"geometry":{"type":"LineString","coordinates":[[20.158887,54.938502],[20.15879,54.938567],[20.15874,54.938609],[20.158729,54.938637],[20.158718,54.938666],[20.158743,54.938732],[20.158889,54.938891]]}},{"type":"Feature","properties":{"kind":"road","name":"переулок Гагарина","osm":"way/362140780","highway":"service","access":"","foot":""},"geometry":{"type":"LineString","coordinates":[[20.157613,54.939568],[20.157485,54.939504],[20.157441,54.939441],[20.157343,54.939426],[20.157282,54.939429],[20.157219,54.939425]]}},{"type":"Feature","properties":{"kind":"road","name":"Сосновый переулок","osm":"way/362142221","highway":"service","access":"","foot":""},"geometry":{"type":"LineString","coordinates":[[20.158291,54.939811],[20.157893,54.94002],[20.157793,54.940191]]}},{"type":"Feature","properties":{"kind":"road","name":"","osm":"way/362154966","highway":"residential","access":"","foot":""},"geometry":{"type":"LineString","coordinates":[[20.154973,54.938698],[20.154875,54.938429],[20.154874,54.938361],[20.154869,54.938184],[20.154868,54.938144]]}},{"type":"Feature","properties":{"kind":"road","name":"","osm":"way/362154967","highway":"service","access":"","foot":""},"geometry":{"type":"LineString","coordinates":[[20.154908,54.939366],[20.155067,54.939297],[20.155095,54.939219]]}},{"type":"Feature","properties":{"kind":"building","name":"","osm":"way/362154968"},"geometry":{"type":"Polygon","coordinates":[[[20.154509,54.938925],[20.15474,54.938947],[20.154775,54.938826],[20.154544,54.938805],[20.154509,54.938925]]]}},{"type":"Feature","properties":{"kind":"building","name":"","osm":"way/362154969"},"geometry":{"type":"Polygon","coordinates":[[[20.155618,54.93949],[20.155711,54.939493],[20.155716,54.939361],[20.155618,54.939361],[20.155618,54.93949]]]}},{"type":"Feature","properties":{"kind":"building","name":"","osm":"way/362154970"},"geometry":{"type":"Polygon","coordinates":[[[20.152572,54.938981],[20.152743,54.938894],[20.152556,54.938773],[20.152385,54.938861],[20.152572,54.938981]]]}},{"type":"Feature","properties":{"kind":"road","name":"","osm":"way/362154971","highway":"service","access":"","foot":""},"geometry":{"type":"LineString","coordinates":[[20.153817,54.939618],[20.15387,54.939337],[20.153878,54.939272],[20.153981,54.939026],[20.153833,54.938878],[20.154228,54.938736],[20.154665,54.938779]]}},{"type":"Feature","properties":{"kind":"building","name":"","osm":"way/362154972"},"geometry":{"type":"Polygon","coordinates":[[[20.145732,54.940198],[20.145994,54.940125],[20.145914,54.94004],[20.145648,54.940112],[20.145732,54.940198]]]}},{"type":"Feature","properties":{"kind":"building","name":"","osm":"way/363224546"},"geometry":{"type":"Polygon","coordinates":[[[20.156592,54.94547],[20.156706,54.945248],[20.156909,54.945283],[20.156852,54.94539],[20.156869,54.945392],[20.156827,54.945472],[20.156811,54.94547],[20.156792,54.945512],[20.156673,54.945494],[20.156679,54.945484],[20.156592,54.94547]]]}},{"type":"Feature","properties":{"kind":"building","name":"","osm":"way/363228478"},"geometry":{"type":"Polygon","coordinates":[[[20.154591,54.94134],[20.154238,54.941466],[20.15438,54.941598],[20.154733,54.941472],[20.154591,54.94134]]]}},{"type":"Feature","properties":{"kind":"building","name":"","osm":"way/363228479"},"geometry":{"type":"Polygon","coordinates":[[[20.152204,54.942014],[20.152549,54.942066],[20.152604,54.941948],[20.152259,54.941895],[20.152204,54.942014]]]}},{"type":"Feature","properties":{"kind":"building","name":"","osm":"way/363228480"},"geometry":{"type":"Polygon","coordinates":[[[20.153418,54.942377],[20.153095,54.942441],[20.153162,54.942554],[20.153486,54.942489],[20.153418,54.942377]]]}},{"type":"Feature","properties":{"kind":"building","name":"","osm":"way/363228481"},"geometry":{"type":"Polygon","coordinates":[[[20.159211,54.941797],[20.15934,54.941959],[20.160009,54.941785],[20.159883,54.941625],[20.159833,54.941638],[20.159824,54.941626],[20.159748,54.941646],[20.159757,54.941657],[20.159729,54.941665],[20.159742,54.941681],[20.159408,54.941768],[20.159393,54.941749],[20.159353,54.941759],[20.159343,54.941747],[20.159248,54.941772],[20.159258,54.941784],[20.159211,54.941797]]]}},{"type":"Feature","properties":{"kind":"building","name":"","osm":"way/363228482"},"geometry":{"type":"Polygon","coordinates":[[[20.151534,54.941108],[20.151607,54.940912],[20.151323,54.940878],[20.151251,54.941074],[20.151534,54.941108]]]}},{"type":"Feature","properties":{"kind":"building","name":"","osm":"way/363228483"},"geometry":{"type":"Polygon","coordinates":[[[20.152254,54.941707],[20.152309,54.941582],[20.152571,54.941621],[20.152671,54.941755],[20.152508,54.941798],[20.152467,54.941739],[20.152254,54.941707]]]}},{"type":"Feature","properties":{"kind":"road","name":"","osm":"way/364860537","highway":"path","access":"","foot":""},"geometry":{"type":"LineString","coordinates":[[20.147406,54.945629],[20.147325,54.945476],[20.147335,54.945295],[20.147186,54.94507],[20.147208,54.944857],[20.147221,54.944738]]}},{"type":"Feature","properties":{"kind":"green","name":"","osm":"way/383586899"},"geometry":{"type":"Polygon","coordinates":[[[20.141357,54.943026],[20.142236,54.943248],[20.14437,54.943499],[20.149622,54.944143],[20.150776,54.944104],[20.151367,54.944095],[20.151345,54.94379],[20.150911,54.943171],[20.150632,54.942786],[20.149548,54.941307],[20.149533,54.941213],[20.149446,54.94105],[20.149252,54.940734],[20.149124,54.940589],[20.149103,54.939713],[20.148282,54.939615],[20.146807,54.939689],[20.145782,54.939929],[20.144843,54.940268],[20.143384,54.940512],[20.144214,54.941321],[20.142998,54.9418],[20.143442,54.942122],[20.141496,54.94277],[20.141357,54.943026]]]}},{"type":"Feature","properties":{"kind":"green","name":"","osm":"way/383586900"},"geometry":{"type":"Polygon","coordinates":[[[20.137708,54.942231],[20.137708,54.941952],[20.137719,54.94147],[20.139887,54.941085],[20.140255,54.941798],[20.139609,54.942652],[20.137708,54.942231]]]}},{"type":"Feature","properties":{"kind":"road","name":"","osm":"way/383586901","highway":"service","access":"","foot":""},"geometry":{"type":"LineString","coordinates":[[20.138877,54.941435],[20.139345,54.942176]]}},{"type":"Feature","properties":{"kind":"road","name":"","osm":"way/383586903","highway":"service","access":"","foot":""},"geometry":{"type":"LineString","coordinates":[[20.138582,54.942],[20.139345,54.942176],[20.139794,54.942279],[20.139561,54.942622]]}},{"type":"Feature","properties":{"kind":"road","name":"Хуторская улица","osm":"way/422885018","highway":"tertiary","access":"","foot":""},"geometry":{"type":"LineString","coordinates":[[20.173862,54.938654],[20.172399,54.937814],[20.17239,54.93781],[20.170272,54.93684],[20.170007,54.936874],[20.169718,54.936923],[20.169574,54.936854],[20.169135,54.936893],[20.168667,54.936977],[20.167193,54.937174],[20.164423,54.93731],[20.16379,54.937483],[20.163238,54.937655],[20.162835,54.937713]]}},{"type":"Feature","properties":{"kind":"building","name":"","osm":"way/428660841"},"geometry":{"type":"Polygon","coordinates":[[[20.161593,54.945024],[20.161595,54.944941],[20.161905,54.944944],[20.161903,54.945027],[20.161593,54.945024]]]}},{"type":"Feature","properties":{"kind":"building","name":"","osm":"way/428660842"},"geometry":{"type":"Polygon","coordinates":[[[20.161648,54.94509],[20.161463,54.945092],[20.161465,54.945151],[20.16165,54.945148],[20.161648,54.94509]]]}},{"type":"Feature","properties":{"kind":"building","name":"","osm":"way/428661845"},"geometry":{"type":"Polygon","coordinates":[[[20.163971,54.943043],[20.164032,54.943138],[20.164244,54.943093],[20.164183,54.942998],[20.163971,54.943043]]]}},{"type":"Feature","properties":{"kind":"building","name":"","osm":"way/428662089"},"geometry":{"type":"Polygon","coordinates":[[[20.163124,54.93904],[20.163128,54.938924],[20.163768,54.938931],[20.163764,54.939047],[20.163648,54.939046],[20.163648,54.939065],[20.163552,54.939064],[20.163552,54.939045],[20.163337,54.939043],[20.163336,54.939061],[20.16324,54.93906],[20.163241,54.939042],[20.163124,54.93904]]]}},{"type":"Feature","properties":{"kind":"building","name":"","osm":"way/428662090"},"geometry":{"type":"Polygon","coordinates":[[[20.164007,54.939175],[20.164011,54.939107],[20.163978,54.939107],[20.16398,54.939053],[20.164012,54.939053],[20.164016,54.938928],[20.163984,54.938927],[20.163986,54.938874],[20.164017,54.938875],[20.164019,54.938806],[20.164221,54.938809],[20.164209,54.939177],[20.164007,54.939175]]]}},{"type":"Feature","properties":{"kind":"building","name":"","osm":"way/428662091"},"geometry":{"type":"Polygon","coordinates":[[[20.162745,54.938766],[20.162749,54.938649],[20.163078,54.938653],[20.163075,54.938769],[20.162955,54.938768],[20.162955,54.938786],[20.162862,54.938784],[20.162863,54.938767],[20.162745,54.938766]]]}},{"type":"Feature","properties":{"kind":"road","name":"","osm":"way/443486218","highway":"footway","access":"","foot":""},"geometry":{"type":"LineString","coordinates":[[20.150319,54.933999],[20.15053,54.934071],[20.150626,54.934209],[20.150844,54.934458],[20.150882,54.934522],[20.150968,54.934682],[20.151051,54.934755],[20.151225,54.934978],[20.151,54.935173],[20.150659,54.935348],[20.150187,54.935649],[20.14987,54.93587],[20.149613,54.935957],[20.149232,54.936117],[20.149095,54.936172],[20.148621,54.936361],[20.148397,54.936502],[20.148156,54.936674],[20.148027,54.936797],[20.148,54.937084],[20.147909,54.937278],[20.14778,54.937429],[20.147662,54.937562],[20.147769,54.937703],[20.147882,54.937931],[20.147886,54.938009],[20.147839,54.938122],[20.147775,54.938153],[20.147689,54.938141],[20.147598,54.938156],[20.147576,54.938197],[20.147423,54.938191]]}},{"type":"Feature","properties":{"kind":"road","name":"","osm":"way/443486223","highway":"path","access":"","foot":""},"geometry":{"type":"LineString","coordinates":[[20.14987,54.93587],[20.149908,54.936025],[20.150439,54.936139],[20.150573,54.936379],[20.1506,54.936543],[20.150541,54.936798],[20.149972,54.936986],[20.14949,54.937156],[20.149388,54.937255],[20.149146,54.937495],[20.148513,54.937556],[20.148063,54.937677],[20.147939,54.937769],[20.148057,54.937889],[20.147886,54.938009],[20.147719,54.938086],[20.147424,54.93808],[20.147242,54.938099],[20.147263,54.938168],[20.147304,54.938197]]}},{"type":"Feature","properties":{"kind":"green","name":"","osm":"way/447317912"},"geometry":{"type":"Polygon","coordinates":[[[20.137708,54.942489],[20.139241,54.942803],[20.141019,54.94316],[20.142092,54.943427],[20.142838,54.943641],[20.143429,54.943722],[20.14401,54.943806],[20.144198,54.943861],[20.146574,54.944156],[20.146397,54.944645],[20.146451,54.944719],[20.146209,54.944909],[20.145963,54.944926],[20.145557,54.944824],[20.143608,54.944735],[20.14349,54.944635],[20.14353,54.944263],[20.143192,54.944254],[20.142559,54.944331],[20.141883,54.944313],[20.141856,54.944665],[20.140936,54.944712],[20.140306,54.944561],[20.139887,54.944403],[20.139761,54.944256],[20.139354,54.944212],[20.139169,54.944074],[20.138962,54.944045],[20.138715,54.944126],[20.138265,54.944344],[20.138109,54.944265],[20.137911,54.944222],[20.137708,54.944275],[20.137708,54.942489]]]}},{"type":"Feature","properties":{"kind":"building","name":"","osm":"way/450270299"},"geometry":{"type":"Polygon","coordinates":[[[20.14339,54.938378],[20.143344,54.93834],[20.143321,54.938349],[20.14329,54.938323],[20.143295,54.938321],[20.143246,54.93828],[20.143556,54.938158],[20.143561,54.938144],[20.143331,54.937951],[20.143399,54.937924],[20.143389,54.937915],[20.143493,54.937874],[20.143521,54.937898],[20.143535,54.937893],[20.143564,54.937917],[20.143583,54.93791],[20.143647,54.937964],[20.143628,54.937972],[20.143738,54.938064],[20.143757,54.938057],[20.143822,54.938111],[20.143802,54.938119],[20.143831,54.938143],[20.143818,54.938148],[20.143848,54.938173],[20.143786,54.938198],[20.143811,54.938219],[20.143756,54.93824],[20.143751,54.938236],[20.143676,54.938265],[20.143669,54.938287],[20.143629,54.938283],[20.143507,54.938331],[20.143511,54.938335],[20.143437,54.938366],[20.143432,54.938362],[20.14339,54.938378]]]}},{"type":"Feature","properties":{"kind":"building","name":"","osm":"way/459669684"},"geometry":{"type":"Polygon","coordinates":[[[20.15774,54.94074],[20.157638,54.940636],[20.157456,54.940695],[20.157557,54.940799],[20.15774,54.94074]]]}},{"type":"Feature","properties":{"kind":"building","name":"","osm":"way/459670778"},"geometry":{"type":"Polygon","coordinates":[[[20.156773,54.941467],[20.156637,54.941415],[20.156581,54.941464],[20.156717,54.941516],[20.156773,54.941467]]]}},{"type":"Feature","properties":{"kind":"road","name":"","osm":"way/464716885","highway":"steps","access":"","foot":""},"geometry":{"type":"LineString","coordinates":[[20.162121,54.940571],[20.162136,54.940626],[20.162492,54.940709]]}},{"type":"Feature","properties":{"kind":"road","name":"","osm":"way/464717034","highway":"footway","access":"","foot":""},"geometry":{"type":"LineString","coordinates":[[20.140169,54.943521],[20.140166,54.943537],[20.140239,54.943542],[20.140217,54.943629]]}},{"type":"Feature","properties":{"kind":"road","name":"Зелёная улица","osm":"way/464717065","highway":"residential","access":"","foot":""},"geometry":{"type":"LineString","coordinates":[[20.153716,54.940136],[20.153988,54.940343],[20.154498,54.940706],[20.154873,54.941053]]}},{"type":"Feature","properties":{"kind":"road","name":"","osm":"way/464717066","highway":"service","access":"","foot":""},"geometry":{"type":"LineString","coordinates":[[20.152168,54.940818],[20.152493,54.940813],[20.152855,54.940863],[20.153198,54.941],[20.153593,54.941]]}},{"type":"Feature","properties":{"kind":"road","name":"","osm":"way/488927601","highway":"footway","access":"","foot":""},"geometry":{"type":"LineString","coordinates":[[20.149143,54.9396],[20.149197,54.939711],[20.149193,54.939801],[20.149216,54.940069],[20.149231,54.940276],[20.149273,54.940466],[20.149285,54.940614],[20.149312,54.940661],[20.149344,54.940715],[20.149515,54.941016],[20.149624,54.941208],[20.149676,54.941299],[20.149899,54.941684],[20.150084,54.941984],[20.150865,54.943031],[20.15131,54.943684],[20.151385,54.943872],[20.151418,54.944061],[20.151404,54.944103],[20.149632,54.944161],[20.14917,54.94414]]}},{"type":"Feature","properties":{"kind":"road","name":"Октябрьская улица","osm":"way/600829453","highway":"residential","access":"","foot":""},"geometry":{"type":"LineString","coordinates":[[20.152486,54.944632],[20.153145,54.944062]]}},{"type":"Feature","properties":{"kind":"building","name":"","osm":"way/627334664"},"geometry":{"type":"Polygon","coordinates":[[[20.145458,54.938003],[20.145476,54.938],[20.14548,54.938011],[20.145518,54.938006],[20.145518,54.938007],[20.145581,54.937998],[20.145576,54.937986],[20.14565,54.937975],[20.145645,54.937964],[20.145663,54.937961],[20.14565,54.937932],[20.145632,54.937934],[20.145611,54.937885],[20.145655,54.937879],[20.145635,54.937834],[20.14561,54.937838],[20.145596,54.937806],[20.145578,54.937809],[20.145575,54.937803],[20.14556,54.937769],[20.145578,54.937766],[20.145555,54.937712],[20.145552,54.937707],[20.145309,54.937707],[20.145324,54.937742],[20.145318,54.937743],[20.145329,54.93777],[20.145355,54.937766],[20.145374,54.93781],[20.145382,54.937827],[20.145356,54.937831],[20.145368,54.93786],[20.145376,54.937859],[20.145421,54.937965],[20.145414,54.937966],[20.145427,54.937995],[20.145453,54.937991],[20.145458,54.938003]]]}},{"type":"Feature","properties":{"kind":"road","name":"","osm":"way/627334667","highway":"service","access":"","foot":""},"geometry":{"type":"LineString","coordinates":[[20.141709,54.937016],[20.143349,54.938545],[20.144151,54.939111],[20.144455,54.93926],[20.144756,54.939243]]}},{"type":"Feature","properties":{"kind":"building","name":"","osm":"way/627334680"},"geometry":{"type":"Polygon","coordinates":[[[20.139399,54.939572],[20.139711,54.939385],[20.139127,54.939062],[20.138814,54.939248],[20.139399,54.939572]]]}},{"type":"Feature","properties":{"kind":"road","name":"","osm":"way/627334682","highway":"service","access":"","foot":""},"geometry":{"type":"LineString","coordinates":[[20.137828,54.939236],[20.138059,54.939532],[20.138155,54.939656]]}},{"type":"Feature","properties":{"kind":"building","name":"","osm":"way/627334684"},"geometry":{"type":"Polygon","coordinates":[[[20.138132,54.940034],[20.138129,54.940031],[20.138023,54.940054],[20.137914,54.939888],[20.138023,54.939864],[20.138014,54.939852],[20.138023,54.93985],[20.138031,54.939862],[20.138057,54.939857],[20.138087,54.93985],[20.138078,54.939838],[20.138087,54.939836],[20.138095,54.939848],[20.138202,54.939826],[20.13831,54.939992],[20.138203,54.940015],[20.138206,54.940018],[20.138132,54.940034]]]}},{"type":"Feature","properties":{"kind":"building","name":"","osm":"way/627334687"},"geometry":{"type":"Polygon","coordinates":[[[20.137708,54.939395],[20.137935,54.939512],[20.137859,54.939561],[20.137877,54.93957],[20.137872,54.939573],[20.137853,54.939563],[20.137832,54.939577],[20.137812,54.93959],[20.137831,54.9396],[20.137825,54.939603],[20.137808,54.939594],[20.137732,54.939643],[20.137708,54.939631],[20.137708,54.939395]]]}},{"type":"Feature","properties":{"kind":"building","name":"","osm":"way/627334689"},"geometry":{"type":"Polygon","coordinates":[[[20.148769,54.942919],[20.148766,54.942844],[20.148805,54.942844],[20.148805,54.942827],[20.148854,54.942827],[20.148854,54.942843],[20.148907,54.942842],[20.148909,54.942918],[20.148769,54.942919]]]}},{"type":"Feature","properties":{"kind":"building","name":"","osm":"way/627334691"},"geometry":{"type":"Polygon","coordinates":[[[20.147582,54.942774],[20.147652,54.942683],[20.147703,54.942696],[20.147717,54.942679],[20.147796,54.942699],[20.147782,54.942717],[20.147833,54.94273],[20.147826,54.942738],[20.147881,54.942753],[20.147861,54.94278],[20.14788,54.942785],[20.147866,54.942804],[20.147846,54.942799],[20.147826,54.942827],[20.147769,54.942812],[20.147763,54.94282],[20.147706,54.942806],[20.147642,54.94279],[20.147582,54.942774]]]}},{"type":"Feature","properties":{"kind":"building","name":"","osm":"way/627334695"},"geometry":{"type":"Polygon","coordinates":[[[20.14826,54.942859],[20.148273,54.942842],[20.148228,54.94283],[20.148248,54.942805],[20.148271,54.942811],[20.148378,54.942669],[20.148349,54.942662],[20.148373,54.94263],[20.148623,54.942692],[20.148537,54.942808],[20.148642,54.942835],[20.148668,54.942804],[20.148675,54.942806],[20.148669,54.942812],[20.148701,54.94282],[20.148669,54.942862],[20.148644,54.942856],[20.14859,54.94293],[20.148415,54.942887],[20.148419,54.94288],[20.148383,54.942872],[20.148373,54.942887],[20.14826,54.942859]]]}},{"type":"Feature","properties":{"kind":"building","name":"","osm":"way/627334697"},"geometry":{"type":"Polygon","coordinates":[[[20.148081,54.943305],[20.148104,54.943263],[20.148079,54.943258],[20.148138,54.943154],[20.148165,54.943158],[20.148195,54.943102],[20.148169,54.943097],[20.148226,54.942992],[20.148251,54.942997],[20.148275,54.942954],[20.148525,54.943],[20.148508,54.943031],[20.148526,54.943035],[20.148505,54.943074],[20.148516,54.943076],[20.148502,54.943102],[20.14849,54.9431],[20.148468,54.943141],[20.148464,54.943141],[20.148422,54.943216],[20.148426,54.943217],[20.148404,54.943259],[20.148414,54.943261],[20.148399,54.943287],[20.148389,54.943285],[20.148367,54.943323],[20.148346,54.943319],[20.148329,54.943351],[20.148081,54.943305]]]}},{"type":"Feature","properties":{"kind":"building","name":"","osm":"way/627334700"},"geometry":{"type":"Polygon","coordinates":[[[20.154612,54.944603],[20.154666,54.944543],[20.154646,54.944537],[20.154712,54.944463],[20.154955,54.944535],[20.155077,54.944397],[20.15505,54.94439],[20.155048,54.944392],[20.155025,54.944386],[20.155038,54.944304],[20.155043,54.944298],[20.155097,54.944315],[20.155096,54.944316],[20.15514,54.944329],[20.155149,54.94432],[20.155047,54.944291],[20.155068,54.944268],[20.155058,54.944264],[20.155061,54.944261],[20.155064,54.944262],[20.155074,54.944199],[20.155077,54.944193],[20.155084,54.944186],[20.155094,54.944178],[20.155105,54.944173],[20.155116,54.944169],[20.155124,54.944167],[20.155135,54.944166],[20.15515,54.944166],[20.155231,54.944165],[20.15524,54.944166],[20.155241,54.944166],[20.15525,54.944168],[20.155255,54.94417],[20.15539,54.944255],[20.155395,54.944258],[20.155401,54.944265],[20.155404,54.944269],[20.155406,54.944274],[20.155407,54.94428],[20.155408,54.944286],[20.155407,54.944293],[20.155404,54.944299],[20.155401,54.944304],[20.155395,54.94431],[20.155112,54.944629],[20.155102,54.94464],[20.155096,54.944646],[20.155089,54.944654],[20.155081,54.94466],[20.155067,54.944666],[20.155055,54.94467],[20.155045,54.944672],[20.155035,54.944674],[20.155024,54.944673],[20.154612,54.944603]]]}},{"type":"Feature","properties":{"kind":"building","name":"","osm":"way/627340140"},"geometry":{"type":"Polygon","coordinates":[[[20.163686,54.938524],[20.164021,54.938542],[20.164042,54.93842],[20.163706,54.938402],[20.163686,54.938524]]]}},{"type":"Feature","properties":{"kind":"building","name":"","osm":"way/627836806"},"geometry":{"type":"Polygon","coordinates":[[[20.156483,54.944397],[20.156566,54.944306],[20.156444,54.944269],[20.156361,54.94436],[20.156483,54.944397]]]}},{"type":"Feature","properties":{"kind":"building","name":"Русский янтарь","osm":"way/627836807"},"geometry":{"type":"Polygon","coordinates":[[[20.155725,54.943983],[20.15584,54.943987],[20.15585,54.943883],[20.155736,54.943879],[20.155725,54.943983]]]}},{"type":"Feature","properties":{"kind":"building","name":"","osm":"way/627836808"},"geometry":{"type":"Polygon","coordinates":[[[20.157584,54.943551],[20.157472,54.943525],[20.157467,54.943531],[20.157409,54.943517],[20.157413,54.943511],[20.157405,54.943509],[20.157434,54.943468],[20.15743,54.943467],[20.157433,54.943463],[20.157441,54.943465],[20.157451,54.943451],[20.157443,54.943449],[20.157446,54.943445],[20.15745,54.943446],[20.157479,54.943405],[20.157488,54.943407],[20.157492,54.943402],[20.157573,54.943421],[20.15757,54.943427],[20.157578,54.943429],[20.157575,54.943434],[20.157654,54.943453],[20.157584,54.943551]]]}},{"type":"Feature","properties":{"kind":"road","name":"","osm":"way/627836809","highway":"residential","access":"","foot":""},"geometry":{"type":"LineString","coordinates":[[20.160469,54.945013],[20.160234,54.944976],[20.160009,54.944908],[20.159934,54.944859],[20.159869,54.944385]]}},{"type":"Feature","properties":{"kind":"road","name":"","osm":"way/627836810","highway":"residential","access":"","foot":""},"geometry":{"type":"LineString","coordinates":[[20.160469,54.945013],[20.160534,54.945448],[20.160533,54.945596],[20.160532,54.945655],[20.16053,54.945862],[20.160529,54.945916],[20.160452,54.945983],[20.160207,54.946196]]}},{"type":"Feature","properties":{"kind":"building","name":"","osm":"way/627838524"},"geometry":{"type":"Polygon","coordinates":[[[20.157467,54.942852],[20.157607,54.942847],[20.157601,54.942789],[20.157461,54.942794],[20.157467,54.942852]]]}},{"type":"Feature","properties":{"kind":"building","name":"","osm":"way/627839551"},"geometry":{"type":"Polygon","coordinates":[[[20.163101,54.943386],[20.163218,54.943361],[20.163283,54.943346],[20.163263,54.943316],[20.163221,54.943252],[20.163038,54.943292],[20.163101,54.943386]]]}},{"type":"Feature","properties":{"kind":"building","name":"","osm":"way/627841478"},"geometry":{"type":"Polygon","coordinates":[[[20.14484,54.938988],[20.144943,54.938942],[20.145017,54.938994],[20.145041,54.938984],[20.14507,54.939007],[20.145049,54.939015],[20.145117,54.939071],[20.145006,54.939116],[20.144932,54.939056],[20.14484,54.938988]]]}},{"type":"Feature","properties":{"kind":"building","name":"","osm":"way/627841738"},"geometry":{"type":"Polygon","coordinates":[[[20.147083,54.942927],[20.147233,54.942947],[20.14727,54.942856],[20.14712,54.942836],[20.147083,54.942927]]]}},{"type":"Feature","properties":{"kind":"building","name":"","osm":"way/627841739"},"geometry":{"type":"Polygon","coordinates":[[[20.146075,54.941129],[20.146286,54.941045],[20.146146,54.940929],[20.145934,54.941014],[20.146075,54.941129]]]}},{"type":"Feature","properties":{"kind":"building","name":"","osm":"way/627841740"},"geometry":{"type":"Polygon","coordinates":[[[20.145922,54.941299],[20.145998,54.941263],[20.145867,54.94117],[20.14579,54.941206],[20.145922,54.941299]]]}},{"type":"Feature","properties":{"kind":"building","name":"","osm":"way/627841741"},"geometry":{"type":"Polygon","coordinates":[[[20.144305,54.939579],[20.144378,54.939509],[20.144482,54.939544],[20.144409,54.939615],[20.144305,54.939579]]]}},{"type":"Feature","properties":{"kind":"building","name":"","osm":"way/627841742"},"geometry":{"type":"Polygon","coordinates":[[[20.141083,54.942072],[20.141182,54.942089],[20.141212,54.942106],[20.141247,54.942097],[20.141244,54.942074],[20.14122,54.94206],[20.141247,54.94202],[20.141287,54.942023],[20.141335,54.941903],[20.14132,54.941866],[20.141287,54.941841],[20.141214,54.941827],[20.141161,54.941833],[20.141106,54.941854],[20.141082,54.941849],[20.141042,54.941918],[20.141123,54.941932],[20.141067,54.942067],[20.141083,54.942072]]]}},{"type":"Feature","properties":{"kind":"road","name":"","osm":"way/636943837","highway":"footway","access":"","foot":""},"geometry":{"type":"LineString","coordinates":[[20.155568,54.945097],[20.155915,54.945232],[20.15584,54.945453]]}},{"type":"Feature","properties":{"kind":"road","name":"","osm":"way/636949039","highway":"steps","access":"","foot":""},"geometry":{"type":"LineString","coordinates":[[20.160533,54.945596],[20.160694,54.945601]]}},{"type":"Feature","properties":{"kind":"road","name":"","osm":"way/636949042","highway":"steps","access":"","foot":""},"geometry":{"type":"LineString","coordinates":[[20.16053,54.945862],[20.160743,54.945867]]}},{"type":"Feature","properties":{"kind":"road","name":"","osm":"way/636949045","highway":"steps","access":"","foot":""},"geometry":{"type":"LineString","coordinates":[[20.160529,54.945916],[20.160735,54.945923]]}},{"type":"Feature","properties":{"kind":"road","name":"","osm":"way/636949047","highway":"footway","access":"","foot":""},"geometry":{"type":"LineString","coordinates":[[20.160694,54.945601],[20.160788,54.945605],[20.160836,54.945627],[20.160836,54.945656],[20.160832,54.945867],[20.160743,54.945867]]}},{"type":"Feature","properties":{"kind":"road","name":"","osm":"way/636949050","highway":"footway","access":"","foot":""},"geometry":{"type":"LineString","coordinates":[[20.160743,54.945867],[20.160735,54.945923]]}},{"type":"Feature","properties":{"kind":"road","name":"","osm":"way/636949051","highway":"footway","access":"","foot":""},"geometry":{"type":"LineString","coordinates":[[20.160735,54.945923],[20.160792,54.94593],[20.160849,54.945946],[20.160865,54.945984],[20.160888,54.946066],[20.160881,54.94609]]}},{"type":"Feature","properties":{"kind":"road","name":"","osm":"way/636949054","highway":"footway","access":"","foot":""},"geometry":{"type":"LineString","coordinates":[[20.160452,54.945983],[20.160666,54.945995],[20.160804,54.946026],[20.160888,54.946066]]}},{"type":"Feature","properties":{"kind":"road","name":"","osm":"way/636949060","highway":"cycleway","access":"","foot":""},"geometry":{"type":"LineString","coordinates":[[20.161312,54.946811],[20.161497,54.946887],[20.161882,54.946953],[20.161921,54.946956],[20.162755,54.947055],[20.163318,54.947073],[20.164483,54.947096]]}},{"type":"Feature","properties":{"kind":"road","name":"","osm":"way/636949065","highway":"cycleway","access":"","foot":""},"geometry":{"type":"LineString","coordinates":[[20.161312,54.946811],[20.161106,54.946731],[20.160837,54.946618],[20.16031,54.946555],[20.159523,54.946462],[20.159075,54.946409],[20.158863,54.946383],[20.158033,54.946278]]}},{"type":"Feature","properties":{"kind":"road","name":"","osm":"way/636949069","highway":"footway","access":"","foot":""},"geometry":{"type":"LineString","coordinates":[[20.158459,54.945628],[20.158785,54.94604],[20.159048,54.946298],[20.159075,54.946409],[20.159075,54.946413]]}},{"type":"Feature","properties":{"kind":"road","name":"","osm":"way/636949072","highway":"footway","access":"","foot":""},"geometry":{"type":"LineString","coordinates":[[20.159048,54.946298],[20.159192,54.946359]]}},{"type":"Feature","properties":{"kind":"road","name":"","osm":"way/636949074","highway":"footway","access":"","foot":""},"geometry":{"type":"LineString","coordinates":[[20.159192,54.946359],[20.159393,54.946388],[20.159603,54.946388],[20.159818,54.946348]]}},{"type":"Feature","properties":{"kind":"road","name":"","osm":"way/636949076","highway":"footway","access":"","foot":""},"geometry":{"type":"LineString","coordinates":[[20.158785,54.94604],[20.158034,54.94624]]}},{"type":"Feature","properties":{"kind":"road","name":"","osm":"way/636949079","highway":"cycleway","access":"","foot":""},"geometry":{"type":"LineString","coordinates":[[20.157959,54.946249],[20.157956,54.946258],[20.157958,54.946266],[20.157965,54.946274],[20.157976,54.94628],[20.15799,54.946284],[20.157998,54.946284],[20.158005,54.946284],[20.15802,54.946282],[20.158033,54.946278],[20.158042,54.946271],[20.158047,54.946263],[20.158047,54.946255],[20.158043,54.946247],[20.158034,54.94624],[20.158022,54.946235],[20.158007,54.946232],[20.157992,54.946233],[20.157978,54.946236],[20.157967,54.946241],[20.157959,54.946249]]}},{"type":"Feature","properties":{"kind":"road","name":"","osm":"way/636949083","highway":"footway","access":"","foot":""},"geometry":{"type":"LineString","coordinates":[[20.155914,54.946165],[20.155904,54.946187],[20.155871,54.946188],[20.155843,54.946176],[20.155859,54.946159],[20.155885,54.946148]]}},{"type":"Feature","properties":{"kind":"road","name":"","osm":"way/636949084","highway":"steps","access":"","foot":""},"geometry":{"type":"LineString","coordinates":[[20.159818,54.946348],[20.159987,54.946298]]}},{"type":"Feature","properties":{"kind":"road","name":"","osm":"way/636949087","highway":"footway","access":"","foot":""},"geometry":{"type":"LineString","coordinates":[[20.159738,54.944071],[20.159643,54.944384],[20.159599,54.944527]]}},{"type":"Feature","properties":{"kind":"road","name":"","osm":"way/636949090","highway":"footway","access":"","foot":""},"geometry":{"type":"LineString","coordinates":[[20.159738,54.944071],[20.15973,54.944028],[20.159721,54.943983]]}},{"type":"Feature","properties":{"kind":"road","name":"","osm":"way/636949092","highway":"footway","access":"","foot":""},"geometry":{"type":"LineString","coordinates":[[20.159721,54.943983],[20.159291,54.94342]]}},{"type":"Feature","properties":{"kind":"road","name":"","osm":"way/636949094","highway":"footway","access":"","foot":""},"geometry":{"type":"LineString","coordinates":[[20.159643,54.944384],[20.15938,54.944567],[20.159276,54.944885],[20.158998,54.944893],[20.158803,54.944938],[20.158624,54.945026]]}},{"type":"Feature","properties":{"kind":"road","name":"","osm":"way/636949096","highway":"footway","access":"","foot":""},"geometry":{"type":"LineString","coordinates":[[20.158624,54.945026],[20.158555,54.945092],[20.158476,54.945189],[20.158551,54.945311]]}},{"type":"Feature","properties":{"kind":"road","name":"","osm":"way/636949099","highway":"footway","access":"","foot":""},"geometry":{"type":"LineString","coordinates":[[20.158459,54.945628],[20.158156,54.945331]]}},{"type":"Feature","properties":{"kind":"road","name":"","osm":"way/636949102","highway":"footway","access":"","foot":""},"geometry":{"type":"LineString","coordinates":[[20.158476,54.945189],[20.158156,54.945331]]}},{"type":"Feature","properties":{"kind":"road","name":"","osm":"way/636949107","highway":"footway","access":"","foot":""},"geometry":{"type":"LineString","coordinates":[[20.156441,54.942257],[20.156599,54.942416],[20.156939,54.942696]]}},{"type":"Feature","properties":{"kind":"road","name":"","osm":"way/636949282","highway":"footway","access":"","foot":""},"geometry":{"type":"LineString","coordinates":[[20.155934,54.942653],[20.15594,54.942487],[20.155958,54.941912]]}},{"type":"Feature","properties":{"kind":"road","name":"","osm":"way/637817838","highway":"footway","access":"","foot":""},"geometry":{"type":"LineString","coordinates":[[20.147092,54.944055],[20.147109,54.943999],[20.147418,54.944033],[20.149149,54.944236],[20.149661,54.944259],[20.15013,54.94424],[20.150816,54.944211],[20.152932,54.944134]]}},{"type":"Feature","properties":{"kind":"road","name":"","osm":"way/637817842","highway":"footway","access":"","foot":""},"geometry":{"type":"LineString","coordinates":[[20.147109,54.943999],[20.147001,54.943954],[20.14377,54.943531],[20.142713,54.943424],[20.142197,54.943322],[20.136736,54.942136],[20.136021,54.941941],[20.135561,54.941802]]}},{"type":"Feature","properties":{"kind":"road","name":"","osm":"way/683428339","highway":"path","access":"","foot":""},"geometry":{"type":"LineString","coordinates":[[20.147662,54.937562],[20.14751,54.937661],[20.147295,54.937747],[20.147139,54.937861],[20.147086,54.937963],[20.147032,54.938034],[20.147105,54.938205],[20.14726,54.938242],[20.147325,54.938336]]}},{"type":"Feature","properties":{"kind":"building","name":"","osm":"way/693965204"},"geometry":{"type":"Polygon","coordinates":[[[20.154006,54.939003],[20.153873,54.938886],[20.154233,54.938751],[20.154366,54.938868],[20.154006,54.939003]]]}},{"type":"Feature","properties":{"kind":"building","name":"","osm":"way/693965205"},"geometry":{"type":"Polygon","coordinates":[[[20.153443,54.942853],[20.153679,54.942921],[20.153829,54.942761],[20.153593,54.942693],[20.153443,54.942853]]]}},{"type":"Feature","properties":{"kind":"building","name":"","osm":"way/695717747"},"geometry":{"type":"Polygon","coordinates":[[[20.144116,54.940933],[20.144277,54.941025],[20.144422,54.940954],[20.144245,54.940868],[20.144116,54.940933]]]}},{"type":"Feature","properties":{"kind":"building","name":"","osm":"way/695717748"},"geometry":{"type":"Polygon","coordinates":[[[20.144576,54.938716],[20.144676,54.93878],[20.144554,54.938844],[20.144453,54.93878],[20.144576,54.938716]]]}},{"type":"Feature","properties":{"kind":"building","name":"","osm":"way/695717749"},"geometry":{"type":"Polygon","coordinates":[[[20.144365,54.938674],[20.144293,54.938617],[20.144378,54.938581],[20.144434,54.938626],[20.144411,54.938635],[20.144427,54.938648],[20.144365,54.938674]]]}},{"type":"Feature","properties":{"kind":"building","name":"","osm":"way/695717750"},"geometry":{"type":"Polygon","coordinates":[[[20.143992,54.938485],[20.143853,54.938396],[20.143929,54.938356],[20.144069,54.938445],[20.143992,54.938485]]]}},{"type":"Feature","properties":{"kind":"building","name":"","osm":"way/695866107"},"geometry":{"type":"Polygon","coordinates":[[[20.146637,54.942239],[20.146758,54.942244],[20.146766,54.942168],[20.146646,54.942164],[20.146637,54.942239]]]}},{"type":"Feature","properties":{"kind":"building","name":"","osm":"way/695866108"},"geometry":{"type":"Polygon","coordinates":[[[20.146918,54.942261],[20.147037,54.942265],[20.147043,54.942196],[20.146927,54.942191],[20.146918,54.942261]]]}},{"type":"Feature","properties":{"kind":"road","name":"улица Некрасова","osm":"way/695866109","highway":"residential","access":"","foot":""},"geometry":{"type":"LineString","coordinates":[[20.147922,54.943156],[20.147708,54.943096],[20.14715,54.942982]]}},{"type":"Feature","properties":{"kind":"building","name":"","osm":"way/695866110"},"geometry":{"type":"Polygon","coordinates":[[[20.14863,54.943703],[20.148948,54.943757],[20.148997,54.943662],[20.148793,54.943627],[20.148805,54.943605],[20.148691,54.943585],[20.14863,54.943703]]]}},{"type":"Feature","properties":{"kind":"road","name":"","osm":"way/695866111","highway":"residential","access":"","foot":""},"geometry":{"type":"LineString","coordinates":[[20.148542,54.943734],[20.14899,54.943783]]}},{"type":"Feature","properties":{"kind":"building","name":"","osm":"way/695866112"},"geometry":{"type":"Polygon","coordinates":[[[20.150253,54.942801],[20.150387,54.94277],[20.150291,54.94265],[20.150157,54.942681],[20.150253,54.942801]]]}},{"type":"Feature","properties":{"kind":"building","name":"","osm":"way/695866113"},"geometry":{"type":"Polygon","coordinates":[[[20.15001,54.942461],[20.150149,54.942432],[20.150065,54.9423],[20.149926,54.942329],[20.15001,54.942461]]]}},{"type":"Feature","properties":{"kind":"building","name":"","osm":"way/695866114"},"geometry":{"type":"Polygon","coordinates":[[[20.147705,54.942098],[20.147949,54.942121],[20.147982,54.942],[20.147738,54.941986],[20.147705,54.942098]]]}},{"type":"Feature","properties":{"kind":"building","name":"","osm":"way/695866115"},"geometry":{"type":"Polygon","coordinates":[[[20.147315,54.942033],[20.147575,54.942065],[20.147632,54.941935],[20.147372,54.941902],[20.147315,54.942033]]]}},{"type":"Feature","properties":{"kind":"building","name":"","osm":"way/696010823"},"geometry":{"type":"Polygon","coordinates":[[[20.154512,54.944799],[20.154574,54.944707],[20.15464,54.944722],[20.154619,54.944754],[20.154656,54.944762],[20.154647,54.944775],[20.154669,54.944779],[20.154658,54.944796],[20.154636,54.944791],[20.154618,54.944818],[20.154581,54.944809],[20.154578,54.944814],[20.154512,54.944799]]]}},{"type":"Feature","properties":{"kind":"building","name":"","osm":"way/696010824"},"geometry":{"type":"Polygon","coordinates":[[[20.155382,54.943943],[20.155341,54.943918],[20.155342,54.943882],[20.155386,54.943858],[20.155447,54.943859],[20.15549,54.943885],[20.155487,54.94392],[20.155444,54.943944],[20.155382,54.943943]]]}},{"type":"Feature","properties":{"kind":"building","name":"","osm":"way/696010825"},"geometry":{"type":"Polygon","coordinates":[[[20.153363,54.93898],[20.153533,54.93898],[20.153533,54.93885],[20.153363,54.93885],[20.153363,54.93898]]]}},{"type":"Feature","properties":{"kind":"building","name":"","osm":"way/696010826"},"geometry":{"type":"Polygon","coordinates":[[[20.152183,54.939065],[20.15238,54.938985],[20.152285,54.938918],[20.152093,54.938999],[20.152183,54.939065]]]}},{"type":"Feature","properties":{"kind":"building","name":"","osm":"way/696010827"},"geometry":{"type":"Polygon","coordinates":[[[20.151951,54.939232],[20.152129,54.939152],[20.152034,54.939078],[20.151849,54.939165],[20.151951,54.939232]]]}},{"type":"Feature","properties":{"kind":"building","name":"","osm":"way/696227813"},"geometry":{"type":"Polygon","coordinates":[[[20.164099,54.943674],[20.164088,54.943505],[20.164566,54.943497],[20.164562,54.94361],[20.16418,54.943619],[20.164186,54.943672],[20.164099,54.943674]]]}},{"type":"Feature","properties":{"kind":"building","name":"","osm":"way/696227814"},"geometry":{"type":"Polygon","coordinates":[[[20.165257,54.942811],[20.165417,54.942761],[20.165317,54.942657],[20.165157,54.942707],[20.165257,54.942811]]]}},{"type":"Feature","properties":{"kind":"building","name":"","osm":"way/696227815"},"geometry":{"type":"Polygon","coordinates":[[[20.164395,54.941398],[20.164413,54.941262],[20.164657,54.941273],[20.164639,54.941408],[20.164395,54.941398]]]}},{"type":"Feature","properties":{"kind":"building","name":"","osm":"way/696227816"},"geometry":{"type":"Polygon","coordinates":[[[20.164907,54.941415],[20.165182,54.941426],[20.1652,54.941283],[20.164925,54.941272],[20.164907,54.941415]]]}},{"type":"Feature","properties":{"kind":"building","name":"","osm":"way/696227817"},"geometry":{"type":"Polygon","coordinates":[[[20.160369,54.940671],[20.160545,54.940672],[20.160563,54.940556],[20.160372,54.940556],[20.160369,54.940671]]]}},{"type":"Feature","properties":{"kind":"building","name":"","osm":"way/696227818"},"geometry":{"type":"Polygon","coordinates":[[[20.16076,54.940644],[20.16097,54.940602],[20.160884,54.940495],[20.160687,54.940542],[20.16076,54.940644]]]}},{"type":"Feature","properties":{"kind":"building","name":"","osm":"way/696227819"},"geometry":{"type":"Polygon","coordinates":[[[20.160766,54.940234],[20.160944,54.940233],[20.160942,54.940111],[20.160764,54.940112],[20.160766,54.940234]]]}},{"type":"Feature","properties":{"kind":"building","name":"","osm":"way/696227820"},"geometry":{"type":"Polygon","coordinates":[[[20.162274,54.938587],[20.162266,54.938567],[20.162328,54.938505],[20.162475,54.938553],[20.162418,54.93861],[20.16234,54.938584],[20.162335,54.938589],[20.162301,54.938596],[20.162274,54.938587]]]}},{"type":"Feature","properties":{"kind":"building","name":"","osm":"way/696227821"},"geometry":{"type":"Polygon","coordinates":[[[20.162264,54.938884],[20.162483,54.93889],[20.162494,54.938756],[20.162275,54.93875],[20.162264,54.938884]]]}},{"type":"Feature","properties":{"kind":"building","name":"","osm":"way/696227822"},"geometry":{"type":"Polygon","coordinates":[[[20.164924,54.939053],[20.165167,54.939113],[20.165251,54.938998],[20.165008,54.938939],[20.164924,54.939053]]]}},{"type":"Feature","properties":{"kind":"road","name":"","osm":"way/696848352","highway":"service","access":"","foot":""},"geometry":{"type":"LineString","coordinates":[[20.156822,54.945831],[20.157121,54.94527],[20.157136,54.945085]]}},{"type":"Feature","properties":{"kind":"road","name":"","osm":"way/696848353","highway":"service","access":"","foot":""},"geometry":{"type":"LineString","coordinates":[[20.156508,54.944952],[20.156456,54.945051],[20.15644,54.945081],[20.156204,54.945138],[20.156131,54.945252],[20.156075,54.945442],[20.156152,54.945514],[20.156402,54.945556],[20.156703,54.945605],[20.156716,54.945672],[20.156681,54.945771]]}},{"type":"Feature","properties":{"kind":"road","name":"улица Ленина","osm":"way/700352167","highway":"residential","access":"","foot":""},"geometry":{"type":"LineString","coordinates":[[20.147449,54.943968],[20.146806,54.943883],[20.146688,54.943867],[20.145852,54.943756],[20.145582,54.943721],[20.142749,54.943378],[20.14216,54.943285],[20.14193,54.943235],[20.141256,54.94309]]}},{"type":"Feature","properties":{"kind":"building","name":"","osm":"way/701184760"},"geometry":{"type":"Polygon","coordinates":[[[20.160658,54.942588],[20.160654,54.942675],[20.160711,54.942676],[20.160715,54.942588],[20.160658,54.942588]]]}},{"type":"Feature","properties":{"kind":"building","name":"","osm":"way/701184761"},"geometry":{"type":"Polygon","coordinates":[[[20.160629,54.942694],[20.160632,54.942647],[20.160556,54.942645],[20.160554,54.942687],[20.160629,54.942694]]]}},{"type":"Feature","properties":{"kind":"road","name":"","osm":"way/704502586","highway":"service","access":"","foot":""},"geometry":{"type":"LineString","coordinates":[[20.157136,54.945085],[20.156508,54.944952],[20.155956,54.944703]]}},{"type":"Feature","properties":{"kind":"road","name":"","osm":"way/706535001","highway":"tertiary","access":"","foot":""},"geometry":{"type":"LineString","coordinates":[[20.158889,54.938891],[20.158705,54.93885],[20.158587,54.938777],[20.158484,54.938697],[20.158358,54.938643]]}},{"type":"Feature","properties":{"kind":"road","name":"","osm":"way/706535002","highway":"tertiary","access":"","foot":""},"geometry":{"type":"LineString","coordinates":[[20.158162,54.938421],[20.158259,54.938323],[20.158296,54.938289]]}},{"type":"Feature","properties":{"kind":"building","name":"","osm":"way/734623052"},"geometry":{"type":"Polygon","coordinates":[[[20.157177,54.94017],[20.15724,54.940231],[20.157061,54.940295],[20.156997,54.940233],[20.157177,54.94017]]]}},{"type":"Feature","properties":{"kind":"road","name":"Морской бульвар","osm":"way/734945679","highway":"pedestrian","access":"","foot":""},"geometry":{"type":"LineString","coordinates":[[20.157349,54.946985],[20.157342,54.947015],[20.15735,54.947045],[20.157374,54.947073],[20.15741,54.947096],[20.157456,54.947111],[20.157508,54.947118],[20.157562,54.947116],[20.157612,54.947106],[20.157656,54.947087],[20.157688,54.947062],[20.157705,54.947032]]}},{"type":"Feature","properties":{"kind":"road","name":"Морской бульвар","osm":"way/734945681","highway":"pedestrian","access":"","foot":""},"geometry":{"type":"LineString","coordinates":[[20.157705,54.947032],[20.159228,54.947237],[20.159625,54.94729],[20.160062,54.947361],[20.164488,54.948347],[20.165344,54.948514],[20.165588,54.948561],[20.168139,54.949047]]}},{"type":"Feature","properties":{"kind":"road","name":"Калининградский проспект","osm":"way/757525833","highway":"primary","access":"","foot":""},"geometry":{"type":"LineString","coordinates":[[20.154868,54.938144],[20.154355,54.938201]]}},{"type":"Feature","properties":{"kind":"waterline","name":"Светлогорка","osm":"way/788873711"},"geometry":{"type":"LineString","coordinates":[[20.143863,54.937582],[20.144566,54.938109]]}},{"type":"Feature","properties":{"kind":"waterline","name":"Светлогорка","osm":"way/788873712"},"geometry":{"type":"LineString","coordinates":[[20.144566,54.938109],[20.144731,54.938131],[20.144852,54.938163],[20.145013,54.93822],[20.145194,54.938219],[20.145777,54.938634],[20.145705,54.938784],[20.145985,54.938916],[20.146321,54.939035],[20.146769,54.939045]]}},{"type":"Feature","properties":{"kind":"waterline","name":"Светлогорка","osm":"way/788873715"},"geometry":{"type":"LineString","coordinates":[[20.146769,54.939045],[20.146995,54.939025]]}},{"type":"Feature","properties":{"kind":"road","name":"","osm":"way/802697441","highway":"path","access":"","foot":"designated"},"geometry":{"type":"LineString","coordinates":[[20.147608,54.939153],[20.148194,54.939252],[20.148643,54.939332],[20.149304,54.939348]]}},{"type":"Feature","properties":{"kind":"road","name":"Садовая улица","osm":"way/827812112","highway":"residential","access":"","foot":""},"geometry":{"type":"LineString","coordinates":[[20.162411,54.941246],[20.161927,54.941368],[20.161782,54.941402]]}},{"type":"Feature","properties":{"kind":"road","name":"улица Гагарина","osm":"way/827812113","highway":"residential","access":"","foot":""},"geometry":{"type":"LineString","coordinates":[[20.158665,54.942244],[20.158153,54.941542],[20.157918,54.941271],[20.157827,54.941165]]}},{"type":"Feature","properties":{"kind":"road","name":"","osm":"way/855359186","highway":"footway","access":"","foot":""},"geometry":{"type":"LineString","coordinates":[[20.157699,54.938188],[20.157716,54.938127]]}},{"type":"Feature","properties":{"kind":"road","name":"","osm":"way/915208979","highway":"footway","access":"","foot":""},"geometry":{"type":"LineString","coordinates":[[20.149827,54.938129],[20.150111,54.938025],[20.150438,54.937932],[20.150755,54.937809],[20.151034,54.937621],[20.151308,54.937467],[20.151737,54.937374],[20.151855,54.937334],[20.152354,54.937242],[20.152649,54.937208],[20.152922,54.937165],[20.153266,54.937177],[20.153566,54.937165],[20.153947,54.937085],[20.154564,54.936949],[20.155181,54.936721],[20.155272,54.936567],[20.155467,54.936512]]}},{"type":"Feature","properties":{"kind":"road","name":"","osm":"way/922365681","highway":"footway","access":"","foot":""},"geometry":{"type":"LineString","coordinates":[[20.158156,54.945331],[20.158132,54.945182],[20.157814,54.945168],[20.157136,54.945085]]}},{"type":"Feature","properties":{"kind":"road","name":"","osm":"way/922366074","highway":"footway","access":"","foot":""},"geometry":{"type":"LineString","coordinates":[[20.163498,54.946375],[20.162798,54.945991],[20.162008,54.945773],[20.161047,54.945657],[20.160836,54.945656],[20.160532,54.945655]]}},{"type":"Feature","properties":{"kind":"road","name":"Подгорная улица","osm":"way/935207155","highway":"residential","access":"","foot":""},"geometry":{"type":"LineString","coordinates":[[20.155474,54.939589],[20.155473,54.939006]]}},{"type":"Feature","properties":{"kind":"road","name":"улица Гагарина","osm":"way/935207156","highway":"pedestrian","access":"","foot":""},"geometry":{"type":"LineString","coordinates":[[20.156514,54.939138],[20.156421,54.93918],[20.15632,54.939246],[20.156236,54.93932],[20.156175,54.9394],[20.156139,54.939483],[20.15613,54.939565],[20.156158,54.939637],[20.156211,54.939705],[20.156398,54.939898],[20.156447,54.939942]]}},{"type":"Feature","properties":{"kind":"road","name":"улица Гагарина","osm":"way/935207157","highway":"residential","access":"","foot":""},"geometry":{"type":"LineString","coordinates":[[20.158062,54.93858],[20.157833,54.938691],[20.157802,54.938705]]}},{"type":"Feature","properties":{"kind":"building","name":"","osm":"way/941938143"},"geometry":{"type":"Polygon","coordinates":[[[20.152142,54.939638],[20.152413,54.939627],[20.152405,54.939563],[20.152134,54.939574],[20.152142,54.939638]]]}},{"type":"Feature","properties":{"kind":"building","name":"","osm":"way/941938144"},"geometry":{"type":"Polygon","coordinates":[[[20.152949,54.938707],[20.15278,54.938575],[20.152659,54.938626],[20.152828,54.938758],[20.152949,54.938707]]]}},{"type":"Feature","properties":{"kind":"building","name":"","osm":"way/941938145"},"geometry":{"type":"Polygon","coordinates":[[[20.15396,54.94071],[20.15414,54.940653],[20.153956,54.940462],[20.153776,54.940519],[20.15396,54.94071]]]}},{"type":"Feature","properties":{"kind":"building","name":"","osm":"way/941938146"},"geometry":{"type":"Polygon","coordinates":[[[20.152346,54.944012],[20.152576,54.943993],[20.15257,54.943967],[20.152339,54.943986],[20.152346,54.944012]]]}},{"type":"Feature","properties":{"kind":"building","name":"","osm":"way/941938147"},"geometry":{"type":"Polygon","coordinates":[[[20.152394,54.943963],[20.152515,54.943959],[20.15251,54.943901],[20.152389,54.943904],[20.152394,54.943963]]]}},{"type":"Feature","properties":{"kind":"building","name":"","osm":"way/941938148"},"geometry":{"type":"Polygon","coordinates":[[[20.152773,54.943954],[20.15309,54.943951],[20.153087,54.943882],[20.152806,54.943885],[20.152807,54.943913],[20.152772,54.943913],[20.152773,54.943954]]]}},{"type":"Feature","properties":{"kind":"building","name":"","osm":"way/941938149"},"geometry":{"type":"Polygon","coordinates":[[[20.138607,54.940153],[20.138578,54.940098],[20.138557,54.940102],[20.138542,54.940074],[20.138563,54.94007],[20.138546,54.940038],[20.138856,54.939983],[20.138903,54.940072],[20.138898,54.940072],[20.138907,54.940091],[20.138892,54.940094],[20.138891,54.940092],[20.138866,54.940096],[20.138876,54.940115],[20.138879,54.940114],[20.138883,54.940123],[20.138868,54.940125],[20.138867,54.940124],[20.138819,54.940133],[20.138828,54.94015],[20.138832,54.940149],[20.138833,54.940152],[20.138837,54.940158],[20.138773,54.940169],[20.138768,54.94016],[20.138771,54.94016],[20.138761,54.940143],[20.138626,54.940168],[20.138626,54.940169],[20.138613,54.940171],[20.13861,54.940167],[20.138614,54.940167],[20.138607,54.940153]]]}},{"type":"Feature","properties":{"kind":"building","name":"","osm":"way/941938150"},"geometry":{"type":"Polygon","coordinates":[[[20.138185,54.940242],[20.138151,54.940179],[20.138138,54.940182],[20.138107,54.940125],[20.138121,54.940123],[20.138119,54.94012],[20.138342,54.94008],[20.138408,54.940202],[20.138407,54.940202],[20.138388,54.940206],[20.138394,54.940217],[20.138338,54.940227],[20.13834,54.94023],[20.138341,54.940231],[20.138331,54.940243],[20.138286,54.940251],[20.138283,54.94025],[20.138222,54.940261],[20.13821,54.940238],[20.138186,54.940242],[20.138185,54.940242]]]}},{"type":"Feature","properties":{"kind":"building","name":"","osm":"way/941938152"},"geometry":{"type":"Polygon","coordinates":[[[20.147856,54.940756],[20.147968,54.940729],[20.147924,54.94067],[20.147812,54.940698],[20.147856,54.940756]]]}},{"type":"Feature","properties":{"kind":"building","name":"","osm":"way/941938153"},"geometry":{"type":"Polygon","coordinates":[[[20.147947,54.940937],[20.14811,54.940901],[20.148029,54.940777],[20.147865,54.940812],[20.147947,54.940937]]]}},{"type":"Feature","properties":{"kind":"building","name":"","osm":"way/941938154"},"geometry":{"type":"Polygon","coordinates":[[[20.145274,54.941342],[20.145173,54.941279],[20.145283,54.94122],[20.145384,54.941283],[20.145274,54.941342]]]}},{"type":"Feature","properties":{"kind":"road","name":"улица Ленина","osm":"way/968062866","highway":"residential","access":"","foot":""},"geometry":{"type":"LineString","coordinates":[[20.164733,54.9431],[20.163518,54.943385]]}},{"type":"Feature","properties":{"kind":"building","name":"Нижняя станция канатной дороги","osm":"way/970123538"},"geometry":{"type":"Polygon","coordinates":[[[20.14539,54.945637],[20.145489,54.945551],[20.145558,54.945577],[20.145452,54.945663],[20.14539,54.945637]]]}},{"type":"Feature","properties":{"kind":"green","name":"","osm":"way/970123539"},"geometry":{"type":"Polygon","coordinates":[[[20.146646,54.944785],[20.146451,54.944719],[20.146209,54.944909],[20.145963,54.944926],[20.146056,54.944964],[20.146139,54.944997],[20.145619,54.945423],[20.145523,54.945461],[20.145424,54.945485],[20.145876,54.945604],[20.145815,54.945557],[20.145788,54.9455],[20.1458,54.945459],[20.145848,54.94542],[20.145942,54.945389],[20.146062,54.945355],[20.146107,54.945319],[20.146138,54.945276],[20.14614,54.945234],[20.146154,54.945196],[20.146239,54.945138],[20.146342,54.94509],[20.146435,54.945021],[20.146492,54.944944],[20.146587,54.944848],[20.146646,54.944785]]]}},{"type":"Feature","properties":{"kind":"road","name":"","osm":"way/970132012","highway":"pedestrian","access":"yes","foot":""},"geometry":{"type":"LineString","coordinates":[[20.145345,54.945715],[20.14518,54.945705]]}},{"type":"Feature","properties":{"kind":"road","name":"","osm":"way/970132013","highway":"path","access":"","foot":""},"geometry":{"type":"LineString","coordinates":[[20.14518,54.945705],[20.145066,54.945695],[20.143415,54.94555],[20.142142,54.945494],[20.141194,54.945387],[20.139655,54.945178],[20.138986,54.945097],[20.138363,54.945022],[20.137113,54.945016],[20.136207,54.945029],[20.135345,54.944863],[20.135006,54.944864],[20.133713,54.944714],[20.133257,54.94466],[20.133019,54.944552],[20.131103,54.944318],[20.130446,54.944233],[20.12939,54.944181],[20.127968,54.944113],[20.127642,54.944097],[20.127303,54.94408],[20.126307,54.944103],[20.125895,54.944082],[20.123903,54.943979],[20.123443,54.943945],[20.122583,54.943969],[20.122354,54.943962],[20.12162,54.944019],[20.120093,54.944258],[20.119135,54.944422],[20.118568,54.94453]]}},{"type":"Feature","properties":{"kind":"road","name":"","osm":"way/970132016","highway":"path","access":"","foot":""},"geometry":{"type":"LineString","coordinates":[[20.143415,54.94555],[20.143429,54.945451]]}},{"type":"Feature","properties":{"kind":"building","name":"","osm":"way/970132018"},"geometry":{"type":"Polygon","coordinates":[[[20.146891,54.945836],[20.147122,54.945849],[20.147115,54.945893],[20.146883,54.94588],[20.146891,54.945836]]]}},{"type":"Feature","properties":{"kind":"road","name":"","osm":"way/970132019","highway":"path","access":"","foot":""},"geometry":{"type":"LineString","coordinates":[[20.145066,54.945695],[20.145058,54.945761],[20.145056,54.945777],[20.1456,54.945825],[20.145991,54.945848],[20.146126,54.945858],[20.146209,54.945921],[20.147001,54.945967],[20.147177,54.94594],[20.147402,54.945902],[20.14807,54.945954],[20.148773,54.945987],[20.149288,54.946017],[20.149639,54.94605],[20.149893,54.946074],[20.15042,54.946116],[20.151003,54.946161],[20.151411,54.94618],[20.151669,54.946206],[20.153225,54.946366],[20.15391,54.946448],[20.154329,54.946507],[20.154612,54.946573],[20.155157,54.946695],[20.15557,54.946738],[20.156141,54.94683],[20.156559,54.946905],[20.156958,54.946993],[20.157104,54.947008],[20.157422,54.947154],[20.15775,54.947161],[20.157968,54.947157],[20.158292,54.947201],[20.158582,54.947216],[20.158821,54.947262],[20.159169,54.947289],[20.159509,54.94736],[20.16001,54.947423],[20.16087,54.947611],[20.161786,54.947837],[20.162457,54.948024],[20.163323,54.948218],[20.164193,54.948389],[20.165013,54.948544],[20.165496,54.948616],[20.166471,54.948819],[20.166618,54.948865],[20.166728,54.948887],[20.166814,54.948899],[20.166956,54.948914],[20.167265,54.94897],[20.167945,54.9491],[20.168036,54.949196],[20.168195,54.949244],[20.168368,54.949245],[20.168437,54.949245],[20.168583,54.949217],[20.16929,54.949363],[20.169646,54.949452],[20.1699,54.949503],[20.169982,54.94952]]}},{"type":"Feature","properties":{"kind":"road","name":"","osm":"way/970132023","highway":"path","access":"","foot":""},"geometry":{"type":"LineString","coordinates":[[20.149614,54.946007],[20.149647,54.946009],[20.149688,54.946012]]}},{"type":"Feature","properties":{"kind":"road","name":"","osm":"way/970132024","highway":"path","access":"","foot":""},"geometry":{"type":"LineString","coordinates":[[20.149639,54.94605],[20.149647,54.946009]]}},{"type":"Feature","properties":{"kind":"road","name":"","osm":"way/970134822","highway":"path","access":"","foot":""},"geometry":{"type":"LineString","coordinates":[[20.15468,54.942105],[20.154849,54.94207],[20.155236,54.941991],[20.155396,54.942018],[20.155555,54.94209],[20.155609,54.942115]]}},{"type":"Feature","properties":{"kind":"road","name":"","osm":"way/970134823","highway":"path","access":"","foot":""},"geometry":{"type":"LineString","coordinates":[[20.152195,54.940847],[20.151849,54.941361],[20.151341,54.941794]]}},{"type":"Feature","properties":{"kind":"road","name":"","osm":"way/970134825","highway":"footway","access":"","foot":""},"geometry":{"type":"LineString","coordinates":[[20.148899,54.94099],[20.149274,54.941236],[20.149497,54.941218],[20.149624,54.941208]]}},{"type":"Feature","properties":{"kind":"road","name":"","osm":"way/970134826","highway":"footway","access":"","foot":""},"geometry":{"type":"LineString","coordinates":[[20.148899,54.94099],[20.149209,54.940743],[20.149312,54.940661]]}},{"type":"Feature","properties":{"kind":"road","name":"","osm":"way/970134827","highway":"footway","access":"","foot":""},"geometry":{"type":"LineString","coordinates":[[20.149497,54.941218],[20.149371,54.94101],[20.149209,54.940743]]}},{"type":"Feature","properties":{"kind":"road","name":"","osm":"way/970136374","highway":"footway","access":"","foot":""},"geometry":{"type":"LineString","coordinates":[[20.147772,54.938702],[20.147596,54.938727],[20.147548,54.938733],[20.147515,54.938651],[20.147489,54.938588],[20.147682,54.938552]]}},{"type":"Feature","properties":{"kind":"road","name":"","osm":"way/970136375","highway":"footway","access":"","foot":""},"geometry":{"type":"LineString","coordinates":[[20.147428,54.938667],[20.147515,54.938651]]}},{"type":"Feature","properties":{"kind":"road","name":"","osm":"way/970136376","highway":"footway","access":"","foot":""},"geometry":{"type":"LineString","coordinates":[[20.147479,54.93883],[20.147224,54.93871],[20.146928,54.938049],[20.147032,54.938034]]}},{"type":"Feature","properties":{"kind":"road","name":"","osm":"way/973969055","highway":"service","access":"","foot":""},"geometry":{"type":"LineString","coordinates":[[20.165015,54.946233],[20.165231,54.946268]]}},{"type":"Feature","properties":{"kind":"road","name":"Садовая улица","osm":"way/974018209","highway":"residential","access":"","foot":""},"geometry":{"type":"LineString","coordinates":[[20.156939,54.942696],[20.156865,54.942745],[20.156833,54.942778],[20.156451,54.943161]]}},{"type":"Feature","properties":{"kind":"road","name":"улица Верещагина","osm":"way/974022002","highway":"residential","access":"","foot":""},"geometry":{"type":"LineString","coordinates":[[20.164739,54.943223],[20.164733,54.9431]]}},{"type":"Feature","properties":{"kind":"road","name":"улица Верещагина","osm":"way/974022562","highway":"residential","access":"","foot":""},"geometry":{"type":"LineString","coordinates":[[20.164945,54.945287],[20.164942,54.94522],[20.164875,54.944497],[20.164822,54.943934]]}},{"type":"Feature","properties":{"kind":"road","name":"улица Верещагина","osm":"way/974022710","highway":"residential","access":"","foot":""},"geometry":{"type":"LineString","coordinates":[[20.16522,54.947361],[20.16517,54.947122],[20.165083,54.946625]]}},{"type":"Feature","properties":{"kind":"road","name":"","osm":"way/974320272","highway":"footway","access":"","foot":""},"geometry":{"type":"LineString","coordinates":[[20.165128,54.947538],[20.16522,54.947361]]}},{"type":"Feature","properties":{"kind":"road","name":"","osm":"way/974320273","highway":"path","access":"","foot":""},"geometry":{"type":"LineString","coordinates":[[20.165128,54.947538],[20.164843,54.947543],[20.164394,54.94764],[20.163199,54.947257],[20.162487,54.947217],[20.162171,54.947219],[20.161897,54.94716],[20.161871,54.94706]]}},{"type":"Feature","properties":{"kind":"road","name":"Морской бульвар","osm":"way/974329527","highway":"pedestrian","access":"","foot":""},"geometry":{"type":"LineString","coordinates":[[20.157349,54.946985],[20.157371,54.946957],[20.157406,54.946934],[20.157446,54.946918],[20.157493,54.94691],[20.157541,54.946908],[20.157589,54.946915],[20.157632,54.946928],[20.157667,54.946947],[20.157693,54.94697],[20.157707,54.947001],[20.157705,54.947032]]}},{"type":"Feature","properties":{"kind":"building","name":"","osm":"way/974329528"},"geometry":{"type":"Polygon","coordinates":[[[20.159102,54.947128],[20.15915,54.947031],[20.15947,54.947083],[20.159421,54.947179],[20.159268,54.947155],[20.159102,54.947128]]]}},{"type":"Feature","properties":{"kind":"road","name":"","osm":"way/974329529","highway":"corridor","access":"","foot":""},"geometry":{"type":"LineString","coordinates":[[20.159293,54.947103],[20.159458,54.94676]]}},{"type":"Feature","properties":{"kind":"road","name":"","osm":"way/974329530","highway":"footway","access":"","foot":""},"geometry":{"type":"LineString","coordinates":[[20.159228,54.947237],[20.159244,54.947204],[20.159259,54.947174],[20.159268,54.947155]]}},{"type":"Feature","properties":{"kind":"road","name":"","osm":"way/974329531","highway":"corridor","access":"","foot":""},"geometry":{"type":"LineString","coordinates":[[20.159268,54.947155],[20.159293,54.947103]]}},{"type":"Feature","properties":{"kind":"road","name":"","osm":"way/974329532","highway":"footway","access":"","foot":""},"geometry":{"type":"LineString","coordinates":[[20.159458,54.94676],[20.159522,54.946468],[20.159523,54.946462]]}},{"type":"Feature","properties":{"kind":"building","name":"","osm":"way/974329533"},"geometry":{"type":"Polygon","coordinates":[[[20.159206,54.947117],[20.159392,54.946741],[20.159524,54.946762],[20.159338,54.947139],[20.159206,54.947117]]]}},{"type":"Feature","properties":{"kind":"road","name":"","osm":"way/974329534","highway":"footway","access":"","foot":""},"geometry":{"type":"LineString","coordinates":[[20.160298,54.946562],[20.16031,54.946555],[20.160522,54.946384],[20.160881,54.94609]]}},{"type":"Feature","properties":{"kind":"road","name":"","osm":"way/974329535","highway":"footway","access":"","foot":""},"geometry":{"type":"LineString","coordinates":[[20.165015,54.946233],[20.164811,54.946241],[20.163511,54.946118],[20.162798,54.945991]]}},{"type":"Feature","properties":{"kind":"road","name":"","osm":"way/974329536","highway":"footway","access":"","foot":""},"geometry":{"type":"LineString","coordinates":[[20.162017,54.945398],[20.162008,54.945773],[20.161882,54.946953]]}},{"type":"Feature","properties":{"kind":"road","name":"","osm":"way/974417207","highway":"footway","access":"","foot":""},"geometry":{"type":"LineString","coordinates":[[20.161937,54.944689],[20.161957,54.944866],[20.162017,54.945398]]}},{"type":"Feature","properties":{"kind":"road","name":"","osm":"way/974417303","highway":"footway","access":"","foot":""},"geometry":{"type":"LineString","coordinates":[[20.161882,54.946953],[20.16188,54.946978]]}},{"type":"Feature","properties":{"kind":"road","name":"","osm":"way/974599275","highway":"footway","access":"","foot":"yes"},"geometry":{"type":"LineString","coordinates":[[20.158533,54.943279],[20.158744,54.943273],[20.159194,54.943253]]}},{"type":"Feature","properties":{"kind":"road","name":"","osm":"way/974599439","highway":"footway","access":"","foot":"yes"},"geometry":{"type":"LineString","coordinates":[[20.159194,54.943253],[20.159291,54.94342]]}},{"type":"Feature","properties":{"kind":"road","name":"улица Верещагина","osm":"way/974825368","highway":"residential","access":"","foot":""},"geometry":{"type":"LineString","coordinates":[[20.164822,54.943934],[20.164739,54.943223]]}},{"type":"Feature","properties":{"kind":"road","name":"Садовая улица","osm":"way/974921237","highway":"residential","access":"","foot":""},"geometry":{"type":"LineString","coordinates":[[20.156425,54.944119],[20.156423,54.944176],[20.156254,54.944367],[20.155956,54.944703]]}},{"type":"Feature","properties":{"kind":"road","name":"Садовая улица","osm":"way/974926676","highway":"residential","access":"","foot":""},"geometry":{"type":"LineString","coordinates":[[20.160676,54.941687],[20.160191,54.941812],[20.158665,54.942244]]}},{"type":"Feature","properties":{"kind":"road","name":"Садовая улица","osm":"way/974926829","highway":"residential","access":"","foot":""},"geometry":{"type":"LineString","coordinates":[[20.161782,54.941402],[20.160676,54.941687]]}},{"type":"Feature","properties":{"kind":"road","name":"Садовая улица","osm":"way/974927050","highway":"residential","access":"","foot":""},"geometry":{"type":"LineString","coordinates":[[20.162641,54.941238],[20.162411,54.941246]]}},{"type":"Feature","properties":{"kind":"road","name":"улица Баха","osm":"way/974927421","highway":"residential","access":"","foot":""},"geometry":{"type":"LineString","coordinates":[[20.165386,54.941532],[20.163766,54.941473]]}},{"type":"Feature","properties":{"kind":"road","name":"улица Баха","osm":"way/974927676","highway":"residential","access":"","foot":""},"geometry":{"type":"LineString","coordinates":[[20.165978,54.941554],[20.165386,54.941532]]}},{"type":"Feature","properties":{"kind":"road","name":"Балтийская улица","osm":"way/974934571","highway":"residential","access":"","foot":""},"geometry":{"type":"LineString","coordinates":[[20.161034,54.939351],[20.162465,54.939552],[20.162932,54.939623]]}},{"type":"Feature","properties":{"kind":"road","name":"Балтийская улица","osm":"way/974934572","highway":"residential","access":"","foot":""},"geometry":{"type":"LineString","coordinates":[[20.163283,54.939676],[20.163689,54.939738]]}},{"type":"Feature","properties":{"kind":"road","name":"Балтийская улица","osm":"way/974934653","highway":"residential","access":"","foot":""},"geometry":{"type":"LineString","coordinates":[[20.162932,54.939623],[20.163283,54.939676]]}},{"type":"Feature","properties":{"kind":"road","name":"улица Карла Маркса","osm":"way/974939091","highway":"residential","access":"","foot":""},"geometry":{"type":"LineString","coordinates":[[20.149325,54.940588],[20.149272,54.940268]]}},{"type":"Feature","properties":{"kind":"road","name":"","osm":"way/974939546","highway":"service","access":"","foot":""},"geometry":{"type":"LineString","coordinates":[[20.149845,54.941695],[20.149899,54.941684],[20.149938,54.941676]]}},{"type":"Feature","properties":{"kind":"road","name":"","osm":"way/974939547","highway":"service","access":"","foot":""},"geometry":{"type":"LineString","coordinates":[[20.149938,54.941676],[20.149967,54.941669]]}},{"type":"Feature","properties":{"kind":"road","name":"","osm":"way/974939671","highway":"service","access":"","foot":""},"geometry":{"type":"LineString","coordinates":[[20.150112,54.941973],[20.150145,54.941961]]}},{"type":"Feature","properties":{"kind":"building","name":"","osm":"way/975470567"},"geometry":{"type":"Polygon","coordinates":[[[20.156898,54.945868],[20.157192,54.945914],[20.157287,54.945726],[20.156991,54.945679],[20.156898,54.945868]]]}},{"type":"Feature","properties":{"kind":"building","name":"","osm":"way/975470568"},"geometry":{"type":"Polygon","coordinates":[[[20.15718,54.945299],[20.157092,54.945476],[20.157388,54.945526],[20.157478,54.945349],[20.15718,54.945299]]]}},{"type":"Feature","properties":{"kind":"building","name":"","osm":"way/975470569"},"geometry":{"type":"Polygon","coordinates":[[[20.156991,54.945679],[20.157287,54.945726],[20.157388,54.945526],[20.157092,54.945476],[20.156991,54.945679]]]}},{"type":"Feature","properties":{"kind":"road","name":"улица Островского","osm":"way/975966332","highway":"residential","access":"","foot":""},"geometry":{"type":"LineString","coordinates":[[20.155912,54.941879],[20.155867,54.94185],[20.155736,54.941763]]}},{"type":"Feature","properties":{"kind":"road","name":"","osm":"way/976283255","highway":"service","access":"","foot":""},"geometry":{"type":"LineString","coordinates":[[20.155655,54.940787],[20.15602,54.940901],[20.156248,54.940675]]}},{"type":"Feature","properties":{"kind":"road","name":"","osm":"way/976283256","highway":"service","access":"","foot":""},"geometry":{"type":"LineString","coordinates":[[20.156248,54.940675],[20.156304,54.94048]]}},{"type":"Feature","properties":{"kind":"road","name":"улица Ленина","osm":"way/976661896","highway":"residential","access":"","foot":""},"geometry":{"type":"LineString","coordinates":[[20.150886,54.944158],[20.150318,54.944178],[20.149759,54.944197],[20.149633,54.944201],[20.149179,54.944186],[20.148401,54.944084]]}},{"type":"Feature","properties":{"kind":"road","name":"улица Ленина","osm":"way/985823750","highway":"residential","access":"","foot":""},"geometry":{"type":"LineString","coordinates":[[20.148401,54.944084],[20.147449,54.943968]]}},{"type":"Feature","properties":{"kind":"road","name":"","osm":"way/995725100","highway":"footway","access":"","foot":""},"geometry":{"type":"LineString","coordinates":[[20.158303,54.943063],[20.158306,54.943166],[20.157907,54.94296]]}},{"type":"Feature","properties":{"kind":"road","name":"","osm":"way/995725101","highway":"footway","access":"","foot":""},"geometry":{"type":"LineString","coordinates":[[20.158744,54.943273],[20.158306,54.943166],[20.158011,54.94327]]}},{"type":"Feature","properties":{"kind":"road","name":"","osm":"way/995725106","highway":"steps","access":"","foot":""},"geometry":{"type":"LineString","coordinates":[[20.162266,54.943859],[20.162385,54.943874]]}},{"type":"Feature","properties":{"kind":"road","name":"","osm":"way/995725107","highway":"steps","access":"","foot":""},"geometry":{"type":"LineString","coordinates":[[20.162291,54.943909],[20.162345,54.943919]]}},{"type":"Feature","properties":{"kind":"road","name":"","osm":"way/995725108","highway":"footway","access":"","foot":""},"geometry":{"type":"LineString","coordinates":[[20.162291,54.943909],[20.162266,54.943859]]}},{"type":"Feature","properties":{"kind":"road","name":"","osm":"way/995725122","highway":"footway","access":"","foot":""},"geometry":{"type":"LineString","coordinates":[[20.157833,54.941295],[20.157591,54.941386]]}},{"type":"Feature","properties":{"kind":"road","name":"","osm":"way/995725123","highway":"footway","access":"","foot":""},"geometry":{"type":"LineString","coordinates":[[20.155936,54.941896],[20.156414,54.94152],[20.157359,54.940803],[20.157833,54.941295],[20.158092,54.941563]]}},{"type":"Feature","properties":{"kind":"road","name":"","osm":"way/995725139","highway":"steps","access":"","foot":""},"geometry":{"type":"LineString","coordinates":[[20.15013,54.94424],[20.15012,54.944308],[20.150103,54.94434],[20.150064,54.944369],[20.150014,54.944399]]}},{"type":"Feature","properties":{"kind":"waterline","name":"Светлогорка","osm":"way/998649501"},"geometry":{"type":"LineString","coordinates":[[20.146995,54.939025],[20.147054,54.93902],[20.147467,54.938956],[20.147579,54.938935],[20.147702,54.938912],[20.150813,54.938629],[20.152634,54.937876],[20.155295,54.937623],[20.158911,54.937766],[20.159495,54.937871],[20.159916,54.938133],[20.160549,54.938349],[20.161258,54.938622],[20.161624,54.938865],[20.161994,54.93898],[20.162598,54.939169],[20.163146,54.93935],[20.163944,54.939267],[20.165688,54.939403],[20.166628,54.940033],[20.167506,54.940655],[20.167956,54.941229],[20.168075,54.94153],[20.168695,54.94166],[20.168968,54.941787],[20.169241,54.941914],[20.169425,54.942094],[20.16941,54.942224],[20.169612,54.942484],[20.169361,54.942674],[20.169451,54.942838],[20.169893,54.94292],[20.170181,54.943094],[20.170252,54.943264],[20.17026,54.943278]]}},{"type":"Feature","properties":{"kind":"road","name":"","osm":"way/999903919","highway":"service","access":"","foot":""},"geometry":{"type":"LineString","coordinates":[[20.165558,54.946243],[20.165231,54.946268]]}},{"type":"Feature","properties":{"kind":"road","name":"улица Верещагина","osm":"way/999903921","highway":"residential","access":"","foot":""},"geometry":{"type":"LineString","coordinates":[[20.165015,54.946233],[20.165006,54.94608]]}},{"type":"Feature","properties":{"kind":"road","name":"улица Верещагина","osm":"way/999903922","highway":"residential","access":"","foot":""},"geometry":{"type":"LineString","coordinates":[[20.165083,54.946625],[20.165039,54.946372]]}},{"type":"Feature","properties":{"kind":"road","name":"улица Верещагина","osm":"way/999903923","highway":"residential","access":"","foot":""},"geometry":{"type":"LineString","coordinates":[[20.165039,54.946372],[20.165015,54.946233]]}},{"type":"Feature","properties":{"kind":"road","name":"","osm":"way/999903924","highway":"footway","access":"","foot":""},"geometry":{"type":"LineString","coordinates":[[20.160454,54.944915],[20.161957,54.944866]]}},{"type":"Feature","properties":{"kind":"road","name":"","osm":"way/1004699915","highway":"footway","access":"","foot":""},"geometry":{"type":"LineString","coordinates":[[20.15638,54.942785],[20.156507,54.942815],[20.156605,54.942805],[20.156722,54.942757],[20.156833,54.942778]]}},{"type":"Feature","properties":{"kind":"road","name":"","osm":"way/1004875429","highway":"corridor","access":"yes","foot":""},"geometry":{"type":"LineString","coordinates":[[20.155757,54.944341],[20.155793,54.944304]]}},{"type":"Feature","properties":{"kind":"road","name":"","osm":"way/1004875430","highway":"steps","access":"","foot":""},"geometry":{"type":"LineString","coordinates":[[20.155793,54.944304],[20.155811,54.944238]]}},{"type":"Feature","properties":{"kind":"road","name":"","osm":"way/1004875431","highway":"footway","access":"","foot":""},"geometry":{"type":"LineString","coordinates":[[20.155811,54.944238],[20.156254,54.944367]]}},{"type":"Feature","properties":{"kind":"road","name":"","osm":"way/1004875432","highway":"footway","access":"","foot":"yes"},"geometry":{"type":"LineString","coordinates":[[20.151341,54.943659],[20.15146,54.94364]]}},{"type":"Feature","properties":{"kind":"road","name":"","osm":"way/1004875433","highway":"steps","access":"","foot":"yes"},"geometry":{"type":"LineString","coordinates":[[20.15146,54.94364],[20.151488,54.943636]]}},{"type":"Feature","properties":{"kind":"waterline","name":"","osm":"way/1004875434"},"geometry":{"type":"LineString","coordinates":[[20.158784,54.938195],[20.158776,54.93827]]}},{"type":"Feature","properties":{"kind":"waterline","name":"","osm":"way/1004875435"},"geometry":{"type":"LineString","coordinates":[[20.158776,54.93827],[20.158801,54.938348]]}},{"type":"Feature","properties":{"kind":"waterline","name":"","osm":"way/1004875436"},"geometry":{"type":"LineString","coordinates":[[20.158801,54.938348],[20.158824,54.938418],[20.158854,54.938473]]}},{"type":"Feature","properties":{"kind":"waterline","name":"","osm":"way/1004875437"},"geometry":{"type":"LineString","coordinates":[[20.158854,54.938473],[20.158894,54.938548]]}},{"type":"Feature","properties":{"kind":"building","name":"","osm":"way/1033748657"},"geometry":{"type":"Polygon","coordinates":[[[20.145142,54.938921],[20.145053,54.938872],[20.145052,54.93886],[20.14507,54.938849],[20.144853,54.938732],[20.144862,54.938726],[20.144861,54.938724],[20.144784,54.938682],[20.144824,54.938658],[20.144816,54.938653],[20.144869,54.938621],[20.145018,54.938701],[20.145001,54.938711],[20.145046,54.938736],[20.145063,54.938726],[20.145142,54.938768],[20.145125,54.938778],[20.145157,54.938796],[20.145174,54.938785],[20.145257,54.93883],[20.145218,54.938855],[20.145235,54.938864],[20.145142,54.938921]]]}},{"type":"Feature","properties":{"kind":"road","name":"","osm":"way/1065807562","highway":"service","access":"","foot":""},"geometry":{"type":"LineString","coordinates":[[20.152343,54.939679],[20.153218,54.939529],[20.153817,54.939618]]}},{"type":"Feature","properties":{"kind":"road","name":"Зелёная улица","osm":"way/1065807563","highway":"residential","access":"","foot":""},"geometry":{"type":"LineString","coordinates":[[20.153817,54.939618],[20.153767,54.939866],[20.153766,54.939877],[20.153716,54.940136]]}},{"type":"Feature","properties":{"kind":"road","name":"Зелёная улица","osm":"way/1065807564","highway":"service","access":"","foot":""},"geometry":{"type":"LineString","coordinates":[[20.153716,54.940136],[20.153381,54.939941],[20.153638,54.939801],[20.153752,54.939729],[20.153817,54.939618]]}},{"type":"Feature","properties":{"kind":"road","name":"","osm":"way/1065807565","highway":"service","access":"","foot":""},"geometry":{"type":"LineString","coordinates":[[20.151259,54.939237],[20.151301,54.939285],[20.151361,54.939355],[20.151554,54.939361],[20.151844,54.939275]]}},{"type":"Feature","properties":{"kind":"building","name":"","osm":"way/1070597019"},"geometry":{"type":"Polygon","coordinates":[[[20.139051,54.938448],[20.139057,54.93842],[20.139055,54.93842],[20.139079,54.938321],[20.139081,54.93832],[20.139081,54.938307],[20.139178,54.938294],[20.139174,54.938283],[20.139398,54.938254],[20.139402,54.938264],[20.139448,54.938258],[20.139434,54.938221],[20.139455,54.938218],[20.139451,54.938208],[20.139471,54.938205],[20.139448,54.938146],[20.139379,54.938155],[20.139378,54.938151],[20.139331,54.938157],[20.139325,54.93814],[20.139371,54.938134],[20.13934,54.938056],[20.139313,54.93806],[20.139294,54.938012],[20.139304,54.938011],[20.139292,54.937979],[20.139275,54.937981],[20.139252,54.937923],[20.139329,54.937905],[20.139325,54.937894],[20.139423,54.93787],[20.139427,54.937882],[20.139512,54.937862],[20.139512,54.937864],[20.139532,54.937862],[20.139591,54.938011],[20.139613,54.938008],[20.139622,54.938031],[20.1396,54.938034],[20.139622,54.938089],[20.139616,54.93809],[20.139624,54.938109],[20.13974,54.938093],[20.139736,54.938082],[20.139792,54.938075],[20.139796,54.938086],[20.139838,54.938081],[20.139843,54.938094],[20.139847,54.938093],[20.139879,54.938175],[20.139878,54.938175],[20.139892,54.938209],[20.139893,54.938209],[20.139895,54.938213],[20.139875,54.938215],[20.13988,54.938228],[20.139827,54.938234],[20.139832,54.938247],[20.139779,54.938254],[20.139774,54.938241],[20.139708,54.93825],[20.13971,54.938255],[20.139625,54.938266],[20.139619,54.938249],[20.139588,54.938253],[20.139599,54.938282],[20.139622,54.938279],[20.13965,54.938348],[20.139627,54.938351],[20.139634,54.93837],[20.139677,54.938364],[20.139689,54.938393],[20.139663,54.938397],[20.139679,54.938437],[20.1397,54.938434],[20.139709,54.938456],[20.139687,54.938459],[20.139719,54.938539],[20.139702,54.938542],[20.139685,54.938547],[20.139685,54.938548],[20.139496,54.938608],[20.139462,54.938599],[20.139461,54.938598],[20.139443,54.9386],[20.139431,54.938568],[20.139414,54.93857],[20.13939,54.938511],[20.139425,54.938506],[20.139413,54.938476],[20.139405,54.938477],[20.139385,54.938429],[20.139416,54.938425],[20.139408,54.938403],[20.139371,54.938408],[20.139378,54.938425],[20.139295,54.938436],[20.139292,54.93843],[20.139235,54.938438],[20.139231,54.938427],[20.139076,54.938447],[20.139075,54.938445],[20.139051,54.938448]]]}},{"type":"Feature","properties":{"kind":"road","name":"Аптечная улица","osm":"way/1071419187","highway":"residential","access":"","foot":""},"geometry":{"type":"LineString","coordinates":[[20.152168,54.940818],[20.152195,54.940847],[20.152349,54.94103],[20.152723,54.941441],[20.152882,54.941666],[20.153219,54.941766]]}},{"type":"Feature","properties":{"kind":"road","name":"","osm":"way/1071670810","highway":"steps","access":"","foot":""},"geometry":{"type":"LineString","coordinates":[[20.1457,54.945638],[20.145682,54.945683]]}},{"type":"Feature","properties":{"kind":"road","name":"","osm":"way/1144554717","highway":"footway","access":"","foot":""},"geometry":{"type":"LineString","coordinates":[[20.155089,54.945915],[20.155302,54.945978],[20.155438,54.945986],[20.155615,54.9461],[20.155624,54.946188],[20.155664,54.946262],[20.155943,54.946243],[20.15624,54.946219],[20.156251,54.946163]]}},{"type":"Feature","properties":{"kind":"road","name":"","osm":"way/1165666948","highway":"footway","access":"","foot":""},"geometry":{"type":"LineString","coordinates":[[20.163298,54.940916],[20.162672,54.941032],[20.162411,54.941246]]}},{"type":"Feature","properties":{"kind":"road","name":"","osm":"way/1171073820","highway":"footway","access":"","foot":""},"geometry":{"type":"LineString","coordinates":[[20.155811,54.944238],[20.155826,54.944088]]}},{"type":"Feature","properties":{"kind":"road","name":"","osm":"way/1171105663","highway":"footway","access":"","foot":""},"geometry":{"type":"LineString","coordinates":[[20.16188,54.946978],[20.161871,54.94706]]}},{"type":"Feature","properties":{"kind":"road","name":"","osm":"way/1171106126","highway":"cycleway","access":"","foot":"no"},"geometry":{"type":"LineString","coordinates":[[20.160881,54.94609],[20.161057,54.946534],[20.161106,54.946731],[20.161105,54.946753]]}},{"type":"Feature","properties":{"kind":"road","name":"","osm":"way/1171107490","highway":"steps","access":"","foot":"designated"},"geometry":{"type":"LineString","coordinates":[[20.155698,54.945429],[20.15584,54.945453]]}},{"type":"Feature","properties":{"kind":"road","name":"","osm":"way/1203484622","highway":"service","access":"","foot":""},"geometry":{"type":"LineString","coordinates":[[20.142777,54.940136],[20.142931,54.940108]]}},{"type":"Feature","properties":{"kind":"road","name":"улица Карла Маркса","osm":"way/1205172901","highway":"residential","access":"","foot":""},"geometry":{"type":"LineString","coordinates":[[20.149278,54.939606],[20.149289,54.93954]]}},{"type":"Feature","properties":{"kind":"building","name":"","osm":"way/1244515119"},"geometry":{"type":"Polygon","coordinates":[[[20.155533,54.938968],[20.15551,54.938958],[20.155492,54.938971],[20.155431,54.938946],[20.155447,54.938933],[20.155422,54.938923],[20.155397,54.938912],[20.155396,54.938897],[20.155413,54.938882],[20.155439,54.938878],[20.155465,54.938888],[20.155576,54.938934],[20.155533,54.938968]]]}},{"type":"Feature","properties":{"kind":"building","name":"","osm":"way/1244515120"},"geometry":{"type":"Polygon","coordinates":[[[20.155141,54.938549],[20.155135,54.938433],[20.155134,54.938413],[20.155133,54.938384],[20.155394,54.93838],[20.155351,54.938552],[20.155257,54.938553],[20.155257,54.938547],[20.155141,54.938549]]]}},{"type":"Feature","properties":{"kind":"rail","name":"","osm":"way/1252629603"},"geometry":{"type":"LineString","coordinates":[[20.146326,54.943997],[20.146433,54.944011]]}},{"type":"Feature","properties":{"kind":"road","name":"","osm":"way/1281918950","highway":"footway","access":"","foot":""},"geometry":{"type":"LineString","coordinates":[[20.164599,54.942276],[20.164371,54.942093]]}},{"type":"Feature","properties":{"kind":"building","name":"","osm":"way/1281918951"},"geometry":{"type":"Polygon","coordinates":[[[20.160626,54.946517],[20.160691,54.946343],[20.160846,54.946363],[20.160782,54.946536],[20.160626,54.946517]]]}},{"type":"Feature","properties":{"kind":"building","name":"","osm":"way/1282109859"},"geometry":{"type":"Polygon","coordinates":[[[20.156573,54.939949],[20.156643,54.940019],[20.156717,54.939995],[20.156647,54.939925],[20.156573,54.939949]]]}},{"type":"Feature","properties":{"kind":"building","name":"","osm":"way/1282109860"},"geometry":{"type":"Polygon","coordinates":[[[20.156489,54.939815],[20.156568,54.939681],[20.156842,54.939734],[20.156762,54.939869],[20.156489,54.939815]]]}},{"type":"Feature","properties":{"kind":"road","name":"Сосновый переулок","osm":"way/1282109861","highway":"service","access":"","foot":""},"geometry":{"type":"LineString","coordinates":[[20.157708,54.940313],[20.157365,54.94074]]}},{"type":"Feature","properties":{"kind":"road","name":"","osm":"way/1282109862","highway":"footway","access":"","foot":""},"geometry":{"type":"LineString","coordinates":[[20.157793,54.940191],[20.15784,54.940235],[20.157803,54.940298],[20.157708,54.940313]]}},{"type":"Feature","properties":{"kind":"road","name":"","osm":"way/1282109863","highway":"footway","access":"","foot":""},"geometry":{"type":"LineString","coordinates":[[20.161927,54.941368],[20.162018,54.941272],[20.162492,54.940709]]}},{"type":"Feature","properties":{"kind":"road","name":"","osm":"way/1282109864","highway":"footway","access":"","foot":""},"geometry":{"type":"LineString","coordinates":[[20.162492,54.940709],[20.162588,54.940732]]}},{"type":"Feature","properties":{"kind":"road","name":"","osm":"way/1285502354","highway":"footway","access":"","foot":""},"geometry":{"type":"LineString","coordinates":[[20.135776,54.941761],[20.136569,54.941962],[20.13709,54.942119],[20.137638,54.942244],[20.141265,54.943052],[20.142195,54.943249],[20.145598,54.943674],[20.145872,54.943706],[20.146269,54.943752],[20.146713,54.943805],[20.147486,54.943904],[20.148428,54.944027],[20.14917,54.94414]]}},{"type":"Feature","properties":{"kind":"road","name":"","osm":"way/1285502356","highway":"footway","access":"","foot":""},"geometry":{"type":"LineString","coordinates":[[20.141199,54.940815],[20.137675,54.941428],[20.137589,54.941445],[20.135776,54.941761],[20.135664,54.94178],[20.135612,54.941791],[20.135561,54.941802]]}},{"type":"Feature","properties":{"kind":"building","name":"","osm":"way/1298999054"},"geometry":{"type":"Polygon","coordinates":[[[20.161939,54.944308],[20.161958,54.944307],[20.161957,54.944302],[20.161939,54.944303],[20.161939,54.944308]]]}},{"type":"Feature","properties":{"kind":"road","name":"","osm":"way/1322839362","highway":"service","access":"","foot":""},"geometry":{"type":"LineString","coordinates":[[20.161006,54.93971],[20.161277,54.939649]]}},{"type":"Feature","properties":{"kind":"road","name":"","osm":"way/1322839621","highway":"service","access":"","foot":""},"geometry":{"type":"LineString","coordinates":[[20.13776,54.939206],[20.138127,54.938958]]}},{"type":"Feature","properties":{"kind":"road","name":"","osm":"way/1322839622","highway":"service","access":"","foot":""},"geometry":{"type":"LineString","coordinates":[[20.137014,54.939655],[20.13776,54.939206]]}},{"type":"Feature","properties":{"kind":"road","name":"","osm":"way/1322839624","highway":"service","access":"","foot":""},"geometry":{"type":"LineString","coordinates":[[20.138101,54.939734],[20.138125,54.939719],[20.138142,54.939701],[20.138153,54.939679],[20.138155,54.939656]]}},{"type":"Feature","properties":{"kind":"road","name":"","osm":"way/1322839625","highway":"service","access":"","foot":""},"geometry":{"type":"LineString","coordinates":[[20.138101,54.939734],[20.137768,54.939807]]}},{"type":"Feature","properties":{"kind":"road","name":"","osm":"way/1322839626","highway":"service","access":"","foot":""},"geometry":{"type":"LineString","coordinates":[[20.137768,54.939807],[20.137617,54.939777],[20.137763,54.93972],[20.138059,54.939532]]}},{"type":"Feature","properties":{"kind":"road","name":"","osm":"way/1322839627","highway":"service","access":"","foot":""},"geometry":{"type":"LineString","coordinates":[[20.13776,54.939206],[20.137828,54.939236]]}},{"type":"Feature","properties":{"kind":"road","name":"","osm":"way/1322844722","highway":"service","access":"","foot":""},"geometry":{"type":"LineString","coordinates":[[20.163201,54.943],[20.163677,54.942861]]}},{"type":"Feature","properties":{"kind":"building","name":"","osm":"way/1363066821"},"geometry":{"type":"Polygon","coordinates":[[[20.159412,54.942566],[20.159505,54.94254],[20.159365,54.942374],[20.159272,54.9424],[20.159412,54.942566]]]}},{"type":"Feature","properties":{"kind":"road","name":"","osm":"way/1363066822","highway":"residential","access":"","foot":""},"geometry":{"type":"LineString","coordinates":[[20.159869,54.944385],[20.159955,54.944456],[20.160363,54.944568],[20.160422,54.944702],[20.160454,54.944915],[20.160469,54.945013]]}},{"type":"Feature","properties":{"kind":"road","name":"","osm":"way/1363066823","highway":"residential","access":"","foot":""},"geometry":{"type":"LineString","coordinates":[[20.159828,54.944083],[20.159869,54.944385]]}},{"type":"Feature","properties":{"kind":"building","name":"","osm":"way/1366182367"},"geometry":{"type":"Polygon","coordinates":[[[20.144607,54.937731],[20.144644,54.93775],[20.144634,54.937757],[20.144714,54.937798],[20.144718,54.937795],[20.144786,54.93783],[20.144769,54.937841],[20.144806,54.937861],[20.144843,54.93788],[20.14487,54.937862],[20.144896,54.937875],[20.144868,54.937893],[20.144938,54.937929],[20.144948,54.937923],[20.144961,54.937915],[20.144984,54.937927],[20.144976,54.937932],[20.14505,54.937971],[20.145059,54.937966],[20.145126,54.938001],[20.145117,54.938007],[20.145195,54.938048],[20.145204,54.938042],[20.145243,54.938062],[20.145226,54.938072],[20.145209,54.938083],[20.145121,54.938139],[20.145086,54.938161],[20.145071,54.938171],[20.144993,54.93813],[20.144996,54.938128],[20.144935,54.938097],[20.144927,54.938102],[20.144841,54.938057],[20.14485,54.938051],[20.144796,54.938023],[20.144791,54.938025],[20.144714,54.937985],[20.144718,54.937982],[20.144663,54.937954],[20.144655,54.937959],[20.144572,54.937916],[20.14458,54.937911],[20.14452,54.937879],[20.144516,54.937882],[20.144435,54.93784],[20.144589,54.937743],[20.144607,54.937731]]]}},{"type":"Feature","properties":{"kind":"building","name":"ЖК \"Променад\"","osm":"way/1371101624"},"geometry":{"type":"Polygon","coordinates":[[[20.160819,54.947348],[20.160862,54.947285],[20.161849,54.947508],[20.162063,54.947556],[20.163045,54.947778],[20.163256,54.947825],[20.164243,54.948047],[20.1642,54.948107],[20.164164,54.948099],[20.164127,54.94815],[20.164119,54.948163],[20.163213,54.947958],[20.163249,54.947907],[20.162958,54.947841],[20.162923,54.947893],[20.162018,54.947689],[20.162053,54.947637],[20.161762,54.947572],[20.161727,54.947623],[20.160822,54.947419],[20.160863,54.947358],[20.160819,54.947348]]]}},{"type":"Feature","properties":{"kind":"road","name":"Калининградский проспект","osm":"way/1372248475","highway":"primary","access":"","foot":""},"geometry":{"type":"LineString","coordinates":[[20.144133,54.940289],[20.143142,54.940452],[20.14265,54.940533],[20.141149,54.940774],[20.139889,54.940977],[20.13845,54.941237],[20.137861,54.941344],[20.137675,54.941378],[20.137598,54.941392],[20.135589,54.941756]]}},{"type":"Feature","properties":{"kind":"building","name":"Русская Европа","osm":"way/1410724476"},"geometry":{"type":"Polygon","coordinates":[[[20.155149,54.938757],[20.155149,54.938752],[20.155137,54.938752],[20.155125,54.938607],[20.155324,54.938609],[20.155323,54.938643],[20.155315,54.938643],[20.155314,54.938679],[20.155344,54.938684],[20.155381,54.938703],[20.155316,54.938815],[20.155268,54.938806],[20.155156,54.938757],[20.155149,54.938757]]]}},{"type":"Feature","properties":{"kind":"road","name":"","osm":"way/1410724479","highway":"service","access":"","foot":""},"geometry":{"type":"LineString","coordinates":[[20.145968,54.938111],[20.145581,54.937281]]}},{"type":"Feature","properties":{"kind":"road","name":"","osm":"way/1410724480","highway":"service","access":"","foot":""},"geometry":{"type":"LineString","coordinates":[[20.146548,54.938164],[20.146388,54.938145],[20.146152,54.938157],[20.145968,54.938111]]}},{"type":"Feature","properties":{"kind":"road","name":"","osm":"way/1410724481","highway":"service","access":"","foot":""},"geometry":{"type":"LineString","coordinates":[[20.146906,54.938997],[20.146826,54.93881],[20.146548,54.938164]]}},{"type":"Feature","properties":{"kind":"road","name":"","osm":"way/1410724482","highway":"service","access":"","foot":""},"geometry":{"type":"LineString","coordinates":[[20.14683,54.939227],[20.146919,54.939051],[20.146906,54.938997]]}},{"type":"Feature","properties":{"kind":"road","name":"","osm":"way/1432615872","highway":"service","access":"","foot":""},"geometry":{"type":"LineString","coordinates":[[20.164247,54.948101],[20.164516,54.948255],[20.165368,54.948414],[20.168319,54.948965],[20.171528,54.949694],[20.172755,54.949977]]}},{"type":"Feature","properties":{"kind":"road","name":"","osm":"way/1432615873","highway":"service","access":"","foot":""},"geometry":{"type":"LineString","coordinates":[[20.164516,54.948255],[20.160375,54.947336],[20.159259,54.947174],[20.158846,54.947114],[20.157835,54.946969],[20.157701,54.946919],[20.157602,54.946882],[20.157413,54.946872],[20.157283,54.946879],[20.157093,54.946876],[20.155193,54.946611],[20.155092,54.946551],[20.154654,54.946485],[20.154611,54.946436],[20.154575,54.946409],[20.154546,54.946406],[20.154509,54.946402],[20.154438,54.946414],[20.154366,54.946439],[20.153573,54.94633],[20.152473,54.94621],[20.151499,54.946109],[20.15089,54.946054],[20.150529,54.946022],[20.148048,54.945838]]}},{"type":"Feature","properties":{"kind":"road","name":"","osm":"way/1432615875","highway":"cycleway","access":"","foot":""},"geometry":{"type":"LineString","coordinates":[[20.168152,54.949034],[20.165357,54.948491],[20.164507,54.948329],[20.163449,54.948092],[20.16212,54.94779],[20.160074,54.947332],[20.159244,54.947204],[20.157707,54.947001]]}},{"type":"Feature","properties":{"kind":"road","name":"","osm":"way/1432615876","highway":"cycleway","access":"","foot":""},"geometry":{"type":"LineString","coordinates":[[20.157371,54.946957],[20.155098,54.946626],[20.154965,54.946548],[20.154601,54.946494]]}},{"type":"Feature","properties":{"kind":"road","name":"улица Островского","osm":"way/1443427700","highway":"residential","access":"","foot":""},"geometry":{"type":"LineString","coordinates":[[20.155655,54.940787],[20.155753,54.940657]]}},{"type":"Feature","properties":{"kind":"building","name":"","osm":"way/1451914933"},"geometry":{"type":"Polygon","coordinates":[[[20.15946,54.947153],[20.159483,54.947107],[20.159615,54.947129],[20.159592,54.947175],[20.15946,54.947153]]]}},{"type":"Feature","properties":{"kind":"building","name":"","osm":"way/1452858771"},"geometry":{"type":"Polygon","coordinates":[[[20.157275,54.941338],[20.157372,54.9413],[20.157373,54.941301],[20.15738,54.941299],[20.157366,54.941287],[20.157398,54.941274],[20.157412,54.941286],[20.157429,54.94128],[20.157439,54.941288],[20.157487,54.94133],[20.157487,54.941331],[20.157488,54.941331],[20.157488,54.941332],[20.157488,54.941333],[20.157487,54.941333],[20.157486,54.941334],[20.157334,54.94139],[20.157275,54.941338]]]}},{"type":"Feature","properties":{"kind":"green","name":"","osm":"way/1452858776"},"geometry":{"type":"Polygon","coordinates":[[[20.161491,54.944539],[20.161747,54.944528],[20.161728,54.94487],[20.160825,54.944901],[20.160837,54.944568],[20.160828,54.944506],[20.160572,54.944452],[20.160443,54.944357],[20.160073,54.944291],[20.160014,54.94406],[20.161389,54.94382],[20.161445,54.944217],[20.161491,54.944539]]]}},{"type":"Feature","properties":{"kind":"green","name":"","osm":"way/1452858804"},"geometry":{"type":"Polygon","coordinates":[[[20.159622,54.946442],[20.159696,54.946399],[20.159757,54.946382],[20.159798,54.946364],[20.159823,54.946352],[20.159847,54.946337],[20.159909,54.946319],[20.159937,54.946312],[20.15995,54.946315],[20.159997,54.946306],[20.160042,54.946294],[20.160062,54.946287],[20.16008,54.946272],[20.160085,54.946271],[20.160086,54.94627],[20.160098,54.946269],[20.160105,54.94627],[20.160151,54.946281],[20.160208,54.94629],[20.160236,54.946298],[20.160257,54.946307],[20.16029,54.946326],[20.160294,54.946327],[20.160344,54.946315],[20.160377,54.946304],[20.160428,54.946281],[20.160473,54.946255],[20.160497,54.946235],[20.16051,54.946222],[20.160516,54.94621],[20.160517,54.946181],[20.160522,54.946161],[20.16054,54.946131],[20.160564,54.946099],[20.160607,54.946049],[20.160643,54.946011],[20.160656,54.946002],[20.160664,54.945999],[20.160673,54.945998],[20.160691,54.945997],[20.160728,54.946004],[20.160763,54.946013],[20.16091,54.946012],[20.160959,54.946624],[20.160043,54.946507],[20.159622,54.946442]]]}},{"type":"Feature","properties":{"kind":"building","name":"","osm":"way/1452858850"},"geometry":{"type":"Polygon","coordinates":[[[20.13794,54.942926],[20.137969,54.942859],[20.138042,54.942869],[20.138015,54.942936],[20.13794,54.942926]]]}},{"type":"Feature","properties":{"kind":"green","name":"","osm":"way/1452858854"},"geometry":{"type":"Polygon","coordinates":[[[20.140347,54.939812],[20.140469,54.939794],[20.140505,54.939796],[20.140529,54.9398],[20.140551,54.939808],[20.140576,54.93982],[20.140606,54.939841],[20.140687,54.94012],[20.140456,54.940153],[20.140347,54.939812]]]}},{"type":"Feature","properties":{"kind":"green","name":"","osm":"way/1452858855"},"geometry":{"type":"Polygon","coordinates":[[[20.139847,54.938725],[20.140167,54.938654],[20.1403,54.938984],[20.140519,54.939578],[20.140545,54.93963],[20.14022,54.939687],[20.140201,54.939616],[20.139847,54.938725]]]}},{"type":"Feature","properties":{"kind":"green","name":"","osm":"way/1452858856"},"geometry":{"type":"Polygon","coordinates":[[[20.146015,54.938985],[20.145283,54.93859],[20.144165,54.937987],[20.144089,54.937907],[20.1442,54.937875],[20.144249,54.937933],[20.144526,54.93808],[20.145415,54.938528],[20.146096,54.938899],[20.146469,54.938992],[20.146738,54.939003],[20.146743,54.939112],[20.146351,54.939082],[20.146015,54.938985]]]}},{"type":"Feature","properties":{"kind":"building","name":"","osm":"way/1452858887"},"geometry":{"type":"Polygon","coordinates":[[[20.137708,54.939098],[20.137738,54.939113],[20.137708,54.939133],[20.137708,54.939098]]]}},{"type":"Feature","properties":{"kind":"building","name":"","osm":"way/1452858906"},"geometry":{"type":"Polygon","coordinates":[[[20.140713,54.938873],[20.14073,54.938912],[20.140648,54.938923],[20.140632,54.938885],[20.140713,54.938873]]]}},{"type":"Feature","properties":{"kind":"building","name":"","osm":"way/1452858907"},"geometry":{"type":"Polygon","coordinates":[[[20.140922,54.938831],[20.140944,54.93888],[20.14076,54.938907],[20.140739,54.938858],[20.140922,54.938831]]]}},{"type":"Feature","properties":{"kind":"building","name":"","osm":"way/1452858917"},"geometry":{"type":"Polygon","coordinates":[[[20.146004,54.939447],[20.146128,54.939362],[20.146189,54.939392],[20.146129,54.939433],[20.146138,54.939438],[20.146104,54.939461],[20.146094,54.939456],[20.146065,54.939477],[20.146004,54.939447]]]}},{"type":"Feature","properties":{"kind":"building","name":"","osm":"way/1452858918"},"geometry":{"type":"Polygon","coordinates":[[[20.145883,54.939388],[20.14587,54.939397],[20.145867,54.939395],[20.146004,54.939302],[20.146066,54.939332],[20.145944,54.939417],[20.145883,54.939388]]]}},{"type":"Feature","properties":{"kind":"building","name":"","osm":"way/1452858919"},"geometry":{"type":"Polygon","coordinates":[[[20.145812,54.939369],[20.145933,54.939282],[20.14599,54.93931],[20.146002,54.939301],[20.146004,54.939302],[20.145867,54.939395],[20.145812,54.939369]]]}},{"type":"Feature","properties":{"kind":"building","name":"","osm":"way/1452858920"},"geometry":{"type":"Polygon","coordinates":[[[20.145752,54.939339],[20.145872,54.939252],[20.145933,54.939282],[20.145812,54.939369],[20.145752,54.939339]]]}},{"type":"Feature","properties":{"kind":"building","name":"","osm":"way/1452858921"},"geometry":{"type":"Polygon","coordinates":[[[20.145613,54.939285],[20.145738,54.939199],[20.145796,54.939228],[20.145807,54.93922],[20.145809,54.939222],[20.145673,54.939315],[20.145613,54.939285]]]}},{"type":"Feature","properties":{"kind":"building","name":"","osm":"way/1452858922"},"geometry":{"type":"Polygon","coordinates":[[[20.145688,54.939308],[20.145676,54.939316],[20.145673,54.939315],[20.145809,54.939222],[20.145872,54.939252],[20.145752,54.939339],[20.145688,54.939308]]]}},{"type":"Feature","properties":{"kind":"building","name":"","osm":"way/1452858923"},"geometry":{"type":"Polygon","coordinates":[[[20.145553,54.939256],[20.145678,54.93917],[20.145738,54.939199],[20.145613,54.939285],[20.145553,54.939256]]]}},{"type":"Feature","properties":{"kind":"building","name":"","osm":"way/1452858925"},"geometry":{"type":"Polygon","coordinates":[[[20.145488,54.939224],[20.145517,54.939205],[20.145507,54.9392],[20.145543,54.939175],[20.145553,54.93918],[20.145614,54.939138],[20.145678,54.93917],[20.145553,54.939256],[20.145488,54.939224]]]}},{"type":"Feature","properties":{"kind":"building","name":"","osm":"way/1452858929"},"geometry":{"type":"Polygon","coordinates":[[[20.14406,54.939979],[20.144067,54.939896],[20.144187,54.939899],[20.14418,54.939982],[20.14406,54.939979]]]}},{"type":"Feature","properties":{"kind":"building","name":"","osm":"way/1452858931"},"geometry":{"type":"Polygon","coordinates":[[[20.144067,54.939896],[20.144075,54.939802],[20.144193,54.939823],[20.144187,54.939899],[20.144067,54.939896]]]}},{"type":"Feature","properties":{"kind":"building","name":"","osm":"way/1452858933"},"geometry":{"type":"Polygon","coordinates":[[[20.144075,54.939802],[20.144159,54.939721],[20.144262,54.939756],[20.144193,54.939823],[20.144075,54.939802]]]}},{"type":"Feature","properties":{"kind":"building","name":"","osm":"way/1452858935"},"geometry":{"type":"Polygon","coordinates":[[[20.144159,54.939721],[20.144232,54.93965],[20.144336,54.939686],[20.144262,54.939756],[20.144159,54.939721]]]}},{"type":"Feature","properties":{"kind":"building","name":"","osm":"way/1452858937"},"geometry":{"type":"Polygon","coordinates":[[[20.144232,54.93965],[20.144305,54.939579],[20.144409,54.939615],[20.144336,54.939686],[20.144232,54.93965]]]}},{"type":"Feature","properties":{"kind":"building","name":"","osm":"way/1452858940"},"geometry":{"type":"Polygon","coordinates":[[[20.141713,54.939816],[20.141846,54.939795],[20.141913,54.939932],[20.142064,54.939909],[20.142083,54.939949],[20.141795,54.939993],[20.141713,54.939816]]]}},{"type":"Feature","properties":{"kind":"building","name":"","osm":"way/1452858941"},"geometry":{"type":"Polygon","coordinates":[[[20.142179,54.941418],[20.142151,54.941367],[20.142204,54.941358],[20.142231,54.941408],[20.142179,54.941418]]]}},{"type":"Feature","properties":{"kind":"building","name":"","osm":"way/1452858943"},"geometry":{"type":"Polygon","coordinates":[[[20.141976,54.941149],[20.142392,54.941076],[20.14242,54.941131],[20.142499,54.941117],[20.142497,54.941114],[20.142508,54.941113],[20.142566,54.941226],[20.142242,54.941283],[20.142215,54.941232],[20.142045,54.94126],[20.142021,54.941214],[20.142011,54.941216],[20.141976,54.941149]]]}},{"type":"Feature","properties":{"kind":"building","name":"","osm":"way/1452858950"},"geometry":{"type":"Polygon","coordinates":[[[20.140235,54.943296],[20.14028,54.943117],[20.140462,54.943133],[20.140417,54.943312],[20.140235,54.943296]]]}},{"type":"Feature","properties":{"kind":"building","name":"","osm":"way/1452858952"},"geometry":{"type":"Polygon","coordinates":[[[20.140022,54.943118],[20.140044,54.943058],[20.140068,54.943061],[20.140075,54.943039],[20.14013,54.943046],[20.140122,54.943067],[20.140142,54.943069],[20.14012,54.94313],[20.140022,54.943118]]]}},{"type":"Feature","properties":{"kind":"building","name":"","osm":"way/1452858953"},"geometry":{"type":"Polygon","coordinates":[[[20.139702,54.942966],[20.139727,54.942912],[20.139854,54.942931],[20.139829,54.942986],[20.139702,54.942966]]]}},{"type":"Feature","properties":{"kind":"building","name":"","osm":"way/1452858954"},"geometry":{"type":"Polygon","coordinates":[[[20.139472,54.943134],[20.139485,54.943103],[20.139677,54.94313],[20.139698,54.943123],[20.139727,54.943128],[20.13971,54.943168],[20.139472,54.943134]]]}},{"type":"Feature","properties":{"kind":"building","name":"","osm":"way/1452858956"},"geometry":{"type":"Polygon","coordinates":[[[20.143195,54.943512],[20.143208,54.943477],[20.143438,54.943503],[20.143425,54.943539],[20.143195,54.943512]]]}},{"type":"Feature","properties":{"kind":"building","name":"","osm":"way/1452858959"},"geometry":{"type":"Polygon","coordinates":[[[20.143519,54.943558],[20.143537,54.943512],[20.143728,54.943539],[20.14371,54.943585],[20.143519,54.943558]]]}},{"type":"Feature","properties":{"kind":"building","name":"","osm":"way/1452858967"},"geometry":{"type":"Polygon","coordinates":[[[20.144284,54.943664],[20.144303,54.943617],[20.144487,54.943642],[20.144469,54.943687],[20.144401,54.94368],[20.14432,54.943669],[20.144284,54.943664]]]}},{"type":"Feature","properties":{"kind":"building","name":"","osm":"way/1452858969"},"geometry":{"type":"Polygon","coordinates":[[[20.144517,54.943692],[20.144535,54.943646],[20.144719,54.94367],[20.144702,54.943714],[20.144622,54.943704],[20.144517,54.943692]]]}},{"type":"Feature","properties":{"kind":"building","name":"","osm":"way/1452858971"},"geometry":{"type":"Polygon","coordinates":[[[20.144749,54.94372],[20.144765,54.943678],[20.144897,54.943695],[20.144881,54.943739],[20.144749,54.94372]]]}},{"type":"Feature","properties":{"kind":"building","name":"","osm":"way/1452858973"},"geometry":{"type":"Polygon","coordinates":[[[20.144929,54.943746],[20.144946,54.943701],[20.145162,54.94373],[20.145144,54.943776],[20.145021,54.943758],[20.144929,54.943746]]]}},{"type":"Feature","properties":{"kind":"building","name":"","osm":"way/1452858975"},"geometry":{"type":"Polygon","coordinates":[[[20.145395,54.943808],[20.14541,54.943762],[20.145619,54.94379],[20.145603,54.943835],[20.145395,54.943808]]]}},{"type":"Feature","properties":{"kind":"building","name":"","osm":"way/1452858977"},"geometry":{"type":"Polygon","coordinates":[[[20.145817,54.943864],[20.145604,54.943836],[20.145611,54.943819],[20.145679,54.943799],[20.145832,54.943819],[20.145817,54.943864]]]}},{"type":"Feature","properties":{"kind":"building","name":"","osm":"way/1452858979"},"geometry":{"type":"Polygon","coordinates":[[[20.145873,54.943872],[20.145892,54.943827],[20.146026,54.943844],[20.146009,54.943888],[20.145873,54.943872]]]}},{"type":"Feature","properties":{"kind":"building","name":"","osm":"way/1452858981"},"geometry":{"type":"Polygon","coordinates":[[[20.146039,54.943891],[20.146055,54.943848],[20.146189,54.943866],[20.14618,54.943889],[20.146144,54.943885],[20.146143,54.943887],[20.146131,54.943885],[20.146126,54.9439],[20.146039,54.943891]]]}},{"type":"Feature","properties":{"kind":"building","name":"","osm":"way/1452858983"},"geometry":{"type":"Polygon","coordinates":[[[20.146187,54.94389],[20.146196,54.943869],[20.146362,54.943893],[20.146353,54.943914],[20.146187,54.94389]]]}},{"type":"Feature","properties":{"kind":"building","name":"","osm":"way/1452858984"},"geometry":{"type":"Polygon","coordinates":[[[20.14636,54.943914],[20.146368,54.943894],[20.146453,54.943905],[20.146445,54.943926],[20.14636,54.943914]]]}},{"type":"Feature","properties":{"kind":"building","name":"","osm":"way/1452858985"},"geometry":{"type":"Polygon","coordinates":[[[20.146445,54.943926],[20.146453,54.943905],[20.146539,54.943916],[20.146531,54.943937],[20.146445,54.943926]]]}},{"type":"Feature","properties":{"kind":"building","name":"","osm":"way/1452858986"},"geometry":{"type":"Polygon","coordinates":[[[20.146531,54.943937],[20.146539,54.943916],[20.146616,54.943926],[20.146608,54.943947],[20.146531,54.943937]]]}},{"type":"Feature","properties":{"kind":"building","name":"","osm":"way/1452858987"},"geometry":{"type":"Polygon","coordinates":[[[20.146608,54.943947],[20.146616,54.943926],[20.146703,54.943937],[20.146695,54.943959],[20.146608,54.943947]]]}},{"type":"Feature","properties":{"kind":"building","name":"","osm":"way/1452858988"},"geometry":{"type":"Polygon","coordinates":[[[20.146695,54.943959],[20.146703,54.943937],[20.146788,54.943949],[20.14678,54.94397],[20.146695,54.943959]]]}},{"type":"Feature","properties":{"kind":"building","name":"","osm":"way/1452859000"},"geometry":{"type":"Polygon","coordinates":[[[20.156685,54.944707],[20.156688,54.944679],[20.156783,54.944683],[20.156779,54.94471],[20.156685,54.944707]]]}},{"type":"Feature","properties":{"kind":"building","name":"","osm":"way/1452859003"},"geometry":{"type":"Polygon","coordinates":[[[20.15548,54.946553],[20.155272,54.94652],[20.155273,54.946518],[20.155246,54.946513],[20.155265,54.946476],[20.155499,54.946515],[20.15548,54.946553]]]}},{"type":"Feature","properties":{"kind":"building","name":"","osm":"way/1452859012"},"geometry":{"type":"Polygon","coordinates":[[[20.158601,54.943598],[20.158648,54.943634],[20.158559,54.943672],[20.158512,54.943636],[20.158601,54.943598]]]}},{"type":"Feature","properties":{"kind":"building","name":"","osm":"way/1452859014"},"geometry":{"type":"Polygon","coordinates":[[[20.158459,54.943717],[20.158605,54.943715],[20.158632,54.943697],[20.158659,54.943711],[20.158646,54.943719],[20.158685,54.943739],[20.158656,54.943758],[20.158461,54.943761],[20.158459,54.943717]]]}},{"type":"Feature","properties":{"kind":"building","name":"","osm":"way/1452859081"},"geometry":{"type":"Polygon","coordinates":[[[20.164322,54.941025],[20.164526,54.941023],[20.164528,54.941074],[20.164324,54.941077],[20.164322,54.941025]]]}},{"type":"Feature","properties":{"kind":"building","name":"","osm":"way/1452859083"},"geometry":{"type":"Polygon","coordinates":[[[20.164324,54.941077],[20.164528,54.941074],[20.164531,54.941127],[20.164326,54.94113],[20.164324,54.941077]]]}},{"type":"Feature","properties":{"kind":"building","name":"","osm":"way/1452859085"},"geometry":{"type":"Polygon","coordinates":[[[20.164681,54.941431],[20.164702,54.941424],[20.16471,54.941429],[20.164722,54.941432],[20.164734,54.94143],[20.164741,54.941425],[20.164743,54.941407],[20.164712,54.941405],[20.164698,54.941329],[20.164766,54.941318],[20.164801,54.941324],[20.164801,54.94136],[20.164814,54.941359],[20.164824,54.941413],[20.164783,54.941415],[20.164763,54.941431],[20.164755,54.941437],[20.164745,54.941441],[20.164734,54.941444],[20.164721,54.941444],[20.164709,54.941443],[20.164698,54.94144],[20.164689,54.941436],[20.164681,54.941431]]]}},{"type":"Feature","properties":{"kind":"building","name":"","osm":"way/1452859087"},"geometry":{"type":"Polygon","coordinates":[[[20.164962,54.940096],[20.164852,54.940095],[20.164853,54.940017],[20.164963,54.940018],[20.164962,54.940096]]]}},{"type":"Feature","properties":{"kind":"building","name":"","osm":"way/1452859088"},"geometry":{"type":"Polygon","coordinates":[[[20.164872,54.940004],[20.164829,54.940083],[20.164723,54.940064],[20.164765,54.939985],[20.164872,54.940004]]]}},{"type":"Feature","properties":{"kind":"building","name":"","osm":"way/1452859091"},"geometry":{"type":"Polygon","coordinates":[[[20.16468,54.940157],[20.164752,54.940161],[20.164762,54.940176],[20.164832,54.940179],[20.164819,54.940254],[20.164751,54.94025],[20.164748,54.940268],[20.164702,54.940266],[20.164701,54.94027],[20.16465,54.940267],[20.164666,54.940168],[20.16468,54.940157]]]}},{"type":"Feature","properties":{"kind":"building","name":"","osm":"way/1452859094"},"geometry":{"type":"Polygon","coordinates":[[[20.163272,54.940145],[20.163272,54.940068],[20.16339,54.940069],[20.16339,54.940146],[20.163272,54.940145]]]}},{"type":"Feature","properties":{"kind":"building","name":"","osm":"way/1452859096"},"geometry":{"type":"Polygon","coordinates":[[[20.160518,54.939391],[20.160587,54.939401],[20.160545,54.939491],[20.160485,54.939482],[20.16048,54.939472],[20.160518,54.939391]]]}},{"type":"Feature","properties":{"kind":"building","name":"","osm":"way/1452859103"},"geometry":{"type":"Polygon","coordinates":[[[20.16283,54.938226],[20.162895,54.938235],[20.162918,54.938179],[20.163063,54.938199],[20.16304,54.938256],[20.163105,54.938265],[20.163074,54.93834],[20.162799,54.938301],[20.16283,54.938226]]]}},{"type":"Feature","properties":{"kind":"building","name":"","osm":"way/1452859326"},"geometry":{"type":"Polygon","coordinates":[[[20.147314,54.942642],[20.147338,54.94261],[20.147375,54.942619],[20.147426,54.942555],[20.147421,54.942554],[20.147424,54.942551],[20.147431,54.942553],[20.147455,54.942526],[20.147439,54.942521],[20.147444,54.942515],[20.147452,54.942517],[20.147554,54.9424],[20.147678,54.942436],[20.147662,54.942455],[20.14767,54.942458],[20.14766,54.942469],[20.147652,54.942466],[20.147576,54.942554],[20.147572,54.942552],[20.147555,54.942573],[20.14758,54.94258],[20.147553,54.942612],[20.147527,54.942605],[20.147508,54.942628],[20.147421,54.942603],[20.147376,54.942659],[20.147314,54.942642]]]}},{"type":"Feature","properties":{"kind":"building","name":"","osm":"way/1452859329"},"geometry":{"type":"Polygon","coordinates":[[[20.146516,54.942553],[20.146414,54.942519],[20.146466,54.942456],[20.146486,54.942459],[20.14649,54.94245],[20.146493,54.942445],[20.146502,54.942447],[20.146584,54.942459],[20.146593,54.94246],[20.14665,54.942469],[20.146659,54.94247],[20.14674,54.942483],[20.146749,54.942484],[20.146746,54.942489],[20.146743,54.942498],[20.146703,54.942585],[20.146645,54.942577],[20.14663,54.942575],[20.146634,54.942566],[20.146614,54.942563],[20.146611,54.942572],[20.146599,54.94257],[20.146542,54.942561],[20.146539,54.942561],[20.146545,54.942552],[20.146523,54.942546],[20.146516,54.942553]]]}},{"type":"Feature","properties":{"kind":"building","name":"","osm":"way/1452859331"},"geometry":{"type":"Polygon","coordinates":[[[20.146974,54.942005],[20.147018,54.941951],[20.147045,54.941958],[20.147065,54.941933],[20.147089,54.94194],[20.147113,54.941911],[20.147281,54.941956],[20.147211,54.942042],[20.147133,54.942021],[20.147116,54.942042],[20.146974,54.942005]]]}},{"type":"Feature","properties":{"kind":"green","name":"","osm":"way/1452859333"},"geometry":{"type":"Polygon","coordinates":[[[20.146067,54.942091],[20.145851,54.942212],[20.145565,54.942046],[20.145789,54.94193],[20.146067,54.942091]]]}},{"type":"Feature","properties":{"kind":"building","name":"","osm":"way/1452859335"},"geometry":{"type":"Polygon","coordinates":[[[20.146032,54.94222],[20.146064,54.942195],[20.146046,54.942187],[20.146075,54.942165],[20.146094,54.942173],[20.146132,54.942145],[20.146298,54.942221],[20.146265,54.942245],[20.14627,54.942248],[20.146244,54.942267],[20.14624,54.942265],[20.146199,54.942295],[20.146032,54.94222]]]}},{"type":"Feature","properties":{"kind":"building","name":"","osm":"way/1452859336"},"geometry":{"type":"Polygon","coordinates":[[[20.143856,54.942231],[20.143785,54.942161],[20.143827,54.942147],[20.143809,54.942129],[20.143813,54.942118],[20.143867,54.942101],[20.143882,54.942106],[20.143899,54.942123],[20.14394,54.94211],[20.14401,54.94218],[20.143856,54.942231]]]}},{"type":"Feature","properties":{"kind":"building","name":"","osm":"way/1452859337"},"geometry":{"type":"Polygon","coordinates":[[[20.143318,54.941934],[20.143292,54.941914],[20.143258,54.941929],[20.143207,54.94189],[20.143242,54.941876],[20.143215,54.941856],[20.143479,54.941741],[20.143582,54.941819],[20.143318,54.941934]]]}},{"type":"Feature","properties":{"kind":"building","name":"","osm":"way/1452859339"},"geometry":{"type":"Polygon","coordinates":[[[20.142849,54.942994],[20.142888,54.942912],[20.142963,54.942923],[20.142965,54.942918],[20.142977,54.942912],[20.143001,54.942916],[20.143006,54.942924],[20.143004,54.94293],[20.143089,54.942943],[20.14306,54.943004],[20.143025,54.942998],[20.143015,54.943019],[20.142992,54.94303],[20.142934,54.943021],[20.142925,54.943005],[20.142849,54.942994]]]}},{"type":"Feature","properties":{"kind":"building","name":"","osm":"way/1452859340"},"geometry":{"type":"Polygon","coordinates":[[[20.144679,54.943256],[20.144709,54.943168],[20.144834,54.943182],[20.144804,54.94327],[20.144679,54.943256]]]}},{"type":"Feature","properties":{"kind":"building","name":"","osm":"way/1452859341"},"geometry":{"type":"Polygon","coordinates":[[[20.144442,54.943229],[20.144472,54.943141],[20.1446,54.943155],[20.14457,54.943244],[20.144442,54.943229]]]}},{"type":"Feature","properties":{"kind":"building","name":"","osm":"way/1452859347"},"geometry":{"type":"Polygon","coordinates":[[[20.152474,54.944887],[20.152417,54.94483],[20.152541,54.944738],[20.152662,54.944759],[20.152675,54.944772],[20.152696,54.944765],[20.152755,54.944775],[20.152768,54.944787],[20.152474,54.944887]]]}},{"type":"Feature","properties":{"kind":"building","name":"","osm":"way/1452859351"},"geometry":{"type":"Polygon","coordinates":[[[20.154803,54.944834],[20.154815,54.944849],[20.154863,54.944856],[20.154886,54.944847],[20.154897,54.944825],[20.15493,54.94483],[20.154943,54.944802],[20.154939,54.944802],[20.154934,54.944794],[20.154942,54.944776],[20.154926,54.944764],[20.154931,54.944755],[20.154855,54.944743],[20.154861,54.94473],[20.154797,54.94472],[20.15477,54.944729],[20.154753,54.944764],[20.154742,54.944763],[20.154731,54.944786],[20.154741,54.944788],[20.154726,54.944822],[20.154803,54.944834]]]}},{"type":"Feature","properties":{"kind":"building","name":"","osm":"way/1452859356"},"geometry":{"type":"Polygon","coordinates":[[[20.157816,54.945627],[20.157811,54.945606],[20.157803,54.945607],[20.157797,54.945586],[20.157805,54.945586],[20.1578,54.945563],[20.157802,54.945563],[20.157798,54.945548],[20.157805,54.945548],[20.157803,54.945538],[20.157832,54.945535],[20.157833,54.945534],[20.157838,54.94553],[20.157844,54.945527],[20.157852,54.945524],[20.157858,54.945523],[20.157864,54.945521],[20.15787,54.945521],[20.157878,54.945521],[20.157885,54.945521],[20.157891,54.945522],[20.157897,54.945524],[20.157904,54.945527],[20.157908,54.945529],[20.157914,54.945534],[20.157917,54.94554],[20.157921,54.945553],[20.157946,54.945551],[20.157963,54.945614],[20.157816,54.945627]]]}},{"type":"Feature","properties":{"kind":"building","name":"","osm":"way/1452859363"},"geometry":{"type":"Polygon","coordinates":[[[20.142201,54.942959],[20.142276,54.942849],[20.142418,54.942812],[20.142611,54.942854],[20.142552,54.942941],[20.142495,54.942928],[20.142473,54.942935],[20.142476,54.94294],[20.142466,54.942954],[20.142424,54.942965],[20.142399,54.94296],[20.142395,54.942955],[20.142373,54.942961],[20.14235,54.942993],[20.142201,54.942959]]]}},{"type":"Feature","properties":{"kind":"building","name":"","osm":"way/1452859404"},"geometry":{"type":"Polygon","coordinates":[[[20.146274,54.938806],[20.14626,54.938815],[20.146178,54.93877],[20.146184,54.938767],[20.146189,54.938764],[20.14616,54.938748],[20.146175,54.938739],[20.146076,54.938684],[20.146061,54.938693],[20.146031,54.938677],[20.146028,54.938679],[20.146022,54.938683],[20.14594,54.938638],[20.145955,54.938629],[20.145934,54.938617],[20.145929,54.93862],[20.145896,54.938603],[20.145914,54.938592],[20.145866,54.938566],[20.145908,54.938541],[20.145887,54.938529],[20.145932,54.938502],[20.145953,54.938514],[20.146006,54.938482],[20.146044,54.938502],[20.146051,54.938498],[20.146124,54.938537],[20.146115,54.938542],[20.146194,54.938585],[20.146202,54.93858],[20.146349,54.938662],[20.146341,54.938666],[20.146432,54.938716],[20.146441,54.938711],[20.146516,54.938752],[20.146507,54.938758],[20.146543,54.938778],[20.146541,54.938779],[20.146555,54.938787],[20.146552,54.938789],[20.146555,54.93879],[20.146519,54.938812],[20.146502,54.938802],[20.1464,54.938863],[20.146337,54.938828],[20.146321,54.938838],[20.146292,54.938822],[20.146298,54.938819],[20.146274,54.938806]]]}},{"type":"Feature","properties":{"kind":"building","name":"","osm":"way/1452859405"},"geometry":{"type":"Polygon","coordinates":[[[20.14531,54.938122],[20.145358,54.938148],[20.145363,54.938145],[20.145448,54.938191],[20.145443,54.938195],[20.145519,54.938236],[20.145525,54.938233],[20.145568,54.938257],[20.145559,54.938262],[20.145572,54.938269],[20.145585,54.938261],[20.145643,54.938293],[20.145641,54.938294],[20.145637,54.938292],[20.145627,54.938299],[20.145672,54.938323],[20.145667,54.938327],[20.145767,54.938381],[20.145772,54.938378],[20.145853,54.938422],[20.145848,54.938426],[20.14589,54.938448],[20.145764,54.938525],[20.145694,54.938486],[20.145686,54.938491],[20.145653,54.938472],[20.14566,54.938468],[20.14563,54.938451],[20.145616,54.93846],[20.145526,54.938411],[20.145541,54.938402],[20.145384,54.938317],[20.145369,54.938326],[20.145279,54.938277],[20.145294,54.938268],[20.145264,54.938252],[20.145257,54.938256],[20.145223,54.938237],[20.14523,54.938233],[20.145176,54.938204],[20.14531,54.938122]]]}},{"type":"Feature","properties":{"kind":"building","name":"","osm":"way/1452859407"},"geometry":{"type":"Polygon","coordinates":[[[20.14768,54.939151],[20.147645,54.939054],[20.147652,54.939053],[20.147634,54.938992],[20.147818,54.938974],[20.147862,54.939131],[20.147836,54.939133],[20.147846,54.939166],[20.147854,54.939181],[20.147812,54.939185],[20.147807,54.93917],[20.147731,54.939179],[20.14772,54.939147],[20.14768,54.939151]]]}},{"type":"Feature","properties":{"kind":"road","name":"","osm":"way/1483590271","highway":"service","access":"private","foot":""},"geometry":{"type":"LineString","coordinates":[[20.15535,54.93836],[20.155029,54.938361],[20.154937,54.938361],[20.154874,54.938361]]}},{"type":"Feature","properties":{"kind":"road","name":"","osm":"way/1483590273","highway":"footway","access":"private","foot":""},"geometry":{"type":"LineString","coordinates":[[20.155135,54.938433],[20.155099,54.938433],[20.155104,54.938518],[20.155044,54.938521],[20.154991,54.938523]]}},{"type":"Feature","properties":{"kind":"road","name":"","osm":"way/1483590274","highway":"footway","access":"","foot":""},"geometry":{"type":"LineString","coordinates":[[20.154933,54.938176],[20.154937,54.938361],[20.154991,54.938523],[20.155047,54.938785],[20.155493,54.93899]]}},{"type":"Feature","properties":{"kind":"water","name":"","osm":"way/1483590280"},"geometry":{"type":"Polygon","coordinates":[[[20.143037,54.941577],[20.142843,54.94138],[20.143686,54.941236],[20.143761,54.941345],[20.143037,54.941577]]]}},{"type":"Feature","properties":{"kind":"road","name":"","osm":"way/1483590282","highway":"footway","access":"","foot":""},"geometry":{"type":"LineString","coordinates":[[20.156408,54.939989],[20.157255,54.940759],[20.156819,54.941093],[20.156775,54.941128],[20.155867,54.94185],[20.155555,54.94209],[20.154538,54.942914]]}},{"type":"Feature","properties":{"kind":"road","name":"","osm":"way/1483590284","highway":"footway","access":"","foot":""},"geometry":{"type":"LineString","coordinates":[[20.156683,54.941094],[20.156841,54.940964],[20.156813,54.940956]]}},{"type":"Feature","properties":{"kind":"building","name":"","osm":"way/1526825237"},"geometry":{"type":"Polygon","coordinates":[[[20.147692,54.943843],[20.147972,54.94388],[20.14798,54.943861],[20.148143,54.943882],[20.148135,54.943902],[20.14837,54.943934],[20.148422,54.943807],[20.147743,54.943716],[20.147692,54.943843]]]}},{"type":"Feature","properties":{"kind":"road","name":"","osm":"way/1554853379","highway":"service","access":"","foot":""},"geometry":{"type":"LineString","coordinates":[[20.151131,54.941369],[20.151163,54.941323],[20.151163,54.94129],[20.151131,54.941225]]}},{"type":"Feature","properties":{"kind":"road","name":"","osm":"way/1554853380","highway":"service","access":"","foot":""},"geometry":{"type":"LineString","coordinates":[[20.152168,54.940818],[20.151802,54.940965],[20.151735,54.941005],[20.151624,54.941117],[20.151601,54.94114],[20.151562,54.941155],[20.151479,54.941157],[20.151259,54.941128],[20.151179,54.9411],[20.151163,54.941066],[20.151235,54.940851]]}},{"type":"Feature","properties":{"kind":"road","name":"","osm":"way/1563387950","highway":"residential","access":"","foot":""},"geometry":{"type":"LineString","coordinates":[[20.159818,54.944012],[20.159828,54.944083]]}}],"bbox":[20.13770754121158,54.93770693295005,20.16563775878842,54.95192926704995],"route":"svetlogorsk-ot-poezda-k-moryu","source":"OpenStreetMap","checked_at":"2026-10-01","license":"ODbL-1.0","license_url":"https://opendatacommons.org/licenses/odbl/1-0/"}
