{"type":"FeatureCollection","features":[{"type":"Feature","properties":{"kind":"road","name":"улица Гагарина","osm":"way/77608950","highway":"residential","access":"","foot":""},"geometry":{"type":"LineString","coordinates":[[20.459634,54.956296],[20.459458,54.956223],[20.458517,54.955863],[20.457986,54.95566],[20.457243,54.955419],[20.45678,54.955258],[20.456592,54.955193],[20.456343,54.955111],[20.456207,54.955041],[20.456141,54.955013],[20.456096,54.955001],[20.455928,54.954939],[20.455892,54.954926],[20.455726,54.954875],[20.455447,54.954816],[20.455261,54.954772],[20.455191,54.95476],[20.455036,54.95473]]}},{"type":"Feature","properties":{"kind":"road","name":"Променад","osm":"way/79309561","highway":"pedestrian","access":"","foot":""},"geometry":{"type":"LineString","coordinates":[[20.468994,54.960107],[20.468921,54.960057],[20.468785,54.959965],[20.466689,54.95927],[20.46433,54.95848],[20.461495,54.957494],[20.461063,54.957329],[20.46098,54.9573],[20.459104,54.956599]]}},{"type":"Feature","properties":{"kind":"road","name":"","osm":"way/79309566","highway":"steps","access":"","foot":""},"geometry":{"type":"LineString","coordinates":[[20.454463,54.955223],[20.454679,54.954988]]}},{"type":"Feature","properties":{"kind":"road","name":"","osm":"way/79309582","highway":"residential","access":"no","foot":"yes"},"geometry":{"type":"LineString","coordinates":[[20.453214,54.954127],[20.452773,54.953971]]}},{"type":"Feature","properties":{"kind":"road","name":"","osm":"way/116232881","highway":"unclassified","access":"","foot":""},"geometry":{"type":"LineString","coordinates":[[20.45786,54.952322],[20.456853,54.952277],[20.455507,54.95225],[20.454801,54.952255],[20.454617,54.952261]]}},{"type":"Feature","properties":{"kind":"road","name":"","osm":"way/116232895","highway":"unclassified","access":"","foot":""},"geometry":{"type":"LineString","coordinates":[[20.455175,54.952998],[20.455185,54.952586],[20.455604,54.952592],[20.455665,54.952655]]}},{"type":"Feature","properties":{"kind":"road","name":"","osm":"way/116232900","highway":"unclassified","access":"","foot":""},"geometry":{"type":"LineString","coordinates":[[20.456887,54.952973],[20.456853,54.952277]]}},{"type":"Feature","properties":{"kind":"road","name":"","osm":"way/116232915","highway":"unclassified","access":"","foot":""},"geometry":{"type":"LineString","coordinates":[[20.457825,54.953076],[20.457825,54.952962],[20.45786,54.952322]]}},{"type":"Feature","properties":{"kind":"road","name":"","osm":"way/116232922","highway":"unclassified","access":"","foot":""},"geometry":{"type":"LineString","coordinates":[[20.455665,54.953007],[20.455665,54.952655],[20.456384,54.952634],[20.456513,54.952664],[20.456545,54.952738],[20.456546,54.95299]]}},{"type":"Feature","properties":{"kind":"road","name":"Приморская улица","osm":"way/116232949","highway":"tertiary","access":"","foot":""},"geometry":{"type":"LineString","coordinates":[[20.454622,54.954584],[20.454622,54.954538],[20.454615,54.954223],[20.454602,54.953924],[20.454603,54.953492],[20.454603,54.952994],[20.454608,54.952735],[20.454612,54.952533],[20.454617,54.952261],[20.454619,54.952014],[20.454633,54.951506]]}},{"type":"Feature","properties":{"kind":"road","name":"Пионерская улица","osm":"way/173141400","highway":"residential","access":"","foot":""},"geometry":{"type":"LineString","coordinates":[[20.45995,54.956027],[20.459634,54.956296]]}},{"type":"Feature","properties":{"kind":"road","name":"улица Гагарина","osm":"way/173141402","highway":"residential","access":"","foot":""},"geometry":{"type":"LineString","coordinates":[[20.454622,54.954584],[20.453214,54.954127]]}},{"type":"Feature","properties":{"kind":"road","name":"Пионерская улица","osm":"way/173141414","highway":"residential","access":"","foot":""},"geometry":{"type":"LineString","coordinates":[[20.460044,54.953807],[20.461322,54.95377],[20.46141,54.953736],[20.461419,54.953663],[20.461213,54.953086],[20.461097,54.952741],[20.460832,54.951735],[20.461345,54.951717],[20.461442,54.951712]]}},{"type":"Feature","properties":{"kind":"road","name":"","osm":"way/174038634","highway":"residential","access":"","foot":""},"geometry":{"type":"LineString","coordinates":[[20.450398,54.949211],[20.448641,54.949352],[20.448201,54.949362],[20.447212,54.949239],[20.447395,54.948703],[20.446279,54.94857],[20.444602,54.948363],[20.443951,54.948232],[20.443846,54.94818],[20.443722,54.94812],[20.443805,54.947659]]}},{"type":"Feature","properties":{"kind":"road","name":"Зелёная улица","osm":"way/174038676","highway":"residential","access":"","foot":""},"geometry":{"type":"LineString","coordinates":[[20.470429,54.952035],[20.469844,54.952147],[20.469213,54.952274],[20.468629,54.952185],[20.465941,54.951566],[20.465358,54.951425],[20.464239,54.95119],[20.462181,54.950679],[20.461415,54.950512],[20.461089,54.950436],[20.460378,54.950341],[20.460214,54.950262],[20.460161,54.95023],[20.460011,54.950141],[20.459422,54.94988]]}},{"type":"Feature","properties":{"kind":"road","name":"улица Гагарина","osm":"way/177875917","highway":"residential","access":"","foot":""},"geometry":{"type":"LineString","coordinates":[[20.454899,54.954678],[20.454622,54.954584]]}},{"type":"Feature","properties":{"kind":"road","name":"улица Ленина","osm":"way/185940643","highway":"tertiary","access":"","foot":""},"geometry":{"type":"LineString","coordinates":[[20.466124,54.956529],[20.466005,54.956511],[20.465872,54.956503],[20.465641,54.956502],[20.464354,54.956583],[20.463471,54.956624],[20.463192,54.956621],[20.462922,54.956597],[20.461202,54.956396],[20.460886,54.95633],[20.460075,54.956065],[20.45995,54.956027]]}},{"type":"Feature","properties":{"kind":"road","name":"","osm":"way/211407403","highway":"unclassified","access":"","foot":""},"geometry":{"type":"LineString","coordinates":[[20.457825,54.952962],[20.456887,54.952973],[20.456546,54.95299],[20.456269,54.952996],[20.455665,54.953007],[20.45542,54.953003],[20.455175,54.952998],[20.454799,54.952995],[20.454603,54.952994]]}},{"type":"Feature","properties":{"kind":"road","name":"","osm":"way/211410461","highway":"footway","access":"","foot":""},"geometry":{"type":"LineString","coordinates":[[20.46098,54.9573],[20.46111,54.957186],[20.461325,54.956906]]}},{"type":"Feature","properties":{"kind":"road","name":"","osm":"way/211411278","highway":"service","access":"","foot":""},"geometry":{"type":"LineString","coordinates":[[20.461468,54.952599],[20.461786,54.952584],[20.462076,54.952572],[20.462299,54.952563],[20.463283,54.952523],[20.463747,54.952504]]}},{"type":"Feature","properties":{"kind":"road","name":"","osm":"way/211411285","highway":"service","access":"","foot":""},"geometry":{"type":"LineString","coordinates":[[20.461448,54.952393],[20.461362,54.951828],[20.461345,54.951717]]}},{"type":"Feature","properties":{"kind":"road","name":"","osm":"way/343257102","highway":"residential","access":"","foot":""},"geometry":{"type":"LineString","coordinates":[[20.461385,54.949139],[20.461221,54.94998],[20.461089,54.950436]]}},{"type":"Feature","properties":{"kind":"road","name":"","osm":"way/345732001","highway":"path","access":"","foot":"yes"},"geometry":{"type":"LineString","coordinates":[[20.460488,54.947483],[20.460542,54.94766],[20.46098,54.9479],[20.461184,54.948036],[20.461454,54.948072],[20.461435,54.948202]]}},{"type":"Feature","properties":{"kind":"road","name":"","osm":"way/345732011","highway":"path","access":"","foot":"yes"},"geometry":{"type":"LineString","coordinates":[[20.452215,54.950567],[20.450396,54.95056],[20.450244,54.950544],[20.449343,54.950528],[20.446958,54.95055],[20.446755,54.950543],[20.44627,54.950527],[20.445786,54.950507],[20.444769,54.950375],[20.444085,54.950258],[20.443037,54.950086],[20.442479,54.949991],[20.441551,54.94984],[20.440541,54.949685],[20.44014,54.949625],[20.439823,54.949568],[20.439774,54.94957],[20.438702,54.949401],[20.435778,54.948921],[20.432716,54.948397],[20.431319,54.948168],[20.430268,54.947918],[20.429108,54.947617],[20.428876,54.94756]]}},{"type":"Feature","properties":{"kind":"road","name":"","osm":"way/373046498","highway":"service","access":"","foot":""},"geometry":{"type":"LineString","coordinates":[[20.455558,54.952043],[20.455544,54.951508]]}},{"type":"Feature","properties":{"kind":"road","name":"","osm":"way/373046499","highway":"service","access":"","foot":""},"geometry":{"type":"LineString","coordinates":[[20.457407,54.952066],[20.457454,54.951737]]}},{"type":"Feature","properties":{"kind":"road","name":"","osm":"way/373046500","highway":"service","access":"","foot":""},"geometry":{"type":"LineString","coordinates":[[20.454808,54.952039],[20.454985,54.95204],[20.455194,54.952041],[20.455456,54.952042],[20.455558,54.952043],[20.455718,54.952045],[20.457407,54.952066],[20.457943,54.952068],[20.457868,54.951391],[20.457794,54.951404],[20.457611,54.951439],[20.457593,54.951443],[20.457521,54.951461],[20.457453,54.951513]]}},{"type":"Feature","properties":{"kind":"road","name":"","osm":"way/373046501","highway":"service","access":"","foot":""},"geometry":{"type":"LineString","coordinates":[[20.454633,54.951506],[20.454662,54.951506],[20.45536,54.951507],[20.455544,54.951508],[20.45589,54.951509],[20.456725,54.951511],[20.456882,54.951512],[20.457453,54.951513]]}},{"type":"Feature","properties":{"kind":"road","name":"улица Гагарина","osm":"way/423071659","highway":"residential","access":"","foot":""},"geometry":{"type":"LineString","coordinates":[[20.461749,54.957034],[20.461325,54.956906]]}},{"type":"Feature","properties":{"kind":"road","name":"улица Гагарина","osm":"way/423071661","highway":"residential","access":"","foot":""},"geometry":{"type":"LineString","coordinates":[[20.461325,54.956906],[20.460894,54.956769],[20.460486,54.956622],[20.460046,54.956465],[20.459634,54.956296]]}},{"type":"Feature","properties":{"kind":"road","name":"Променад","osm":"way/450279541","highway":"pedestrian","access":"","foot":""},"geometry":{"type":"LineString","coordinates":[[20.459104,54.956599],[20.457877,54.956142],[20.454985,54.955097],[20.454914,54.955072],[20.454679,54.954988]]}},{"type":"Feature","properties":{"kind":"road","name":"","osm":"way/450279542","highway":"cycleway","access":"","foot":""},"geometry":{"type":"LineString","coordinates":[[20.469068,54.96014],[20.468994,54.960107],[20.468766,54.960007],[20.468624,54.959956],[20.467941,54.959728],[20.467143,54.959459],[20.466665,54.959293],[20.465731,54.958995],[20.465224,54.958828],[20.464575,54.958621],[20.464299,54.958512],[20.463544,54.958243],[20.462836,54.957988],[20.462229,54.957773],[20.461756,54.957608],[20.461041,54.957346],[20.460403,54.957106],[20.459083,54.956618],[20.457856,54.956161],[20.455005,54.955132],[20.454997,54.955129],[20.454991,54.955124],[20.454986,54.955119],[20.454983,54.955114],[20.454982,54.955108],[20.454982,54.955103],[20.454985,54.955097],[20.45499,54.955092],[20.455165,54.954923],[20.455176,54.954897],[20.455178,54.954869],[20.455174,54.954843],[20.455169,54.954832],[20.455163,54.954815],[20.455157,54.954798],[20.455131,54.954776],[20.455095,54.954753],[20.455036,54.95473]]}},{"type":"Feature","properties":{"kind":"road","name":"","osm":"way/450279543","highway":"pedestrian","access":"","foot":""},"geometry":{"type":"LineString","coordinates":[[20.454914,54.955072],[20.455066,54.95493],[20.455169,54.954832],[20.455261,54.954772]]}},{"type":"Feature","properties":{"kind":"road","name":"","osm":"way/450279544","highway":"footway","access":"","foot":""},"geometry":{"type":"LineString","coordinates":[[20.459104,54.956599],[20.459209,54.956466],[20.459458,54.956223]]}},{"type":"Feature","properties":{"kind":"road","name":"Пионерская улица","osm":"way/472743114","highway":"residential","access":"","foot":""},"geometry":{"type":"LineString","coordinates":[[20.460044,54.953807],[20.460174,54.954423],[20.460197,54.954906],[20.460129,54.955359],[20.45995,54.956027]]}},{"type":"Feature","properties":{"kind":"road","name":"","osm":"way/472743115","highway":"service","access":"","foot":""},"geometry":{"type":"LineString","coordinates":[[20.459207,54.953826],[20.460044,54.953807]]}},{"type":"Feature","properties":{"kind":"road","name":"","osm":"way/472743116","highway":"footway","access":"","foot":""},"geometry":{"type":"LineString","coordinates":[[20.461362,54.951828],[20.462186,54.951791]]}},{"type":"Feature","properties":{"kind":"road","name":"","osm":"way/472743118","highway":"service","access":"","foot":""},"geometry":{"type":"LineString","coordinates":[[20.460832,54.951735],[20.460796,54.951461],[20.460717,54.951437],[20.460628,54.951422]]}},{"type":"Feature","properties":{"kind":"road","name":"","osm":"way/472743119","highway":"service","access":"","foot":""},"geometry":{"type":"LineString","coordinates":[[20.460044,54.953807],[20.46004,54.953772]]}},{"type":"Feature","properties":{"kind":"road","name":"Приморская улица","osm":"way/498390304","highway":"tertiary","access":"","foot":""},"geometry":{"type":"LineString","coordinates":[[20.454633,54.951506],[20.454629,54.951383],[20.454622,54.951179],[20.45462,54.951136],[20.45462,54.951031],[20.454631,54.950881],[20.454636,54.950807],[20.45464,54.950784],[20.45465,54.950763],[20.454671,54.950743]]}},{"type":"Feature","properties":{"kind":"road","name":"","osm":"way/498390305","highway":"footway","access":"","foot":""},"geometry":{"type":"LineString","coordinates":[[20.454619,54.952014],[20.454808,54.952039]]}},{"type":"Feature","properties":{"kind":"road","name":"","osm":"way/498390306","highway":"living_street","access":"","foot":""},"geometry":{"type":"LineString","coordinates":[[20.45462,54.951136],[20.453702,54.951144]]}},{"type":"Feature","properties":{"kind":"road","name":"Товарная улица","osm":"way/498390308","highway":"tertiary","access":"","foot":""},"geometry":{"type":"LineString","coordinates":[[20.467451,54.952606],[20.467367,54.952589],[20.467151,54.952531],[20.466746,54.952413],[20.466497,54.952346],[20.466049,54.952238],[20.465697,54.952156],[20.464561,54.951908],[20.463991,54.951783],[20.463164,54.951616],[20.462892,54.951566],[20.462538,54.951498],[20.461934,54.95138],[20.461604,54.951306],[20.46111,54.951201],[20.461039,54.951186],[20.460389,54.951047],[20.46005,54.950976],[20.459829,54.950933],[20.459577,54.950889],[20.459353,54.950855],[20.459103,54.950827],[20.458907,54.950808],[20.458592,54.950786],[20.457875,54.950746],[20.457451,54.950727],[20.457096,54.950714],[20.456735,54.950707],[20.455899,54.950707],[20.455129,54.950701],[20.454773,54.950702],[20.454744,54.950706],[20.454719,54.950713],[20.454691,54.950727],[20.454671,54.950743]]}},{"type":"Feature","properties":{"kind":"road","name":"Престижная улица","osm":"way/508787881","highway":"residential","access":"","foot":""},"geometry":{"type":"LineString","coordinates":[[20.447475,54.948077],[20.447816,54.94808],[20.448762,54.948068],[20.449149,54.948065],[20.449241,54.948063],[20.449453,54.948064],[20.449746,54.948059],[20.450882,54.948078]]}},{"type":"Feature","properties":{"kind":"road","name":"","osm":"way/508787882","highway":"residential","access":"","foot":""},"geometry":{"type":"LineString","coordinates":[[20.447475,54.948077],[20.447461,54.948245],[20.447415,54.948597],[20.447395,54.948703],[20.448586,54.948724],[20.449467,54.948698],[20.450191,54.94869],[20.450334,54.948729],[20.450401,54.948821],[20.450398,54.949211]]}},{"type":"Feature","properties":{"kind":"road","name":"","osm":"way/529906839","highway":"service","access":"","foot":""},"geometry":{"type":"LineString","coordinates":[[20.45462,54.951031],[20.45325,54.951023],[20.453132,54.951024]]}},{"type":"Feature","properties":{"kind":"road","name":"","osm":"way/529906841","highway":"service","access":"","foot":""},"geometry":{"type":"LineString","coordinates":[[20.453132,54.951024],[20.453131,54.95097],[20.453126,54.950748],[20.454428,54.950738],[20.45443,54.950841],[20.453246,54.95085],[20.453249,54.950972],[20.45325,54.951023]]}},{"type":"Feature","properties":{"kind":"road","name":"Гагарина","osm":"way/572251542","highway":"pedestrian","access":"","foot":""},"geometry":{"type":"LineString","coordinates":[[20.452773,54.953971],[20.451633,54.953619],[20.451233,54.953501],[20.450838,54.953376],[20.450728,54.953299],[20.44976,54.953033],[20.448086,54.952551],[20.446452,54.952118],[20.444507,54.951742]]}},{"type":"Feature","properties":{"kind":"road","name":"","osm":"way/572251608","highway":"service","access":"","foot":""},"geometry":{"type":"LineString","coordinates":[[20.459207,54.953826],[20.458563,54.953853],[20.458475,54.954321],[20.458193,54.954757],[20.45817,54.954792],[20.458042,54.954804],[20.457805,54.95478],[20.457529,54.954741],[20.457571,54.954446]]}},{"type":"Feature","properties":{"kind":"road","name":"","osm":"way/572251618","highway":"service","access":"","foot":""},"geometry":{"type":"LineString","coordinates":[[20.458042,54.954804],[20.458106,54.954547],[20.458259,54.954006]]}},{"type":"Feature","properties":{"kind":"road","name":"","osm":"way/627850701","highway":"service","access":"","foot":""},"geometry":{"type":"LineString","coordinates":[[20.454615,54.954223],[20.454746,54.954231],[20.455156,54.954257],[20.455357,54.954286],[20.455719,54.954362]]}},{"type":"Feature","properties":{"kind":"road","name":"","osm":"way/627850702","highway":"service","access":"","foot":""},"geometry":{"type":"LineString","coordinates":[[20.457243,54.955419],[20.457648,54.955035],[20.457337,54.95488],[20.457419,54.954798],[20.457493,54.954783],[20.457529,54.954741]]}},{"type":"Feature","properties":{"kind":"road","name":"","osm":"way/684913929","highway":"service","access":"no","foot":"yes"},"geometry":{"type":"LineString","coordinates":[[20.453132,54.951024],[20.452878,54.951029],[20.452514,54.951019],[20.451959,54.950934],[20.451528,54.950867],[20.451156,54.950817],[20.450916,54.950823],[20.450626,54.950885],[20.450319,54.950966],[20.450154,54.950978],[20.449389,54.950944],[20.449061,54.950922],[20.448569,54.950916],[20.44812,54.950876],[20.447018,54.950893],[20.446674,54.950881],[20.44581,54.95085],[20.445256,54.950836],[20.444714,54.951373],[20.444507,54.951742]]}},{"type":"Feature","properties":{"kind":"road","name":"","osm":"way/684913932","highway":"service","access":"","foot":""},"geometry":{"type":"LineString","coordinates":[[20.453126,54.950748],[20.448238,54.950736]]}},{"type":"Feature","properties":{"kind":"road","name":"","osm":"way/721242227","highway":"footway","access":"","foot":""},"geometry":{"type":"LineString","coordinates":[[20.453214,54.954127],[20.452951,54.954329]]}},{"type":"Feature","properties":{"kind":"road","name":"","osm":"way/721242228","highway":"steps","access":"","foot":""},"geometry":{"type":"LineString","coordinates":[[20.452714,54.954585],[20.452951,54.954329]]}},{"type":"Feature","properties":{"kind":"road","name":"","osm":"way/815920206","highway":"footway","access":"","foot":""},"geometry":{"type":"LineString","coordinates":[[20.452951,54.954329],[20.451018,54.953728],[20.451233,54.953501],[20.451252,54.95348],[20.451308,54.953421]]}},{"type":"Feature","properties":{"kind":"road","name":"","osm":"way/815920207","highway":"steps","access":"","foot":""},"geometry":{"type":"LineString","coordinates":[[20.451018,54.953728],[20.450817,54.953944]]}},{"type":"Feature","properties":{"kind":"road","name":"","osm":"way/815921182","highway":"service","access":"","foot":""},"geometry":{"type":"LineString","coordinates":[[20.45995,54.956027],[20.459166,54.955654],[20.459011,54.955553],[20.458989,54.955385]]}},{"type":"Feature","properties":{"kind":"road","name":"","osm":"way/829205112","highway":"service","access":"","foot":""},"geometry":{"type":"LineString","coordinates":[[20.454447,54.953222],[20.454442,54.952992],[20.45444,54.95284]]}},{"type":"Feature","properties":{"kind":"road","name":"","osm":"way/829205113","highway":"service","access":"","foot":""},"geometry":{"type":"LineString","coordinates":[[20.454603,54.952994],[20.454538,54.952993],[20.454442,54.952992]]}},{"type":"Feature","properties":{"kind":"road","name":"","osm":"way/829205115","highway":"service","access":"","foot":""},"geometry":{"type":"LineString","coordinates":[[20.454603,54.953492],[20.45517,54.953516],[20.455306,54.953545],[20.455362,54.953585],[20.455372,54.953652],[20.455325,54.953754],[20.455343,54.95381],[20.455432,54.95384],[20.455811,54.95387]]}},{"type":"Feature","properties":{"kind":"road","name":"","osm":"way/829205116","highway":"service","access":"","foot":""},"geometry":{"type":"LineString","coordinates":[[20.458193,54.954757],[20.458849,54.954995]]}},{"type":"Feature","properties":{"kind":"road","name":"","osm":"way/829205117","highway":"service","access":"","foot":""},"geometry":{"type":"LineString","coordinates":[[20.458475,54.954321],[20.45908,54.954407]]}},{"type":"Feature","properties":{"kind":"road","name":"","osm":"way/851789884","highway":"service","access":"","foot":""},"geometry":{"type":"LineString","coordinates":[[20.457696,54.947749],[20.457702,54.947815],[20.457754,54.948308],[20.457499,54.948317],[20.457433,54.94782],[20.457426,54.947761]]}},{"type":"Feature","properties":{"kind":"road","name":"","osm":"way/851789885","highway":"service","access":"","foot":""},"geometry":{"type":"LineString","coordinates":[[20.458233,54.947721],[20.458248,54.948133],[20.458276,54.948132],[20.458674,54.948118]]}},{"type":"Feature","properties":{"kind":"road","name":"","osm":"way/851789886","highway":"service","access":"","foot":""},"geometry":{"type":"LineString","coordinates":[[20.459229,54.947656],[20.459248,54.948158]]}},{"type":"Feature","properties":{"kind":"road","name":"","osm":"way/878220253","highway":"service","access":"","foot":""},"geometry":{"type":"LineString","coordinates":[[20.454602,54.953924],[20.454537,54.953915],[20.454078,54.953848],[20.453353,54.953657],[20.45383,54.952709],[20.454428,54.952729],[20.454608,54.952735]]}},{"type":"Feature","properties":{"kind":"road","name":"","osm":"way/878220254","highway":"service","access":"","foot":""},"geometry":{"type":"LineString","coordinates":[[20.451785,54.953365],[20.452898,54.953827],[20.453249,54.953817],[20.453353,54.953657],[20.452354,54.95322],[20.452332,54.95258],[20.452806,54.952583],[20.45383,54.952709]]}},{"type":"Feature","properties":{"kind":"road","name":"","osm":"way/878220256","highway":"service","access":"","foot":""},"geometry":{"type":"LineString","coordinates":[[20.452806,54.952583],[20.452869,54.951511],[20.452994,54.951315],[20.453063,54.95122],[20.453252,54.951147],[20.45325,54.951023]]}},{"type":"Feature","properties":{"kind":"road","name":"","osm":"way/878220257","highway":"service","access":"","foot":""},"geometry":{"type":"LineString","coordinates":[[20.456344,54.953975],[20.456846,54.954021],[20.457076,54.954042],[20.457596,54.954089]]}},{"type":"Feature","properties":{"kind":"road","name":"","osm":"way/878220258","highway":"unclassified","access":"","foot":""},"geometry":{"type":"LineString","coordinates":[[20.45678,54.955258],[20.457074,54.955]]}},{"type":"Feature","properties":{"kind":"road","name":"","osm":"way/878220259","highway":"unclassified","access":"","foot":""},"geometry":{"type":"LineString","coordinates":[[20.456207,54.955041],[20.456466,54.954803]]}},{"type":"Feature","properties":{"kind":"road","name":"","osm":"way/878220260","highway":"unclassified","access":"","foot":""},"geometry":{"type":"LineString","coordinates":[[20.455928,54.954939],[20.45609,54.954756]]}},{"type":"Feature","properties":{"kind":"road","name":"","osm":"way/1001887191","highway":"service","access":"","foot":""},"geometry":{"type":"LineString","coordinates":[[20.460796,54.951461],[20.46111,54.951201]]}},{"type":"Feature","properties":{"kind":"road","name":"","osm":"way/1019642558","highway":"path","access":"","foot":"yes"},"geometry":{"type":"LineString","coordinates":[[20.461407,54.948353],[20.461385,54.949139]]}},{"type":"Feature","properties":{"kind":"road","name":"","osm":"way/1019642559","highway":"path","access":"","foot":"yes"},"geometry":{"type":"LineString","coordinates":[[20.461435,54.948202],[20.461407,54.948353]]}},{"type":"Feature","properties":{"kind":"road","name":"","osm":"way/1032722246","highway":"footway","access":"","foot":""},"geometry":{"type":"LineString","coordinates":[[20.454116,54.950559],[20.454429,54.9506],[20.454671,54.950743]]}},{"type":"Feature","properties":{"kind":"road","name":"","osm":"way/1032722249","highway":"service","access":"","foot":""},"geometry":{"type":"LineString","coordinates":[[20.460161,54.95023],[20.459109,54.950117],[20.458604,54.950038],[20.458513,54.949894],[20.458142,54.949513],[20.458949,54.949185],[20.459523,54.949004],[20.460168,54.949203]]}},{"type":"Feature","properties":{"kind":"road","name":"","osm":"way/1039192931","highway":"footway","access":"","foot":""},"geometry":{"type":"LineString","coordinates":[[20.454429,54.9506],[20.45442,54.950559],[20.454417,54.950536],[20.454414,54.950491],[20.454423,54.950219]]}},{"type":"Feature","properties":{"kind":"road","name":"","osm":"way/1039328279","highway":"service","access":"","foot":""},"geometry":{"type":"LineString","coordinates":[[20.46004,54.953772],[20.460035,54.953646],[20.460079,54.953477],[20.460069,54.953207]]}},{"type":"Feature","properties":{"kind":"road","name":"","osm":"way/1039328280","highway":"service","access":"","foot":""},"geometry":{"type":"LineString","coordinates":[[20.459476,54.951835],[20.459539,54.952702],[20.459946,54.952691],[20.459971,54.953176],[20.460069,54.953207]]}},{"type":"Feature","properties":{"kind":"road","name":"","osm":"way/1039335276","highway":"service","access":"","foot":""},"geometry":{"type":"LineString","coordinates":[[20.451528,54.950867],[20.451491,54.950923],[20.451391,54.951182],[20.451338,54.951862]]}},{"type":"Feature","properties":{"kind":"road","name":"улица Валентины Гризодубовой","osm":"way/1091376866","highway":"residential","access":"","foot":""},"geometry":{"type":"LineString","coordinates":[[20.451185,54.948073],[20.451186,54.948365],[20.451186,54.948448],[20.451342,54.948448],[20.451833,54.948448],[20.453163,54.948447]]}},{"type":"Feature","properties":{"kind":"road","name":"","osm":"way/1091376867","highway":"service","access":"","foot":""},"geometry":{"type":"LineString","coordinates":[[20.451833,54.948448],[20.451832,54.948486],[20.451823,54.94921],[20.451823,54.949246],[20.451958,54.949246],[20.453046,54.949251]]}},{"type":"Feature","properties":{"kind":"road","name":"","osm":"way/1091376868","highway":"service","access":"","foot":""},"geometry":{"type":"LineString","coordinates":[[20.454515,54.947844],[20.45452,54.947888],[20.454522,54.947907],[20.454575,54.948398],[20.454576,54.948412],[20.454625,54.948864]]}},{"type":"Feature","properties":{"kind":"road","name":"","osm":"way/1091376869","highway":"service","access":"","foot":""},"geometry":{"type":"LineString","coordinates":[[20.455265,54.947823],[20.45527,54.947869],[20.455279,54.947951],[20.455201,54.947953],[20.455246,54.948374],[20.455295,54.948835]]}},{"type":"Feature","properties":{"kind":"road","name":"","osm":"way/1091376870","highway":"service","access":"","foot":""},"geometry":{"type":"LineString","coordinates":[[20.453968,54.947863],[20.453975,54.947936],[20.453978,54.947956],[20.454028,54.948431],[20.454045,54.948591],[20.454073,54.948854],[20.454066,54.948854],[20.453781,54.948864],[20.453753,54.948608]]}},{"type":"Feature","properties":{"kind":"road","name":"","osm":"way/1091376871","highway":"service","access":"","foot":""},"geometry":{"type":"LineString","coordinates":[[20.455846,54.947812],[20.455852,54.947867],[20.455914,54.948453]]}},{"type":"Feature","properties":{"kind":"road","name":"","osm":"way/1091376872","highway":"service","access":"","foot":""},"geometry":{"type":"LineString","coordinates":[[20.456244,54.947819],[20.456272,54.94839]]}},{"type":"Feature","properties":{"kind":"road","name":"Престижная улица","osm":"way/1091376873","highway":"residential","access":"","foot":""},"geometry":{"type":"LineString","coordinates":[[20.453968,54.947863],[20.453835,54.947879],[20.453088,54.947959],[20.452343,54.948028],[20.451771,54.948062],[20.45139,54.94807],[20.451185,54.948073],[20.450882,54.948078]]}},{"type":"Feature","properties":{"kind":"road","name":"","osm":"way/1171556958","highway":"cycleway","access":"","foot":""},"geometry":{"type":"LineString","coordinates":[[20.444507,54.951742],[20.444837,54.95178],[20.445294,54.951861],[20.446239,54.952019],[20.446916,54.952179],[20.447421,54.952322],[20.448513,54.952651],[20.449337,54.952877],[20.450746,54.953285],[20.45083,54.953351],[20.451252,54.95348],[20.451631,54.953595],[20.452384,54.953824],[20.453125,54.954051],[20.454622,54.954538],[20.455071,54.954663],[20.455036,54.95473]]}},{"type":"Feature","properties":{"kind":"road","name":"улица Гагарина","osm":"way/1174999417","highway":"residential","access":"","foot":""},"geometry":{"type":"LineString","coordinates":[[20.455036,54.95473],[20.454899,54.954678]]}},{"type":"Feature","properties":{"kind":"road","name":"","osm":"way/1252640533","highway":"footway","access":"","foot":""},"geometry":{"type":"LineString","coordinates":[[20.453044,54.949394],[20.453041,54.949482]]}},{"type":"Feature","properties":{"kind":"road","name":"","osm":"way/1252640534","highway":"footway","access":"","foot":""},"geometry":{"type":"LineString","coordinates":[[20.453046,54.949251],[20.453045,54.949312],[20.453044,54.949394]]}},{"type":"Feature","properties":{"kind":"road","name":"","osm":"way/1252640535","highway":"footway","access":"","foot":""},"geometry":{"type":"LineString","coordinates":[[20.453041,54.949482],[20.453132,54.950198],[20.453872,54.95023]]}},{"type":"Feature","properties":{"kind":"road","name":"","osm":"way/1252640536","highway":"service","access":"","foot":""},"geometry":{"type":"LineString","coordinates":[[20.453632,54.950125],[20.453872,54.950124],[20.453872,54.95023],[20.454423,54.950219],[20.457376,54.950237],[20.458259,54.950252],[20.458324,54.95033],[20.458792,54.950328],[20.458895,54.950293],[20.459109,54.950117]]}},{"type":"Feature","properties":{"kind":"road","name":"","osm":"way/1252640542","highway":"path","access":"","foot":"yes"},"geometry":{"type":"LineString","coordinates":[[20.460378,54.950341],[20.460245,54.950476],[20.460057,54.950572],[20.459771,54.950623],[20.457726,54.950422],[20.457459,54.950422],[20.457449,54.950481],[20.45744,54.950529],[20.457435,54.950558],[20.45442,54.950559],[20.454116,54.950559]]}},{"type":"Feature","properties":{"kind":"road","name":"","osm":"way/1320226541","highway":"steps","access":"","foot":""},"geometry":{"type":"LineString","coordinates":[[20.451127,54.953077],[20.451209,54.9531]]}},{"type":"Feature","properties":{"kind":"road","name":"","osm":"way/1320226542","highway":"footway","access":"","foot":""},"geometry":{"type":"LineString","coordinates":[[20.451013,54.953044],[20.451127,54.953077]]}},{"type":"Feature","properties":{"kind":"road","name":"","osm":"way/1320226543","highway":"steps","access":"","foot":""},"geometry":{"type":"LineString","coordinates":[[20.451562,54.952641],[20.451624,54.952659]]}},{"type":"Feature","properties":{"kind":"road","name":"","osm":"way/1320226544","highway":"footway","access":"","foot":""},"geometry":{"type":"LineString","coordinates":[[20.451625,54.952623],[20.451627,54.952571],[20.451656,54.95252]]}},{"type":"Feature","properties":{"kind":"road","name":"","osm":"way/1320226545","highway":"steps","access":"","foot":""},"geometry":{"type":"LineString","coordinates":[[20.451624,54.952659],[20.451625,54.952623]]}},{"type":"Feature","properties":{"kind":"road","name":"","osm":"way/1320226546","highway":"footway","access":"","foot":""},"geometry":{"type":"LineString","coordinates":[[20.451819,54.952219],[20.45192,54.952175]]}},{"type":"Feature","properties":{"kind":"road","name":"","osm":"way/1320226547","highway":"footway","access":"","foot":""},"geometry":{"type":"LineString","coordinates":[[20.451402,54.952595],[20.451562,54.952641]]}},{"type":"Feature","properties":{"kind":"road","name":"","osm":"way/1320226548","highway":"footway","access":"","foot":""},"geometry":{"type":"LineString","coordinates":[[20.451439,54.952931],[20.451615,54.952932]]}},{"type":"Feature","properties":{"kind":"road","name":"","osm":"way/1320226549","highway":"footway","access":"","foot":""},"geometry":{"type":"LineString","coordinates":[[20.451394,54.953017],[20.451612,54.953018]]}},{"type":"Feature","properties":{"kind":"road","name":"","osm":"way/1320226550","highway":"footway","access":"","foot":""},"geometry":{"type":"LineString","coordinates":[[20.451313,54.953149],[20.451525,54.953147]]}},{"type":"Feature","properties":{"kind":"road","name":"","osm":"way/1320226551","highway":"footway","access":"","foot":""},"geometry":{"type":"LineString","coordinates":[[20.451535,54.953157],[20.451525,54.953147],[20.451394,54.953017],[20.451378,54.953002]]}},{"type":"Feature","properties":{"kind":"road","name":"","osm":"way/1320226552","highway":"footway","access":"","foot":""},"geometry":{"type":"LineString","coordinates":[[20.451345,54.953217],[20.451535,54.953157],[20.451608,54.953133]]}},{"type":"Feature","properties":{"kind":"road","name":"","osm":"way/1320226553","highway":"footway","access":"","foot":""},"geometry":{"type":"LineString","coordinates":[[20.450815,54.953243],[20.45082,54.953269],[20.450847,54.953302],[20.450887,54.953331],[20.450938,54.953354],[20.450997,54.953369],[20.45106,54.953376],[20.451125,54.953374],[20.451186,54.953363],[20.451241,54.953344],[20.451287,54.953317],[20.45132,54.953287],[20.451339,54.953253],[20.451345,54.953217],[20.451336,54.953182],[20.451313,54.953149],[20.451277,54.953119]]}},{"type":"Feature","properties":{"kind":"road","name":"","osm":"way/1320226554","highway":"footway","access":"","foot":""},"geometry":{"type":"LineString","coordinates":[[20.451287,54.953317],[20.451318,54.953293],[20.451361,54.953275],[20.451412,54.953266],[20.451465,54.953266],[20.451515,54.953275],[20.451558,54.953293],[20.451589,54.953318],[20.451605,54.953347],[20.451605,54.953377],[20.451589,54.953406],[20.451558,54.953431],[20.451515,54.953449],[20.451464,54.953458],[20.451411,54.953458],[20.451358,54.95345],[20.451318,54.953431],[20.451308,54.953421],[20.451287,54.953406],[20.451271,54.953377],[20.451271,54.953347],[20.451287,54.953317]]}},{"type":"Feature","properties":{"kind":"road","name":"","osm":"way/1320226555","highway":"footway","access":"","foot":""},"geometry":{"type":"LineString","coordinates":[[20.451209,54.9531],[20.451277,54.953119],[20.451378,54.953002],[20.451439,54.952931],[20.451622,54.952721]]}},{"type":"Feature","properties":{"kind":"road","name":"","osm":"way/1320226556","highway":"footway","access":"","foot":""},"geometry":{"type":"LineString","coordinates":[[20.451748,54.95105],[20.45178,54.951082],[20.4518,54.951116],[20.451806,54.951152],[20.451801,54.951181],[20.451788,54.95121],[20.451766,54.951237]]}},{"type":"Feature","properties":{"kind":"road","name":"","osm":"way/1320226557","highway":"footway","access":"","foot":""},"geometry":{"type":"LineString","coordinates":[[20.451766,54.951237],[20.451732,54.951273],[20.451711,54.951313],[20.451704,54.951354],[20.451711,54.951395],[20.451732,54.951435],[20.451766,54.951472]]}},{"type":"Feature","properties":{"kind":"road","name":"","osm":"way/1320226558","highway":"footway","access":"","foot":""},"geometry":{"type":"LineString","coordinates":[[20.451766,54.951472],[20.451801,54.951524],[20.451824,54.951577],[20.451833,54.951633],[20.451829,54.951684],[20.451813,54.951735],[20.451786,54.951784],[20.451747,54.951831]]}},{"type":"Feature","properties":{"kind":"road","name":"","osm":"way/1320226559","highway":"footway","access":"","foot":""},"geometry":{"type":"LineString","coordinates":[[20.451747,54.951831],[20.451721,54.95187],[20.451704,54.95191],[20.451696,54.951951],[20.451698,54.951992],[20.451709,54.952032],[20.451728,54.952072]]}},{"type":"Feature","properties":{"kind":"road","name":"","osm":"way/1320226560","highway":"footway","access":"","foot":""},"geometry":{"type":"LineString","coordinates":[[20.451728,54.952072],[20.45177,54.952118],[20.451801,54.952168],[20.451819,54.952219],[20.451826,54.952272],[20.45182,54.952324],[20.4518,54.952377],[20.451769,54.952428],[20.451725,54.952476],[20.451656,54.95252]]}},{"type":"Feature","properties":{"kind":"road","name":"","osm":"way/1320226561","highway":"footway","access":"","foot":""},"geometry":{"type":"LineString","coordinates":[[20.451633,54.953619],[20.451631,54.953595],[20.451605,54.953347],[20.451602,54.953299],[20.451608,54.953133],[20.451612,54.953018],[20.451615,54.952932],[20.451622,54.952721],[20.451624,54.952659]]}},{"type":"Feature","properties":{"kind":"road","name":"","osm":"way/1320226562","highway":"footway","access":"","foot":""},"geometry":{"type":"LineString","coordinates":[[20.450931,54.952977],[20.450691,54.952909]]}},{"type":"Feature","properties":{"kind":"road","name":"","osm":"way/1320226563","highway":"footway","access":"","foot":""},"geometry":{"type":"LineString","coordinates":[[20.451043,54.953009],[20.450931,54.952977]]}},{"type":"Feature","properties":{"kind":"road","name":"","osm":"way/1320226564","highway":"footway","access":"","foot":""},"geometry":{"type":"LineString","coordinates":[[20.450691,54.952909],[20.450506,54.952856],[20.450477,54.952822]]}},{"type":"Feature","properties":{"kind":"road","name":"","osm":"way/1320226565","highway":"footway","access":"","foot":""},"geometry":{"type":"LineString","coordinates":[[20.448908,54.952407],[20.449132,54.952471]]}},{"type":"Feature","properties":{"kind":"road","name":"","osm":"way/1320226566","highway":"footway","access":"","foot":""},"geometry":{"type":"LineString","coordinates":[[20.449356,54.952503],[20.449254,54.952506],[20.449132,54.952471]]}},{"type":"Feature","properties":{"kind":"road","name":"","osm":"way/1320226567","highway":"footway","access":"","foot":""},"geometry":{"type":"LineString","coordinates":[[20.448821,54.952382],[20.448908,54.952407]]}},{"type":"Feature","properties":{"kind":"road","name":"","osm":"way/1320226570","highway":"service","access":"","foot":""},"geometry":{"type":"LineString","coordinates":[[20.45063,54.952479],[20.449592,54.952185]]}},{"type":"Feature","properties":{"kind":"road","name":"","osm":"way/1320226571","highway":"service","access":"","foot":""},"geometry":{"type":"LineString","coordinates":[[20.450541,54.952806],[20.450713,54.952604]]}},{"type":"Feature","properties":{"kind":"road","name":"","osm":"way/1320226572","highway":"service","access":"","foot":""},"geometry":{"type":"LineString","coordinates":[[20.450713,54.952604],[20.450721,54.952573],[20.450713,54.952542],[20.450695,54.952517],[20.450666,54.952496],[20.45063,54.952479]]}},{"type":"Feature","properties":{"kind":"road","name":"","osm":"way/1320226573","highway":"service","access":"","foot":""},"geometry":{"type":"LineString","coordinates":[[20.449399,54.952539],[20.450404,54.952823]]}},{"type":"Feature","properties":{"kind":"road","name":"","osm":"way/1320226574","highway":"service","access":"","foot":""},"geometry":{"type":"LineString","coordinates":[[20.450404,54.952823],[20.450441,54.952825],[20.450477,54.952822],[20.45051,54.952816],[20.450541,54.952806]]}},{"type":"Feature","properties":{"kind":"road","name":"","osm":"way/1320226575","highway":"service","access":"","foot":""},"geometry":{"type":"LineString","coordinates":[[20.449725,54.95203],[20.449592,54.952185],[20.449354,54.952463]]}},{"type":"Feature","properties":{"kind":"road","name":"","osm":"way/1320226576","highway":"service","access":"","foot":""},"geometry":{"type":"LineString","coordinates":[[20.449354,54.952463],[20.44935,54.952483],[20.449356,54.952503],[20.449373,54.952523],[20.449399,54.952539]]}},{"type":"Feature","properties":{"kind":"road","name":"","osm":"way/1320226577","highway":"service","access":"","foot":""},"geometry":{"type":"LineString","coordinates":[[20.449284,54.951799],[20.449318,54.951808],[20.449678,54.95191]]}},{"type":"Feature","properties":{"kind":"road","name":"","osm":"way/1320226578","highway":"service","access":"","foot":""},"geometry":{"type":"LineString","coordinates":[[20.449678,54.95191],[20.449709,54.951935],[20.449729,54.951963],[20.449735,54.951996],[20.449725,54.95203]]}},{"type":"Feature","properties":{"kind":"road","name":"","osm":"way/1320226579","highway":"service","access":"","foot":""},"geometry":{"type":"LineString","coordinates":[[20.449029,54.952093],[20.449284,54.951799],[20.449361,54.95171]]}},{"type":"Feature","properties":{"kind":"road","name":"","osm":"way/1320226580","highway":"service","access":"","foot":""},"geometry":{"type":"LineString","coordinates":[[20.451004,54.952262],[20.450855,54.952132]]}},{"type":"Feature","properties":{"kind":"road","name":"","osm":"way/1320226581","highway":"service","access":"","foot":""},"geometry":{"type":"LineString","coordinates":[[20.45149,54.952264],[20.451369,54.952264],[20.451004,54.952262]]}},{"type":"Feature","properties":{"kind":"road","name":"","osm":"way/1320226582","highway":"service","access":"","foot":""},"geometry":{"type":"LineString","coordinates":[[20.449361,54.95171],[20.449395,54.951719],[20.450855,54.952132]]}},{"type":"Feature","properties":{"kind":"road","name":"","osm":"way/1320226583","highway":"service","access":"","foot":""},"geometry":{"type":"LineString","coordinates":[[20.45192,54.952175],[20.451959,54.950934]]}},{"type":"Feature","properties":{"kind":"road","name":"","osm":"way/1320226584","highway":"service","access":"","foot":""},"geometry":{"type":"LineString","coordinates":[[20.451507,54.951212],[20.451533,54.951177],[20.451609,54.951127],[20.451748,54.95105],[20.451959,54.950934]]}},{"type":"Feature","properties":{"kind":"road","name":"","osm":"way/1320226585","highway":"service","access":"","foot":""},"geometry":{"type":"LineString","coordinates":[[20.451486,54.952497],[20.45149,54.952264],[20.451507,54.951212]]}},{"type":"Feature","properties":{"kind":"road","name":"","osm":"way/1320226586","highway":"service","access":"","foot":""},"geometry":{"type":"LineString","coordinates":[[20.450947,54.953121],[20.451013,54.953044],[20.451043,54.953009],[20.451402,54.952595],[20.451486,54.952497]]}},{"type":"Feature","properties":{"kind":"road","name":"","osm":"way/1320226587","highway":"footway","access":"","foot":""},"geometry":{"type":"LineString","coordinates":[[20.449395,54.951719],[20.449318,54.951808],[20.448821,54.952382],[20.448619,54.952616],[20.450815,54.953243],[20.450836,54.953249],[20.450947,54.953121]]}},{"type":"Feature","properties":{"kind":"road","name":"","osm":"way/1320226592","highway":"service","access":"","foot":""},"geometry":{"type":"LineString","coordinates":[[20.456846,54.954021],[20.456784,54.954213]]}},{"type":"Feature","properties":{"kind":"road","name":"","osm":"way/1320226595","highway":"service","access":"","foot":""},"geometry":{"type":"LineString","coordinates":[[20.457596,54.954089],[20.457659,54.954089],[20.457703,54.954067],[20.457761,54.953891],[20.457821,54.95388],[20.458207,54.953869]]}},{"type":"Feature","properties":{"kind":"road","name":"","osm":"way/1320226596","highway":"service","access":"","foot":""},"geometry":{"type":"LineString","coordinates":[[20.45752,54.954325],[20.457563,54.954384],[20.457571,54.954446]]}},{"type":"Feature","properties":{"kind":"road","name":"","osm":"way/1320226635","highway":"service","access":"","foot":""},"geometry":{"type":"LineString","coordinates":[[20.457076,54.954042],[20.457089,54.953996],[20.45713,54.953848]]}},{"type":"Feature","properties":{"kind":"road","name":"","osm":"way/1320226638","highway":"service","access":"","foot":""},"geometry":{"type":"LineString","coordinates":[[20.457596,54.954089],[20.45752,54.954325]]}},{"type":"Feature","properties":{"kind":"road","name":"","osm":"way/1320226639","highway":"service","access":"","foot":""},"geometry":{"type":"LineString","coordinates":[[20.456344,54.953975],[20.456221,54.954376],[20.457419,54.954798]]}},{"type":"Feature","properties":{"kind":"road","name":"","osm":"way/1320226640","highway":"service","access":"","foot":""},"geometry":{"type":"LineString","coordinates":[[20.455811,54.95387],[20.456359,54.953911],[20.456353,54.953934],[20.456344,54.953975]]}},{"type":"Feature","properties":{"kind":"road","name":"","osm":"way/1320226645","highway":"footway","access":"","foot":""},"geometry":{"type":"LineString","coordinates":[[20.456148,54.951381],[20.456147,54.951424]]}},{"type":"Feature","properties":{"kind":"road","name":"","osm":"way/1320226646","highway":"footway","access":"","foot":""},"geometry":{"type":"LineString","coordinates":[[20.456151,54.951266],[20.456148,54.951381]]}},{"type":"Feature","properties":{"kind":"road","name":"","osm":"way/1320226647","highway":"footway","access":"","foot":""},"geometry":{"type":"LineString","coordinates":[[20.456152,54.951214],[20.456151,54.951266]]}},{"type":"Feature","properties":{"kind":"road","name":"","osm":"way/1320226649","highway":"footway","access":"","foot":""},"geometry":{"type":"LineString","coordinates":[[20.456327,54.950917],[20.456327,54.950902]]}},{"type":"Feature","properties":{"kind":"road","name":"","osm":"way/1320226650","highway":"footway","access":"","foot":""},"geometry":{"type":"LineString","coordinates":[[20.456289,54.950923],[20.456317,54.950916],[20.456327,54.950917],[20.456348,54.950918],[20.456372,54.950929],[20.456384,54.950946],[20.45638,54.950963],[20.456361,54.950977],[20.456333,54.950984],[20.456302,54.950981],[20.456278,54.950971],[20.456266,54.950954],[20.45627,54.950937],[20.456289,54.950923]]}},{"type":"Feature","properties":{"kind":"road","name":"","osm":"way/1320226651","highway":"footway","access":"","foot":""},"geometry":{"type":"LineString","coordinates":[[20.456324,54.951215],[20.456369,54.951208],[20.45641,54.951195],[20.456444,54.951177],[20.456467,54.951156],[20.456482,54.951133],[20.456488,54.951108]]}},{"type":"Feature","properties":{"kind":"road","name":"","osm":"way/1320226652","highway":"footway","access":"","foot":""},"geometry":{"type":"LineString","coordinates":[[20.456492,54.950903],[20.45649,54.950985],[20.456488,54.951108]]}},{"type":"Feature","properties":{"kind":"road","name":"","osm":"way/1320226653","highway":"footway","access":"","foot":""},"geometry":{"type":"LineString","coordinates":[[20.456159,54.950901],[20.456327,54.950902],[20.456492,54.950903],[20.456538,54.950903]]}},{"type":"Feature","properties":{"kind":"road","name":"","osm":"way/1320226654","highway":"footway","access":"","foot":""},"geometry":{"type":"LineString","coordinates":[[20.456157,54.950983],[20.456333,54.950984],[20.45649,54.950985],[20.456536,54.950985]]}},{"type":"Feature","properties":{"kind":"road","name":"","osm":"way/1320226655","highway":"footway","access":"","foot":""},"geometry":{"type":"LineString","coordinates":[[20.45616,54.950837],[20.456159,54.950901],[20.456157,54.950983],[20.456152,54.951214],[20.456324,54.951215],[20.456433,54.951216],[20.456532,54.951169],[20.456536,54.950985],[20.456538,54.950903],[20.456539,54.95084]]}},{"type":"Feature","properties":{"kind":"road","name":"","osm":"way/1320226657","highway":"footway","access":"","foot":""},"geometry":{"type":"LineString","coordinates":[[20.455582,54.951149],[20.455589,54.950821]]}},{"type":"Feature","properties":{"kind":"road","name":"","osm":"way/1320226658","highway":"footway","access":"","foot":""},"geometry":{"type":"LineString","coordinates":[[20.455325,54.951384],[20.455582,54.951149]]}},{"type":"Feature","properties":{"kind":"road","name":"","osm":"way/1320226659","highway":"footway","access":"","foot":""},"geometry":{"type":"LineString","coordinates":[[20.455419,54.951422],[20.455693,54.951171]]}},{"type":"Feature","properties":{"kind":"road","name":"","osm":"way/1320226660","highway":"footway","access":"","foot":""},"geometry":{"type":"LineString","coordinates":[[20.455693,54.951171],[20.455701,54.950834]]}},{"type":"Feature","properties":{"kind":"road","name":"","osm":"way/1320226661","highway":"footway","access":"","foot":""},"geometry":{"type":"LineString","coordinates":[[20.456923,54.950843],[20.456539,54.95084],[20.45616,54.950837],[20.455701,54.950834],[20.455636,54.950833]]}},{"type":"Feature","properties":{"kind":"road","name":"","osm":"way/1320226662","highway":"footway","access":"","foot":""},"geometry":{"type":"LineString","coordinates":[[20.456866,54.951256],[20.456929,54.951229]]}},{"type":"Feature","properties":{"kind":"road","name":"","osm":"way/1320226663","highway":"footway","access":"","foot":""},"geometry":{"type":"LineString","coordinates":[[20.457398,54.951031],[20.457738,54.951033]]}},{"type":"Feature","properties":{"kind":"road","name":"","osm":"way/1320226664","highway":"footway","access":"","foot":""},"geometry":{"type":"LineString","coordinates":[[20.456914,54.951042],[20.456986,54.951043],[20.457364,54.951045]]}},{"type":"Feature","properties":{"kind":"road","name":"","osm":"way/1320226665","highway":"footway","access":"","foot":""},"geometry":{"type":"LineString","coordinates":[[20.456929,54.951229],[20.457364,54.951045],[20.457398,54.951031]]}},{"type":"Feature","properties":{"kind":"road","name":"","osm":"way/1320226666","highway":"footway","access":"","foot":""},"geometry":{"type":"LineString","coordinates":[[20.456909,54.951139],[20.456914,54.951042],[20.456923,54.950843],[20.456923,54.950806]]}},{"type":"Feature","properties":{"kind":"road","name":"","osm":"way/1320226667","highway":"footway","access":"","foot":""},"geometry":{"type":"LineString","coordinates":[[20.456823,54.951402],[20.456829,54.951355],[20.456866,54.951256],[20.456896,54.951179],[20.456909,54.951139]]}},{"type":"Feature","properties":{"kind":"road","name":"","osm":"way/1320226668","highway":"footway","access":"","foot":""},"geometry":{"type":"LineString","coordinates":[[20.456726,54.951425],[20.456726,54.951402],[20.456823,54.951402],[20.456883,54.951402]]}},{"type":"Feature","properties":{"kind":"road","name":"","osm":"way/1320226669","highway":"footway","access":"","foot":""},"geometry":{"type":"LineString","coordinates":[[20.455891,54.951423],[20.456147,54.951424],[20.456726,54.951425],[20.456725,54.951511]]}},{"type":"Feature","properties":{"kind":"road","name":"","osm":"way/1320226670","highway":"footway","access":"","foot":""},"geometry":{"type":"LineString","coordinates":[[20.45536,54.951422],[20.455419,54.951422],[20.455891,54.951423],[20.45589,54.951509]]}},{"type":"Feature","properties":{"kind":"road","name":"","osm":"way/1320226671","highway":"footway","access":"","foot":""},"geometry":{"type":"LineString","coordinates":[[20.454661,54.951456],[20.45536,54.951458]]}},{"type":"Feature","properties":{"kind":"road","name":"","osm":"way/1320226674","highway":"service","access":"","foot":""},"geometry":{"type":"LineString","coordinates":[[20.4571,54.951255],[20.45731,54.951256]]}},{"type":"Feature","properties":{"kind":"road","name":"","osm":"way/1320226675","highway":"service","access":"","foot":""},"geometry":{"type":"LineString","coordinates":[[20.457586,54.951319],[20.457597,54.951291],[20.457596,54.951262],[20.457588,54.951243],[20.457574,54.951225]]}},{"type":"Feature","properties":{"kind":"road","name":"","osm":"way/1320226676","highway":"service","access":"","foot":""},"geometry":{"type":"LineString","coordinates":[[20.457586,54.951319],[20.457554,54.951342],[20.457514,54.951362],[20.457482,54.951373],[20.457468,54.951378],[20.457418,54.951388],[20.457365,54.951392]]}},{"type":"Feature","properties":{"kind":"road","name":"","osm":"way/1320226677","highway":"service","access":"","foot":""},"geometry":{"type":"LineString","coordinates":[[20.457432,54.951115],[20.457574,54.951225]]}},{"type":"Feature","properties":{"kind":"road","name":"","osm":"way/1320226678","highway":"service","access":"","foot":""},"geometry":{"type":"LineString","coordinates":[[20.457593,54.951443],[20.457529,54.951394],[20.457482,54.951373],[20.457433,54.951352],[20.45731,54.951256],[20.457235,54.951198]]}},{"type":"Feature","properties":{"kind":"road","name":"","osm":"way/1320226679","highway":"service","access":"","foot":""},"geometry":{"type":"LineString","coordinates":[[20.45692,54.951253],[20.4571,54.951255]]}},{"type":"Feature","properties":{"kind":"road","name":"","osm":"way/1320226681","highway":"service","access":"","foot":""},"geometry":{"type":"LineString","coordinates":[[20.4571,54.951255],[20.457235,54.951198],[20.457432,54.951115]]}},{"type":"Feature","properties":{"kind":"road","name":"","osm":"way/1320226682","highway":"service","access":"","foot":""},"geometry":{"type":"LineString","coordinates":[[20.456883,54.951389],[20.457365,54.951392]]}},{"type":"Feature","properties":{"kind":"road","name":"","osm":"way/1320226683","highway":"service","access":"","foot":""},"geometry":{"type":"LineString","coordinates":[[20.456883,54.951347],[20.45692,54.951253],[20.456929,54.951229],[20.456955,54.951161],[20.456983,54.951064],[20.456986,54.951043],[20.456998,54.950961]]}},{"type":"Feature","properties":{"kind":"road","name":"","osm":"way/1320226684","highway":"service","access":"","foot":""},"geometry":{"type":"LineString","coordinates":[[20.456882,54.951512],[20.456883,54.951402],[20.456883,54.951389],[20.456883,54.951347]]}},{"type":"Feature","properties":{"kind":"road","name":"","osm":"way/1320226685","highway":"service","access":"","foot":""},"geometry":{"type":"LineString","coordinates":[[20.455636,54.950822],[20.45571,54.950798],[20.456923,54.950806],[20.457001,54.950807],[20.456998,54.950961]]}},{"type":"Feature","properties":{"kind":"road","name":"","osm":"way/1320226686","highway":"service","access":"","foot":""},"geometry":{"type":"LineString","coordinates":[[20.455393,54.951385],[20.455628,54.95117]]}},{"type":"Feature","properties":{"kind":"road","name":"","osm":"way/1320226687","highway":"service","access":"","foot":""},"geometry":{"type":"LineString","coordinates":[[20.455628,54.95117],[20.455636,54.950833],[20.455636,54.950822],[20.455589,54.950821],[20.454889,54.950816]]}},{"type":"Feature","properties":{"kind":"road","name":"","osm":"way/1320226688","highway":"service","access":"","foot":""},"geometry":{"type":"LineString","coordinates":[[20.45536,54.951507],[20.45536,54.951458],[20.45536,54.951422],[20.455361,54.951385]]}},{"type":"Feature","properties":{"kind":"road","name":"","osm":"way/1320226689","highway":"service","access":"","foot":""},"geometry":{"type":"LineString","coordinates":[[20.454629,54.951383],[20.454659,54.951383],[20.454732,54.951383],[20.455325,54.951384],[20.455361,54.951385],[20.455393,54.951385]]}},{"type":"Feature","properties":{"kind":"road","name":"","osm":"way/1320226705","highway":"service","access":"","foot":""},"geometry":{"type":"LineString","coordinates":[[20.457453,54.951513],[20.457454,54.951737]]}},{"type":"Feature","properties":{"kind":"road","name":"","osm":"way/1320226788","highway":"footway","access":"","foot":""},"geometry":{"type":"LineString","coordinates":[[20.459258,54.951276],[20.459253,54.951345]]}},{"type":"Feature","properties":{"kind":"road","name":"","osm":"way/1320226789","highway":"footway","access":"","foot":""},"geometry":{"type":"LineString","coordinates":[[20.459594,54.95134],[20.459258,54.951276]]}},{"type":"Feature","properties":{"kind":"road","name":"","osm":"way/1320226790","highway":"footway","access":"","foot":""},"geometry":{"type":"LineString","coordinates":[[20.460044,54.951335],[20.460112,54.951216]]}},{"type":"Feature","properties":{"kind":"road","name":"","osm":"way/1320226791","highway":"footway","access":"","foot":""},"geometry":{"type":"LineString","coordinates":[[20.460112,54.951216],[20.460633,54.951308],[20.4606,54.951371]]}},{"type":"Feature","properties":{"kind":"road","name":"","osm":"way/1320226792","highway":"footway","access":"","foot":""},"geometry":{"type":"LineString","coordinates":[[20.459885,54.95111],[20.460009,54.951133]]}},{"type":"Feature","properties":{"kind":"road","name":"","osm":"way/1320226793","highway":"footway","access":"","foot":""},"geometry":{"type":"LineString","coordinates":[[20.459375,54.950947],[20.459342,54.951004]]}},{"type":"Feature","properties":{"kind":"road","name":"","osm":"way/1320226795","highway":"footway","access":"","foot":""},"geometry":{"type":"LineString","coordinates":[[20.459439,54.950959],[20.459446,54.950947],[20.459808,54.951016],[20.459894,54.951094]]}},{"type":"Feature","properties":{"kind":"road","name":"","osm":"way/1320226796","highway":"footway","access":"","foot":""},"geometry":{"type":"LineString","coordinates":[[20.459265,54.950926],[20.459375,54.950947],[20.459439,54.950959],[20.459258,54.951276]]}},{"type":"Feature","properties":{"kind":"road","name":"","osm":"way/1320226797","highway":"footway","access":"","foot":""},"geometry":{"type":"LineString","coordinates":[[20.459755,54.951337],[20.459885,54.95111],[20.459894,54.951094]]}},{"type":"Feature","properties":{"kind":"road","name":"","osm":"way/1320226798","highway":"footway","access":"","foot":""},"geometry":{"type":"LineString","coordinates":[[20.454666,54.950882],[20.454631,54.950881]]}},{"type":"Feature","properties":{"kind":"road","name":"","osm":"way/1320226799","highway":"footway","access":"","foot":""},"geometry":{"type":"LineString","coordinates":[[20.459893,54.951335],[20.460044,54.951335],[20.46051,54.951339],[20.4606,54.951371],[20.460648,54.951389],[20.46075,54.951408],[20.460794,54.951404],[20.461004,54.951233],[20.461005,54.951208],[20.460975,54.951192],[20.460126,54.95102],[20.459697,54.950938],[20.459222,54.950858],[20.45898,54.950834],[20.458638,54.950808],[20.457944,54.950772],[20.457373,54.950744],[20.457059,54.950732],[20.456527,54.95073],[20.455899,54.950728],[20.455176,54.950725],[20.45485,54.950725],[20.45481,54.950731],[20.454773,54.950741],[20.454739,54.950755],[20.454707,54.950775],[20.454684,54.950799],[20.454671,54.950826],[20.454666,54.950882],[20.454653,54.951033],[20.454659,54.951383],[20.454661,54.951456],[20.454662,54.951506]]}},{"type":"Feature","properties":{"kind":"road","name":"","osm":"way/1320226800","highway":"footway","access":"","foot":""},"geometry":{"type":"LineString","coordinates":[[20.459064,54.951319],[20.459188,54.951346],[20.459253,54.951345],[20.459594,54.95134],[20.459755,54.951337],[20.459893,54.951335]]}},{"type":"Feature","properties":{"kind":"road","name":"","osm":"way/1320226801","highway":"footway","access":"","foot":""},"geometry":{"type":"LineString","coordinates":[[20.458432,54.951008],[20.458432,54.951029]]}},{"type":"Feature","properties":{"kind":"road","name":"","osm":"way/1320226802","highway":"footway","access":"","foot":""},"geometry":{"type":"LineString","coordinates":[[20.458274,54.951006],[20.458432,54.951008],[20.458585,54.951008]]}},{"type":"Feature","properties":{"kind":"road","name":"","osm":"way/1320226803","highway":"footway","access":"","foot":""},"geometry":{"type":"LineString","coordinates":[[20.458577,54.951399],[20.458579,54.951316],[20.458585,54.951008],[20.458588,54.950849]]}},{"type":"Feature","properties":{"kind":"road","name":"","osm":"way/1320226804","highway":"footway","access":"","foot":""},"geometry":{"type":"LineString","coordinates":[[20.458266,54.951395],[20.458268,54.951314],[20.458274,54.951006],[20.458277,54.950842]]}},{"type":"Feature","properties":{"kind":"road","name":"","osm":"way/1320226805","highway":"footway","access":"","foot":""},"geometry":{"type":"LineString","coordinates":[[20.459191,54.951056],[20.459096,54.951016]]}},{"type":"Feature","properties":{"kind":"road","name":"","osm":"way/1320226806","highway":"footway","access":"","foot":""},"geometry":{"type":"LineString","coordinates":[[20.459092,54.951229],[20.459191,54.951056],[20.459265,54.950926]]}},{"type":"Feature","properties":{"kind":"road","name":"","osm":"way/1320226807","highway":"footway","access":"","foot":""},"geometry":{"type":"LineString","coordinates":[[20.45784,54.951312],[20.457845,54.950931],[20.457947,54.950838],[20.458277,54.950842],[20.458524,54.950845],[20.458588,54.950849],[20.459031,54.950881],[20.459098,54.950894],[20.459265,54.950926]]}},{"type":"Feature","properties":{"kind":"road","name":"","osm":"way/1320226808","highway":"footway","access":"","foot":""},"geometry":{"type":"LineString","coordinates":[[20.457794,54.951404],[20.457796,54.951312],[20.45784,54.951312],[20.458268,54.951314],[20.458427,54.951315],[20.458579,54.951316],[20.459064,54.951319],[20.45909,54.951319],[20.459092,54.951229],[20.459096,54.951016],[20.459098,54.950894]]}},{"type":"Feature","properties":{"kind":"road","name":"","osm":"way/1320226818","highway":"service","access":"","foot":""},"geometry":{"type":"LineString","coordinates":[[20.458425,54.951397],[20.458427,54.951315],[20.458432,54.951029]]}},{"type":"Feature","properties":{"kind":"road","name":"","osm":"way/1320226820","highway":"service","access":"","foot":""},"geometry":{"type":"LineString","coordinates":[[20.459893,54.951335],[20.460009,54.951133]]}},{"type":"Feature","properties":{"kind":"road","name":"","osm":"way/1320226821","highway":"service","access":"","foot":""},"geometry":{"type":"LineString","coordinates":[[20.459203,54.951248],[20.459342,54.951004]]}},{"type":"Feature","properties":{"kind":"road","name":"","osm":"way/1320226822","highway":"service","access":"","foot":""},"geometry":{"type":"LineString","coordinates":[[20.45989,54.951414],[20.459893,54.951335]]}},{"type":"Feature","properties":{"kind":"road","name":"","osm":"way/1320226823","highway":"service","access":"","foot":""},"geometry":{"type":"LineString","coordinates":[[20.459179,54.951406],[20.459188,54.951346],[20.459203,54.951248]]}},{"type":"Feature","properties":{"kind":"road","name":"","osm":"way/1320226831","highway":"service","access":"","foot":""},"geometry":{"type":"LineString","coordinates":[[20.460628,54.951422],[20.45989,54.951414],[20.459179,54.951406],[20.458577,54.951399],[20.458425,54.951397],[20.458266,54.951395],[20.457868,54.951391]]}},{"type":"Feature","properties":{"kind":"road","name":"","osm":"way/1320226834","highway":"footway","access":"","foot":""},"geometry":{"type":"LineString","coordinates":[[20.453298,54.949135],[20.453237,54.949137]]}},{"type":"Feature","properties":{"kind":"road","name":"","osm":"way/1320226836","highway":"footway","access":"","foot":""},"geometry":{"type":"LineString","coordinates":[[20.453116,54.949227],[20.453363,54.949296]]}},{"type":"Feature","properties":{"kind":"road","name":"","osm":"way/1320226837","highway":"footway","access":"","foot":""},"geometry":{"type":"LineString","coordinates":[[20.452452,54.948489],[20.452453,54.94921]]}},{"type":"Feature","properties":{"kind":"road","name":"","osm":"way/1320226838","highway":"footway","access":"","foot":""},"geometry":{"type":"LineString","coordinates":[[20.452559,54.949209],[20.452558,54.948489]]}},{"type":"Feature","properties":{"kind":"road","name":"","osm":"way/1320226839","highway":"footway","access":"","foot":""},"geometry":{"type":"LineString","coordinates":[[20.453574,54.949202],[20.453307,54.949212],[20.453298,54.949135],[20.453228,54.948473],[20.453166,54.948476]]}},{"type":"Feature","properties":{"kind":"road","name":"","osm":"way/1320226840","highway":"footway","access":"","foot":""},"geometry":{"type":"LineString","coordinates":[[20.452987,54.948491],[20.45306,54.949181]]}},{"type":"Feature","properties":{"kind":"road","name":"","osm":"way/1320226841","highway":"footway","access":"","foot":""},"geometry":{"type":"LineString","coordinates":[[20.451823,54.94921],[20.451959,54.94921],[20.452453,54.94921],[20.452559,54.949209],[20.452926,54.949209],[20.45306,54.949181]]}},{"type":"Feature","properties":{"kind":"road","name":"","osm":"way/1320226842","highway":"footway","access":"","foot":""},"geometry":{"type":"LineString","coordinates":[[20.451968,54.948487],[20.451959,54.94921],[20.451958,54.949246]]}},{"type":"Feature","properties":{"kind":"road","name":"","osm":"way/1320226843","highway":"footway","access":"","foot":""},"geometry":{"type":"LineString","coordinates":[[20.451766,54.948486],[20.451832,54.948486],[20.451968,54.948487],[20.452452,54.948489],[20.452558,54.948489],[20.452987,54.948491],[20.453167,54.948492]]}},{"type":"Feature","properties":{"kind":"road","name":"","osm":"way/1320226844","highway":"footway","access":"","foot":""},"geometry":{"type":"LineString","coordinates":[[20.451342,54.948448],[20.451342,54.948484],[20.451766,54.948486]]}},{"type":"Feature","properties":{"kind":"road","name":"","osm":"way/1320226845","highway":"footway","access":"","foot":""},"geometry":{"type":"LineString","coordinates":[[20.451756,54.949311],[20.451766,54.948486]]}},{"type":"Feature","properties":{"kind":"road","name":"","osm":"way/1320226854","highway":"service","access":"","foot":""},"geometry":{"type":"LineString","coordinates":[[20.453163,54.948447],[20.453166,54.948476],[20.453167,54.948492],[20.453237,54.949137]]}},{"type":"Feature","properties":{"kind":"road","name":"","osm":"way/1320226855","highway":"service","access":"","foot":""},"geometry":{"type":"LineString","coordinates":[[20.453237,54.949137],[20.453169,54.94921],[20.453116,54.949227],[20.453046,54.949251]]}},{"type":"Feature","properties":{"kind":"road","name":"","osm":"way/1320226859","highway":"footway","access":"","foot":""},"geometry":{"type":"LineString","coordinates":[[20.45407,54.948896],[20.453706,54.948909]]}},{"type":"Feature","properties":{"kind":"road","name":"","osm":"way/1320226860","highway":"footway","access":"","foot":""},"geometry":{"type":"LineString","coordinates":[[20.454072,54.94891],[20.45407,54.948896],[20.454066,54.948854]]}},{"type":"Feature","properties":{"kind":"road","name":"","osm":"way/1320226864","highway":"footway","access":"","foot":""},"geometry":{"type":"LineString","coordinates":[[20.454016,54.947955],[20.453978,54.947956],[20.453919,54.947958],[20.45358,54.94797],[20.453648,54.948612],[20.453753,54.948608]]}},{"type":"Feature","properties":{"kind":"road","name":"","osm":"way/1320226865","highway":"footway","access":"","foot":""},"geometry":{"type":"LineString","coordinates":[[20.453835,54.947879],[20.453888,54.947908],[20.453916,54.947936],[20.453919,54.947958],[20.453986,54.948593],[20.454045,54.948591]]}},{"type":"Feature","properties":{"kind":"road","name":"","osm":"way/1320226868","highway":"service","access":"","foot":""},"geometry":{"type":"LineString","coordinates":[[20.454028,54.948431],[20.454066,54.94843],[20.454458,54.948416],[20.454576,54.948412]]}},{"type":"Feature","properties":{"kind":"road","name":"","osm":"way/1320226872","highway":"footway","access":"","foot":""},"geometry":{"type":"LineString","coordinates":[[20.455369,54.94837],[20.455246,54.948374],[20.455128,54.948378],[20.454686,54.948394],[20.454575,54.948398]]}},{"type":"Feature","properties":{"kind":"road","name":"","osm":"way/1320226873","highway":"footway","access":"","foot":""},"geometry":{"type":"LineString","coordinates":[[20.454063,54.948396],[20.454454,54.948382]]}},{"type":"Feature","properties":{"kind":"road","name":"","osm":"way/1320226874","highway":"footway","access":"","foot":""},"geometry":{"type":"LineString","coordinates":[[20.45407,54.948462],[20.454066,54.94843],[20.454063,54.948396],[20.454016,54.947955],[20.454011,54.947915],[20.454109,54.947858]]}},{"type":"Feature","properties":{"kind":"road","name":"","osm":"way/1320226875","highway":"footway","access":"","foot":""},"geometry":{"type":"LineString","coordinates":[[20.454117,54.948909],[20.45407,54.948462],[20.454461,54.948449]]}},{"type":"Feature","properties":{"kind":"road","name":"","osm":"way/1320226876","highway":"footway","access":"","foot":""},"geometry":{"type":"LineString","coordinates":[[20.454362,54.947849],[20.4544,54.947893],[20.454404,54.947911],[20.454454,54.948382],[20.454458,54.948416],[20.454461,54.948449],[20.454509,54.948895],[20.454519,54.948996]]}},{"type":"Feature","properties":{"kind":"road","name":"","osm":"way/1320226877","highway":"footway","access":"","foot":""},"geometry":{"type":"LineString","coordinates":[[20.454748,54.948977],[20.454738,54.948887],[20.454686,54.948394],[20.454633,54.947894],[20.454635,54.947884],[20.454639,54.947872],[20.454678,54.94784]]}},{"type":"Feature","properties":{"kind":"road","name":"","osm":"way/1320226878","highway":"footway","access":"","foot":""},"geometry":{"type":"LineString","coordinates":[[20.45518,54.948872],[20.454738,54.948887],[20.454509,54.948895],[20.454117,54.948909],[20.454072,54.94891],[20.454083,54.94901]]}},{"type":"Feature","properties":{"kind":"road","name":"","osm":"way/1320226879","highway":"footway","access":"","foot":""},"geometry":{"type":"LineString","coordinates":[[20.455177,54.948839],[20.45518,54.948872],[20.455188,54.94894]]}},{"type":"Feature","properties":{"kind":"road","name":"","osm":"way/1320226880","highway":"footway","access":"","foot":""},"geometry":{"type":"LineString","coordinates":[[20.455392,54.948594],[20.455809,54.948579]]}},{"type":"Feature","properties":{"kind":"road","name":"","osm":"way/1320226883","highway":"footway","access":"","foot":""},"geometry":{"type":"LineString","coordinates":[[20.455418,54.94883],[20.455295,54.948835],[20.455177,54.948839],[20.455128,54.948378],[20.455083,54.947958],[20.455076,54.947892],[20.455014,54.94783]]}},{"type":"Feature","properties":{"kind":"road","name":"","osm":"way/1320226884","highway":"footway","access":"","foot":""},"geometry":{"type":"LineString","coordinates":[[20.455363,54.947822],[20.455316,54.947879],[20.455324,54.94795],[20.455369,54.94837],[20.455392,54.948594],[20.455418,54.94883],[20.455422,54.948868]]}},{"type":"Feature","properties":{"kind":"road","name":"","osm":"way/1320226886","highway":"footway","access":"","foot":""},"geometry":{"type":"LineString","coordinates":[[20.455843,54.948456],[20.455914,54.948453]]}},{"type":"Feature","properties":{"kind":"road","name":"","osm":"way/1320226887","highway":"footway","access":"","foot":""},"geometry":{"type":"LineString","coordinates":[[20.455718,54.947815],[20.45578,54.947865],[20.455843,54.948456],[20.455852,54.948547]]}},{"type":"Feature","properties":{"kind":"road","name":"","osm":"way/1320226890","highway":"footway","access":"","foot":""},"geometry":{"type":"LineString","coordinates":[[20.456277,54.948434],[20.456272,54.94839]]}},{"type":"Feature","properties":{"kind":"road","name":"","osm":"way/1320226891","highway":"footway","access":"","foot":""},"geometry":{"type":"LineString","coordinates":[[20.456376,54.948505],[20.456371,54.94843],[20.456309,54.947871],[20.456368,54.947811]]}},{"type":"Feature","properties":{"kind":"road","name":"","osm":"way/1320226892","highway":"footway","access":"","foot":""},"geometry":{"type":"LineString","coordinates":[[20.45619,54.948436],[20.456277,54.948434],[20.456371,54.94843]]}},{"type":"Feature","properties":{"kind":"road","name":"","osm":"way/1320226894","highway":"footway","access":"","foot":""},"geometry":{"type":"LineString","coordinates":[[20.457017,54.948478],[20.456954,54.947844],[20.457013,54.947784]]}},{"type":"Feature","properties":{"kind":"road","name":"","osm":"way/1320226895","highway":"footway","access":"","foot":""},"geometry":{"type":"LineString","coordinates":[[20.456787,54.948486],[20.456719,54.947848],[20.456635,54.947799]]}},{"type":"Feature","properties":{"kind":"road","name":"","osm":"way/1320226897","highway":"service","access":"","foot":""},"geometry":{"type":"LineString","coordinates":[[20.456753,54.947798],[20.456813,54.948397],[20.456955,54.948392],[20.456894,54.947791]]}},{"type":"Feature","properties":{"kind":"road","name":"","osm":"way/1320226903","highway":"footway","access":"","foot":""},"geometry":{"type":"LineString","coordinates":[[20.457631,54.948341],[20.457644,54.948428]]}},{"type":"Feature","properties":{"kind":"road","name":"","osm":"way/1320226904","highway":"footway","access":"","foot":""},"geometry":{"type":"LineString","coordinates":[[20.457439,54.948344],[20.457631,54.948341],[20.457826,54.948336]]}},{"type":"Feature","properties":{"kind":"road","name":"","osm":"way/1320226905","highway":"footway","access":"","foot":""},"geometry":{"type":"LineString","coordinates":[[20.457836,54.94841],[20.457826,54.948336],[20.457772,54.947813],[20.457702,54.947815],[20.457561,54.947818],[20.457433,54.94782],[20.457366,54.947822],[20.457439,54.948344],[20.457441,54.948447]]}},{"type":"Feature","properties":{"kind":"road","name":"","osm":"way/1320226910","highway":"footway","access":"","foot":""},"geometry":{"type":"LineString","coordinates":[[20.458763,54.948118],[20.458674,54.948118]]}},{"type":"Feature","properties":{"kind":"road","name":"","osm":"way/1320226911","highway":"footway","access":"","foot":""},"geometry":{"type":"LineString","coordinates":[[20.458783,54.948318],[20.458763,54.948118],[20.458753,54.948006],[20.458373,54.948016],[20.458346,54.948011],[20.458329,54.947997],[20.458309,54.947771],[20.458368,54.947717]]}},{"type":"Feature","properties":{"kind":"road","name":"","osm":"way/1320226912","highway":"footway","access":"","foot":""},"geometry":{"type":"LineString","coordinates":[[20.45824,54.948346],[20.458276,54.948132]]}},{"type":"Feature","properties":{"kind":"road","name":"","osm":"way/1320226913","highway":"footway","access":"","foot":""},"geometry":{"type":"LineString","coordinates":[[20.459348,54.948154],[20.459248,54.948158]]}},{"type":"Feature","properties":{"kind":"road","name":"","osm":"way/1320226918","highway":"footway","access":"","foot":""},"geometry":{"type":"LineString","coordinates":[[20.460028,54.948195],[20.459774,54.948216],[20.459358,54.948249],[20.458783,54.948318],[20.45824,54.948346],[20.458178,54.94838],[20.457836,54.94841],[20.457644,54.948428],[20.457441,54.948447],[20.457017,54.948478],[20.456787,54.948486],[20.456376,54.948505],[20.455911,54.948505],[20.455852,54.948547],[20.455809,54.948579],[20.455422,54.948868],[20.455406,54.948878],[20.455188,54.94894],[20.455091,54.948968],[20.454748,54.948977],[20.454519,54.948996],[20.454083,54.94901],[20.453723,54.949022],[20.453747,54.949283],[20.453363,54.949296],[20.453084,54.949305],[20.453045,54.949312]]}},{"type":"Feature","properties":{"kind":"road","name":"","osm":"way/1320226920","highway":"footway","access":"","foot":""},"geometry":{"type":"LineString","coordinates":[[20.460005,54.947974],[20.460028,54.948195]]}},{"type":"Feature","properties":{"kind":"road","name":"","osm":"way/1320226923","highway":"footway","access":"","foot":""},"geometry":{"type":"LineString","coordinates":[[20.459342,54.94778],[20.459758,54.947766],[20.45975,54.947991],[20.459774,54.948216]]}},{"type":"Feature","properties":{"kind":"road","name":"","osm":"way/1320226924","highway":"footway","access":"","foot":""},"geometry":{"type":"LineString","coordinates":[[20.459358,54.948249],[20.459348,54.948154],[20.459342,54.94778],[20.459335,54.947634]]}},{"type":"Feature","properties":{"kind":"road","name":"","osm":"way/1320226935","highway":"footway","access":"","foot":""},"geometry":{"type":"LineString","coordinates":[[20.461509,54.947688],[20.461614,54.947905],[20.461639,54.948035]]}},{"type":"Feature","properties":{"kind":"road","name":"","osm":"way/1320226936","highway":"footway","access":"","foot":""},"geometry":{"type":"LineString","coordinates":[[20.461454,54.948072],[20.461639,54.948035]]}},{"type":"Feature","properties":{"kind":"road","name":"Центральная улица","osm":"way/1348507128","highway":"living_street","access":"","foot":""},"geometry":{"type":"LineString","coordinates":[[20.449235,54.948307],[20.449237,54.948286],[20.449238,54.94828],[20.449238,54.948262],[20.449239,54.948241],[20.449239,54.948226],[20.449242,54.948125],[20.449242,54.948122],[20.449243,54.948103]]}},{"type":"Feature","properties":{"kind":"road","name":"","osm":"way/1348507131","highway":"footway","access":"","foot":""},"geometry":{"type":"LineString","coordinates":[[20.449369,54.948131],[20.449369,54.948122],[20.449368,54.948104]]}},{"type":"Feature","properties":{"kind":"road","name":"","osm":"way/1416693125","highway":"footway","access":"","foot":""},"geometry":{"type":"LineString","coordinates":[[20.454985,54.952066],[20.454985,54.95204]]}},{"type":"Feature","properties":{"kind":"road","name":"","osm":"way/1416693126","highway":"footway","access":"","foot":""},"geometry":{"type":"LineString","coordinates":[[20.455192,54.952066],[20.455194,54.952041]]}},{"type":"Feature","properties":{"kind":"road","name":"","osm":"way/1416693127","highway":"footway","access":"","foot":""},"geometry":{"type":"LineString","coordinates":[[20.455456,54.952066],[20.455456,54.952042]]}},{"type":"Feature","properties":{"kind":"road","name":"","osm":"way/1416693128","highway":"footway","access":"","foot":""},"geometry":{"type":"LineString","coordinates":[[20.455718,54.952066],[20.455718,54.952045]]}},{"type":"Feature","properties":{"kind":"coastline","name":"","osm":"way/4210016"},"geometry":{"type":"LineString","coordinates":[[20.495221,54.967837],[20.493773,54.96748],[20.492271,54.967122],[20.490903,54.96673],[20.490137,54.966621],[20.48968,54.96657],[20.488675,54.966237],[20.488636,54.966219],[20.48803,54.965933],[20.486749,54.965693],[20.486524,54.965632],[20.485602,54.96538],[20.484836,54.965097],[20.484673,54.965037],[20.484093,54.964839],[20.483635,54.964666],[20.483265,54.964521],[20.482891,54.964372],[20.482604,54.964269],[20.482216,54.964131],[20.481916,54.964016],[20.481774,54.963962],[20.481231,54.963812],[20.480881,54.963715],[20.480488,54.963635],[20.479824,54.963501],[20.479424,54.96342],[20.47918,54.96336],[20.478686,54.963189],[20.478147,54.963098],[20.477144,54.96284],[20.476491,54.962699],[20.476311,54.962655],[20.475826,54.962536],[20.475487,54.962453],[20.474758,54.962234],[20.474701,54.962216],[20.474627,54.962198],[20.473951,54.961994],[20.473788,54.961931],[20.472937,54.961687],[20.472559,54.961571],[20.472187,54.961463],[20.471734,54.961352],[20.471456,54.961255],[20.471248,54.961197],[20.47067,54.961067],[20.47024,54.960913],[20.469953,54.960836],[20.469651,54.960752],[20.469257,54.960613],[20.469095,54.960537],[20.468563,54.960392],[20.46806,54.96017],[20.467926,54.960118],[20.467475,54.959974],[20.467246,54.9599],[20.466639,54.959706],[20.466549,54.959676],[20.466169,54.959553],[20.465844,54.959469],[20.465139,54.959295],[20.46482,54.959189],[20.464439,54.95907],[20.46375,54.958833],[20.463466,54.958736],[20.4631,54.958625],[20.462698,54.958465],[20.462418,54.958356],[20.461784,54.958083],[20.46132,54.957924],[20.46114,54.957845],[20.460476,54.957606],[20.460085,54.957418],[20.459498,54.95721],[20.458988,54.957098],[20.458251,54.956764],[20.456932,54.956362],[20.455631,54.95605],[20.454136,54.955461]]}},{"type":"Feature","properties":{"kind":"sand","name":"","osm":"way/116062094"},"geometry":{"type":"Polygon","coordinates":[[[20.442217,54.951735],[20.444917,54.952129],[20.445682,54.952348],[20.447212,54.952744],[20.449993,54.953589],[20.450634,54.953891],[20.450997,54.953957],[20.451504,54.954154],[20.453788,54.95489],[20.454151,54.955038],[20.454478,54.955177],[20.454587,54.95516],[20.454662,54.955229],[20.456139,54.955769],[20.457608,54.956257],[20.459091,54.956792],[20.460886,54.957498],[20.461752,54.957846],[20.461853,54.957936],[20.4626,54.958184],[20.4626,54.958427],[20.462418,54.958356],[20.461784,54.958083],[20.46132,54.957924],[20.46114,54.957845],[20.460476,54.957606],[20.460085,54.957418],[20.459498,54.95721],[20.458988,54.957098],[20.458251,54.956764],[20.456932,54.956362],[20.455631,54.95605],[20.454136,54.955461],[20.453091,54.95503],[20.452697,54.95495],[20.451162,54.9544],[20.449483,54.953837],[20.447532,54.953287],[20.446628,54.953088],[20.445693,54.952895],[20.444865,54.952675],[20.444502,54.952542],[20.443752,54.952373],[20.443073,54.952187],[20.442568,54.952088],[20.442217,54.952013],[20.442217,54.951735]]]}},{"type":"Feature","properties":{"kind":"building","name":"","osm":"way/116133876"},"geometry":{"type":"Polygon","coordinates":[[[20.45963,54.955692],[20.459459,54.955663],[20.459534,54.95552],[20.459705,54.955549],[20.45963,54.955692]]]}},{"type":"Feature","properties":{"kind":"building","name":"","osm":"way/116133917"},"geometry":{"type":"Polygon","coordinates":[[[20.460931,54.957023],[20.461103,54.957081],[20.461026,54.957157],[20.460967,54.957137],[20.460962,54.957141],[20.460957,54.957143],[20.46095,54.957145],[20.460943,54.957146],[20.460936,54.957146],[20.460927,54.957145],[20.460921,54.957143],[20.460915,54.95714],[20.46091,54.957136],[20.460908,54.957132],[20.460907,54.957127],[20.460908,54.957123],[20.46091,54.95712],[20.460912,54.957118],[20.460854,54.957099],[20.460931,54.957023]]]}},{"type":"Feature","properties":{"kind":"building","name":"","osm":"way/116133922"},"geometry":{"type":"Polygon","coordinates":[[[20.459447,54.956084],[20.459669,54.955937],[20.45921,54.955708],[20.459041,54.95582],[20.459336,54.955967],[20.459283,54.956002],[20.459447,54.956084]]]}},{"type":"Feature","properties":{"kind":"building","name":"","osm":"way/116133950"},"geometry":{"type":"Polygon","coordinates":[[[20.458894,54.955784],[20.458781,54.955728],[20.45891,54.955642],[20.459023,54.955697],[20.458894,54.955784]]]}},{"type":"Feature","properties":{"kind":"building","name":"","osm":"way/116133981"},"geometry":{"type":"Polygon","coordinates":[[[20.459089,54.956387],[20.458958,54.956339],[20.45888,54.95641],[20.459011,54.956457],[20.459089,54.956387]]]}},{"type":"Feature","properties":{"kind":"building","name":"","osm":"way/116134030"},"geometry":{"type":"Polygon","coordinates":[[[20.460218,54.956867],[20.460061,54.956813],[20.46018,54.956698],[20.460337,54.956752],[20.460218,54.956867]]]}},{"type":"Feature","properties":{"kind":"building","name":"","osm":"way/116134103"},"geometry":{"type":"Polygon","coordinates":[[[20.460704,54.956975],[20.4607,54.956964],[20.460797,54.956875],[20.460878,54.956902],[20.460856,54.956923],[20.460879,54.956932],[20.460854,54.956955],[20.460831,54.956946],[20.46078,54.956992],[20.460764,54.956995],[20.460704,54.956975]]]}},{"type":"Feature","properties":{"kind":"building","name":"","osm":"way/116134240"},"geometry":{"type":"Polygon","coordinates":[[[20.460515,54.956484],[20.460609,54.956379],[20.460369,54.956308],[20.460275,54.956413],[20.460515,54.956484]]]}},{"type":"Feature","properties":{"kind":"building","name":"","osm":"way/116232838"},"geometry":{"type":"Polygon","coordinates":[[[20.459607,54.955029],[20.459775,54.955043],[20.459799,54.954949],[20.45963,54.954935],[20.459607,54.955029]]]}},{"type":"Feature","properties":{"kind":"building","name":"","osm":"way/116232839"},"geometry":{"type":"Polygon","coordinates":[[[20.459802,54.954543],[20.459933,54.954534],[20.459913,54.954442],[20.459783,54.954451],[20.459802,54.954543]]]}},{"type":"Feature","properties":{"kind":"building","name":"","osm":"way/116232852"},"geometry":{"type":"Polygon","coordinates":[[[20.462416,54.956241],[20.462494,54.956238],[20.462485,54.956162],[20.462408,54.956165],[20.462416,54.956241]]]}},{"type":"Feature","properties":{"kind":"building","name":"","osm":"way/116232862"},"geometry":{"type":"Polygon","coordinates":[[[20.460681,54.954811],[20.460879,54.954801],[20.46086,54.954669],[20.460662,54.954678],[20.460681,54.954811]]]}},{"type":"Feature","properties":{"kind":"building","name":"","osm":"way/116232866"},"geometry":{"type":"Polygon","coordinates":[[[20.461178,54.954455],[20.461171,54.954178],[20.461014,54.954179],[20.461021,54.954456],[20.461178,54.954455]]]}},{"type":"Feature","properties":{"kind":"building","name":"","osm":"way/116232868"},"geometry":{"type":"Polygon","coordinates":[[[20.461707,54.955239],[20.461806,54.955241],[20.461813,54.955123],[20.461714,54.955122],[20.461707,54.955239]]]}},{"type":"Feature","properties":{"kind":"building","name":"","osm":"way/116232869"},"geometry":{"type":"Polygon","coordinates":[[[20.459687,54.9547],[20.459515,54.954703],[20.459509,54.95458],[20.459681,54.954577],[20.459687,54.9547]]]}},{"type":"Feature","properties":{"kind":"building","name":"","osm":"way/116232870"},"geometry":{"type":"Polygon","coordinates":[[[20.459687,54.954011],[20.459685,54.95393],[20.459572,54.953932],[20.459575,54.954012],[20.459687,54.954011]]]}},{"type":"Feature","properties":{"kind":"building","name":"","osm":"way/116232879"},"geometry":{"type":"Polygon","coordinates":[[[20.4626,54.953168],[20.462597,54.953145],[20.4626,54.953145],[20.4626,54.953168]]]}},{"type":"Feature","properties":{"kind":"building","name":"","osm":"way/116232889"},"geometry":{"type":"Polygon","coordinates":[[[20.46036,54.955966],[20.460632,54.955984],[20.460651,54.95589],[20.460379,54.955872],[20.46036,54.955966]]]}},{"type":"Feature","properties":{"kind":"building","name":"","osm":"way/116232902"},"geometry":{"type":"Polygon","coordinates":[[[20.461031,54.954999],[20.461227,54.954995],[20.461216,54.954839],[20.46102,54.954844],[20.461031,54.954999]]]}},{"type":"Feature","properties":{"kind":"building","name":"","osm":"way/116232904"},"geometry":{"type":"Polygon","coordinates":[[[20.459895,54.95429],[20.459872,54.95414],[20.459693,54.954149],[20.459715,54.954298],[20.459895,54.95429]]]}},{"type":"Feature","properties":{"kind":"building","name":"","osm":"way/116232908"},"geometry":{"type":"Polygon","coordinates":[[[20.461718,54.955431],[20.461957,54.955416],[20.461941,54.955328],[20.461702,54.955342],[20.461718,54.955431]]]}},{"type":"Feature","properties":{"kind":"building","name":"","osm":"way/116232909"},"geometry":{"type":"Polygon","coordinates":[[[20.460389,54.954766],[20.460569,54.954763],[20.460565,54.954674],[20.460385,54.954677],[20.460389,54.954766]]]}},{"type":"Feature","properties":{"kind":"building","name":"","osm":"way/116232911"},"geometry":{"type":"Polygon","coordinates":[[[20.46051,54.952961],[20.460508,54.952829],[20.460253,54.952831],[20.460252,54.952754],[20.459971,54.952756],[20.459976,54.953039],[20.460267,54.953037],[20.460266,54.952962],[20.46051,54.952961]]]}},{"type":"Feature","properties":{"kind":"building","name":"","osm":"way/116232912"},"geometry":{"type":"Polygon","coordinates":[[[20.461804,54.955933],[20.461532,54.955893],[20.461594,54.955754],[20.461866,54.955794],[20.461804,54.955933]]]}},{"type":"Feature","properties":{"kind":"building","name":"","osm":"way/116232913"},"geometry":{"type":"Polygon","coordinates":[[[20.461226,54.954136],[20.461221,54.953849],[20.461045,54.95385],[20.46105,54.954137],[20.461226,54.954136]]]}},{"type":"Feature","properties":{"kind":"building","name":"","osm":"way/116232917"},"geometry":{"type":"Polygon","coordinates":[[[20.460549,54.95451],[20.460541,54.954212],[20.460331,54.954214],[20.46034,54.954512],[20.460549,54.95451]]]}},{"type":"Feature","properties":{"kind":"building","name":"","osm":"way/116232921"},"geometry":{"type":"Polygon","coordinates":[[[20.459956,54.954746],[20.459943,54.954645],[20.459806,54.954651],[20.45982,54.954752],[20.459956,54.954746]]]}},{"type":"Feature","properties":{"kind":"building","name":"","osm":"way/116232926"},"geometry":{"type":"Polygon","coordinates":[[[20.458719,54.954036],[20.458717,54.953952],[20.459087,54.953952],[20.459089,54.954042],[20.458719,54.954036]]]}},{"type":"Feature","properties":{"kind":"building","name":"","osm":"way/116232933"},"geometry":{"type":"Polygon","coordinates":[[[20.461042,54.9561],[20.460884,54.956097],[20.460895,54.955914],[20.461053,54.955917],[20.461042,54.9561]]]}},{"type":"Feature","properties":{"kind":"building","name":"","osm":"way/116232934"},"geometry":{"type":"Polygon","coordinates":[[[20.46226,54.953409],[20.46224,54.953327],[20.462074,54.95334],[20.462094,54.953423],[20.46226,54.953409]]]}},{"type":"Feature","properties":{"kind":"building","name":"","osm":"way/116232940"},"geometry":{"type":"Polygon","coordinates":[[[20.46198,54.955197],[20.46196,54.955089],[20.462264,54.955071],[20.462283,54.955178],[20.46198,54.955197]]]}},{"type":"Feature","properties":{"kind":"building","name":"","osm":"way/116232941"},"geometry":{"type":"Polygon","coordinates":[[[20.461657,54.956093],[20.461897,54.956134],[20.461951,54.956028],[20.461837,54.956009],[20.461816,54.956049],[20.46169,54.956028],[20.461657,54.956093]]]}},{"type":"Feature","properties":{"kind":"building","name":"","osm":"way/116232950"},"geometry":{"type":"Polygon","coordinates":[[[20.462203,54.953243],[20.462188,54.953146],[20.462019,54.953155],[20.462034,54.953252],[20.462203,54.953243]]]}},{"type":"Feature","properties":{"kind":"building","name":"","osm":"way/116232951"},"geometry":{"type":"Polygon","coordinates":[[[20.460292,54.954072],[20.460451,54.95407],[20.460448,54.954019],[20.460289,54.954021],[20.460292,54.954072]]]}},{"type":"Feature","properties":{"kind":"building","name":"","osm":"way/116232954"},"geometry":{"type":"Polygon","coordinates":[[[20.460269,54.95398],[20.460428,54.95398],[20.460428,54.953924],[20.460268,54.953925],[20.460269,54.95398]]]}},{"type":"Feature","properties":{"kind":"building","name":"","osm":"way/116232974"},"geometry":{"type":"Polygon","coordinates":[[[20.460305,54.954164],[20.460468,54.954167],[20.460472,54.954108],[20.460308,54.954105],[20.460305,54.954164]]]}},{"type":"Feature","properties":{"kind":"building","name":"","osm":"way/116232976"},"geometry":{"type":"Polygon","coordinates":[[[20.462179,54.955378],[20.462383,54.955371],[20.462382,54.955337],[20.462423,54.955335],[20.462415,54.955287],[20.462353,54.955289],[20.462342,54.955231],[20.462215,54.955234],[20.462222,54.955271],[20.462163,54.955272],[20.462179,54.955378]]]}},{"type":"Feature","properties":{"kind":"building","name":"","osm":"way/116232986"},"geometry":{"type":"Polygon","coordinates":[[[20.462251,54.954107],[20.462068,54.954114],[20.462052,54.953967],[20.462234,54.95396],[20.462251,54.954107]]]}},{"type":"Feature","properties":{"kind":"building","name":"","osm":"way/116232991"},"geometry":{"type":"Polygon","coordinates":[[[20.461092,54.953709],[20.461092,54.953678],[20.461129,54.953675],[20.461137,54.953609],[20.461084,54.953609],[20.461089,54.953581],[20.460864,54.95358],[20.460861,54.953711],[20.461092,54.953709]]]}},{"type":"Feature","properties":{"kind":"building","name":"","osm":"way/174038693"},"geometry":{"type":"Polygon","coordinates":[[[20.458558,54.954522],[20.459034,54.954615],[20.459101,54.954502],[20.458624,54.954409],[20.458558,54.954522]]]}},{"type":"Feature","properties":{"kind":"building","name":"","osm":"way/174038723"},"geometry":{"type":"Polygon","coordinates":[[[20.458397,54.954744],[20.458991,54.954936],[20.459069,54.954857],[20.458475,54.954665],[20.458397,54.954744]]]}},{"type":"Feature","properties":{"kind":"building","name":"","osm":"way/174038753"},"geometry":{"type":"Polygon","coordinates":[[[20.458658,54.954267],[20.459091,54.954323],[20.459134,54.954216],[20.4587,54.954159],[20.458658,54.954267]]]}},{"type":"Feature","properties":{"kind":"road","name":"Садовая улица","osm":"way/185940634","highway":"residential","access":"","foot":""},"geometry":{"type":"LineString","coordinates":[[20.46264,54.954721],[20.462347,54.952875],[20.462299,54.952563]]}},{"type":"Feature","properties":{"kind":"road","name":"","osm":"way/211410463","highway":"footway","access":"","foot":""},"geometry":{"type":"LineString","coordinates":[[20.461063,54.957329],[20.461041,54.957346]]}},{"type":"Feature","properties":{"kind":"rail","name":"2","osm":"way/211411274"},"geometry":{"type":"LineString","coordinates":[[20.470633,54.953136],[20.470318,54.95306],[20.46995,54.952964],[20.468881,54.952741],[20.467879,54.952532],[20.467641,54.952478],[20.46696,54.952324],[20.464516,54.951781],[20.46392,54.95164],[20.46089,54.950956],[20.459937,54.950757],[20.458944,54.95062],[20.457914,54.950535],[20.45744,54.950529],[20.456871,54.950522],[20.454417,54.950536],[20.453158,54.95054],[20.451236,54.950549],[20.449738,54.950502],[20.446791,54.950527],[20.446761,54.950525],[20.44578,54.950489],[20.444775,54.950359],[20.442589,54.949973],[20.440417,54.949626],[20.439841,54.949529],[20.43206,54.948228],[20.430859,54.947993],[20.429667,54.947711],[20.428954,54.947524]]}},{"type":"Feature","properties":{"kind":"building","name":"","osm":"way/211411281"},"geometry":{"type":"Polygon","coordinates":[[[20.462406,54.956818],[20.462585,54.956837],[20.4626,54.956794],[20.4626,54.95669],[20.462453,54.956674],[20.462406,54.956818]]]}},{"type":"Feature","properties":{"kind":"building","name":"tanzania","osm":"way/233352616"},"geometry":{"type":"Polygon","coordinates":[[[20.461764,54.956196],[20.461718,54.9563],[20.461954,54.956335],[20.462,54.956231],[20.461764,54.956196]]]}},{"type":"Feature","properties":{"kind":"building","name":"","osm":"way/233352617"},"geometry":{"type":"Polygon","coordinates":[[[20.462271,54.954893],[20.462284,54.954975],[20.462464,54.954967],[20.462452,54.954884],[20.462271,54.954893]]]}},{"type":"Feature","properties":{"kind":"building","name":"","osm":"way/233352619"},"geometry":{"type":"Polygon","coordinates":[[[20.462297,54.954757],[20.462443,54.954745],[20.462419,54.95465],[20.462273,54.954662],[20.462297,54.954757]]]}},{"type":"Feature","properties":{"kind":"building","name":"","osm":"way/233352621"},"geometry":{"type":"Polygon","coordinates":[[[20.462244,54.954436],[20.462417,54.954427],[20.462405,54.954343],[20.462232,54.954351],[20.462244,54.954436]]]}},{"type":"Feature","properties":{"kind":"building","name":"","osm":"way/233352622"},"geometry":{"type":"Polygon","coordinates":[[[20.462194,54.954639],[20.46218,54.954496],[20.462001,54.954502],[20.462016,54.954645],[20.462194,54.954639]]]}},{"type":"Feature","properties":{"kind":"building","name":"","osm":"way/233352624"},"geometry":{"type":"Polygon","coordinates":[[[20.462126,54.953817],[20.462133,54.953898],[20.462311,54.953893],[20.462304,54.953812],[20.462126,54.953817]]]}},{"type":"Feature","properties":{"kind":"building","name":"","osm":"way/233352625"},"geometry":{"type":"Polygon","coordinates":[[[20.462069,54.953659],[20.462081,54.953739],[20.462205,54.953734],[20.462193,54.953653],[20.462069,54.953659]]]}},{"type":"Feature","properties":{"kind":"building","name":"","osm":"way/233352626"},"geometry":{"type":"Polygon","coordinates":[[[20.462238,54.953485],[20.46211,54.953491],[20.462124,54.95358],[20.462253,54.953573],[20.462238,54.953485]]]}},{"type":"Feature","properties":{"kind":"building","name":"","osm":"way/233352627"},"geometry":{"type":"Polygon","coordinates":[[[20.4626,54.956311],[20.462504,54.956313],[20.462512,54.956407],[20.4626,54.956405],[20.4626,54.956311]]]}},{"type":"Feature","properties":{"kind":"building","name":"","osm":"way/233352630"},"geometry":{"type":"Polygon","coordinates":[[[20.462242,54.955608],[20.462246,54.955677],[20.462413,54.955674],[20.462408,54.955604],[20.462242,54.955608]]]}},{"type":"Feature","properties":{"kind":"building","name":"","osm":"way/233352631"},"geometry":{"type":"Polygon","coordinates":[[[20.462421,54.955455],[20.462425,54.955511],[20.462579,54.955507],[20.462575,54.955451],[20.462421,54.955455]]]}},{"type":"Feature","properties":{"kind":"building","name":"","osm":"way/233352633"},"geometry":{"type":"Polygon","coordinates":[[[20.462376,54.954259],[20.462362,54.954163],[20.462203,54.954171],[20.462218,54.954267],[20.462376,54.954259]]]}},{"type":"Feature","properties":{"kind":"building","name":"","osm":"way/233383207"},"geometry":{"type":"Polygon","coordinates":[[[20.461526,54.95619],[20.461312,54.956166],[20.461269,54.956288],[20.461484,54.956312],[20.461526,54.95619]]]}},{"type":"Feature","properties":{"kind":"building","name":"","osm":"way/233383208"},"geometry":{"type":"Polygon","coordinates":[[[20.460888,54.95655],[20.460837,54.956535],[20.460774,54.956604],[20.461057,54.956688],[20.46112,54.956618],[20.461075,54.956605],[20.461162,54.956508],[20.460975,54.956453],[20.460888,54.95655]]]}},{"type":"Feature","properties":{"kind":"building","name":"","osm":"way/233383210"},"geometry":{"type":"Polygon","coordinates":[[[20.460268,54.956226],[20.459976,54.95615],[20.459872,54.95625],[20.460165,54.956326],[20.460268,54.956226]]]}},{"type":"Feature","properties":{"kind":"building","name":"Топаз","osm":"way/233383220"},"geometry":{"type":"Polygon","coordinates":[[[20.461907,54.9568],[20.462232,54.956887],[20.462322,54.956775],[20.462126,54.956722],[20.462155,54.956685],[20.462027,54.956651],[20.461907,54.9568]]]}},{"type":"Feature","properties":{"kind":"building","name":"","osm":"way/234433761"},"geometry":{"type":"Polygon","coordinates":[[[20.462021,54.957553],[20.462059,54.957513],[20.462054,54.957511],[20.462095,54.957468],[20.462091,54.957467],[20.46209,54.95746],[20.462092,54.957453],[20.462096,54.957447],[20.462103,54.957442],[20.462113,54.957438],[20.462121,54.957436],[20.462124,54.957437],[20.462131,54.957429],[20.462211,54.957454],[20.462195,54.957472],[20.462257,54.957491],[20.462267,54.957481],[20.462283,54.957485],[20.462284,54.957484],[20.462291,54.957484],[20.462303,54.957486],[20.462317,54.95749],[20.462329,54.957498],[20.462327,54.957499],[20.462341,54.957504],[20.462331,54.957514],[20.462299,54.957549],[20.462234,54.957529],[20.462207,54.957556],[20.462146,54.957537],[20.462106,54.95758],[20.462021,54.957553]]]}},{"type":"Feature","properties":{"kind":"building","name":"","osm":"way/234433762"},"geometry":{"type":"Polygon","coordinates":[[[20.461825,54.957274],[20.461759,54.957349],[20.461963,54.957409],[20.462029,54.957334],[20.461825,54.957274]]]}},{"type":"Feature","properties":{"kind":"building","name":"","osm":"way/234433764"},"geometry":{"type":"Polygon","coordinates":[[[20.460355,54.956901],[20.460451,54.956806],[20.460528,54.956831],[20.460524,54.956835],[20.460531,54.956852],[20.460538,54.956854],[20.460521,54.956871],[20.460545,54.956879],[20.46053,54.956893],[20.460533,54.956894],[20.46053,54.956898],[20.460527,54.956897],[20.460479,54.956944],[20.460355,54.956901]]]}},{"type":"Feature","properties":{"kind":"building","name":"","osm":"way/234433767"},"geometry":{"type":"Polygon","coordinates":[[[20.459639,54.95665],[20.459783,54.956699],[20.459888,54.956598],[20.459743,54.956549],[20.459639,54.95665]]]}},{"type":"Feature","properties":{"kind":"building","name":"","osm":"way/234433776"},"geometry":{"type":"Polygon","coordinates":[[[20.4626,54.957105],[20.462563,54.957144],[20.4626,54.957156],[20.4626,54.957105]]]}},{"type":"Feature","properties":{"kind":"building","name":"","osm":"way/234433777"},"geometry":{"type":"Polygon","coordinates":[[[20.461422,54.956835],[20.461688,54.95691],[20.461745,54.956842],[20.461479,54.956768],[20.461422,54.956835]]]}},{"type":"Feature","properties":{"kind":"building","name":"","osm":"way/234433802"},"geometry":{"type":"Polygon","coordinates":[[[20.4626,54.957627],[20.46255,54.957683],[20.4626,54.957698],[20.4626,54.957627]]]}},{"type":"Feature","properties":{"kind":"road","name":"улица Гагарина","osm":"way/423071660","highway":"residential","access":"","foot":""},"geometry":{"type":"LineString","coordinates":[[20.464806,54.957959],[20.461749,54.957034]]}},{"type":"Feature","properties":{"kind":"building","name":"","osm":"way/627213603"},"geometry":{"type":"Polygon","coordinates":[[[20.461355,54.957237],[20.461451,54.957142],[20.461291,54.957088],[20.461194,54.957184],[20.461355,54.957237]]]}},{"type":"Feature","properties":{"kind":"building","name":"","osm":"way/627213618"},"geometry":{"type":"Polygon","coordinates":[[[20.459416,54.95505],[20.459418,54.954901],[20.45922,54.9549],[20.459217,54.955049],[20.459416,54.95505]]]}},{"type":"Feature","properties":{"kind":"building","name":"","osm":"way/627213619"},"geometry":{"type":"Polygon","coordinates":[[[20.459341,54.955439],[20.459353,54.955391],[20.459343,54.955384],[20.459346,54.955369],[20.459359,54.955363],[20.459365,54.955336],[20.459457,54.955343],[20.45946,54.955329],[20.459586,54.955339],[20.459583,54.955353],[20.459755,54.955366],[20.459758,54.955352],[20.459883,54.955362],[20.45988,54.955375],[20.459974,54.955383],[20.459969,54.95541],[20.459979,54.955416],[20.459974,54.955433],[20.459961,54.95544],[20.45995,54.955486],[20.459341,54.955439]]]}},{"type":"Feature","properties":{"kind":"building","name":"","osm":"way/627213633"},"geometry":{"type":"Polygon","coordinates":[[[20.459268,54.953596],[20.459256,54.953679],[20.459757,54.953667],[20.459764,54.953581],[20.459268,54.953596]]]}},{"type":"Feature","properties":{"kind":"building","name":"","osm":"way/627213637"},"geometry":{"type":"Polygon","coordinates":[[[20.461471,54.953196],[20.461686,54.953186],[20.461669,54.953066],[20.461454,54.953076],[20.461471,54.953196]]]}},{"type":"Feature","properties":{"kind":"building","name":"","osm":"way/627850707"},"geometry":{"type":"Polygon","coordinates":[[[20.460845,54.955178],[20.461057,54.955174],[20.461053,54.955109],[20.460841,54.955113],[20.460845,54.955178]]]}},{"type":"Feature","properties":{"kind":"building","name":"","osm":"way/694558954"},"geometry":{"type":"Polygon","coordinates":[[[20.462326,54.955961],[20.462319,54.955895],[20.4624,54.955892],[20.462394,54.955824],[20.462508,54.95582],[20.462519,54.95593],[20.462456,54.955932],[20.462459,54.955956],[20.462326,54.955961]]]}},{"type":"Feature","properties":{"kind":"building","name":"","osm":"way/816526244"},"geometry":{"type":"Polygon","coordinates":[[[20.462048,54.957008],[20.462197,54.957058],[20.462266,54.956991],[20.462117,54.956941],[20.462048,54.957008]]]}},{"type":"Feature","properties":{"kind":"building","name":"","osm":"way/816526246"},"geometry":{"type":"Polygon","coordinates":[[[20.462575,54.957054],[20.4626,54.957024],[20.4626,54.956993],[20.46235,54.956926],[20.462304,54.956981],[20.462575,54.957054]]]}},{"type":"Feature","properties":{"kind":"building","name":"","osm":"way/854156358"},"geometry":{"type":"Polygon","coordinates":[[[20.462399,54.95609],[20.462394,54.956004],[20.462574,54.956],[20.462579,54.956086],[20.462399,54.95609]]]}},{"type":"Feature","properties":{"kind":"building","name":"","osm":"way/854156359"},"geometry":{"type":"Polygon","coordinates":[[[20.461556,54.953935],[20.461549,54.953845],[20.461787,54.953839],[20.461795,54.953928],[20.461556,54.953935]]]}},{"type":"Feature","properties":{"kind":"building","name":"","osm":"way/854156360"},"geometry":{"type":"Polygon","coordinates":[[[20.461551,54.953625],[20.461526,54.953545],[20.461612,54.953536],[20.461636,54.953616],[20.461551,54.953625]]]}},{"type":"Feature","properties":{"kind":"road","name":"","osm":"way/1170962872","highway":"steps","access":"","foot":""},"geometry":{"type":"LineString","coordinates":[[20.461041,54.957346],[20.460968,54.957404]]}},{"type":"Feature","properties":{"kind":"road","name":"","osm":"way/1170962873","highway":"footway","access":"","foot":""},"geometry":{"type":"LineString","coordinates":[[20.460968,54.957404],[20.460886,54.957498]]}},{"type":"Feature","properties":{"kind":"building","name":"","osm":"way/1425249455"},"geometry":{"type":"Polygon","coordinates":[[[20.461799,54.957155],[20.461753,54.957205],[20.461692,54.957186],[20.461661,54.95722],[20.461718,54.957238],[20.461698,54.957258],[20.461642,54.95724],[20.461611,54.957273],[20.461672,54.957292],[20.461627,54.957341],[20.461625,54.95734],[20.461614,54.957353],[20.461553,54.957334],[20.461564,54.957322],[20.461511,54.957306],[20.461575,54.957237],[20.461565,54.957234],[20.461607,54.957187],[20.461617,54.95719],[20.461682,54.957121],[20.461799,54.957155]]]}},{"type":"Feature","properties":{"kind":"building","name":"","osm":"way/1425249459"},"geometry":{"type":"Polygon","coordinates":[[[20.462171,54.957613],[20.462162,54.95761],[20.462171,54.9576],[20.462106,54.95758],[20.462146,54.957537],[20.462207,54.957556],[20.462234,54.957529],[20.462299,54.957549],[20.462332,54.957514],[20.462342,54.957518],[20.4624,54.957535],[20.462407,54.957538],[20.462339,54.957611],[20.462342,54.957611],[20.462339,54.957619],[20.462338,54.957622],[20.462333,54.957628],[20.462323,54.957635],[20.462317,54.957638],[20.462314,54.957637],[20.462299,54.957653],[20.46229,54.95765],[20.462237,54.957633],[20.462224,54.957629],[20.462171,54.957613]]]}},{"type":"Feature","properties":{"kind":"building","name":"","osm":"way/1473683007"},"geometry":{"type":"Polygon","coordinates":[[[20.459558,54.955253],[20.45957,54.955152],[20.459608,54.955154],[20.459868,54.955164],[20.459859,54.955242],[20.459829,54.955241],[20.459827,54.955264],[20.459754,54.955261],[20.459753,54.955266],[20.459695,54.955264],[20.459695,54.955258],[20.459597,54.955255],[20.459558,54.955253]]]}}],"bbox":[20.44221656405814,54.94535783295005,20.462599535941862,54.95997476704995],"route":"zelenogradsk-2-k-moryu","source":"OpenStreetMap","checked_at":"2026-10-01","license":"ODbL-1.0","license_url":"https://opendatacommons.org/licenses/odbl/1-0/"}
